2026-06-12T00:03:52.0124500+09:00 START dispatch-run-once
2026-06-12T00:03:52.4058862+09:00 
2026-06-12T00:03:52.4078804+09:00 > orchestrator
2026-06-12T00:03:52.4099497+09:00 > tsx src/cli/orchestrator.ts run-once --limit 10
2026-06-12T00:03:52.4119513+09:00 
2026-06-12T00:03:55.6134114+09:00 {
2026-06-12T00:03:55.6268377+09:00   "ensure_daily": {
2026-06-12T00:03:55.6384857+09:00     "runs": [
2026-06-12T00:03:55.6461754+09:00       {
2026-06-12T00:03:55.6569820+09:00         "run_id": "r01",
2026-06-12T00:03:55.6634225+09:00         "action": "not_due",
2026-06-12T00:03:55.6663751+09:00         "taskId": "daily-20260612-r01",
2026-06-12T00:03:55.6747509+09:00         "reason": "jst_hour=0"
2026-06-12T00:03:55.6786332+09:00       },
2026-06-12T00:03:55.6995641+09:00       {
2026-06-12T00:03:55.7021714+09:00         "run_id": "r02",
2026-06-12T00:03:55.7031702+09:00         "action": "not_due",
2026-06-12T00:03:55.7051720+09:00         "taskId": "daily-20260612-r02",
2026-06-12T00:03:55.7078130+09:00         "reason": "jst_hour=0"
2026-06-12T00:03:55.7109456+09:00       },
2026-06-12T00:03:55.7129470+09:00       {
2026-06-12T00:03:55.7146204+09:00         "run_id": "r03",
2026-06-12T00:03:55.7161962+09:00         "action": "not_due",
2026-06-12T00:03:55.7182975+09:00         "taskId": "daily-20260612-r03",
2026-06-12T00:03:55.7192656+09:00         "reason": "jst_hour=0"
2026-06-12T00:03:55.7212648+09:00       }
2026-06-12T00:03:55.7222662+09:00     ]
2026-06-12T00:03:55.7242653+09:00   },
2026-06-12T00:03:55.7242653+09:00   "reconcile": {
2026-06-12T00:03:55.7242653+09:00     "resetProcessing": 0,
2026-06-12T00:03:55.7242653+09:00     "inserted": 2,
2026-06-12T00:03:55.7296135+09:00     "scanned": 7,
2026-06-12T00:03:55.7296135+09:00     "stale": {
2026-06-12T00:03:55.7296135+09:00       "scanned": 7,
2026-06-12T00:03:55.7348600+09:00       "staleDetected": 0,
2026-06-12T00:03:55.7348600+09:00       "rolledBack": 0,
2026-06-12T00:03:55.7348600+09:00       "skippedCap": 0,
2026-06-12T00:03:55.7348600+09:00       "dryRun": false,
2026-06-12T00:03:55.7416956+09:00       "actions": []
2026-06-12T00:03:55.7416956+09:00     }
2026-06-12T00:03:55.7416956+09:00   },
2026-06-12T00:03:55.7464453+09:00   "dispatch": {
2026-06-12T00:03:55.7464453+09:00     "claimed": 2,
2026-06-12T00:03:55.7505663+09:00     "done": 2,
2026-06-12T00:03:55.7515640+09:00     "failed": 0
2026-06-12T00:03:55.7525651+09:00   },
2026-06-12T00:03:55.7545644+09:00   "step4_poll": {
2026-06-12T00:03:55.7565685+09:00     "scanned": 7,
2026-06-12T00:03:55.7575655+09:00     "awaiting": 2,
2026-06-12T00:03:55.7575655+09:00     "polled": 0,
2026-06-12T00:03:55.7575655+09:00     "picks_applied": 0,
2026-06-12T00:03:55.7629098+09:00     "pick_errors": 0,
2026-06-12T00:03:55.7629098+09:00     "timeouts": 0,
2026-06-12T00:03:55.7629098+09:00     "skipped": 0,
2026-06-12T00:03:55.7629098+09:00     "results": [
2026-06-12T00:03:55.7690853+09:00       {
2026-06-12T00:03:55.7711366+09:00         "task_id": "daily-20260611-r02",
2026-06-12T00:03:55.7721375+09:00         "result": {
2026-06-12T00:03:55.7744826+09:00           "outcome": "no_new_messages"
2026-06-12T00:03:55.7755398+09:00         }
2026-06-12T00:03:55.7765407+09:00       },
2026-06-12T00:03:55.7785401+09:00       {
2026-06-12T00:03:55.7795416+09:00         "task_id": "daily-20260611-r03",
2026-06-12T00:03:55.7815393+09:00         "result": {
2026-06-12T00:03:55.7825400+09:00           "outcome": "no_new_messages"
2026-06-12T00:03:55.7825400+09:00         }
2026-06-12T00:03:55.7825400+09:00       }
2026-06-12T00:03:55.7875525+09:00     ]
2026-06-12T00:03:55.7875525+09:00   },
2026-06-12T00:03:55.7875525+09:00   "step7_retry_poll": {
2026-06-12T00:03:55.7875525+09:00     "scanned": 7,
2026-06-12T00:03:55.7927711+09:00     "eligible": 4,
2026-06-12T00:03:55.7927711+09:00     "polled": 0,
2026-06-12T00:03:55.7927711+09:00     "retries_triggered": 0,
2026-06-12T00:03:55.7927711+09:00     "retry_errors": 0,
2026-06-12T00:03:55.7986949+09:00     "skipped": 0,
2026-06-12T00:03:55.8004776+09:00     "results": []
2026-06-12T00:03:55.8014771+09:00   }
2026-06-12T00:03:55.8034769+09:00 }
2026-06-12T00:03:55.8054767+09:00 OK run-once finished
2026-06-12T00:08:53.1285020+09:00 START dispatch-run-once
2026-06-12T00:08:53.5268761+09:00 
2026-06-12T00:08:53.5284263+09:00 > orchestrator
2026-06-12T00:08:53.5284263+09:00 > tsx src/cli/orchestrator.ts run-once --limit 10
2026-06-12T00:08:53.5343376+09:00 
2026-06-12T00:08:56.9029293+09:00 {
2026-06-12T00:08:56.9054751+09:00   "ensure_daily": {
2026-06-12T00:08:56.9054751+09:00     "runs": [
2026-06-12T00:08:56.9121498+09:00       {
2026-06-12T00:08:56.9151492+09:00         "run_id": "r01",
2026-06-12T00:08:56.9171497+09:00         "action": "not_due",
2026-06-12T00:08:56.9191498+09:00         "taskId": "daily-20260612-r01",
2026-06-12T00:08:56.9211488+09:00         "reason": "jst_hour=0"
2026-06-12T00:08:56.9223733+09:00       },
2026-06-12T00:08:56.9417166+09:00       {
2026-06-12T00:08:56.9437936+09:00         "run_id": "r02",
2026-06-12T00:08:56.9461334+09:00         "action": "not_due",
2026-06-12T00:08:56.9481344+09:00         "taskId": "daily-20260612-r02",
2026-06-12T00:08:56.9501344+09:00         "reason": "jst_hour=0"
2026-06-12T00:08:56.9521323+09:00       },
2026-06-12T00:08:56.9531316+09:00       {
2026-06-12T00:08:56.9531316+09:00         "run_id": "r03",
2026-06-12T00:08:56.9592034+09:00         "action": "not_due",
2026-06-12T00:08:56.9592034+09:00         "taskId": "daily-20260612-r03",
2026-06-12T00:08:56.9592034+09:00         "reason": "jst_hour=0"
2026-06-12T00:08:56.9635959+09:00       }
2026-06-12T00:08:56.9655035+09:00     ]
2026-06-12T00:08:56.9675881+09:00   },
2026-06-12T00:08:56.9685525+09:00   "reconcile": {
2026-06-12T00:08:56.9699741+09:00     "resetProcessing": 0,
2026-06-12T00:08:56.9720629+09:00     "inserted": 2,
2026-06-12T00:08:56.9730299+09:00     "scanned": 7,
2026-06-12T00:08:56.9750721+09:00     "stale": {
2026-06-12T00:08:56.9760375+09:00       "scanned": 7,
2026-06-12T00:08:56.9780381+09:00       "staleDetected": 0,
2026-06-12T00:08:56.9780381+09:00       "rolledBack": 0,
2026-06-12T00:08:56.9832400+09:00       "skippedCap": 0,
2026-06-12T00:08:56.9832400+09:00       "dryRun": false,
2026-06-12T00:08:56.9872244+09:00       "actions": []
2026-06-12T00:08:56.9892802+09:00     }
2026-06-12T00:08:56.9902784+09:00   },
2026-06-12T00:08:56.9922776+09:00   "dispatch": {
2026-06-12T00:08:56.9942841+09:00     "claimed": 2,
2026-06-12T00:08:56.9960926+09:00     "done": 2,
2026-06-12T00:08:56.9980929+09:00     "failed": 0
2026-06-12T00:08:56.9990926+09:00   },
2026-06-12T00:08:57.0000919+09:00   "step4_poll": {
2026-06-12T00:08:57.0020933+09:00     "scanned": 7,
2026-06-12T00:08:57.0030940+09:00     "awaiting": 2,
2026-06-12T00:08:57.0030940+09:00     "polled": 0,
2026-06-12T00:08:57.0030940+09:00     "picks_applied": 0,
2026-06-12T00:08:57.0081801+09:00     "pick_errors": 0,
2026-06-12T00:08:57.0081801+09:00     "timeouts": 0,
2026-06-12T00:08:57.0116927+09:00     "skipped": 0,
2026-06-12T00:08:57.0127017+09:00     "results": [
2026-06-12T00:08:57.0147017+09:00       {
2026-06-12T00:08:57.0157009+09:00         "task_id": "daily-20260611-r02",
2026-06-12T00:08:57.0177015+09:00         "result": {
2026-06-12T00:08:57.0187006+09:00           "outcome": "no_new_messages"
2026-06-12T00:08:57.0196995+09:00         }
2026-06-12T00:08:57.0196995+09:00       },
2026-06-12T00:08:57.0248069+09:00       {
2026-06-12T00:08:57.0248069+09:00         "task_id": "daily-20260611-r03",
2026-06-12T00:08:57.0248069+09:00         "result": {
2026-06-12T00:08:57.0298637+09:00           "outcome": "no_new_messages"
2026-06-12T00:08:57.0298637+09:00         }
2026-06-12T00:08:57.0298637+09:00       }
2026-06-12T00:08:57.0298637+09:00     ]
2026-06-12T00:08:57.0357782+09:00   },
2026-06-12T00:08:57.0378050+09:00   "step7_retry_poll": {
2026-06-12T00:08:57.0388050+09:00     "scanned": 7,
2026-06-12T00:08:57.0398403+09:00     "eligible": 4,
2026-06-12T00:08:57.0418402+09:00     "polled": 0,
2026-06-12T00:08:57.0428376+09:00     "retries_triggered": 0,
2026-06-12T00:08:57.0448052+09:00     "retry_errors": 0,
2026-06-12T00:08:57.0448052+09:00     "skipped": 0,
2026-06-12T00:08:57.0448052+09:00     "results": []
2026-06-12T00:08:57.0448052+09:00   }
2026-06-12T00:08:57.0498332+09:00 }
2026-06-12T00:08:57.0498332+09:00 OK run-once finished
2026-06-12T00:13:51.7625279+09:00 START dispatch-run-once
2026-06-12T00:13:52.1569951+09:00 
2026-06-12T00:13:52.1569951+09:00 > orchestrator
2026-06-12T00:13:52.1620306+09:00 > tsx src/cli/orchestrator.ts run-once --limit 10
2026-06-12T00:13:52.1620306+09:00 
2026-06-12T00:13:55.5952104+09:00 {
2026-06-12T00:13:55.6046788+09:00   "ensure_daily": {
2026-06-12T00:13:55.6097299+09:00     "runs": [
2026-06-12T00:13:55.6173012+09:00       {
2026-06-12T00:13:55.6235961+09:00         "run_id": "r01",
2026-06-12T00:13:55.6292568+09:00         "action": "not_due",
2026-06-12T00:13:55.6322120+09:00         "taskId": "daily-20260612-r01",
2026-06-12T00:13:55.6322120+09:00         "reason": "jst_hour=0"
2026-06-12T00:13:55.6375500+09:00       },
2026-06-12T00:13:55.6559745+09:00       {
2026-06-12T00:13:55.6570100+09:00         "run_id": "r02",
2026-06-12T00:13:55.6570100+09:00         "action": "not_due",
2026-06-12T00:13:55.6620899+09:00         "taskId": "daily-20260612-r02",
2026-06-12T00:13:55.6620899+09:00         "reason": "jst_hour=0"
2026-06-12T00:13:55.6671261+09:00       },
2026-06-12T00:13:55.6723426+09:00       {
2026-06-12T00:13:55.6749552+09:00         "run_id": "r03",
2026-06-12T00:13:55.6771144+09:00         "action": "not_due",
2026-06-12T00:13:55.6792576+09:00         "taskId": "daily-20260612-r03",
2026-06-12T00:13:55.6808408+09:00         "reason": "jst_hour=0"
2026-06-12T00:13:55.6828685+09:00       }
2026-06-12T00:13:55.6833956+09:00     ]
2026-06-12T00:13:55.6869290+09:00   },
2026-06-12T00:13:55.6869290+09:00   "reconcile": {
2026-06-12T00:13:55.6928175+09:00     "resetProcessing": 0,
2026-06-12T00:13:55.6948700+09:00     "inserted": 2,
2026-06-12T00:13:55.6968688+09:00     "scanned": 7,
2026-06-12T00:13:55.7000103+09:00     "stale": {
2026-06-12T00:13:55.7020130+09:00       "scanned": 7,
2026-06-12T00:13:55.7040107+09:00       "staleDetected": 0,
2026-06-12T00:13:55.7060105+09:00       "rolledBack": 0,
2026-06-12T00:13:55.7070527+09:00       "skippedCap": 0,
2026-06-12T00:13:55.7070527+09:00       "dryRun": false,
2026-06-12T00:13:55.7121687+09:00       "actions": []
2026-06-12T00:13:55.7121687+09:00     }
2026-06-12T00:13:55.7170389+09:00   },
2026-06-12T00:13:55.7190386+09:00   "dispatch": {
2026-06-12T00:13:55.7200370+09:00     "claimed": 2,
2026-06-12T00:13:55.7220380+09:00     "done": 2,
2026-06-12T00:13:55.7238432+09:00     "failed": 0
2026-06-12T00:13:55.7259848+09:00   },
2026-06-12T00:13:55.7269851+09:00   "step4_poll": {
2026-06-12T00:13:55.7289862+09:00     "scanned": 7,
2026-06-12T00:13:55.7305707+09:00     "awaiting": 2,
2026-06-12T00:13:55.7322160+09:00     "polled": 0,
2026-06-12T00:13:55.7342939+09:00     "picks_applied": 0,
2026-06-12T00:13:55.7362965+09:00     "pick_errors": 0,
2026-06-12T00:13:55.7372924+09:00     "timeouts": 0,
2026-06-12T00:13:55.7402920+09:00     "skipped": 0,
2026-06-12T00:13:55.7402920+09:00     "results": [
2026-06-12T00:13:55.7402920+09:00       {
2026-06-12T00:13:55.7454150+09:00         "task_id": "daily-20260611-r02",
2026-06-12T00:13:55.7454150+09:00         "result": {
2026-06-12T00:13:55.7454150+09:00           "outcome": "no_new_messages"
2026-06-12T00:13:55.7511140+09:00         }
2026-06-12T00:13:55.7527730+09:00       },
2026-06-12T00:13:55.7557733+09:00       {
2026-06-12T00:13:55.7571826+09:00         "task_id": "daily-20260611-r03",
2026-06-12T00:13:55.7592486+09:00         "result": {
2026-06-12T00:13:55.7602479+09:00           "outcome": "no_new_messages"
2026-06-12T00:13:55.7622509+09:00         }
2026-06-12T00:13:55.7632577+09:00       }
2026-06-12T00:13:55.7652564+09:00     ]
2026-06-12T00:13:55.7652564+09:00   },
2026-06-12T00:13:55.7652564+09:00   "step7_retry_poll": {
2026-06-12T00:13:55.7703261+09:00     "scanned": 7,
2026-06-12T00:13:55.7703261+09:00     "eligible": 4,
2026-06-12T00:13:55.7703261+09:00     "polled": 0,
2026-06-12T00:13:55.7703261+09:00     "retries_triggered": 0,
2026-06-12T00:13:55.7755254+09:00     "retry_errors": 0,
2026-06-12T00:13:55.7783555+09:00     "skipped": 0,
2026-06-12T00:13:55.7794103+09:00     "results": []
2026-06-12T00:13:55.7814161+09:00   }
2026-06-12T00:13:55.7832373+09:00 }
2026-06-12T00:13:55.7852365+09:00 OK run-once finished
2026-06-12T00:18:50.8759781+09:00 START dispatch-run-once
2026-06-12T00:18:51.2707266+09:00 
2026-06-12T00:18:51.2734733+09:00 > orchestrator
2026-06-12T00:18:51.2754735+09:00 > tsx src/cli/orchestrator.ts run-once --limit 10
2026-06-12T00:18:51.2774695+09:00 
2026-06-12T00:18:54.6116059+09:00 {
2026-06-12T00:18:54.6163655+09:00   "ensure_daily": {
2026-06-12T00:18:54.6202895+09:00     "runs": [
2026-06-12T00:18:54.6217966+09:00       {
2026-06-12T00:18:54.6257600+09:00         "run_id": "r01",
2026-06-12T00:18:54.6277164+09:00         "action": "not_due",
2026-06-12T00:18:54.6287514+09:00         "taskId": "daily-20260612-r01",
2026-06-12T00:18:54.6308707+09:00         "reason": "jst_hour=0"
2026-06-12T00:18:54.6328679+09:00       },
2026-06-12T00:18:54.6538218+09:00       {
2026-06-12T00:18:54.6558193+09:00         "run_id": "r02",
2026-06-12T00:18:54.6578256+09:00         "action": "not_due",
2026-06-12T00:18:54.6598249+09:00         "taskId": "daily-20260612-r02",
2026-06-12T00:18:54.6611385+09:00         "reason": "jst_hour=0"
2026-06-12T00:18:54.6643193+09:00       },
2026-06-12T00:18:54.6660601+09:00       {
2026-06-12T00:18:54.6698453+09:00         "run_id": "r03",
2026-06-12T00:18:54.6713952+09:00         "action": "not_due",
2026-06-12T00:18:54.6734057+09:00         "taskId": "daily-20260612-r03",
2026-06-12T00:18:54.6754048+09:00         "reason": "jst_hour=0"
2026-06-12T00:18:54.6774057+09:00       }
2026-06-12T00:18:54.6809098+09:00     ]
2026-06-12T00:18:54.6839067+09:00   },
2026-06-12T00:18:54.6859095+09:00   "reconcile": {
2026-06-12T00:18:54.6859095+09:00     "resetProcessing": 0,
2026-06-12T00:18:54.6859095+09:00     "inserted": 2,
2026-06-12T00:18:54.6910172+09:00     "scanned": 7,
2026-06-12T00:18:54.6910172+09:00     "stale": {
2026-06-12T00:18:54.6959177+09:00       "scanned": 7,
2026-06-12T00:18:54.6979175+09:00       "staleDetected": 0,
2026-06-12T00:18:54.6999210+09:00       "rolledBack": 0,
2026-06-12T00:18:54.7009200+09:00       "skippedCap": 0,
2026-06-12T00:18:54.7038879+09:00       "dryRun": false,
2026-06-12T00:18:54.7058836+09:00       "actions": []
2026-06-12T00:18:54.7078822+09:00     }
2026-06-12T00:18:54.7098825+09:00   },
2026-06-12T00:18:54.7108894+09:00   "dispatch": {
2026-06-12T00:18:54.7108894+09:00     "claimed": 2,
2026-06-12T00:18:54.7108894+09:00     "done": 2,
2026-06-12T00:18:54.7159268+09:00     "failed": 0
2026-06-12T00:18:54.7193986+09:00   },
2026-06-12T00:18:54.7208831+09:00   "step4_poll": {
2026-06-12T00:18:54.7228840+09:00     "scanned": 7,
2026-06-12T00:18:54.7238839+09:00     "awaiting": 2,
2026-06-12T00:18:54.7259619+09:00     "polled": 0,
2026-06-12T00:18:54.7275502+09:00     "picks_applied": 0,
2026-06-12T00:18:54.7298410+09:00     "pick_errors": 0,
2026-06-12T00:18:54.7327083+09:00     "timeouts": 0,
2026-06-12T00:18:54.7365728+09:00     "skipped": 0,
2026-06-12T00:18:54.7371066+09:00     "results": [
2026-06-12T00:18:54.7371066+09:00       {
2026-06-12T00:18:54.7410679+09:00         "task_id": "daily-20260611-r02",
2026-06-12T00:18:54.7410679+09:00         "result": {
2026-06-12T00:18:54.7410679+09:00           "outcome": "no_new_messages"
2026-06-12T00:18:54.7479537+09:00         }
2026-06-12T00:18:54.7500304+09:00       },
2026-06-12T00:18:54.7527317+09:00       {
2026-06-12T00:18:54.7538153+09:00         "task_id": "daily-20260611-r03",
2026-06-12T00:18:54.7558155+09:00         "result": {
2026-06-12T00:18:54.7568223+09:00           "outcome": "no_new_messages"
2026-06-12T00:18:54.7588222+09:00         }
2026-06-12T00:18:54.7598219+09:00       }
2026-06-12T00:18:54.7608220+09:00     ]
2026-06-12T00:18:54.7608220+09:00   },
2026-06-12T00:18:54.7661245+09:00   "step7_retry_poll": {
2026-06-12T00:18:54.7661245+09:00     "scanned": 7,
2026-06-12T00:18:54.7661245+09:00     "eligible": 4,
2026-06-12T00:18:54.7661245+09:00     "polled": 0,
2026-06-12T00:18:54.7715183+09:00     "retries_triggered": 0,
2026-06-12T00:18:54.7715183+09:00     "retry_errors": 0,
2026-06-12T00:18:54.7715183+09:00     "skipped": 0,
2026-06-12T00:18:54.7772968+09:00     "results": []
2026-06-12T00:18:54.7792955+09:00   }
2026-06-12T00:18:54.7812967+09:00 }
2026-06-12T00:18:54.7832966+09:00 OK run-once finished
2026-06-12T00:23:51.4129742+09:00 START dispatch-run-once
2026-06-12T00:23:51.8117302+09:00 
2026-06-12T00:23:51.8117302+09:00 > orchestrator
2026-06-12T00:23:51.8167559+09:00 > tsx src/cli/orchestrator.ts run-once --limit 10
2026-06-12T00:23:51.8167559+09:00 
2026-06-12T00:23:55.1760867+09:00 {
2026-06-12T00:23:55.1865383+09:00   "ensure_daily": {
2026-06-12T00:23:55.1962585+09:00     "runs": [
2026-06-12T00:23:55.2069919+09:00       {
2026-06-12T00:23:55.2204022+09:00         "run_id": "r01",
2026-06-12T00:23:55.2278240+09:00         "action": "not_due",
2026-06-12T00:23:55.2318218+09:00         "taskId": "daily-20260612-r01",
2026-06-12T00:23:55.2369073+09:00         "reason": "jst_hour=0"
2026-06-12T00:23:55.2417801+09:00       },
2026-06-12T00:23:55.2564503+09:00       {
2026-06-12T00:23:55.2617395+09:00         "run_id": "r02",
2026-06-12T00:23:55.2617395+09:00         "action": "not_due",
2026-06-12T00:23:55.2676550+09:00         "taskId": "daily-20260612-r02",
2026-06-12T00:23:55.2713517+09:00         "reason": "jst_hour=0"
2026-06-12T00:23:55.2743062+09:00       },
2026-06-12T00:23:55.2762998+09:00       {
2026-06-12T00:23:55.2783304+09:00         "run_id": "r03",
2026-06-12T00:23:55.2808153+09:00         "action": "not_due",
2026-06-12T00:23:55.2816963+09:00         "taskId": "daily-20260612-r03",
2026-06-12T00:23:55.2816963+09:00         "reason": "jst_hour=0"
2026-06-12T00:23:55.2816963+09:00       }
2026-06-12T00:23:55.2859339+09:00     ]
2026-06-12T00:23:55.2859339+09:00   },
2026-06-12T00:23:55.2859339+09:00   "reconcile": {
2026-06-12T00:23:55.2911031+09:00     "resetProcessing": 0,
2026-06-12T00:23:55.2911031+09:00     "inserted": 2,
2026-06-12T00:23:55.2911031+09:00     "scanned": 7,
2026-06-12T00:23:55.2911031+09:00     "stale": {
2026-06-12T00:23:55.2970651+09:00       "scanned": 7,
2026-06-12T00:23:55.2992668+09:00       "staleDetected": 0,
2026-06-12T00:23:55.3002672+09:00       "rolledBack": 0,
2026-06-12T00:23:55.3022678+09:00       "skippedCap": 0,
2026-06-12T00:23:55.3042676+09:00       "dryRun": false,
2026-06-12T00:23:55.3052692+09:00       "actions": []
2026-06-12T00:23:55.3065810+09:00     }
2026-06-12T00:23:55.3065810+09:00   },
2026-06-12T00:23:55.3065810+09:00   "dispatch": {
2026-06-12T00:23:55.3114976+09:00     "claimed": 2,
2026-06-12T00:23:55.3114976+09:00     "done": 2,
2026-06-12T00:23:55.3114976+09:00     "failed": 0
2026-06-12T00:23:55.3114976+09:00   },
2026-06-12T00:23:55.3169973+09:00   "step4_poll": {
2026-06-12T00:23:55.3169973+09:00     "scanned": 7,
2026-06-12T00:23:55.3169973+09:00     "awaiting": 2,
2026-06-12T00:23:55.3169973+09:00     "polled": 0,
2026-06-12T00:23:55.3221584+09:00     "picks_applied": 0,
2026-06-12T00:23:55.3221584+09:00     "pick_errors": 0,
2026-06-12T00:23:55.3221584+09:00     "timeouts": 0,
2026-06-12T00:23:55.3282758+09:00     "skipped": 0,
2026-06-12T00:23:55.3303517+09:00     "results": [
2026-06-12T00:23:55.3313509+09:00       {
2026-06-12T00:23:55.3326195+09:00         "task_id": "daily-20260611-r02",
2026-06-12T00:23:55.3346191+09:00         "result": {
2026-06-12T00:23:55.3356199+09:00           "outcome": "no_new_messages"
2026-06-12T00:23:55.3366207+09:00         }
2026-06-12T00:23:55.3386405+09:00       },
2026-06-12T00:23:55.3396534+09:00       {
2026-06-12T00:23:55.3396534+09:00         "task_id": "daily-20260611-r03",
2026-06-12T00:23:55.3447678+09:00         "result": {
2026-06-12T00:23:55.3447678+09:00           "outcome": "no_new_messages"
2026-06-12T00:23:55.3447678+09:00         }
2026-06-12T00:23:55.3447678+09:00       }
2026-06-12T00:23:55.3497837+09:00     ]
2026-06-12T00:23:55.3497837+09:00   },
2026-06-12T00:23:55.3541116+09:00   "step7_retry_poll": {
2026-06-12T00:23:55.3557691+09:00     "scanned": 7,
2026-06-12T00:23:55.3571219+09:00     "eligible": 4,
2026-06-12T00:23:55.3588003+09:00     "polled": 0,
2026-06-12T00:23:55.3599263+09:00     "retries_triggered": 0,
2026-06-12T00:23:55.3616055+09:00     "retry_errors": 0,
2026-06-12T00:23:55.3627285+09:00     "skipped": 0,
2026-06-12T00:23:55.3643010+09:00     "results": []
2026-06-12T00:23:55.3648788+09:00   }
2026-06-12T00:23:55.3648788+09:00 }
2026-06-12T00:23:55.3648788+09:00 OK run-once finished
2026-06-12T00:28:51.5938437+09:00 START dispatch-run-once
2026-06-12T00:28:52.0032108+09:00 
2026-06-12T00:28:52.0052113+09:00 > orchestrator
2026-06-12T00:28:52.0072119+09:00 > tsx src/cli/orchestrator.ts run-once --limit 10
2026-06-12T00:28:52.0092105+09:00 
2026-06-12T00:28:55.3707585+09:00 {
2026-06-12T00:28:55.3818033+09:00   "ensure_daily": {
2026-06-12T00:28:55.3911445+09:00     "runs": [
2026-06-12T00:28:55.3962058+09:00       {
2026-06-12T00:28:55.4032585+09:00         "run_id": "r01",
2026-06-12T00:28:55.4065473+09:00         "action": "not_due",
2026-06-12T00:28:55.4136085+09:00         "taskId": "daily-20260612-r01",
2026-06-12T00:28:55.4176085+09:00         "reason": "jst_hour=0"
2026-06-12T00:28:55.4186063+09:00       },
2026-06-12T00:28:55.4395181+09:00       {
2026-06-12T00:28:55.4415194+09:00         "run_id": "r02",
2026-06-12T00:28:55.4435189+09:00         "action": "not_due",
2026-06-12T00:28:55.4435189+09:00         "taskId": "daily-20260612-r02",
2026-06-12T00:28:55.4435189+09:00         "reason": "jst_hour=0"
2026-06-12T00:28:55.4485707+09:00       },
2026-06-12T00:28:55.4517752+09:00       {
2026-06-12T00:28:55.4537834+09:00         "run_id": "r03",
2026-06-12T00:28:55.4570370+09:00         "action": "not_due",
2026-06-12T00:28:55.4591021+09:00         "taskId": "daily-20260612-r03",
2026-06-12T00:28:55.4614819+09:00         "reason": "jst_hour=0"
2026-06-12T00:28:55.4638381+09:00       }
2026-06-12T00:28:55.4657066+09:00     ]
2026-06-12T00:28:55.4667181+09:00   },
2026-06-12T00:28:55.4687257+09:00   "reconcile": {
2026-06-12T00:28:55.4687257+09:00     "resetProcessing": 0,
2026-06-12T00:28:55.4687257+09:00     "inserted": 2,
2026-06-12T00:28:55.4740467+09:00     "scanned": 7,
2026-06-12T00:28:55.4740467+09:00     "stale": {
2026-06-12T00:28:55.4740467+09:00       "scanned": 7,
2026-06-12T00:28:55.4804477+09:00       "staleDetected": 0,
2026-06-12T00:28:55.4815068+09:00       "rolledBack": 0,
2026-06-12T00:28:55.4835042+09:00       "skippedCap": 0,
2026-06-12T00:28:55.4854200+09:00       "dryRun": false,
2026-06-12T00:28:55.4864914+09:00       "actions": []
2026-06-12T00:28:55.4884910+09:00     }
2026-06-12T00:28:55.4899994+09:00   },
2026-06-12T00:28:55.4909365+09:00   "dispatch": {
2026-06-12T00:28:55.4929446+09:00     "claimed": 2,
2026-06-12T00:28:55.4937606+09:00     "done": 2,
2026-06-12T00:28:55.4937606+09:00     "failed": 0
2026-06-12T00:28:55.4980092+09:00   },
2026-06-12T00:28:55.4980092+09:00   "step4_poll": {
2026-06-12T00:28:55.4980092+09:00     "scanned": 7,
2026-06-12T00:28:55.4980092+09:00     "awaiting": 2,
2026-06-12T00:28:55.5033008+09:00     "polled": 0,
2026-06-12T00:28:55.5033008+09:00     "picks_applied": 0,
2026-06-12T00:28:55.5033008+09:00     "pick_errors": 0,
2026-06-12T00:28:55.5033008+09:00     "timeouts": 0,
2026-06-12T00:28:55.5093845+09:00     "skipped": 0,
2026-06-12T00:28:55.5114506+09:00     "results": [
2026-06-12T00:28:55.5124498+09:00       {
2026-06-12T00:28:55.5144838+09:00         "task_id": "daily-20260611-r02",
2026-06-12T00:28:55.5154506+09:00         "result": {
2026-06-12T00:28:55.5174489+09:00           "outcome": "no_new_messages"
2026-06-12T00:28:55.5187789+09:00         }
2026-06-12T00:28:55.5187789+09:00       },
2026-06-12T00:28:55.5187789+09:00       {
2026-06-12T00:28:55.5240187+09:00         "task_id": "daily-20260611-r03",
2026-06-12T00:28:55.5256704+09:00         "result": {
2026-06-12T00:28:55.5272513+09:00           "outcome": "no_new_messages"
2026-06-12T00:28:55.5288221+09:00         }
2026-06-12T00:28:55.5303908+09:00       }
2026-06-12T00:28:55.5314392+09:00     ]
2026-06-12T00:28:55.5330079+09:00   },
2026-06-12T00:28:55.5340594+09:00   "step7_retry_poll": {
2026-06-12T00:28:55.5340594+09:00     "scanned": 7,
2026-06-12T00:28:55.5340594+09:00     "eligible": 4,
2026-06-12T00:28:55.5396870+09:00     "polled": 0,
2026-06-12T00:28:55.5417565+09:00     "retries_triggered": 0,
2026-06-12T00:28:55.5437406+09:00     "retry_errors": 0,
2026-06-12T00:28:55.5458141+09:00     "skipped": 0,
2026-06-12T00:28:55.5468134+09:00     "results": []
2026-06-12T00:28:55.5478113+09:00   }
2026-06-12T00:28:55.5498134+09:00 }
2026-06-12T00:28:55.5518144+09:00 OK run-once finished
2026-06-12T00:33:50.9311095+09:00 START dispatch-run-once
2026-06-12T00:33:51.3214506+09:00 
2026-06-12T00:33:51.3214506+09:00 > orchestrator
2026-06-12T00:33:51.3214506+09:00 > tsx src/cli/orchestrator.ts run-once --limit 10
2026-06-12T00:33:51.3290121+09:00 
2026-06-12T00:33:54.6718219+09:00 {
2026-06-12T00:33:54.6747096+09:00   "ensure_daily": {
2026-06-12T00:33:54.6777129+09:00     "runs": [
2026-06-12T00:33:54.6797106+09:00       {
2026-06-12T00:33:54.6823772+09:00         "run_id": "r01",
2026-06-12T00:33:54.6843769+09:00         "action": "not_due",
2026-06-12T00:33:54.6863753+09:00         "taskId": "daily-20260612-r01",
2026-06-12T00:33:54.6883750+09:00         "reason": "jst_hour=0"
2026-06-12T00:33:54.6903614+09:00       },
2026-06-12T00:33:54.7082121+09:00       {
2026-06-12T00:33:54.7082121+09:00         "run_id": "r02",
2026-06-12T00:33:54.7082121+09:00         "action": "not_due",
2026-06-12T00:33:54.7148798+09:00         "taskId": "daily-20260612-r02",
2026-06-12T00:33:54.7168803+09:00         "reason": "jst_hour=0"
2026-06-12T00:33:54.7188808+09:00       },
2026-06-12T00:33:54.7208806+09:00       {
2026-06-12T00:33:54.7228821+09:00         "run_id": "r03",
2026-06-12T00:33:54.7251064+09:00         "action": "not_due",
2026-06-12T00:33:54.7261057+09:00         "taskId": "daily-20260612-r03",
2026-06-12T00:33:54.7271881+09:00         "reason": "jst_hour=0"
2026-06-12T00:33:54.7301982+09:00       }
2026-06-12T00:33:54.7319425+09:00     ]
2026-06-12T00:33:54.7330016+09:00   },
2026-06-12T00:33:54.7330016+09:00   "reconcile": {
2026-06-12T00:33:54.7330016+09:00     "resetProcessing": 0,
2026-06-12T00:33:54.7382272+09:00     "inserted": 2,
2026-06-12T00:33:54.7382272+09:00     "scanned": 7,
2026-06-12T00:33:54.7382272+09:00     "stale": {
2026-06-12T00:33:54.7382272+09:00       "scanned": 7,
2026-06-12T00:33:54.7459333+09:00       "staleDetected": 0,
2026-06-12T00:33:54.7486455+09:00       "rolledBack": 0,
2026-06-12T00:33:54.7497841+09:00       "skippedCap": 0,
2026-06-12T00:33:54.7517849+09:00       "dryRun": false,
2026-06-12T00:33:54.7537857+09:00       "actions": []
2026-06-12T00:33:54.7547855+09:00     }
2026-06-12T00:33:54.7558200+09:00   },
2026-06-12T00:33:54.7580222+09:00   "dispatch": {
2026-06-12T00:33:54.7580222+09:00     "claimed": 2,
2026-06-12T00:33:54.7613085+09:00     "done": 2,
2026-06-12T00:33:54.7613085+09:00     "failed": 0
2026-06-12T00:33:54.7613085+09:00   },
2026-06-12T00:33:54.7664818+09:00   "step4_poll": {
2026-06-12T00:33:54.7664818+09:00     "scanned": 7,
2026-06-12T00:33:54.7664818+09:00     "awaiting": 2,
2026-06-12T00:33:54.7664818+09:00     "polled": 0,
2026-06-12T00:33:54.7727958+09:00     "picks_applied": 0,
2026-06-12T00:33:54.7727958+09:00     "pick_errors": 0,
2026-06-12T00:33:54.7727958+09:00     "timeouts": 0,
2026-06-12T00:33:54.7772975+09:00     "skipped": 0,
2026-06-12T00:33:54.7772975+09:00     "results": [
2026-06-12T00:33:54.7772975+09:00       {
2026-06-12T00:33:54.7809452+09:00         "task_id": "daily-20260611-r02",
2026-06-12T00:33:54.7829536+09:00         "result": {
2026-06-12T00:33:54.7839528+09:00           "outcome": "no_new_messages"
2026-06-12T00:33:54.7859927+09:00         }
2026-06-12T00:33:54.7869593+09:00       },
2026-06-12T00:33:54.7892971+09:00       {
2026-06-12T00:33:54.7892971+09:00         "task_id": "daily-20260611-r03",
2026-06-12T00:33:54.7892971+09:00         "result": {
2026-06-12T00:33:54.7939865+09:00           "outcome": "no_new_messages"
2026-06-12T00:33:54.7939865+09:00         }
2026-06-12T00:33:54.7939865+09:00       }
2026-06-12T00:33:54.7939865+09:00     ]
2026-06-12T00:33:54.8000055+09:00   },
2026-06-12T00:33:54.8006157+09:00   "step7_retry_poll": {
2026-06-12T00:33:54.8006157+09:00     "scanned": 7,
2026-06-12T00:33:54.8050844+09:00     "eligible": 4,
2026-06-12T00:33:54.8077606+09:00     "polled": 0,
2026-06-12T00:33:54.8097858+09:00     "retries_triggered": 0,
2026-06-12T00:33:54.8107517+09:00     "retry_errors": 0,
2026-06-12T00:33:54.8127517+09:00     "skipped": 0,
2026-06-12T00:33:54.8137511+09:00     "results": []
2026-06-12T00:33:54.8157508+09:00   }
2026-06-12T00:33:54.8169410+09:00 }
2026-06-12T00:33:54.8189405+09:00 OK run-once finished
2026-06-12T00:38:51.1923283+09:00 START dispatch-run-once
2026-06-12T00:38:51.5847616+09:00 
2026-06-12T00:38:51.5869149+09:00 > orchestrator
2026-06-12T00:38:51.5889243+09:00 > tsx src/cli/orchestrator.ts run-once --limit 10
2026-06-12T00:38:51.5909219+09:00 
2026-06-12T00:38:54.9464358+09:00 {
2026-06-12T00:38:54.9590305+09:00   "ensure_daily": {
2026-06-12T00:38:54.9652635+09:00     "runs": [
2026-06-12T00:38:54.9781033+09:00       {
2026-06-12T00:38:54.9850846+09:00         "run_id": "r01",
2026-06-12T00:38:54.9923622+09:00         "action": "not_due",
2026-06-12T00:38:54.9956428+09:00         "taskId": "daily-20260612-r01",
2026-06-12T00:38:55.0042148+09:00         "reason": "jst_hour=0"
2026-06-12T00:38:55.0072191+09:00       },
2026-06-12T00:38:55.0323051+09:00       {
2026-06-12T00:38:55.0347860+09:00         "run_id": "r02",
2026-06-12T00:38:55.0368614+09:00         "action": "not_due",
2026-06-12T00:38:55.0398594+09:00         "taskId": "daily-20260612-r02",
2026-06-12T00:38:55.0418572+09:00         "reason": "jst_hour=0"
2026-06-12T00:38:55.0432420+09:00       },
2026-06-12T00:38:55.0452489+09:00       {
2026-06-12T00:38:55.0481481+09:00         "run_id": "r03",
2026-06-12T00:38:55.0501563+09:00         "action": "not_due",
2026-06-12T00:38:55.0521630+09:00         "taskId": "daily-20260612-r03",
2026-06-12T00:38:55.0531685+09:00         "reason": "jst_hour=0"
2026-06-12T00:38:55.0557126+09:00       }
2026-06-12T00:38:55.0583859+09:00     ]
2026-06-12T00:38:55.0597942+09:00   },
2026-06-12T00:38:55.0615444+09:00   "reconcile": {
2026-06-12T00:38:55.0631375+09:00     "resetProcessing": 0,
2026-06-12T00:38:55.0647177+09:00     "inserted": 2,
2026-06-12T00:38:55.0663034+09:00     "scanned": 7,
2026-06-12T00:38:55.0678712+09:00     "stale": {
2026-06-12T00:38:55.0697241+09:00       "scanned": 7,
2026-06-12T00:38:55.0726288+09:00       "staleDetected": 0,
2026-06-12T00:38:55.0726288+09:00       "rolledBack": 0,
2026-06-12T00:38:55.0779343+09:00       "skippedCap": 0,
2026-06-12T00:38:55.0799343+09:00       "dryRun": false,
2026-06-12T00:38:55.0819368+09:00       "actions": []
2026-06-12T00:38:55.0829342+09:00     }
2026-06-12T00:38:55.0848072+09:00   },
2026-06-12T00:38:55.0869453+09:00   "dispatch": {
2026-06-12T00:38:55.0889464+09:00     "claimed": 2,
2026-06-12T00:38:55.0899456+09:00     "done": 2,
2026-06-12T00:38:55.0919445+09:00     "failed": 0
2026-06-12T00:38:55.0929445+09:00   },
2026-06-12T00:38:55.0929445+09:00   "step4_poll": {
2026-06-12T00:38:55.0929445+09:00     "scanned": 7,
2026-06-12T00:38:55.0980454+09:00     "awaiting": 2,
2026-06-12T00:38:55.0980454+09:00     "polled": 0,
2026-06-12T00:38:55.0980454+09:00     "picks_applied": 0,
2026-06-12T00:38:55.1018055+09:00     "pick_errors": 0,
2026-06-12T00:38:55.1038431+09:00     "timeouts": 0,
2026-06-12T00:38:55.1048421+09:00     "skipped": 0,
2026-06-12T00:38:55.1068429+09:00     "results": [
2026-06-12T00:38:55.1078432+09:00       {
2026-06-12T00:38:55.1097726+09:00         "task_id": "daily-20260611-r02",
2026-06-12T00:38:55.1114215+09:00         "result": {
2026-06-12T00:38:55.1124283+09:00           "outcome": "no_new_messages"
2026-06-12T00:38:55.1144294+09:00         }
2026-06-12T00:38:55.1154291+09:00       },
2026-06-12T00:38:55.1164288+09:00       {
2026-06-12T00:38:55.1181059+09:00         "task_id": "daily-20260611-r03",
2026-06-12T00:38:55.1181059+09:00         "result": {
2026-06-12T00:38:55.1181059+09:00           "outcome": "no_new_messages"
2026-06-12T00:38:55.1181059+09:00         }
2026-06-12T00:38:55.1229151+09:00       }
2026-06-12T00:38:55.1265084+09:00     ]
2026-06-12T00:38:55.1279130+09:00   },
2026-06-12T00:38:55.1289111+09:00   "step7_retry_poll": {
2026-06-12T00:38:55.1309122+09:00     "scanned": 7,
2026-06-12T00:38:55.1319111+09:00     "eligible": 4,
2026-06-12T00:38:55.1339117+09:00     "polled": 0,
2026-06-12T00:38:55.1359707+09:00     "retries_triggered": 0,
2026-06-12T00:38:55.1379753+09:00     "retry_errors": 0,
2026-06-12T00:38:55.1399718+09:00     "skipped": 0,
2026-06-12T00:38:55.1409707+09:00     "results": []
2026-06-12T00:38:55.1429699+09:00   }
2026-06-12T00:38:55.1429699+09:00 }
2026-06-12T00:38:55.1429699+09:00 OK run-once finished
2026-06-12T00:43:52.1570343+09:00 START dispatch-run-once
2026-06-12T00:43:52.5514702+09:00 
2026-06-12T00:43:52.5534746+09:00 > orchestrator
2026-06-12T00:43:52.5553923+09:00 > tsx src/cli/orchestrator.ts run-once --limit 10
2026-06-12T00:43:52.5553923+09:00 
2026-06-12T00:43:55.9328553+09:00 {
2026-06-12T00:43:55.9438622+09:00   "ensure_daily": {
2026-06-12T00:43:55.9490176+09:00     "runs": [
2026-06-12T00:43:55.9608966+09:00       {
2026-06-12T00:43:55.9649089+09:00         "run_id": "r01",
2026-06-12T00:43:55.9678582+09:00         "action": "not_due",
2026-06-12T00:43:55.9698568+09:00         "taskId": "daily-20260612-r01",
2026-06-12T00:43:55.9718590+09:00         "reason": "jst_hour=0"
2026-06-12T00:43:55.9718590+09:00       },
2026-06-12T00:43:55.9936939+09:00       {
2026-06-12T00:43:55.9956940+09:00         "run_id": "r02",
2026-06-12T00:43:55.9966938+09:00         "action": "not_due",
2026-06-12T00:43:56.0017606+09:00         "taskId": "daily-20260612-r02",
2026-06-12T00:43:56.0017606+09:00         "reason": "jst_hour=0"
2026-06-12T00:43:56.0069529+09:00       },
2026-06-12T00:43:56.0098997+09:00       {
2026-06-12T00:43:56.0119872+09:00         "run_id": "r03",
2026-06-12T00:43:56.0134950+09:00         "action": "not_due",
2026-06-12T00:43:56.0157638+09:00         "taskId": "daily-20260612-r03",
2026-06-12T00:43:56.0177657+09:00         "reason": "jst_hour=0"
2026-06-12T00:43:56.0197625+09:00       }
2026-06-12T00:43:56.0217999+09:00     ]
2026-06-12T00:43:56.0217999+09:00   },
2026-06-12T00:43:56.0269122+09:00   "reconcile": {
2026-06-12T00:43:56.0289183+09:00     "resetProcessing": 0,
2026-06-12T00:43:56.0289183+09:00     "inserted": 2,
2026-06-12T00:43:56.0319324+09:00     "scanned": 7,
2026-06-12T00:43:56.0319324+09:00     "stale": {
2026-06-12T00:43:56.0348724+09:00       "scanned": 7,
2026-06-12T00:43:56.0369237+09:00       "staleDetected": 0,
2026-06-12T00:43:56.0397463+09:00       "rolledBack": 0,
2026-06-12T00:43:56.0417452+09:00       "skippedCap": 0,
2026-06-12T00:43:56.0437469+09:00       "dryRun": false,
2026-06-12T00:43:56.0457464+09:00       "actions": []
2026-06-12T00:43:56.0467443+09:00     }
2026-06-12T00:43:56.0492316+09:00   },
2026-06-12T00:43:56.0492316+09:00   "dispatch": {
2026-06-12T00:43:56.0517572+09:00     "claimed": 2,
2026-06-12T00:43:56.0517572+09:00     "done": 2,
2026-06-12T00:43:56.0517572+09:00     "failed": 0
2026-06-12T00:43:56.0571945+09:00   },
2026-06-12T00:43:56.0571945+09:00   "step4_poll": {
2026-06-12T00:43:56.0571945+09:00     "scanned": 7,
2026-06-12T00:43:56.0630503+09:00     "awaiting": 2,
2026-06-12T00:43:56.0660508+09:00     "polled": 0,
2026-06-12T00:43:56.0680512+09:00     "picks_applied": 0,
2026-06-12T00:43:56.0700505+09:00     "pick_errors": 0,
2026-06-12T00:43:56.0720505+09:00     "timeouts": 0,
2026-06-12T00:43:56.0730505+09:00     "skipped": 0,
2026-06-12T00:43:56.0752512+09:00     "results": [
2026-06-12T00:43:56.0762483+09:00       {
2026-06-12T00:43:56.0782498+09:00         "task_id": "daily-20260611-r02",
2026-06-12T00:43:56.0802498+09:00         "result": {
2026-06-12T00:43:56.0823597+09:00           "outcome": "no_new_messages"
2026-06-12T00:43:56.0823597+09:00         }
2026-06-12T00:43:56.0823597+09:00       },
2026-06-12T00:43:56.0823597+09:00       {
2026-06-12T00:43:56.0878327+09:00         "task_id": "daily-20260611-r03",
2026-06-12T00:43:56.0878327+09:00         "result": {
2026-06-12T00:43:56.0878327+09:00           "outcome": "no_new_messages"
2026-06-12T00:43:56.0938315+09:00         }
2026-06-12T00:43:56.0958939+09:00       }
2026-06-12T00:43:56.0980127+09:00     ]
2026-06-12T00:43:56.0990139+09:00   },
2026-06-12T00:43:56.1000141+09:00   "step7_retry_poll": {
2026-06-12T00:43:56.1026159+09:00     "scanned": 7,
2026-06-12T00:43:56.1036225+09:00     "eligible": 4,
2026-06-12T00:43:56.1052828+09:00     "polled": 0,
2026-06-12T00:43:56.1072897+09:00     "retries_triggered": 0,
2026-06-12T00:43:56.1092961+09:00     "retry_errors": 0,
2026-06-12T00:43:56.1113028+09:00     "skipped": 0,
2026-06-12T00:43:56.1113028+09:00     "results": []
2026-06-12T00:43:56.1138091+09:00   }
2026-06-12T00:43:56.1158156+09:00 }
2026-06-12T00:43:56.1178227+09:00 OK run-once finished
2026-06-12T00:48:51.7588219+09:00 START dispatch-run-once
2026-06-12T00:48:52.1612208+09:00 
2026-06-12T00:48:52.1632215+09:00 > orchestrator
2026-06-12T00:48:52.1652246+09:00 > tsx src/cli/orchestrator.ts run-once --limit 10
2026-06-12T00:48:52.1675428+09:00 
2026-06-12T00:48:55.4522368+09:00 {
2026-06-12T00:48:55.4552446+09:00   "ensure_daily": {
2026-06-12T00:48:55.4582462+09:00     "runs": [
2026-06-12T00:48:55.4602449+09:00       {
2026-06-12T00:48:55.4624746+09:00         "run_id": "r01",
2026-06-12T00:48:55.4664750+09:00         "action": "not_due",
2026-06-12T00:48:55.4690204+09:00         "taskId": "daily-20260612-r01",
2026-06-12T00:48:55.4711430+09:00         "reason": "jst_hour=0"
2026-06-12T00:48:55.4731424+09:00       },
2026-06-12T00:48:55.4935572+09:00       {
2026-06-12T00:48:55.4952357+09:00         "run_id": "r02",
2026-06-12T00:48:55.4972426+09:00         "action": "not_due",
2026-06-12T00:48:55.4992436+09:00         "taskId": "daily-20260612-r02",
2026-06-12T00:48:55.5008573+09:00         "reason": "jst_hour=0"
2026-06-12T00:48:55.5008573+09:00       },
2026-06-12T00:48:55.5055297+09:00       {
2026-06-12T00:48:55.5055297+09:00         "run_id": "r03",
2026-06-12T00:48:55.5095846+09:00         "action": "not_due",
2026-06-12T00:48:55.5116319+09:00         "taskId": "daily-20260612-r03",
2026-06-12T00:48:55.5126354+09:00         "reason": "jst_hour=0"
2026-06-12T00:48:55.5146338+09:00       }
2026-06-12T00:48:55.5156335+09:00     ]
2026-06-12T00:48:55.5174602+09:00   },
2026-06-12T00:48:55.5195967+09:00   "reconcile": {
2026-06-12T00:48:55.5205965+09:00     "resetProcessing": 0,
2026-06-12T00:48:55.5225952+09:00     "inserted": 2,
2026-06-12T00:48:55.5235955+09:00     "scanned": 7,
2026-06-12T00:48:55.5255945+09:00     "stale": {
2026-06-12T00:48:55.5255945+09:00       "scanned": 7,
2026-06-12T00:48:55.5255945+09:00       "staleDetected": 0,
2026-06-12T00:48:55.5255945+09:00       "rolledBack": 0,
2026-06-12T00:48:55.5342736+09:00       "skippedCap": 0,
2026-06-12T00:48:55.5358683+09:00       "dryRun": false,
2026-06-12T00:48:55.5378689+09:00       "actions": []
2026-06-12T00:48:55.5398666+09:00     }
2026-06-12T00:48:55.5418671+09:00   },
2026-06-12T00:48:55.5425228+09:00   "dispatch": {
2026-06-12T00:48:55.5445851+09:00     "claimed": 2,
2026-06-12T00:48:55.5455871+09:00     "done": 2,
2026-06-12T00:48:55.5475526+09:00     "failed": 0
2026-06-12T00:48:55.5495605+09:00   },
2026-06-12T00:48:55.5505596+09:00   "step4_poll": {
2026-06-12T00:48:55.5505596+09:00     "scanned": 7,
2026-06-12T00:48:55.5505596+09:00     "awaiting": 2,
2026-06-12T00:48:55.5505596+09:00     "polled": 0,
2026-06-12T00:48:55.5555912+09:00     "picks_applied": 0,
2026-06-12T00:48:55.5555912+09:00     "pick_errors": 0,
2026-06-12T00:48:55.5555912+09:00     "timeouts": 0,
2026-06-12T00:48:55.5615667+09:00     "skipped": 0,
2026-06-12T00:48:55.5626183+09:00     "results": [
2026-06-12T00:48:55.5646178+09:00       {
2026-06-12T00:48:55.5656175+09:00         "task_id": "daily-20260611-r02",
2026-06-12T00:48:55.5674759+09:00         "result": {
2026-06-12T00:48:55.5690379+09:00           "outcome": "no_new_messages"
2026-06-12T00:48:55.5700373+09:00         }
2026-06-12T00:48:55.5717723+09:00       },
2026-06-12T00:48:55.5728133+09:00       {
2026-06-12T00:48:55.5748116+09:00         "task_id": "daily-20260611-r03",
2026-06-12T00:48:55.5757797+09:00         "result": {
2026-06-12T00:48:55.5757797+09:00           "outcome": "no_new_messages"
2026-06-12T00:48:55.5757797+09:00         }
2026-06-12T00:48:55.5810712+09:00       }
2026-06-12T00:48:55.5810712+09:00     ]
2026-06-12T00:48:55.5810712+09:00   },
2026-06-12T00:48:55.5810712+09:00   "step7_retry_poll": {
2026-06-12T00:48:55.5864352+09:00     "scanned": 7,
2026-06-12T00:48:55.5864352+09:00     "eligible": 4,
2026-06-12T00:48:55.5864352+09:00     "polled": 0,
2026-06-12T00:48:55.5864352+09:00     "retries_triggered": 0,
2026-06-12T00:48:55.5932551+09:00     "retry_errors": 0,
2026-06-12T00:48:55.5962557+09:00     "skipped": 0,
2026-06-12T00:48:55.5972523+09:00     "results": []
2026-06-12T00:48:55.5993277+09:00   }
2026-06-12T00:48:55.6002924+09:00 }
2026-06-12T00:48:55.6023256+09:00 OK run-once finished
2026-06-12T00:53:52.4651264+09:00 START dispatch-run-once
2026-06-12T00:53:52.8555519+09:00 
2026-06-12T00:53:52.8565586+09:00 > orchestrator
2026-06-12T00:53:52.8609802+09:00 > tsx src/cli/orchestrator.ts run-once --limit 10
2026-06-12T00:53:52.8640997+09:00 
2026-06-12T00:53:56.1852778+09:00 {
2026-06-12T00:53:56.1872785+09:00   "ensure_daily": {
2026-06-12T00:53:56.1890752+09:00     "runs": [
2026-06-12T00:53:56.1920739+09:00       {
2026-06-12T00:53:56.1950746+09:00         "run_id": "r01",
2026-06-12T00:53:56.1960779+09:00         "action": "not_due",
2026-06-12T00:53:56.1960779+09:00         "taskId": "daily-20260612-r01",
2026-06-12T00:53:56.2013083+09:00         "reason": "jst_hour=0"
2026-06-12T00:53:56.2013083+09:00       },
2026-06-12T00:53:56.2223702+09:00       {
2026-06-12T00:53:56.2223702+09:00         "run_id": "r02",
2026-06-12T00:53:56.2256789+09:00         "action": "not_due",
2026-06-12T00:53:56.2290724+09:00         "taskId": "daily-20260612-r02",
2026-06-12T00:53:56.2308118+09:00         "reason": "jst_hour=0"
2026-06-12T00:53:56.2328187+09:00       },
2026-06-12T00:53:56.2352792+09:00       {
2026-06-12T00:53:56.2367199+09:00         "run_id": "r03",
2026-06-12T00:53:56.2380210+09:00         "action": "not_due",
2026-06-12T00:53:56.2400845+09:00         "taskId": "daily-20260612-r03",
2026-06-12T00:53:56.2410841+09:00         "reason": "jst_hour=0"
2026-06-12T00:53:56.2421163+09:00       }
2026-06-12T00:53:56.2440832+09:00     ]
2026-06-12T00:53:56.2451164+09:00   },
2026-06-12T00:53:56.2461178+09:00   "reconcile": {
2026-06-12T00:53:56.2461178+09:00     "resetProcessing": 0,
2026-06-12T00:53:56.2511682+09:00     "inserted": 2,
2026-06-12T00:53:56.2511682+09:00     "scanned": 7,
2026-06-12T00:53:56.2511682+09:00     "stale": {
2026-06-12T00:53:56.2511682+09:00       "scanned": 7,
2026-06-12T00:53:56.2559256+09:00       "staleDetected": 0,
2026-06-12T00:53:56.2579323+09:00       "rolledBack": 0,
2026-06-12T00:53:56.2624443+09:00       "skippedCap": 0,
2026-06-12T00:53:56.2641104+09:00       "dryRun": false,
2026-06-12T00:53:56.2661093+09:00       "actions": []
2026-06-12T00:53:56.2681103+09:00     }
2026-06-12T00:53:56.2701097+09:00   },
2026-06-12T00:53:56.2711098+09:00   "dispatch": {
2026-06-12T00:53:56.2711098+09:00     "claimed": 2,
2026-06-12T00:53:56.2711098+09:00     "done": 2,
2026-06-12T00:53:56.2762465+09:00     "failed": 0
2026-06-12T00:53:56.2762465+09:00   },
2026-06-12T00:53:56.2762465+09:00   "step4_poll": {
2026-06-12T00:53:56.2762465+09:00     "scanned": 7,
2026-06-12T00:53:56.2821613+09:00     "awaiting": 2,
2026-06-12T00:53:56.2832072+09:00     "polled": 0,
2026-06-12T00:53:56.2852057+09:00     "picks_applied": 0,
2026-06-12T00:53:56.2872056+09:00     "pick_errors": 0,
2026-06-12T00:53:56.2879470+09:00     "timeouts": 0,
2026-06-12T00:53:56.2900035+09:00     "skipped": 0,
2026-06-12T00:53:56.2910034+09:00     "results": [
2026-06-12T00:53:56.2930043+09:00       {
2026-06-12T00:53:56.2940044+09:00         "task_id": "daily-20260611-r02",
2026-06-12T00:53:56.2950042+09:00         "result": {
2026-06-12T00:53:56.2960045+09:00           "outcome": "no_new_messages"
2026-06-12T00:53:56.2960045+09:00         }
2026-06-12T00:53:56.2960045+09:00       },
2026-06-12T00:53:56.3011921+09:00       {
2026-06-12T00:53:56.3011921+09:00         "task_id": "daily-20260611-r03",
2026-06-12T00:53:56.3046495+09:00         "result": {
2026-06-12T00:53:56.3060559+09:00           "outcome": "no_new_messages"
2026-06-12T00:53:56.3070545+09:00         }
2026-06-12T00:53:56.3090548+09:00       }
2026-06-12T00:53:56.3100542+09:00     ]
2026-06-12T00:53:56.3120542+09:00   },
2026-06-12T00:53:56.3135913+09:00   "step7_retry_poll": {
2026-06-12T00:53:56.3155995+09:00     "scanned": 7,
2026-06-12T00:53:56.3165992+09:00     "eligible": 4,
2026-06-12T00:53:56.3185994+09:00     "polled": 0,
2026-06-12T00:53:56.3195989+09:00     "retries_triggered": 0,
2026-06-12T00:53:56.3213187+09:00     "retry_errors": 0,
2026-06-12T00:53:56.3213187+09:00     "skipped": 0,
2026-06-12T00:53:56.3213187+09:00     "results": []
2026-06-12T00:53:56.3256920+09:00   }
2026-06-12T00:53:56.3256920+09:00 }
2026-06-12T00:53:56.3301145+09:00 OK run-once finished
2026-06-12T00:58:51.3700547+09:00 START dispatch-run-once
2026-06-12T00:58:51.7683572+09:00 
2026-06-12T00:58:51.7703557+09:00 > orchestrator
2026-06-12T00:58:51.7723574+09:00 > tsx src/cli/orchestrator.ts run-once --limit 10
2026-06-12T00:58:51.7743577+09:00 
2026-06-12T00:58:55.0006066+09:00 {
2026-06-12T00:58:55.0112898+09:00   "ensure_daily": {
2026-06-12T00:58:55.0213784+09:00     "runs": [
2026-06-12T00:58:55.0266555+09:00       {
2026-06-12T00:58:55.0391436+09:00         "run_id": "r01",
2026-06-12T00:58:55.0457244+09:00         "action": "not_due",
2026-06-12T00:58:55.0525840+09:00         "taskId": "daily-20260612-r01",
2026-06-12T00:58:55.0576636+09:00         "reason": "jst_hour=0"
2026-06-12T00:58:55.0622587+09:00       },
2026-06-12T00:58:55.0852020+09:00       {
2026-06-12T00:58:55.0872112+09:00         "run_id": "r02",
2026-06-12T00:58:55.0892109+09:00         "action": "not_due",
2026-06-12T00:58:55.0918884+09:00         "taskId": "daily-20260612-r02",
2026-06-12T00:58:55.0949689+09:00         "reason": "jst_hour=0"
2026-06-12T00:58:55.0979710+09:00       },
2026-06-12T00:58:55.0999689+09:00       {
2026-06-12T00:58:55.1012130+09:00         "run_id": "r03",
2026-06-12T00:58:55.1012130+09:00         "action": "not_due",
2026-06-12T00:58:55.1053727+09:00         "taskId": "daily-20260612-r03",
2026-06-12T00:58:55.1053727+09:00         "reason": "jst_hour=0"
2026-06-12T00:58:55.1090207+09:00       }
2026-06-12T00:58:55.1110631+09:00     ]
2026-06-12T00:58:55.1116474+09:00   },
2026-06-12T00:58:55.1136541+09:00   "reconcile": {
2026-06-12T00:58:55.1146535+09:00     "resetProcessing": 0,
2026-06-12T00:58:55.1170281+09:00     "inserted": 2,
2026-06-12T00:58:55.1200297+09:00     "scanned": 7,
2026-06-12T00:58:55.1220294+09:00     "stale": {
2026-06-12T00:58:55.1230289+09:00       "scanned": 7,
2026-06-12T00:58:55.1250300+09:00       "staleDetected": 0,
2026-06-12T00:58:55.1250300+09:00       "rolledBack": 0,
2026-06-12T00:58:55.1250300+09:00       "skippedCap": 0,
2026-06-12T00:58:55.1301557+09:00       "dryRun": false,
2026-06-12T00:58:55.1301557+09:00       "actions": []
2026-06-12T00:58:55.1339430+09:00     }
2026-06-12T00:58:55.1359829+09:00   },
2026-06-12T00:58:55.1364807+09:00   "dispatch": {
2026-06-12T00:58:55.1385205+09:00     "claimed": 2,
2026-06-12T00:58:55.1394878+09:00     "done": 2,
2026-06-12T00:58:55.1415237+09:00     "failed": 0
2026-06-12T00:58:55.1429261+09:00   },
2026-06-12T00:58:55.1438909+09:00   "step4_poll": {
2026-06-12T00:58:55.1458904+09:00     "scanned": 7,
2026-06-12T00:58:55.1478912+09:00     "awaiting": 2,
2026-06-12T00:58:55.1488907+09:00     "polled": 0,
2026-06-12T00:58:55.1498900+09:00     "picks_applied": 0,
2026-06-12T00:58:55.1498900+09:00     "pick_errors": 0,
2026-06-12T00:58:55.1498900+09:00     "timeouts": 0,
2026-06-12T00:58:55.1550996+09:00     "skipped": 0,
2026-06-12T00:58:55.1550996+09:00     "results": [
2026-06-12T00:58:55.1550996+09:00       {
2026-06-12T00:58:55.1550996+09:00         "task_id": "daily-20260611-r02",
2026-06-12T00:58:55.1606827+09:00         "result": {
2026-06-12T00:58:55.1621626+09:00           "outcome": "no_new_messages"
2026-06-12T00:58:55.1631620+09:00         }
2026-06-12T00:58:55.1651616+09:00       },
2026-06-12T00:58:55.1668304+09:00       {
2026-06-12T00:58:55.1678910+09:00         "task_id": "daily-20260611-r03",
2026-06-12T00:58:55.1688914+09:00         "result": {
2026-06-12T00:58:55.1708914+09:00           "outcome": "no_new_messages"
2026-06-12T00:58:55.1718922+09:00         }
2026-06-12T00:58:55.1728912+09:00       }
2026-06-12T00:58:55.1748919+09:00     ]
2026-06-12T00:58:55.1748919+09:00   },
2026-06-12T00:58:55.1748919+09:00   "step7_retry_poll": {
2026-06-12T00:58:55.1803783+09:00     "scanned": 7,
2026-06-12T00:58:55.1803783+09:00     "eligible": 4,
2026-06-12T00:58:55.1803783+09:00     "polled": 0,
2026-06-12T00:58:55.1803783+09:00     "retries_triggered": 0,
2026-06-12T00:58:55.1863224+09:00     "retry_errors": 0,
2026-06-12T00:58:55.1890018+09:00     "skipped": 0,
2026-06-12T00:58:55.1899983+09:00     "results": []
2026-06-12T00:58:55.1918056+09:00   }
2026-06-12T00:58:55.1928628+09:00 }
2026-06-12T00:58:55.1948632+09:00 OK run-once finished
2026-06-12T01:03:52.4621586+09:00 START dispatch-run-once
2026-06-12T01:03:52.8506573+09:00 
2026-06-12T01:03:52.8536558+09:00 > orchestrator
2026-06-12T01:03:52.8551618+09:00 > tsx src/cli/orchestrator.ts run-once --limit 10
2026-06-12T01:03:52.8571618+09:00 
2026-06-12T01:03:56.2122590+09:00 {
2026-06-12T01:03:56.2122590+09:00   "ensure_daily": {
2026-06-12T01:03:56.2173138+09:00     "runs": [
2026-06-12T01:03:56.2193211+09:00       {
2026-06-12T01:03:56.2213272+09:00         "run_id": "r01",
2026-06-12T01:03:56.2223320+09:00         "action": "not_due",
2026-06-12T01:03:56.2268163+09:00         "taskId": "daily-20260612-r01",
2026-06-12T01:03:56.2288172+09:00         "reason": "jst_hour=1"
2026-06-12T01:03:56.2300897+09:00       },
2026-06-12T01:03:56.2533511+09:00       {
2026-06-12T01:03:56.2562371+09:00         "run_id": "r02",
2026-06-12T01:03:56.2592535+09:00         "action": "not_due",
2026-06-12T01:03:56.2612367+09:00         "taskId": "daily-20260612-r02",
2026-06-12T01:03:56.2622348+09:00         "reason": "jst_hour=1"
2026-06-12T01:03:56.2622348+09:00       },
2026-06-12T01:03:56.2673213+09:00       {
2026-06-12T01:03:56.2707335+09:00         "run_id": "r03",
2026-06-12T01:03:56.2731798+09:00         "action": "not_due",
2026-06-12T01:03:56.2751791+09:00         "taskId": "daily-20260612-r03",
2026-06-12T01:03:56.2771797+09:00         "reason": "jst_hour=1"
2026-06-12T01:03:56.2801419+09:00       }
2026-06-12T01:03:56.2821414+09:00     ]
2026-06-12T01:03:56.2841443+09:00   },
2026-06-12T01:03:56.2861400+09:00   "reconcile": {
2026-06-12T01:03:56.2871391+09:00     "resetProcessing": 0,
2026-06-12T01:03:56.2871391+09:00     "inserted": 2,
2026-06-12T01:03:56.2871391+09:00     "scanned": 7,
2026-06-12T01:03:56.2925376+09:00     "stale": {
2026-06-12T01:03:56.2966153+09:00       "scanned": 7,
2026-06-12T01:03:56.2986767+09:00       "staleDetected": 0,
2026-06-12T01:03:56.3006744+09:00       "rolledBack": 0,
2026-06-12T01:03:56.3036753+09:00       "skippedCap": 0,
2026-06-12T01:03:56.3051195+09:00       "dryRun": false,
2026-06-12T01:03:56.3072738+09:00       "actions": []
2026-06-12T01:03:56.3102729+09:00     }
2026-06-12T01:03:56.3122760+09:00   },
2026-06-12T01:03:56.3122760+09:00   "dispatch": {
2026-06-12T01:03:56.3122760+09:00     "claimed": 2,
2026-06-12T01:03:56.3174965+09:00     "done": 2,
2026-06-12T01:03:56.3174965+09:00     "failed": 0
2026-06-12T01:03:56.3174965+09:00   },
2026-06-12T01:03:56.3174965+09:00   "step4_poll": {
2026-06-12T01:03:56.3249604+09:00     "scanned": 7,
2026-06-12T01:03:56.3269610+09:00     "awaiting": 2,
2026-06-12T01:03:56.3289595+09:00     "polled": 0,
2026-06-12T01:03:56.3310540+09:00     "picks_applied": 0,
2026-06-12T01:03:56.3330548+09:00     "pick_errors": 0,
2026-06-12T01:03:56.3340549+09:00     "timeouts": 0,
2026-06-12T01:03:56.3360539+09:00     "skipped": 0,
2026-06-12T01:03:56.3373606+09:00     "results": [
2026-06-12T01:03:56.3373606+09:00       {
2026-06-12T01:03:56.3373606+09:00         "task_id": "daily-20260611-r02",
2026-06-12T01:03:56.3421981+09:00         "result": {
2026-06-12T01:03:56.3421981+09:00           "outcome": "no_new_messages"
2026-06-12T01:03:56.3421981+09:00         }
2026-06-12T01:03:56.3475937+09:00       },
2026-06-12T01:03:56.3475937+09:00       {
2026-06-12T01:03:56.3475937+09:00         "task_id": "daily-20260611-r03",
2026-06-12T01:03:56.3475937+09:00         "result": {
2026-06-12T01:03:56.3547165+09:00           "outcome": "no_new_messages"
2026-06-12T01:03:56.3567237+09:00         }
2026-06-12T01:03:56.3587229+09:00       }
2026-06-12T01:03:56.3597229+09:00     ]
2026-06-12T01:03:56.3617230+09:00   },
2026-06-12T01:03:56.3627212+09:00   "step7_retry_poll": {
2026-06-12T01:03:56.3649145+09:00     "scanned": 7,
2026-06-12T01:03:56.3659141+09:00     "eligible": 4,
2026-06-12T01:03:56.3679136+09:00     "polled": 0,
2026-06-12T01:03:56.3706946+09:00     "retries_triggered": 0,
2026-06-12T01:03:56.3717280+09:00     "retry_errors": 0,
2026-06-12T01:03:56.3727269+09:00     "skipped": 0,
2026-06-12T01:03:56.3727269+09:00     "results": []
2026-06-12T01:03:56.3727269+09:00   }
2026-06-12T01:03:56.3778242+09:00 }
2026-06-12T01:03:56.3778242+09:00 OK run-once finished
2026-06-12T01:08:51.4663918+09:00 START dispatch-run-once
2026-06-12T01:08:51.8594975+09:00 
2026-06-12T01:08:51.8624982+09:00 > orchestrator
2026-06-12T01:08:51.8645000+09:00 > tsx src/cli/orchestrator.ts run-once --limit 10
2026-06-12T01:08:51.8662498+09:00 
2026-06-12T01:08:55.2333220+09:00 {
2026-06-12T01:08:55.2437286+09:00   "ensure_daily": {
2026-06-12T01:08:55.2576717+09:00     "runs": [
2026-06-12T01:08:55.2668403+09:00       {
2026-06-12T01:08:55.2766747+09:00         "run_id": "r01",
2026-06-12T01:08:55.2819277+09:00         "action": "not_due",
2026-06-12T01:08:55.2870971+09:00         "taskId": "daily-20260612-r01",
2026-06-12T01:08:55.2891037+09:00         "reason": "jst_hour=1"
2026-06-12T01:08:55.2916234+09:00       },
2026-06-12T01:08:55.3129885+09:00       {
2026-06-12T01:08:55.3129885+09:00         "run_id": "r02",
2026-06-12T01:08:55.3178142+09:00         "action": "not_due",
2026-06-12T01:08:55.3198112+09:00         "taskId": "daily-20260612-r02",
2026-06-12T01:08:55.3218127+09:00         "reason": "jst_hour=1"
2026-06-12T01:08:55.3238097+09:00       },
2026-06-12T01:08:55.3265960+09:00       {
2026-06-12T01:08:55.3276345+09:00         "run_id": "r03",
2026-06-12T01:08:55.3296649+09:00         "action": "not_due",
2026-06-12T01:08:55.3306332+09:00         "taskId": "daily-20260612-r03",
2026-06-12T01:08:55.3326373+09:00         "reason": "jst_hour=1"
2026-06-12T01:08:55.3339595+09:00       }
2026-06-12T01:08:55.3349608+09:00     ]
2026-06-12T01:08:55.3369593+09:00   },
2026-06-12T01:08:55.3379604+09:00   "reconcile": {
2026-06-12T01:08:55.3399606+09:00     "resetProcessing": 0,
2026-06-12T01:08:55.3409619+09:00     "inserted": 2,
2026-06-12T01:08:55.3409619+09:00     "scanned": 7,
2026-06-12T01:08:55.3409619+09:00     "stale": {
2026-06-12T01:08:55.3463429+09:00       "scanned": 7,
2026-06-12T01:08:55.3463429+09:00       "staleDetected": 0,
2026-06-12T01:08:55.3500280+09:00       "rolledBack": 0,
2026-06-12T01:08:55.3521363+09:00       "skippedCap": 0,
2026-06-12T01:08:55.3541358+09:00       "dryRun": false,
2026-06-12T01:08:55.3551359+09:00       "actions": []
2026-06-12T01:08:55.3571370+09:00     }
2026-06-12T01:08:55.3589142+09:00   },
2026-06-12T01:08:55.3599131+09:00   "dispatch": {
2026-06-12T01:08:55.3619139+09:00     "claimed": 2,
2026-06-12T01:08:55.3629143+09:00     "done": 2,
2026-06-12T01:08:55.3639142+09:00     "failed": 0
2026-06-12T01:08:55.3662430+09:00   },
2026-06-12T01:08:55.3662430+09:00   "step4_poll": {
2026-06-12T01:08:55.3662430+09:00     "scanned": 7,
2026-06-12T01:08:55.3710600+09:00     "awaiting": 2,
2026-06-12T01:08:55.3710600+09:00     "polled": 0,
2026-06-12T01:08:55.3710600+09:00     "picks_applied": 0,
2026-06-12T01:08:55.3755334+09:00     "pick_errors": 0,
2026-06-12T01:08:55.3765344+09:00     "timeouts": 0,
2026-06-12T01:08:55.3785328+09:00     "skipped": 0,
2026-06-12T01:08:55.3795318+09:00     "results": [
2026-06-12T01:08:55.3805325+09:00       {
2026-06-12T01:08:55.3829015+09:00         "task_id": "daily-20260611-r02",
2026-06-12T01:08:55.3829015+09:00         "result": {
2026-06-12T01:08:55.3876143+09:00           "outcome": "no_new_messages"
2026-06-12T01:08:55.3876143+09:00         }
2026-06-12T01:08:55.3876143+09:00       },
2026-06-12T01:08:55.3876143+09:00       {
2026-06-12T01:08:55.3927021+09:00         "task_id": "daily-20260611-r03",
2026-06-12T01:08:55.3927021+09:00         "result": {
2026-06-12T01:08:55.3927021+09:00           "outcome": "no_new_messages"
2026-06-12T01:08:55.3977544+09:00         }
2026-06-12T01:08:55.3995266+09:00       }
2026-06-12T01:08:55.4005874+09:00     ]
2026-06-12T01:08:55.4025836+09:00   },
2026-06-12T01:08:55.4035851+09:00   "step7_retry_poll": {
2026-06-12T01:08:55.4055862+09:00     "scanned": 7,
2026-06-12T01:08:55.4065844+09:00     "eligible": 4,
2026-06-12T01:08:55.4078990+09:00     "polled": 0,
2026-06-12T01:08:55.4094062+09:00     "retries_triggered": 0,
2026-06-12T01:08:55.4094062+09:00     "retry_errors": 0,
2026-06-12T01:08:55.4128777+09:00     "skipped": 0,
2026-06-12T01:08:55.4128777+09:00     "results": []
2026-06-12T01:08:55.4128777+09:00   }
2026-06-12T01:08:55.4128777+09:00 }
2026-06-12T01:08:55.4180344+09:00 OK run-once finished
2026-06-12T01:13:51.5295024+09:00 START dispatch-run-once
2026-06-12T01:13:51.9252209+09:00 
2026-06-12T01:13:51.9272214+09:00 > orchestrator
2026-06-12T01:13:51.9282209+09:00 > tsx src/cli/orchestrator.ts run-once --limit 10
2026-06-12T01:13:51.9282209+09:00 
2026-06-12T01:13:55.3172434+09:00 {
2026-06-12T01:13:55.3192551+09:00   "ensure_daily": {
2026-06-12T01:13:55.3200643+09:00     "runs": [
2026-06-12T01:13:55.3200643+09:00       {
2026-06-12T01:13:55.3247413+09:00         "run_id": "r01",
2026-06-12T01:13:55.3247413+09:00         "action": "not_due",
2026-06-12T01:13:55.3299164+09:00         "taskId": "daily-20260612-r01",
2026-06-12T01:13:55.3309150+09:00         "reason": "jst_hour=1"
2026-06-12T01:13:55.3329150+09:00       },
2026-06-12T01:13:55.3501818+09:00       {
2026-06-12T01:13:55.3550701+09:00         "run_id": "r02",
2026-06-12T01:13:55.3565791+09:00         "action": "not_due",
2026-06-12T01:13:55.3585877+09:00         "taskId": "daily-20260612-r02",
2026-06-12T01:13:55.3605873+09:00         "reason": "jst_hour=1"
2026-06-12T01:13:55.3628378+09:00       },
2026-06-12T01:13:55.3658366+09:00       {
2026-06-12T01:13:55.3688362+09:00         "run_id": "r03",
2026-06-12T01:13:55.3698388+09:00         "action": "not_due",
2026-06-12T01:13:55.3698388+09:00         "taskId": "daily-20260612-r03",
2026-06-12T01:13:55.3752449+09:00         "reason": "jst_hour=1"
2026-06-12T01:13:55.3752449+09:00       }
2026-06-12T01:13:55.3809943+09:00     ]
2026-06-12T01:13:55.3837577+09:00   },
2026-06-12T01:13:55.3867522+09:00   "reconcile": {
2026-06-12T01:13:55.3889995+09:00     "resetProcessing": 0,
2026-06-12T01:13:55.3919984+09:00     "inserted": 2,
2026-06-12T01:13:55.3929961+09:00     "scanned": 7,
2026-06-12T01:13:55.3949961+09:00     "stale": {
2026-06-12T01:13:55.3970928+09:00       "scanned": 7,
2026-06-12T01:13:55.4001090+09:00       "staleDetected": 0,
2026-06-12T01:13:55.4021161+09:00       "rolledBack": 0,
2026-06-12T01:13:55.4021161+09:00       "skippedCap": 0,
2026-06-12T01:13:55.4051590+09:00       "dryRun": false,
2026-06-12T01:13:55.4051590+09:00       "actions": []
2026-06-12T01:13:55.4114373+09:00     }
2026-06-12T01:13:55.4134890+09:00   },
2026-06-12T01:13:55.4144875+09:00   "dispatch": {
2026-06-12T01:13:55.4164881+09:00     "claimed": 2,
2026-06-12T01:13:55.4184886+09:00     "done": 2,
2026-06-12T01:13:55.4194880+09:00     "failed": 0
2026-06-12T01:13:55.4214873+09:00   },
2026-06-12T01:13:55.4236940+09:00   "step4_poll": {
2026-06-12T01:13:55.4246934+09:00     "scanned": 7,
2026-06-12T01:13:55.4276941+09:00     "awaiting": 2,
2026-06-12T01:13:55.4294222+09:00     "polled": 0,
2026-06-12T01:13:55.4304208+09:00     "picks_applied": 0,
2026-06-12T01:13:55.4304208+09:00     "pick_errors": 0,
2026-06-12T01:13:55.4304208+09:00     "timeouts": 0,
2026-06-12T01:13:55.4355832+09:00     "skipped": 0,
2026-06-12T01:13:55.4355832+09:00     "results": [
2026-06-12T01:13:55.4355832+09:00       {
2026-06-12T01:13:55.4355832+09:00         "task_id": "daily-20260611-r02",
2026-06-12T01:13:55.4431443+09:00         "result": {
2026-06-12T01:13:55.4461757+09:00           "outcome": "no_new_messages"
2026-06-12T01:13:55.4471758+09:00         }
2026-06-12T01:13:55.4491742+09:00       },
2026-06-12T01:13:55.4511747+09:00       {
2026-06-12T01:13:55.4521747+09:00         "task_id": "daily-20260611-r03",
2026-06-12T01:13:55.4531757+09:00         "result": {
2026-06-12T01:13:55.4568199+09:00           "outcome": "no_new_messages"
2026-06-12T01:13:55.4585676+09:00         }
2026-06-12T01:13:55.4585676+09:00       }
2026-06-12T01:13:55.4617644+09:00     ]
2026-06-12T01:13:55.4629390+09:00   },
2026-06-12T01:13:55.4651063+09:00   "step7_retry_poll": {
2026-06-12T01:13:55.4671696+09:00     "scanned": 7,
2026-06-12T01:13:55.4691669+09:00     "eligible": 4,
2026-06-12T01:13:55.4711356+09:00     "polled": 0,
2026-06-12T01:13:55.4731367+09:00     "retries_triggered": 0,
2026-06-12T01:13:55.4741368+09:00     "retry_errors": 0,
2026-06-12T01:13:55.4761384+09:00     "skipped": 0,
2026-06-12T01:13:55.4771383+09:00     "results": []
2026-06-12T01:13:55.4781359+09:00   }
2026-06-12T01:13:55.4781359+09:00 }
2026-06-12T01:13:55.4834613+09:00 OK run-once finished
2026-06-12T01:18:52.2833499+09:00 START dispatch-run-once
2026-06-12T01:18:52.6820102+09:00 
2026-06-12T01:18:52.6820102+09:00 > orchestrator
2026-06-12T01:18:52.6871766+09:00 > tsx src/cli/orchestrator.ts run-once --limit 10
2026-06-12T01:18:52.6891855+09:00 
2026-06-12T01:18:56.0492281+09:00 {
2026-06-12T01:18:56.0593061+09:00   "ensure_daily": {
2026-06-12T01:18:56.0697711+09:00     "runs": [
2026-06-12T01:18:56.0743280+09:00       {
2026-06-12T01:18:56.0843183+09:00         "run_id": "r01",
2026-06-12T01:18:56.0884372+09:00         "action": "not_due",
2026-06-12T01:18:56.0916663+09:00         "taskId": "daily-20260612-r01",
2026-06-12T01:18:56.0936949+09:00         "reason": "jst_hour=1"
2026-06-12T01:18:56.0956851+09:00       },
2026-06-12T01:18:56.1175669+09:00       {
2026-06-12T01:18:56.1211591+09:00         "run_id": "r02",
2026-06-12T01:18:56.1231577+09:00         "action": "not_due",
2026-06-12T01:18:56.1259774+09:00         "taskId": "daily-20260612-r02",
2026-06-12T01:18:56.1279768+09:00         "reason": "jst_hour=1"
2026-06-12T01:18:56.1300001+09:00       },
2026-06-12T01:18:56.1319759+09:00       {
2026-06-12T01:18:56.1319759+09:00         "run_id": "r03",
2026-06-12T01:18:56.1372903+09:00         "action": "not_due",
2026-06-12T01:18:56.1372903+09:00         "taskId": "daily-20260612-r03",
2026-06-12T01:18:56.1372903+09:00         "reason": "jst_hour=1"
2026-06-12T01:18:56.1423368+09:00       }
2026-06-12T01:18:56.1423368+09:00     ]
2026-06-12T01:18:56.1423368+09:00   },
2026-06-12T01:18:56.1484547+09:00   "reconcile": {
2026-06-12T01:18:56.1505135+09:00     "resetProcessing": 0,
2026-06-12T01:18:56.1525203+09:00     "inserted": 2,
2026-06-12T01:18:56.1545198+09:00     "scanned": 7,
2026-06-12T01:18:56.1565187+09:00     "stale": {
2026-06-12T01:18:56.1585219+09:00       "scanned": 7,
2026-06-12T01:18:56.1597668+09:00       "staleDetected": 0,
2026-06-12T01:18:56.1617678+09:00       "rolledBack": 0,
2026-06-12T01:18:56.1647638+09:00       "skippedCap": 0,
2026-06-12T01:18:56.1671578+09:00       "dryRun": false,
2026-06-12T01:18:56.1681700+09:00       "actions": []
2026-06-12T01:18:56.1681700+09:00     }
2026-06-12T01:18:56.1681700+09:00   },
2026-06-12T01:18:56.1735822+09:00   "dispatch": {
2026-06-12T01:18:56.1735822+09:00     "claimed": 2,
2026-06-12T01:18:56.1735822+09:00     "done": 2,
2026-06-12T01:18:56.1799137+09:00     "failed": 0
2026-06-12T01:18:56.1833034+09:00   },
2026-06-12T01:18:56.1853027+09:00   "step4_poll": {
2026-06-12T01:18:56.1873023+09:00     "scanned": 7,
2026-06-12T01:18:56.1883016+09:00     "awaiting": 2,
2026-06-12T01:18:56.1903027+09:00     "polled": 0,
2026-06-12T01:18:56.1903027+09:00     "picks_applied": 0,
2026-06-12T01:18:56.1903027+09:00     "pick_errors": 0,
2026-06-12T01:18:56.1955013+09:00     "timeouts": 0,
2026-06-12T01:18:56.1955013+09:00     "skipped": 0,
2026-06-12T01:18:56.1955013+09:00     "results": [
2026-06-12T01:18:56.1955013+09:00       {
2026-06-12T01:18:56.2028781+09:00         "task_id": "daily-20260611-r02",
2026-06-12T01:18:56.2038779+09:00         "result": {
2026-06-12T01:18:56.2058783+09:00           "outcome": "no_new_messages"
2026-06-12T01:18:56.2072369+09:00         }
2026-06-12T01:18:56.2093055+09:00       },
2026-06-12T01:18:56.2103065+09:00       {
2026-06-12T01:18:56.2123080+09:00         "task_id": "daily-20260611-r03",
2026-06-12T01:18:56.2133076+09:00         "result": {
2026-06-12T01:18:56.2153069+09:00           "outcome": "no_new_messages"
2026-06-12T01:18:56.2153069+09:00         }
2026-06-12T01:18:56.2153069+09:00       }
2026-06-12T01:18:56.2207691+09:00     ]
2026-06-12T01:18:56.2207691+09:00   },
2026-06-12T01:18:56.2207691+09:00   "step7_retry_poll": {
2026-06-12T01:18:56.2207691+09:00     "scanned": 7,
2026-06-12T01:18:56.2259238+09:00     "eligible": 4,
2026-06-12T01:18:56.2259238+09:00     "polled": 0,
2026-06-12T01:18:56.2259238+09:00     "retries_triggered": 0,
2026-06-12T01:18:56.2322987+09:00     "retry_errors": 0,
2026-06-12T01:18:56.2346117+09:00     "skipped": 0,
2026-06-12T01:18:56.2366803+09:00     "results": []
2026-06-12T01:18:56.2386801+09:00   }
2026-06-12T01:18:56.2405461+09:00 }
2026-06-12T01:18:56.2426354+09:00 OK run-once finished
2026-06-12T01:23:52.8529207+09:00 START dispatch-run-once
2026-06-12T01:23:53.3573296+09:00 
2026-06-12T01:23:53.3600364+09:00 > orchestrator
2026-06-12T01:23:53.3610373+09:00 > tsx src/cli/orchestrator.ts run-once --limit 10
2026-06-12T01:23:53.3632013+09:00 
2026-06-12T01:23:56.7282286+09:00 {
2026-06-12T01:23:56.7327233+09:00   "ensure_daily": {
2026-06-12T01:23:56.7327233+09:00     "runs": [
2026-06-12T01:23:56.7381323+09:00       {
2026-06-12T01:23:56.7406798+09:00         "run_id": "r01",
2026-06-12T01:23:56.7422961+09:00         "action": "not_due",
2026-06-12T01:23:56.7442947+09:00         "taskId": "daily-20260612-r01",
2026-06-12T01:23:56.7465216+09:00         "reason": "jst_hour=1"
2026-06-12T01:23:56.7485215+09:00       },
2026-06-12T01:23:56.7627044+09:00       {
2026-06-12T01:23:56.7702873+09:00         "run_id": "r02",
2026-06-12T01:23:56.7722873+09:00         "action": "not_due",
2026-06-12T01:23:56.7752889+09:00         "taskId": "daily-20260612-r02",
2026-06-12T01:23:56.7772883+09:00         "reason": "jst_hour=1"
2026-06-12T01:23:56.7792861+09:00       },
2026-06-12T01:23:56.7815523+09:00       {
2026-06-12T01:23:56.7835523+09:00         "run_id": "r03",
2026-06-12T01:23:56.7861052+09:00         "action": "not_due",
2026-06-12T01:23:56.7871300+09:00         "taskId": "daily-20260612-r03",
2026-06-12T01:23:56.7881334+09:00         "reason": "jst_hour=1"
2026-06-12T01:23:56.7897588+09:00       }
2026-06-12T01:23:56.7897588+09:00     ]
2026-06-12T01:23:56.7931756+09:00   },
2026-06-12T01:23:56.7931756+09:00   "reconcile": {
2026-06-12T01:23:56.7931756+09:00     "resetProcessing": 0,
2026-06-12T01:23:56.7931756+09:00     "inserted": 2,
2026-06-12T01:23:56.7990417+09:00     "scanned": 7,
2026-06-12T01:23:56.8011000+09:00     "stale": {
2026-06-12T01:23:56.8027099+09:00       "scanned": 7,
2026-06-12T01:23:56.8047803+09:00       "staleDetected": 0,
2026-06-12T01:23:56.8057789+09:00       "rolledBack": 0,
2026-06-12T01:23:56.8077766+09:00       "skippedCap": 0,
2026-06-12T01:23:56.8087773+09:00       "dryRun": false,
2026-06-12T01:23:56.8107780+09:00       "actions": []
2026-06-12T01:23:56.8107780+09:00     }
2026-06-12T01:23:56.8140630+09:00   },
2026-06-12T01:23:56.8158114+09:00   "dispatch": {
2026-06-12T01:23:56.8158114+09:00     "claimed": 2,
2026-06-12T01:23:56.8158114+09:00     "done": 2,
2026-06-12T01:23:56.8158114+09:00     "failed": 0
2026-06-12T01:23:56.8209687+09:00   },
2026-06-12T01:23:56.8209687+09:00   "step4_poll": {
2026-06-12T01:23:56.8209687+09:00     "scanned": 7,
2026-06-12T01:23:56.8271532+09:00     "awaiting": 2,
2026-06-12T01:23:56.8287416+09:00     "polled": 0,
2026-06-12T01:23:56.8297410+09:00     "picks_applied": 0,
2026-06-12T01:23:56.8317809+09:00     "pick_errors": 0,
2026-06-12T01:23:56.8327476+09:00     "timeouts": 0,
2026-06-12T01:23:56.8347804+09:00     "skipped": 0,
2026-06-12T01:23:56.8360795+09:00     "results": [
2026-06-12T01:23:56.8360795+09:00       {
2026-06-12T01:23:56.8360795+09:00         "task_id": "daily-20260611-r02",
2026-06-12T01:23:56.8360795+09:00         "result": {
2026-06-12T01:23:56.8408185+09:00           "outcome": "no_new_messages"
2026-06-12T01:23:56.8408185+09:00         }
2026-06-12T01:23:56.8455218+09:00       },
2026-06-12T01:23:56.8455218+09:00       {
2026-06-12T01:23:56.8455218+09:00         "task_id": "daily-20260611-r03",
2026-06-12T01:23:56.8507007+09:00         "result": {
2026-06-12T01:23:56.8507007+09:00           "outcome": "no_new_messages"
2026-06-12T01:23:56.8507007+09:00         }
2026-06-12T01:23:56.8507007+09:00       }
2026-06-12T01:23:56.8568142+09:00     ]
2026-06-12T01:23:56.8579043+09:00   },
2026-06-12T01:23:56.8599017+09:00   "step7_retry_poll": {
2026-06-12T01:23:56.8608826+09:00     "scanned": 7,
2026-06-12T01:23:56.8621097+09:00     "eligible": 4,
2026-06-12T01:23:56.8640993+09:00     "polled": 0,
2026-06-12T01:23:56.8651015+09:00     "retries_triggered": 0,
2026-06-12T01:23:56.8671363+09:00     "retry_errors": 0,
2026-06-12T01:23:56.8680995+09:00     "skipped": 0,
2026-06-12T01:23:56.8691394+09:00     "results": []
2026-06-12T01:23:56.8691394+09:00   }
2026-06-12T01:23:56.8691394+09:00 }
2026-06-12T01:23:56.8745446+09:00 OK run-once finished
2026-06-12T01:28:51.3263893+09:00 START dispatch-run-once
2026-06-12T01:28:51.7182473+09:00 
2026-06-12T01:28:51.7202458+09:00 > orchestrator
2026-06-12T01:28:51.7222736+09:00 > tsx src/cli/orchestrator.ts run-once --limit 10
2026-06-12T01:28:51.7243608+09:00 
2026-06-12T01:28:55.0941831+09:00 {
2026-06-12T01:28:55.1071207+09:00   "ensure_daily": {
2026-06-12T01:28:55.1183206+09:00     "runs": [
2026-06-12T01:28:55.1271857+09:00       {
2026-06-12T01:28:55.1319447+09:00         "run_id": "r01",
2026-06-12T01:28:55.1411160+09:00         "action": "not_due",
2026-06-12T01:28:55.1462308+09:00         "taskId": "daily-20260612-r01",
2026-06-12T01:28:55.1505279+09:00         "reason": "jst_hour=1"
2026-06-12T01:28:55.1560506+09:00       },
2026-06-12T01:28:55.1814030+09:00       {
2026-06-12T01:28:55.1814030+09:00         "run_id": "r02",
2026-06-12T01:28:55.1868262+09:00         "action": "not_due",
2026-06-12T01:28:55.1868262+09:00         "taskId": "daily-20260612-r02",
2026-06-12T01:28:55.1899127+09:00         "reason": "jst_hour=1"
2026-06-12T01:28:55.1919209+09:00       },
2026-06-12T01:28:55.1919209+09:00       {
2026-06-12T01:28:55.1978406+09:00         "run_id": "r03",
2026-06-12T01:28:55.1995325+09:00         "action": "not_due",
2026-06-12T01:28:55.2015665+09:00         "taskId": "daily-20260612-r03",
2026-06-12T01:28:55.2025332+09:00         "reason": "jst_hour=1"
2026-06-12T01:28:55.2035434+09:00       }
2026-06-12T01:28:55.2055332+09:00     ]
2026-06-12T01:28:55.2065333+09:00   },
2026-06-12T01:28:55.2076611+09:00   "reconcile": {
2026-06-12T01:28:55.2076611+09:00     "resetProcessing": 0,
2026-06-12T01:28:55.2076611+09:00     "inserted": 2,
2026-06-12T01:28:55.2128365+09:00     "scanned": 7,
2026-06-12T01:28:55.2128365+09:00     "stale": {
2026-06-12T01:28:55.2128365+09:00       "scanned": 7,
2026-06-12T01:28:55.2178815+09:00       "staleDetected": 0,
2026-06-12T01:28:55.2178815+09:00       "rolledBack": 0,
2026-06-12T01:28:55.2178815+09:00       "skippedCap": 0,
2026-06-12T01:28:55.2230162+09:00       "dryRun": false,
2026-06-12T01:28:55.2230162+09:00       "actions": []
2026-06-12T01:28:55.2230162+09:00     }
2026-06-12T01:28:55.2230162+09:00   },
2026-06-12T01:28:55.2303556+09:00   "dispatch": {
2026-06-12T01:28:55.2313539+09:00     "claimed": 2,
2026-06-12T01:28:55.2326287+09:00     "done": 2,
2026-06-12T01:28:55.2346281+09:00     "failed": 0
2026-06-12T01:28:55.2356277+09:00   },
2026-06-12T01:28:55.2376297+09:00   "step4_poll": {
2026-06-12T01:28:55.2386290+09:00     "scanned": 7,
2026-06-12T01:28:55.2399537+09:00     "awaiting": 2,
2026-06-12T01:28:55.2399537+09:00     "polled": 0,
2026-06-12T01:28:55.2447240+09:00     "picks_applied": 0,
2026-06-12T01:28:55.2447240+09:00     "pick_errors": 0,
2026-06-12T01:28:55.2447240+09:00     "timeouts": 0,
2026-06-12T01:28:55.2447240+09:00     "skipped": 0,
2026-06-12T01:28:55.2498555+09:00     "results": [
2026-06-12T01:28:55.2498555+09:00       {
2026-06-12T01:28:55.2498555+09:00         "task_id": "daily-20260611-r02",
2026-06-12T01:28:55.2498555+09:00         "result": {
2026-06-12T01:28:55.2560909+09:00           "outcome": "no_new_messages"
2026-06-12T01:28:55.2581472+09:00         }
2026-06-12T01:28:55.2591445+09:00       },
2026-06-12T01:28:55.2611479+09:00       {
2026-06-12T01:28:55.2621465+09:00         "task_id": "daily-20260611-r03",
2026-06-12T01:28:55.2631457+09:00         "result": {
2026-06-12T01:28:55.2651461+09:00           "outcome": "no_new_messages"
2026-06-12T01:28:55.2661452+09:00         }
2026-06-12T01:28:55.2683550+09:00       }
2026-06-12T01:28:55.2693538+09:00     ]
2026-06-12T01:28:55.2713552+09:00   },
2026-06-12T01:28:55.2723538+09:00   "step7_retry_poll": {
2026-06-12T01:28:55.2742901+09:00     "scanned": 7,
2026-06-12T01:28:55.2752901+09:00     "eligible": 4,
2026-06-12T01:28:55.2752901+09:00     "polled": 0,
2026-06-12T01:28:55.2752901+09:00     "retries_triggered": 0,
2026-06-12T01:28:55.2752901+09:00     "retry_errors": 0,
2026-06-12T01:28:55.2803767+09:00     "skipped": 0,
2026-06-12T01:28:55.2803767+09:00     "results": []
2026-06-12T01:28:55.2803767+09:00   }
2026-06-12T01:28:55.2866352+09:00 }
2026-06-12T01:28:55.2887008+09:00 OK run-once finished
2026-06-12T01:33:51.2198627+09:00 START dispatch-run-once
2026-06-12T01:33:51.6152944+09:00 
2026-06-12T01:33:51.6199660+09:00 > orchestrator
2026-06-12T01:33:51.6199660+09:00 > tsx src/cli/orchestrator.ts run-once --limit 10
2026-06-12T01:33:51.6250448+09:00 
2026-06-12T01:33:55.1108867+09:00 {
2026-06-12T01:33:55.1192192+09:00   "ensure_daily": {
2026-06-12T01:33:55.1279238+09:00     "runs": [
2026-06-12T01:33:55.1400892+09:00       {
2026-06-12T01:33:55.1466658+09:00         "run_id": "r01",
2026-06-12T01:33:55.1524019+09:00         "action": "not_due",
2026-06-12T01:33:55.1544782+09:00         "taskId": "daily-20260612-r01",
2026-06-12T01:33:55.1602063+09:00         "reason": "jst_hour=1"
2026-06-12T01:33:55.1655758+09:00       },
2026-06-12T01:33:55.1819381+09:00       {
2026-06-12T01:33:55.1872342+09:00         "run_id": "r02",
2026-06-12T01:33:55.1918414+09:00         "action": "not_due",
2026-06-12T01:33:55.1948742+09:00         "taskId": "daily-20260612-r02",
2026-06-12T01:33:55.1968766+09:00         "reason": "jst_hour=1"
2026-06-12T01:33:55.1998752+09:00       },
2026-06-12T01:33:55.2018729+09:00       {
2026-06-12T01:33:55.2018729+09:00         "run_id": "r03",
2026-06-12T01:33:55.2018729+09:00         "action": "not_due",
2026-06-12T01:33:55.2072047+09:00         "taskId": "daily-20260612-r03",
2026-06-12T01:33:55.2091940+09:00         "reason": "jst_hour=1"
2026-06-12T01:33:55.2091940+09:00       }
2026-06-12T01:33:55.2123604+09:00     ]
2026-06-12T01:33:55.2123604+09:00   },
2026-06-12T01:33:55.2123604+09:00   "reconcile": {
2026-06-12T01:33:55.2176826+09:00     "resetProcessing": 0,
2026-06-12T01:33:55.2176826+09:00     "inserted": 2,
2026-06-12T01:33:55.2176826+09:00     "scanned": 7,
2026-06-12T01:33:55.2176826+09:00     "stale": {
2026-06-12T01:33:55.2241778+09:00       "scanned": 7,
2026-06-12T01:33:55.2262502+09:00       "staleDetected": 0,
2026-06-12T01:33:55.2281993+09:00       "rolledBack": 0,
2026-06-12T01:33:55.2302069+09:00       "skippedCap": 0,
2026-06-12T01:33:55.2312072+09:00       "dryRun": false,
2026-06-12T01:33:55.2332071+09:00       "actions": []
2026-06-12T01:33:55.2342074+09:00     }
2026-06-12T01:33:55.2352107+09:00   },
2026-06-12T01:33:55.2352107+09:00   "dispatch": {
2026-06-12T01:33:55.2402722+09:00     "claimed": 2,
2026-06-12T01:33:55.2402722+09:00     "done": 2,
2026-06-12T01:33:55.2402722+09:00     "failed": 0
2026-06-12T01:33:55.2454391+09:00   },
2026-06-12T01:33:55.2454391+09:00   "step4_poll": {
2026-06-12T01:33:55.2454391+09:00     "scanned": 7,
2026-06-12T01:33:55.2454391+09:00     "awaiting": 2,
2026-06-12T01:33:55.2515370+09:00     "polled": 0,
2026-06-12T01:33:55.2535951+09:00     "picks_applied": 0,
2026-06-12T01:33:55.2545927+09:00     "pick_errors": 0,
2026-06-12T01:33:55.2555929+09:00     "timeouts": 0,
2026-06-12T01:33:55.2575935+09:00     "skipped": 0,
2026-06-12T01:33:55.2585949+09:00     "results": [
2026-06-12T01:33:55.2605936+09:00       {
2026-06-12T01:33:55.2615949+09:00         "task_id": "daily-20260611-r02",
2026-06-12T01:33:55.2627815+09:00         "result": {
2026-06-12T01:33:55.2647804+09:00           "outcome": "no_new_messages"
2026-06-12T01:33:55.2657828+09:00         }
2026-06-12T01:33:55.2677829+09:00       },
2026-06-12T01:33:55.2687833+09:00       {
2026-06-12T01:33:55.2708446+09:00         "task_id": "daily-20260611-r03",
2026-06-12T01:33:55.2708446+09:00         "result": {
2026-06-12T01:33:55.2708446+09:00           "outcome": "no_new_messages"
2026-06-12T01:33:55.2708446+09:00         }
2026-06-12T01:33:55.2761331+09:00       }
2026-06-12T01:33:55.2761331+09:00     ]
2026-06-12T01:33:55.2761331+09:00   },
2026-06-12T01:33:55.2761331+09:00   "step7_retry_poll": {
2026-06-12T01:33:55.2833344+09:00     "scanned": 7,
2026-06-12T01:33:55.2843341+09:00     "eligible": 4,
2026-06-12T01:33:55.2864977+09:00     "polled": 0,
2026-06-12T01:33:55.2874984+09:00     "retries_triggered": 0,
2026-06-12T01:33:55.2894982+09:00     "retry_errors": 0,
2026-06-12T01:33:55.2904981+09:00     "skipped": 0,
2026-06-12T01:33:55.2914974+09:00     "results": []
2026-06-12T01:33:55.2934978+09:00   }
2026-06-12T01:33:55.2934978+09:00 }
2026-06-12T01:33:55.2985357+09:00 OK run-once finished
2026-06-12T01:38:51.9728022+09:00 START dispatch-run-once
2026-06-12T01:38:52.3807381+09:00 
2026-06-12T01:38:52.3858029+09:00 > orchestrator
2026-06-12T01:38:52.3858029+09:00 > tsx src/cli/orchestrator.ts run-once --limit 10
2026-06-12T01:38:52.3858029+09:00 
2026-06-12T01:38:55.5849910+09:00 {
2026-06-12T01:38:55.5955924+09:00   "ensure_daily": {
2026-06-12T01:38:55.6065067+09:00     "runs": [
2026-06-12T01:38:55.6111162+09:00       {
2026-06-12T01:38:55.6131234+09:00         "run_id": "r01",
2026-06-12T01:38:55.6151310+09:00         "action": "not_due",
2026-06-12T01:38:55.6183084+09:00         "taskId": "daily-20260612-r01",
2026-06-12T01:38:55.6203065+09:00         "reason": "jst_hour=1"
2026-06-12T01:38:55.6226155+09:00       },
2026-06-12T01:38:55.6413701+09:00       {
2026-06-12T01:38:55.6413701+09:00         "run_id": "r02",
2026-06-12T01:38:55.6474163+09:00         "action": "not_due",
2026-06-12T01:38:55.6504238+09:00         "taskId": "daily-20260612-r02",
2026-06-12T01:38:55.6514262+09:00         "reason": "jst_hour=1"
2026-06-12T01:38:55.6534255+09:00       },
2026-06-12T01:38:55.6554277+09:00       {
2026-06-12T01:38:55.6574251+09:00         "run_id": "r03",
2026-06-12T01:38:55.6596255+09:00         "action": "not_due",
2026-06-12T01:38:55.6606231+09:00         "taskId": "daily-20260612-r03",
2026-06-12T01:38:55.6636227+09:00         "reason": "jst_hour=1"
2026-06-12T01:38:55.6655613+09:00       }
2026-06-12T01:38:55.6665622+09:00     ]
2026-06-12T01:38:55.6665622+09:00   },
2026-06-12T01:38:55.6715819+09:00   "reconcile": {
2026-06-12T01:38:55.6715819+09:00     "resetProcessing": 0,
2026-06-12T01:38:55.6771349+09:00     "inserted": 2,
2026-06-12T01:38:55.6791338+09:00     "scanned": 7,
2026-06-12T01:38:55.6820110+09:00     "stale": {
2026-06-12T01:38:55.6841406+09:00       "scanned": 7,
2026-06-12T01:38:55.6861477+09:00       "staleDetected": 0,
2026-06-12T01:38:55.6881503+09:00       "rolledBack": 0,
2026-06-12T01:38:55.6891516+09:00       "skippedCap": 0,
2026-06-12T01:38:55.6891516+09:00       "dryRun": false,
2026-06-12T01:38:55.6891516+09:00       "actions": []
2026-06-12T01:38:55.6942074+09:00     }
2026-06-12T01:38:55.6962800+09:00   },
2026-06-12T01:38:55.6962800+09:00   "dispatch": {
2026-06-12T01:38:55.7002126+09:00     "claimed": 2,
2026-06-12T01:38:55.7023745+09:00     "done": 2,
2026-06-12T01:38:55.7044070+09:00     "failed": 0
2026-06-12T01:38:55.7059584+09:00   },
2026-06-12T01:38:55.7070459+09:00   "step4_poll": {
2026-06-12T01:38:55.7090199+09:00     "scanned": 7,
2026-06-12T01:38:55.7100322+09:00     "awaiting": 2,
2026-06-12T01:38:55.7120522+09:00     "polled": 0,
2026-06-12T01:38:55.7130199+09:00     "picks_applied": 0,
2026-06-12T01:38:55.7140524+09:00     "pick_errors": 0,
2026-06-12T01:38:55.7140524+09:00     "timeouts": 0,
2026-06-12T01:38:55.7140524+09:00     "skipped": 0,
2026-06-12T01:38:55.7193999+09:00     "results": [
2026-06-12T01:38:55.7193999+09:00       {
2026-06-12T01:38:55.7193999+09:00         "task_id": "daily-20260611-r02",
2026-06-12T01:38:55.7193999+09:00         "result": {
2026-06-12T01:38:55.7246161+09:00           "outcome": "no_new_messages"
2026-06-12T01:38:55.7246161+09:00         }
2026-06-12T01:38:55.7246161+09:00       },
2026-06-12T01:38:55.7246161+09:00       {
2026-06-12T01:38:55.7314994+09:00         "task_id": "daily-20260611-r03",
2026-06-12T01:38:55.7324993+09:00         "result": {
2026-06-12T01:38:55.7344985+09:00           "outcome": "no_new_messages"
2026-06-12T01:38:55.7354988+09:00         }
2026-06-12T01:38:55.7375372+09:00       }
2026-06-12T01:38:55.7384984+09:00     ]
2026-06-12T01:38:55.7405315+09:00   },
2026-06-12T01:38:55.7417488+09:00   "step7_retry_poll": {
2026-06-12T01:38:55.7427485+09:00     "scanned": 7,
2026-06-12T01:38:55.7447844+09:00     "eligible": 4,
2026-06-12T01:38:55.7467490+09:00     "polled": 0,
2026-06-12T01:38:55.7486961+09:00     "retries_triggered": 0,
2026-06-12T01:38:55.7496947+09:00     "retry_errors": 0,
2026-06-12T01:38:55.7496947+09:00     "skipped": 0,
2026-06-12T01:38:55.7496947+09:00     "results": []
2026-06-12T01:38:55.7547091+09:00   }
2026-06-12T01:38:55.7547091+09:00 }
2026-06-12T01:38:55.7547091+09:00 OK run-once finished
2026-06-12T01:43:52.6584949+09:00 START dispatch-run-once
2026-06-12T01:43:53.0531670+09:00 
2026-06-12T01:43:53.0560622+09:00 > orchestrator
2026-06-12T01:43:53.0581110+09:00 > tsx src/cli/orchestrator.ts run-once --limit 10
2026-06-12T01:43:53.0598273+09:00 
2026-06-12T01:43:56.8950260+09:00 {
2026-06-12T01:43:56.8980501+09:00   "ensure_daily": {
2026-06-12T01:43:56.8980501+09:00     "runs": [
2026-06-12T01:43:56.9030796+09:00       {
2026-06-12T01:43:56.9049857+09:00         "run_id": "r01",
2026-06-12T01:43:56.9069490+09:00         "action": "not_due",
2026-06-12T01:43:56.9079489+09:00         "taskId": "daily-20260612-r01",
2026-06-12T01:43:56.9097852+09:00         "reason": "jst_hour=1"
2026-06-12T01:43:56.9118608+09:00       },
2026-06-12T01:43:56.9282139+09:00       {
2026-06-12T01:43:56.9282139+09:00         "run_id": "r02",
2026-06-12T01:43:56.9347631+09:00         "action": "not_due",
2026-06-12T01:43:56.9368250+09:00         "taskId": "daily-20260612-r02",
2026-06-12T01:43:56.9388230+09:00         "reason": "jst_hour=1"
2026-06-12T01:43:56.9408232+09:00       },
2026-06-12T01:43:56.9431579+09:00       {
2026-06-12T01:43:56.9431579+09:00         "run_id": "r03",
2026-06-12T01:43:56.9481449+09:00         "action": "not_due",
2026-06-12T01:43:56.9481449+09:00         "taskId": "daily-20260612-r03",
2026-06-12T01:43:56.9533894+09:00         "reason": "jst_hour=1"
2026-06-12T01:43:56.9533894+09:00       }
2026-06-12T01:43:56.9586433+09:00     ]
2026-06-12T01:43:56.9586433+09:00   },
2026-06-12T01:43:56.9586433+09:00   "reconcile": {
2026-06-12T01:43:56.9648264+09:00     "resetProcessing": 0,
2026-06-12T01:43:56.9668954+09:00     "inserted": 2,
2026-06-12T01:43:56.9692327+09:00     "scanned": 7,
2026-06-12T01:43:56.9712334+09:00     "stale": {
2026-06-12T01:43:56.9732361+09:00       "scanned": 7,
2026-06-12T01:43:56.9762387+09:00       "staleDetected": 0,
2026-06-12T01:43:56.9785045+09:00       "rolledBack": 0,
2026-06-12T01:43:56.9815402+09:00       "skippedCap": 0,
2026-06-12T01:43:56.9815402+09:00       "dryRun": false,
2026-06-12T01:43:56.9815402+09:00       "actions": []
2026-06-12T01:43:56.9888660+09:00     }
2026-06-12T01:43:56.9918545+09:00   },
2026-06-12T01:43:56.9932110+09:00   "dispatch": {
2026-06-12T01:43:56.9952116+09:00     "claimed": 2,
2026-06-12T01:43:56.9982128+09:00     "done": 2,
2026-06-12T01:43:57.0002142+09:00     "failed": 0
2026-06-12T01:43:57.0012137+09:00   },
2026-06-12T01:43:57.0062483+09:00   "step4_poll": {
2026-06-12T01:43:57.0062483+09:00     "scanned": 7,
2026-06-12T01:43:57.0098190+09:00     "awaiting": 2,
2026-06-12T01:43:57.0112501+09:00     "polled": 0,
2026-06-12T01:43:57.0132481+09:00     "picks_applied": 0,
2026-06-12T01:43:57.0142482+09:00     "pick_errors": 0,
2026-06-12T01:43:57.0162488+09:00     "timeouts": 0,
2026-06-12T01:43:57.0181506+09:00     "skipped": 0,
2026-06-12T01:43:57.0202277+09:00     "results": [
2026-06-12T01:43:57.0222250+09:00       {
2026-06-12T01:43:57.0242256+09:00         "task_id": "daily-20260611-r02",
2026-06-12T01:43:57.0262261+09:00         "result": {
2026-06-12T01:43:57.0262261+09:00           "outcome": "no_new_messages"
2026-06-12T01:43:57.0262261+09:00         }
2026-06-12T01:43:57.0262261+09:00       },
2026-06-12T01:43:57.0312952+09:00       {
2026-06-12T01:43:57.0353756+09:00         "task_id": "daily-20260611-r03",
2026-06-12T01:43:57.0374344+09:00         "result": {
2026-06-12T01:43:57.0384352+09:00           "outcome": "no_new_messages"
2026-06-12T01:43:57.0404350+09:00         }
2026-06-12T01:43:57.0414338+09:00       }
2026-06-12T01:43:57.0431224+09:00     ]
2026-06-12T01:43:57.0452642+09:00   },
2026-06-12T01:43:57.0472649+09:00   "step7_retry_poll": {
2026-06-12T01:43:57.0482638+09:00     "scanned": 7,
2026-06-12T01:43:57.0502663+09:00     "eligible": 4,
2026-06-12T01:43:57.0512643+09:00     "polled": 0,
2026-06-12T01:43:57.0512643+09:00     "retries_triggered": 0,
2026-06-12T01:43:57.0512643+09:00     "retry_errors": 0,
2026-06-12T01:43:57.0562761+09:00     "skipped": 0,
2026-06-12T01:43:57.0562761+09:00     "results": []
2026-06-12T01:43:57.0602426+09:00   }
2026-06-12T01:43:57.0622958+09:00 }
2026-06-12T01:43:57.0642957+09:00 OK run-once finished
2026-06-12T01:48:52.6065452+09:00 START dispatch-run-once
2026-06-12T01:48:52.9968670+09:00 
2026-06-12T01:48:52.9991626+09:00 > orchestrator
2026-06-12T01:48:53.0012842+09:00 > tsx src/cli/orchestrator.ts run-once --limit 10
2026-06-12T01:48:53.0028723+09:00 
2026-06-12T01:48:56.3741736+09:00 {
2026-06-12T01:48:56.3849159+09:00   "ensure_daily": {
2026-06-12T01:48:56.3943707+09:00     "runs": [
2026-06-12T01:48:56.4051164+09:00       {
2026-06-12T01:48:56.4140790+09:00         "run_id": "r01",
2026-06-12T01:48:56.4247349+09:00         "action": "not_due",
2026-06-12T01:48:56.4305339+09:00         "taskId": "daily-20260612-r01",
2026-06-12T01:48:56.4362131+09:00         "reason": "jst_hour=1"
2026-06-12T01:48:56.4386452+09:00       },
2026-06-12T01:48:56.4584326+09:00       {
2026-06-12T01:48:56.4604302+09:00         "run_id": "r02",
2026-06-12T01:48:56.4624310+09:00         "action": "not_due",
2026-06-12T01:48:56.4634310+09:00         "taskId": "daily-20260612-r02",
2026-06-12T01:48:56.4634310+09:00         "reason": "jst_hour=1"
2026-06-12T01:48:56.4684836+09:00       },
2026-06-12T01:48:56.4684836+09:00       {
2026-06-12T01:48:56.4738978+09:00         "run_id": "r03",
2026-06-12T01:48:56.4738978+09:00         "action": "not_due",
2026-06-12T01:48:56.4796615+09:00         "taskId": "daily-20260612-r03",
2026-06-12T01:48:56.4828881+09:00         "reason": "jst_hour=1"
2026-06-12T01:48:56.4856809+09:00       }
2026-06-12T01:48:56.4872852+09:00     ]
2026-06-12T01:48:56.4888649+09:00   },
2026-06-12T01:48:56.4906018+09:00   "reconcile": {
2026-06-12T01:48:56.4921802+09:00     "resetProcessing": 0,
2026-06-12T01:48:56.4937117+09:00     "inserted": 2,
2026-06-12T01:48:56.4967157+09:00     "scanned": 7,
2026-06-12T01:48:56.4985643+09:00     "stale": {
2026-06-12T01:48:56.4985643+09:00       "scanned": 7,
2026-06-12T01:48:56.4985643+09:00       "staleDetected": 0,
2026-06-12T01:48:56.5037479+09:00       "rolledBack": 0,
2026-06-12T01:48:56.5037479+09:00       "skippedCap": 0,
2026-06-12T01:48:56.5089491+09:00       "dryRun": false,
2026-06-12T01:48:56.5120655+09:00       "actions": []
2026-06-12T01:48:56.5136506+09:00     }
2026-06-12T01:48:56.5158194+09:00   },
2026-06-12T01:48:56.5168186+09:00   "dispatch": {
2026-06-12T01:48:56.5188288+09:00     "claimed": 2,
2026-06-12T01:48:56.5198285+09:00     "done": 2,
2026-06-12T01:48:56.5218281+09:00     "failed": 0
2026-06-12T01:48:56.5218281+09:00   },
2026-06-12T01:48:56.5268351+09:00   "step4_poll": {
2026-06-12T01:48:56.5268351+09:00     "scanned": 7,
2026-06-12T01:48:56.5268351+09:00     "awaiting": 2,
2026-06-12T01:48:56.5323451+09:00     "polled": 0,
2026-06-12T01:48:56.5348483+09:00     "picks_applied": 0,
2026-06-12T01:48:56.5383653+09:00     "pick_errors": 0,
2026-06-12T01:48:56.5404307+09:00     "timeouts": 0,
2026-06-12T01:48:56.5424304+09:00     "skipped": 0,
2026-06-12T01:48:56.5444633+09:00     "results": [
2026-06-12T01:48:56.5454641+09:00       {
2026-06-12T01:48:56.5474304+09:00         "task_id": "daily-20260611-r02",
2026-06-12T01:48:56.5496305+09:00         "result": {
2026-06-12T01:48:56.5506302+09:00           "outcome": "no_new_messages"
2026-06-12T01:48:56.5526299+09:00         }
2026-06-12T01:48:56.5553504+09:00       },
2026-06-12T01:48:56.5573815+09:00       {
2026-06-12T01:48:56.5573815+09:00         "task_id": "daily-20260611-r03",
2026-06-12T01:48:56.5573815+09:00         "result": {
2026-06-12T01:48:56.5626349+09:00           "outcome": "no_new_messages"
2026-06-12T01:48:56.5626349+09:00         }
2026-06-12T01:48:56.5626349+09:00       }
2026-06-12T01:48:56.5686522+09:00     ]
2026-06-12T01:48:56.5697213+09:00   },
2026-06-12T01:48:56.5720230+09:00   "step7_retry_poll": {
2026-06-12T01:48:56.5730229+09:00     "scanned": 7,
2026-06-12T01:48:56.5750237+09:00     "eligible": 4,
2026-06-12T01:48:56.5770239+09:00     "polled": 0,
2026-06-12T01:48:56.5780235+09:00     "retries_triggered": 0,
2026-06-12T01:48:56.5800241+09:00     "retry_errors": 0,
2026-06-12T01:48:56.5800241+09:00     "skipped": 0,
2026-06-12T01:48:56.5800241+09:00     "results": []
2026-06-12T01:48:56.5850814+09:00   }
2026-06-12T01:48:56.5850814+09:00 }
2026-06-12T01:48:56.5850814+09:00 OK run-once finished
2026-06-12T01:53:51.3675323+09:00 START dispatch-run-once
2026-06-12T01:53:51.7554840+09:00 
2026-06-12T01:53:51.7599175+09:00 > orchestrator
2026-06-12T01:53:51.7619862+09:00 > tsx src/cli/orchestrator.ts run-once --limit 10
2026-06-12T01:53:51.7639872+09:00 
2026-06-12T01:53:55.0539700+09:00 {
2026-06-12T01:53:55.0570260+09:00   "ensure_daily": {
2026-06-12T01:53:55.0590257+09:00     "runs": [
2026-06-12T01:53:55.0612651+09:00       {
2026-06-12T01:53:55.0642635+09:00         "run_id": "r01",
2026-06-12T01:53:55.0652627+09:00         "action": "not_due",
2026-06-12T01:53:55.0672627+09:00         "taskId": "daily-20260612-r01",
2026-06-12T01:53:55.0672627+09:00         "reason": "jst_hour=1"
2026-06-12T01:53:55.0711310+09:00       },
2026-06-12T01:53:55.0919419+09:00       {
2026-06-12T01:53:55.0939415+09:00         "run_id": "r02",
2026-06-12T01:53:55.0961996+09:00         "action": "not_due",
2026-06-12T01:53:55.0981986+09:00         "taskId": "daily-20260612-r02",
2026-06-12T01:53:55.1008746+09:00         "reason": "jst_hour=1"
2026-06-12T01:53:55.1029043+09:00       },
2026-06-12T01:53:55.1029043+09:00       {
2026-06-12T01:53:55.1029043+09:00         "run_id": "r03",
2026-06-12T01:53:55.1071043+09:00         "action": "not_due",
2026-06-12T01:53:55.1081449+09:00         "taskId": "daily-20260612-r03",
2026-06-12T01:53:55.1081449+09:00         "reason": "jst_hour=1"
2026-06-12T01:53:55.1081449+09:00       }
2026-06-12T01:53:55.1143016+09:00     ]
2026-06-12T01:53:55.1153509+09:00   },
2026-06-12T01:53:55.1173853+09:00   "reconcile": {
2026-06-12T01:53:55.1185838+09:00     "resetProcessing": 0,
2026-06-12T01:53:55.1196177+09:00     "inserted": 2,
2026-06-12T01:53:55.1215828+09:00     "scanned": 7,
2026-06-12T01:53:55.1225823+09:00     "stale": {
2026-06-12T01:53:55.1245838+09:00       "scanned": 7,
2026-06-12T01:53:55.1255872+09:00       "staleDetected": 0,
2026-06-12T01:53:55.1255872+09:00       "rolledBack": 0,
2026-06-12T01:53:55.1292542+09:00       "skippedCap": 0,
2026-06-12T01:53:55.1310044+09:00       "dryRun": false,
2026-06-12T01:53:55.1310044+09:00       "actions": []
2026-06-12T01:53:55.1310044+09:00     }
2026-06-12T01:53:55.1362903+09:00   },
2026-06-12T01:53:55.1362903+09:00   "dispatch": {
2026-06-12T01:53:55.1362903+09:00     "claimed": 2,
2026-06-12T01:53:55.1362903+09:00     "done": 2,
2026-06-12T01:53:55.1429759+09:00     "failed": 0
2026-06-12T01:53:55.1449760+09:00   },
2026-06-12T01:53:55.1469748+09:00   "step4_poll": {
2026-06-12T01:53:55.1479742+09:00     "scanned": 7,
2026-06-12T01:53:55.1499745+09:00     "awaiting": 2,
2026-06-12T01:53:55.1509731+09:00     "polled": 0,
2026-06-12T01:53:55.1531893+09:00     "picks_applied": 0,
2026-06-12T01:53:55.1541886+09:00     "pick_errors": 0,
2026-06-12T01:53:55.1551885+09:00     "timeouts": 0,
2026-06-12T01:53:55.1571893+09:00     "skipped": 0,
2026-06-12T01:53:55.1591897+09:00     "results": [
2026-06-12T01:53:55.1612430+09:00       {
2026-06-12T01:53:55.1612430+09:00         "task_id": "daily-20260611-r02",
2026-06-12T01:53:55.1643075+09:00         "result": {
2026-06-12T01:53:55.1643075+09:00           "outcome": "no_new_messages"
2026-06-12T01:53:55.1663388+09:00         }
2026-06-12T01:53:55.1663388+09:00       },
2026-06-12T01:53:55.1663388+09:00       {
2026-06-12T01:53:55.1720718+09:00         "task_id": "daily-20260611-r03",
2026-06-12T01:53:55.1734968+09:00         "result": {
2026-06-12T01:53:55.1744969+09:00           "outcome": "no_new_messages"
2026-06-12T01:53:55.1758858+09:00         }
2026-06-12T01:53:55.1779759+09:00       }
2026-06-12T01:53:55.1789420+09:00     ]
2026-06-12T01:53:55.1809426+09:00   },
2026-06-12T01:53:55.1819424+09:00   "step7_retry_poll": {
2026-06-12T01:53:55.1829429+09:00     "scanned": 7,
2026-06-12T01:53:55.1839426+09:00     "eligible": 4,
2026-06-12T01:53:55.1839426+09:00     "polled": 0,
2026-06-12T01:53:55.1839426+09:00     "retries_triggered": 0,
2026-06-12T01:53:55.1893065+09:00     "retry_errors": 0,
2026-06-12T01:53:55.1893065+09:00     "skipped": 0,
2026-06-12T01:53:55.1893065+09:00     "results": []
2026-06-12T01:53:55.1893065+09:00   }
2026-06-12T01:53:55.1944020+09:00 }
2026-06-12T01:53:55.1944020+09:00 OK run-once finished
2026-06-12T01:58:52.2443826+09:00 START dispatch-run-once
2026-06-12T01:58:52.6401023+09:00 
2026-06-12T01:58:52.6421014+09:00 > orchestrator
2026-06-12T01:58:52.6441103+09:00 > tsx src/cli/orchestrator.ts run-once --limit 10
2026-06-12T01:58:52.6464094+09:00 
2026-06-12T01:58:55.9776641+09:00 {
2026-06-12T01:58:55.9813232+09:00   "ensure_daily": {
2026-06-12T01:58:55.9833350+09:00     "runs": [
2026-06-12T01:58:55.9853423+09:00       {
2026-06-12T01:58:55.9863474+09:00         "run_id": "r01",
2026-06-12T01:58:55.9893741+09:00         "action": "not_due",
2026-06-12T01:58:55.9904368+09:00         "taskId": "daily-20260612-r01",
2026-06-12T01:58:55.9924360+09:00         "reason": "jst_hour=1"
2026-06-12T01:58:55.9944345+09:00       },
2026-06-12T01:58:56.0131652+09:00       {
2026-06-12T01:58:56.0146706+09:00         "run_id": "r02",
2026-06-12T01:58:56.0178360+09:00         "action": "not_due",
2026-06-12T01:58:56.0209165+09:00         "taskId": "daily-20260612-r02",
2026-06-12T01:58:56.0234481+09:00         "reason": "jst_hour=1"
2026-06-12T01:58:56.0254476+09:00       },
2026-06-12T01:58:56.0274455+09:00       {
2026-06-12T01:58:56.0294456+09:00         "run_id": "r03",
2026-06-12T01:58:56.0294456+09:00         "action": "not_due",
2026-06-12T01:58:56.0294456+09:00         "taskId": "daily-20260612-r03",
2026-06-12T01:58:56.0344671+09:00         "reason": "jst_hour=1"
2026-06-12T01:58:56.0344671+09:00       }
2026-06-12T01:58:56.0391325+09:00     ]
2026-06-12T01:58:56.0391325+09:00   },
2026-06-12T01:58:56.0391325+09:00   "reconcile": {
2026-06-12T01:58:56.0391325+09:00     "resetProcessing": 0,
2026-06-12T01:58:56.0462901+09:00     "inserted": 2,
2026-06-12T01:58:56.0473450+09:00     "scanned": 7,
2026-06-12T01:58:56.0493420+09:00     "stale": {
2026-06-12T01:58:56.0503429+09:00       "scanned": 7,
2026-06-12T01:58:56.0523434+09:00       "staleDetected": 0,
2026-06-12T01:58:56.0543433+09:00       "rolledBack": 0,
2026-06-12T01:58:56.0547152+09:00       "skippedCap": 0,
2026-06-12T01:58:56.0547152+09:00       "dryRun": false,
2026-06-12T01:58:56.0547152+09:00       "actions": []
2026-06-12T01:58:56.0593599+09:00     }
2026-06-12T01:58:56.0624657+09:00   },
2026-06-12T01:58:56.0644645+09:00   "dispatch": {
2026-06-12T01:58:56.0644645+09:00     "claimed": 2,
2026-06-12T01:58:56.0644645+09:00     "done": 2,
2026-06-12T01:58:56.0644645+09:00     "failed": 0
2026-06-12T01:58:56.0698008+09:00   },
2026-06-12T01:58:56.0698008+09:00   "step4_poll": {
2026-06-12T01:58:56.0698008+09:00     "scanned": 7,
2026-06-12T01:58:56.0698008+09:00     "awaiting": 2,
2026-06-12T01:58:56.0761743+09:00     "polled": 0,
2026-06-12T01:58:56.0788252+09:00     "picks_applied": 0,
2026-06-12T01:58:56.0796577+09:00     "pick_errors": 0,
2026-06-12T01:58:56.0817514+09:00     "timeouts": 0,
2026-06-12T01:58:56.0827170+09:00     "skipped": 0,
2026-06-12T01:58:56.0847512+09:00     "results": [
2026-06-12T01:58:56.0857187+09:00       {
2026-06-12T01:58:56.0877539+09:00         "task_id": "daily-20260611-r02",
2026-06-12T01:58:56.0877539+09:00         "result": {
2026-06-12T01:58:56.0877539+09:00           "outcome": "no_new_messages"
2026-06-12T01:58:56.0927867+09:00         }
2026-06-12T01:58:56.0927867+09:00       },
2026-06-12T01:58:56.0927867+09:00       {
2026-06-12T01:58:56.0978537+09:00         "task_id": "daily-20260611-r03",
2026-06-12T01:58:56.0978537+09:00         "result": {
2026-06-12T01:58:56.0978537+09:00           "outcome": "no_new_messages"
2026-06-12T01:58:56.0978537+09:00         }
2026-06-12T01:58:56.1040706+09:00       }
2026-06-12T01:58:56.1057607+09:00     ]
2026-06-12T01:58:56.1077615+09:00   },
2026-06-12T01:58:56.1087621+09:00   "step7_retry_poll": {
2026-06-12T01:58:56.1107608+09:00     "scanned": 7,
2026-06-12T01:58:56.1117595+09:00     "eligible": 4,
2026-06-12T01:58:56.1127604+09:00     "polled": 0,
2026-06-12T01:58:56.1127604+09:00     "retries_triggered": 0,
2026-06-12T01:58:56.1127604+09:00     "retry_errors": 0,
2026-06-12T01:58:56.1181473+09:00     "skipped": 0,
2026-06-12T01:58:56.1181473+09:00     "results": []
2026-06-12T01:58:56.1181473+09:00   }
2026-06-12T01:58:56.1233542+09:00 }
2026-06-12T01:58:56.1233542+09:00 OK run-once finished
2026-06-12T02:03:51.7736316+09:00 START dispatch-run-once
2026-06-12T02:03:52.1634157+09:00 
2026-06-12T02:03:52.1634157+09:00 > orchestrator
2026-06-12T02:03:52.1686474+09:00 > tsx src/cli/orchestrator.ts run-once --limit 10
2026-06-12T02:03:52.1686474+09:00 
2026-06-12T02:03:55.4734579+09:00 {
2026-06-12T02:03:55.4861363+09:00   "ensure_daily": {
2026-06-12T02:03:55.4976757+09:00     "runs": [
2026-06-12T02:03:55.5047784+09:00       {
2026-06-12T02:03:55.5152908+09:00         "run_id": "r01",
2026-06-12T02:03:55.5168671+09:00         "action": "not_due",
2026-06-12T02:03:55.5191350+09:00         "taskId": "daily-20260612-r01",
2026-06-12T02:03:55.5211349+09:00         "reason": "jst_hour=2"
2026-06-12T02:03:55.5237910+09:00       },
2026-06-12T02:03:55.5384673+09:00       {
2026-06-12T02:03:55.5450275+09:00         "run_id": "r02",
2026-06-12T02:03:55.5470988+09:00         "action": "not_due",
2026-06-12T02:03:55.5491001+09:00         "taskId": "daily-20260612-r02",
2026-06-12T02:03:55.5512678+09:00         "reason": "jst_hour=2"
2026-06-12T02:03:55.5542694+09:00       },
2026-06-12T02:03:55.5562682+09:00       {
2026-06-12T02:03:55.5572673+09:00         "run_id": "r03",
2026-06-12T02:03:55.5585805+09:00         "action": "not_due",
2026-06-12T02:03:55.5585805+09:00         "taskId": "daily-20260612-r03",
2026-06-12T02:03:55.5633206+09:00         "reason": "jst_hour=2"
2026-06-12T02:03:55.5654673+09:00       }
2026-06-12T02:03:55.5654673+09:00     ]
2026-06-12T02:03:55.5688037+09:00   },
2026-06-12T02:03:55.5688037+09:00   "reconcile": {
2026-06-12T02:03:55.5688037+09:00     "resetProcessing": 0,
2026-06-12T02:03:55.5688037+09:00     "inserted": 2,
2026-06-12T02:03:55.5747446+09:00     "scanned": 7,
2026-06-12T02:03:55.5767420+09:00     "stale": {
2026-06-12T02:03:55.5787404+09:00       "scanned": 7,
2026-06-12T02:03:55.5807427+09:00       "staleDetected": 0,
2026-06-12T02:03:55.5817421+09:00       "rolledBack": 0,
2026-06-12T02:03:55.5837410+09:00       "skippedCap": 0,
2026-06-12T02:03:55.5847400+09:00       "dryRun": false,
2026-06-12T02:03:55.5870001+09:00       "actions": []
2026-06-12T02:03:55.5889982+09:00     }
2026-06-12T02:03:55.5909992+09:00   },
2026-06-12T02:03:55.5919025+09:00   "dispatch": {
2026-06-12T02:03:55.5941520+09:00     "claimed": 2,
2026-06-12T02:03:55.5941520+09:00     "done": 2,
2026-06-12T02:03:55.5941520+09:00     "failed": 0
2026-06-12T02:03:55.5941520+09:00   },
2026-06-12T02:03:55.5991301+09:00   "step4_poll": {
2026-06-12T02:03:55.5991301+09:00     "scanned": 7,
2026-06-12T02:03:55.5991301+09:00     "awaiting": 2,
2026-06-12T02:03:55.6047252+09:00     "polled": 0,
2026-06-12T02:03:55.6064112+09:00     "picks_applied": 0,
2026-06-12T02:03:55.6084363+09:00     "pick_errors": 0,
2026-06-12T02:03:55.6096127+09:00     "timeouts": 0,
2026-06-12T02:03:55.6116446+09:00     "skipped": 0,
2026-06-12T02:03:55.6126130+09:00     "results": [
2026-06-12T02:03:55.6136138+09:00       {
2026-06-12T02:03:55.6156109+09:00         "task_id": "daily-20260611-r02",
2026-06-12T02:03:55.6169126+09:00         "result": {
2026-06-12T02:03:55.6169126+09:00           "outcome": "no_new_messages"
2026-06-12T02:03:55.6217077+09:00         }
2026-06-12T02:03:55.6217077+09:00       },
2026-06-12T02:03:55.6217077+09:00       {
2026-06-12T02:03:55.6217077+09:00         "task_id": "daily-20260611-r03",
2026-06-12T02:03:55.6272355+09:00         "result": {
2026-06-12T02:03:55.6272355+09:00           "outcome": "no_new_messages"
2026-06-12T02:03:55.6272355+09:00         }
2026-06-12T02:03:55.6272355+09:00       }
2026-06-12T02:03:55.6333394+09:00     ]
2026-06-12T02:03:55.6354072+09:00   },
2026-06-12T02:03:55.6364088+09:00   "step7_retry_poll": {
2026-06-12T02:03:55.6384403+09:00     "scanned": 7,
2026-06-12T02:03:55.6394077+09:00     "eligible": 4,
2026-06-12T02:03:55.6414398+09:00     "polled": 0,
2026-06-12T02:03:55.6424067+09:00     "retries_triggered": 0,
2026-06-12T02:03:55.6439127+09:00     "retry_errors": 0,
2026-06-12T02:03:55.6451029+09:00     "skipped": 0,
2026-06-12T02:03:55.6471041+09:00     "results": []
2026-06-12T02:03:55.6491034+09:00   }
2026-06-12T02:03:55.6501058+09:00 }
2026-06-12T02:03:55.6522196+09:00 OK run-once finished
2026-06-12T02:08:51.3061847+09:00 START dispatch-run-once
2026-06-12T02:08:51.6985606+09:00 
2026-06-12T02:08:51.7005590+09:00 > orchestrator
2026-06-12T02:08:51.7025603+09:00 > tsx src/cli/orchestrator.ts run-once --limit 10
2026-06-12T02:08:51.7051838+09:00 
2026-06-12T02:08:55.0616389+09:00 {
2026-06-12T02:08:55.0640311+09:00   "ensure_daily": {
2026-06-12T02:08:55.0661975+09:00     "runs": [
2026-06-12T02:08:55.0678240+09:00       {
2026-06-12T02:08:55.0707681+09:00         "run_id": "r01",
2026-06-12T02:08:55.0728957+09:00         "action": "not_due",
2026-06-12T02:08:55.0744826+09:00         "taskId": "daily-20260612-r01",
2026-06-12T02:08:55.0765721+09:00         "reason": "jst_hour=2"
2026-06-12T02:08:55.0776161+09:00       },
2026-06-12T02:08:55.0958063+09:00       {
2026-06-12T02:08:55.1005499+09:00         "run_id": "r02",
2026-06-12T02:08:55.1005499+09:00         "action": "not_due",
2026-06-12T02:08:55.1056079+09:00         "taskId": "daily-20260612-r02",
2026-06-12T02:08:55.1079791+09:00         "reason": "jst_hour=2"
2026-06-12T02:08:55.1094038+09:00       },
2026-06-12T02:08:55.1114052+09:00       {
2026-06-12T02:08:55.1134579+09:00         "run_id": "r03",
2026-06-12T02:08:55.1154588+09:00         "action": "not_due",
2026-06-12T02:08:55.1164575+09:00         "taskId": "daily-20260612-r03",
2026-06-12T02:08:55.1184583+09:00         "reason": "jst_hour=2"
2026-06-12T02:08:55.1191072+09:00       }
2026-06-12T02:08:55.1207169+09:00     ]
2026-06-12T02:08:55.1207169+09:00   },
2026-06-12T02:08:55.1207169+09:00   "reconcile": {
2026-06-12T02:08:55.1253330+09:00     "resetProcessing": 0,
2026-06-12T02:08:55.1253330+09:00     "inserted": 2,
2026-06-12T02:08:55.1253330+09:00     "scanned": 7,
2026-06-12T02:08:55.1253330+09:00     "stale": {
2026-06-12T02:08:55.1307777+09:00       "scanned": 7,
2026-06-12T02:08:55.1307777+09:00       "staleDetected": 0,
2026-06-12T02:08:55.1364104+09:00       "rolledBack": 0,
2026-06-12T02:08:55.1390687+09:00       "skippedCap": 0,
2026-06-12T02:08:55.1400704+09:00       "dryRun": false,
2026-06-12T02:08:55.1420654+09:00       "actions": []
2026-06-12T02:08:55.1440668+09:00     }
2026-06-12T02:08:55.1450680+09:00   },
2026-06-12T02:08:55.1470652+09:00   "dispatch": {
2026-06-12T02:08:55.1482422+09:00     "claimed": 2,
2026-06-12T02:08:55.1492417+09:00     "done": 2,
2026-06-12T02:08:55.1512432+09:00     "failed": 0
2026-06-12T02:08:55.1540940+09:00   },
2026-06-12T02:08:55.1561259+09:00   "step4_poll": {
2026-06-12T02:08:55.1561259+09:00     "scanned": 7,
2026-06-12T02:08:55.1561259+09:00     "awaiting": 2,
2026-06-12T02:08:55.1612413+09:00     "polled": 0,
2026-06-12T02:08:55.1612413+09:00     "picks_applied": 0,
2026-06-12T02:08:55.1612413+09:00     "pick_errors": 0,
2026-06-12T02:08:55.1612413+09:00     "timeouts": 0,
2026-06-12T02:08:55.1671408+09:00     "skipped": 0,
2026-06-12T02:08:55.1681878+09:00     "results": [
2026-06-12T02:08:55.1701933+09:00       {
2026-06-12T02:08:55.1717501+09:00         "task_id": "daily-20260611-r02",
2026-06-12T02:08:55.1727508+09:00         "result": {
2026-06-12T02:08:55.1747506+09:00           "outcome": "no_new_messages"
2026-06-12T02:08:55.1757506+09:00         }
2026-06-12T02:08:55.1767490+09:00       },
2026-06-12T02:08:55.1787495+09:00       {
2026-06-12T02:08:55.1787495+09:00         "task_id": "daily-20260611-r03",
2026-06-12T02:08:55.1787495+09:00         "result": {
2026-06-12T02:08:55.1830645+09:00           "outcome": "no_new_messages"
2026-06-12T02:08:55.1840702+09:00         }
2026-06-12T02:08:55.1840702+09:00       }
2026-06-12T02:08:55.1840702+09:00     ]
2026-06-12T02:08:55.1840702+09:00   },
2026-06-12T02:08:55.1893026+09:00   "step7_retry_poll": {
2026-06-12T02:08:55.1893026+09:00     "scanned": 7,
2026-06-12T02:08:55.1893026+09:00     "eligible": 4,
2026-06-12T02:08:55.1955406+09:00     "polled": 0,
2026-06-12T02:08:55.1976334+09:00     "retries_triggered": 0,
2026-06-12T02:08:55.1986327+09:00     "retry_errors": 0,
2026-06-12T02:08:55.1996317+09:00     "skipped": 0,
2026-06-12T02:08:55.2016334+09:00     "results": []
2026-06-12T02:08:55.2026333+09:00   }
2026-06-12T02:08:55.2046327+09:00 }
2026-06-12T02:08:55.2056327+09:00 OK run-once finished
2026-06-12T02:13:51.5247113+09:00 START dispatch-run-once
2026-06-12T02:13:52.0378562+09:00 
2026-06-12T02:13:52.0378562+09:00 > orchestrator
2026-06-12T02:13:52.0448612+09:00 > tsx src/cli/orchestrator.ts run-once --limit 10
2026-06-12T02:13:52.0468604+09:00 
2026-06-12T02:13:55.5131082+09:00 {
2026-06-12T02:13:55.5192514+09:00   "ensure_daily": {
2026-06-12T02:13:55.5213239+09:00     "runs": [
2026-06-12T02:13:55.5233062+09:00       {
2026-06-12T02:13:55.5256739+09:00         "run_id": "r01",
2026-06-12T02:13:55.5276757+09:00         "action": "not_due",
2026-06-12T02:13:55.5286747+09:00         "taskId": "daily-20260612-r01",
2026-06-12T02:13:55.5306732+09:00         "reason": "jst_hour=2"
2026-06-12T02:13:55.5326746+09:00       },
2026-06-12T02:13:55.5537379+09:00       {
2026-06-12T02:13:55.5557372+09:00         "run_id": "r02",
2026-06-12T02:13:55.5577414+09:00         "action": "not_due",
2026-06-12T02:13:55.5587388+09:00         "taskId": "daily-20260612-r02",
2026-06-12T02:13:55.5628421+09:00         "reason": "jst_hour=2"
2026-06-12T02:13:55.5654590+09:00       },
2026-06-12T02:13:55.5668433+09:00       {
2026-06-12T02:13:55.5699058+09:00         "run_id": "r03",
2026-06-12T02:13:55.5719039+09:00         "action": "not_due",
2026-06-12T02:13:55.5739028+09:00         "taskId": "daily-20260612-r03",
2026-06-12T02:13:55.5757411+09:00         "reason": "jst_hour=2"
2026-06-12T02:13:55.5787408+09:00       }
2026-06-12T02:13:55.5797409+09:00     ]
2026-06-12T02:13:55.5817394+09:00   },
2026-06-12T02:13:55.5827505+09:00   "reconcile": {
2026-06-12T02:13:55.5827505+09:00     "resetProcessing": 0,
2026-06-12T02:13:55.5827505+09:00     "inserted": 2,
2026-06-12T02:13:55.5881111+09:00     "scanned": 7,
2026-06-12T02:13:55.5916994+09:00     "stale": {
2026-06-12T02:13:55.5937605+09:00       "scanned": 7,
2026-06-12T02:13:55.5957592+09:00       "staleDetected": 0,
2026-06-12T02:13:55.5977585+09:00       "rolledBack": 0,
2026-06-12T02:13:55.5995985+09:00       "skippedCap": 0,
2026-06-12T02:13:55.6016762+09:00       "dryRun": false,
2026-06-12T02:13:55.6056774+09:00       "actions": []
2026-06-12T02:13:55.6079835+09:00     }
2026-06-12T02:13:55.6079835+09:00   },
2026-06-12T02:13:55.6128706+09:00   "dispatch": {
2026-06-12T02:13:55.6128706+09:00     "claimed": 2,
2026-06-12T02:13:55.6128706+09:00     "done": 2,
2026-06-12T02:13:55.6184804+09:00     "failed": 0
2026-06-12T02:13:55.6198885+09:00   },
2026-06-12T02:13:55.6218888+09:00   "step4_poll": {
2026-06-12T02:13:55.6238884+09:00     "scanned": 7,
2026-06-12T02:13:55.6257185+09:00     "awaiting": 2,
2026-06-12T02:13:55.6276855+09:00     "polled": 0,
2026-06-12T02:13:55.6286854+09:00     "picks_applied": 0,
2026-06-12T02:13:55.6306910+09:00     "pick_errors": 0,
2026-06-12T02:13:55.6316840+09:00     "timeouts": 0,
2026-06-12T02:13:55.6326861+09:00     "skipped": 0,
2026-06-12T02:13:55.6365970+09:00     "results": [
2026-06-12T02:13:55.6381028+09:00       {
2026-06-12T02:13:55.6381028+09:00         "task_id": "daily-20260611-r02",
2026-06-12T02:13:55.6381028+09:00         "result": {
2026-06-12T02:13:55.6434068+09:00           "outcome": "no_new_messages"
2026-06-12T02:13:55.6434068+09:00         }
2026-06-12T02:13:55.6434068+09:00       },
2026-06-12T02:13:55.6491894+09:00       {
2026-06-12T02:13:55.6511900+09:00         "task_id": "daily-20260611-r03",
2026-06-12T02:13:55.6531909+09:00         "result": {
2026-06-12T02:13:55.6551891+09:00           "outcome": "no_new_messages"
2026-06-12T02:13:55.6571888+09:00         }
2026-06-12T02:13:55.6586951+09:00       }
2026-06-12T02:13:55.6598876+09:00     ]
2026-06-12T02:13:55.6618871+09:00   },
2026-06-12T02:13:55.6628862+09:00   "step7_retry_poll": {
2026-06-12T02:13:55.6658881+09:00     "scanned": 7,
2026-06-12T02:13:55.6672659+09:00     "eligible": 4,
2026-06-12T02:13:55.6672659+09:00     "polled": 0,
2026-06-12T02:13:55.6672659+09:00     "retries_triggered": 0,
2026-06-12T02:13:55.6726029+09:00     "retry_errors": 0,
2026-06-12T02:13:55.6726029+09:00     "skipped": 0,
2026-06-12T02:13:55.6726029+09:00     "results": []
2026-06-12T02:13:55.6789144+09:00   }
2026-06-12T02:13:55.6809834+09:00 }
2026-06-12T02:13:55.6840292+09:00 OK run-once finished
2026-06-12T02:18:52.4118960+09:00 START dispatch-run-once
2026-06-12T02:18:52.8296558+09:00 
2026-06-12T02:18:52.8326559+09:00 > orchestrator
2026-06-12T02:18:52.8346587+09:00 > tsx src/cli/orchestrator.ts run-once --limit 10
2026-06-12T02:18:52.8366575+09:00 
2026-06-12T02:18:56.1811776+09:00 {
2026-06-12T02:18:56.1913937+09:00   "ensure_daily": {
2026-06-12T02:18:56.2020517+09:00     "runs": [
2026-06-12T02:18:56.2121537+09:00       {
2026-06-12T02:18:56.2226950+09:00         "run_id": "r01",
2026-06-12T02:18:56.2313585+09:00         "action": "not_due",
2026-06-12T02:18:56.2369328+09:00         "taskId": "daily-20260612-r01",
2026-06-12T02:18:56.2413472+09:00         "reason": "jst_hour=2"
2026-06-12T02:18:56.2433424+09:00       },
2026-06-12T02:18:56.2629445+09:00       {
2026-06-12T02:18:56.2649114+09:00         "run_id": "r02",
2026-06-12T02:18:56.2669115+09:00         "action": "not_due",
2026-06-12T02:18:56.2689109+09:00         "taskId": "daily-20260612-r02",
2026-06-12T02:18:56.2721279+09:00         "reason": "jst_hour=2"
2026-06-12T02:18:56.2749874+09:00       },
2026-06-12T02:18:56.2749874+09:00       {
2026-06-12T02:18:56.2789792+09:00         "run_id": "r03",
2026-06-12T02:18:56.2810304+09:00         "action": "not_due",
2026-06-12T02:18:56.2830307+09:00         "taskId": "daily-20260612-r03",
2026-06-12T02:18:56.2840362+09:00         "reason": "jst_hour=2"
2026-06-12T02:18:56.2867541+09:00       }
2026-06-12T02:18:56.2878214+09:00     ]
2026-06-12T02:18:56.2898212+09:00   },
2026-06-12T02:18:56.2908216+09:00   "reconcile": {
2026-06-12T02:18:56.2918223+09:00     "resetProcessing": 0,
2026-06-12T02:18:56.2938220+09:00     "inserted": 2,
2026-06-12T02:18:56.2948214+09:00     "scanned": 7,
2026-06-12T02:18:56.2948214+09:00     "stale": {
2026-06-12T02:18:56.2987798+09:00       "scanned": 7,
2026-06-12T02:18:56.3008861+09:00       "staleDetected": 0,
2026-06-12T02:18:56.3034515+09:00       "rolledBack": 0,
2026-06-12T02:18:56.3049236+09:00       "skippedCap": 0,
2026-06-12T02:18:56.3064879+09:00       "dryRun": false,
2026-06-12T02:18:56.3085953+09:00       "actions": []
2026-06-12T02:18:56.3096415+09:00     }
2026-06-12T02:18:56.3116478+09:00   },
2026-06-12T02:18:56.3128804+09:00   "dispatch": {
2026-06-12T02:18:56.3151898+09:00     "claimed": 2,
2026-06-12T02:18:56.3162324+09:00     "done": 2,
2026-06-12T02:18:56.3181975+09:00     "failed": 0
2026-06-12T02:18:56.3191949+09:00   },
2026-06-12T02:18:56.3208829+09:00   "step4_poll": {
2026-06-12T02:18:56.3208829+09:00     "scanned": 7,
2026-06-12T02:18:56.3208829+09:00     "awaiting": 2,
2026-06-12T02:18:56.3244476+09:00     "polled": 0,
2026-06-12T02:18:56.3284849+09:00     "picks_applied": 0,
2026-06-12T02:18:56.3299257+09:00     "pick_errors": 0,
2026-06-12T02:18:56.3308915+09:00     "timeouts": 0,
2026-06-12T02:18:56.3329248+09:00     "skipped": 0,
2026-06-12T02:18:56.3338878+09:00     "results": [
2026-06-12T02:18:56.3349261+09:00       {
2026-06-12T02:18:56.3367200+09:00         "task_id": "daily-20260611-r02",
2026-06-12T02:18:56.3398617+09:00         "result": {
2026-06-12T02:18:56.3408590+09:00           "outcome": "no_new_messages"
2026-06-12T02:18:56.3428928+09:00         }
2026-06-12T02:18:56.3438908+09:00       },
2026-06-12T02:18:56.3448926+09:00       {
2026-06-12T02:18:56.3448926+09:00         "task_id": "daily-20260611-r03",
2026-06-12T02:18:56.3448926+09:00         "result": {
2026-06-12T02:18:56.3500657+09:00           "outcome": "no_new_messages"
2026-06-12T02:18:56.3500657+09:00         }
2026-06-12T02:18:56.3538028+09:00       }
2026-06-12T02:18:56.3548500+09:00     ]
2026-06-12T02:18:56.3558460+09:00   },
2026-06-12T02:18:56.3578817+09:00   "step7_retry_poll": {
2026-06-12T02:18:56.3588632+09:00     "scanned": 7,
2026-06-12T02:18:56.3608859+09:00     "eligible": 4,
2026-06-12T02:18:56.3617300+09:00     "polled": 0,
2026-06-12T02:18:56.3628343+09:00     "retries_triggered": 0,
2026-06-12T02:18:56.3648013+09:00     "retry_errors": 0,
2026-06-12T02:18:56.3668363+09:00     "skipped": 0,
2026-06-12T02:18:56.3677993+09:00     "results": []
2026-06-12T02:18:56.3688366+09:00   }
2026-06-12T02:18:56.3698335+09:00 }
2026-06-12T02:18:56.3698335+09:00 OK run-once finished
2026-06-12T02:23:51.6922078+09:00 START dispatch-run-once
2026-06-12T02:23:52.0823315+09:00 
2026-06-12T02:23:52.0844110+09:00 > orchestrator
2026-06-12T02:23:52.0864080+09:00 > tsx src/cli/orchestrator.ts run-once --limit 10
2026-06-12T02:23:52.0884075+09:00 
2026-06-12T02:23:55.4671738+09:00 {
2026-06-12T02:23:55.4792173+09:00   "ensure_daily": {
2026-06-12T02:23:55.4900952+09:00     "runs": [
2026-06-12T02:23:55.4992189+09:00       {
2026-06-12T02:23:55.5045976+09:00         "run_id": "r01",
2026-06-12T02:23:55.5096343+09:00         "action": "not_due",
2026-06-12T02:23:55.5096343+09:00         "taskId": "daily-20260612-r01",
2026-06-12T02:23:55.5151049+09:00         "reason": "jst_hour=2"
2026-06-12T02:23:55.5171143+09:00       },
2026-06-12T02:23:55.5365384+09:00       {
2026-06-12T02:23:55.5385362+09:00         "run_id": "r02",
2026-06-12T02:23:55.5405350+09:00         "action": "not_due",
2026-06-12T02:23:55.5416350+09:00         "taskId": "daily-20260612-r02",
2026-06-12T02:23:55.5458737+09:00         "reason": "jst_hour=2"
2026-06-12T02:23:55.5458737+09:00       },
2026-06-12T02:23:55.5494724+09:00       {
2026-06-12T02:23:55.5515201+09:00         "run_id": "r03",
2026-06-12T02:23:55.5535209+09:00         "action": "not_due",
2026-06-12T02:23:55.5545231+09:00         "taskId": "daily-20260612-r03",
2026-06-12T02:23:55.5565218+09:00         "reason": "jst_hour=2"
2026-06-12T02:23:55.5588096+09:00       }
2026-06-12T02:23:55.5598575+09:00     ]
2026-06-12T02:23:55.5618179+09:00   },
2026-06-12T02:23:55.5628508+09:00   "reconcile": {
2026-06-12T02:23:55.5648513+09:00     "resetProcessing": 0,
2026-06-12T02:23:55.5656763+09:00     "inserted": 2,
2026-06-12T02:23:55.5656763+09:00     "scanned": 7,
2026-06-12T02:23:55.5656763+09:00     "stale": {
2026-06-12T02:23:55.5700340+09:00       "scanned": 7,
2026-06-12T02:23:55.5700340+09:00       "staleDetected": 0,
2026-06-12T02:23:55.5755169+09:00       "rolledBack": 0,
2026-06-12T02:23:55.5765165+09:00       "skippedCap": 0,
2026-06-12T02:23:55.5785164+09:00       "dryRun": false,
2026-06-12T02:23:55.5805163+09:00       "actions": []
2026-06-12T02:23:55.5822550+09:00     }
2026-06-12T02:23:55.5839737+09:00   },
2026-06-12T02:23:55.5849799+09:00   "dispatch": {
2026-06-12T02:23:55.5859798+09:00     "claimed": 2,
2026-06-12T02:23:55.5879806+09:00     "done": 2,
2026-06-12T02:23:55.5889788+09:00     "failed": 0
2026-06-12T02:23:55.5906161+09:00   },
2026-06-12T02:23:55.5906161+09:00   "step4_poll": {
2026-06-12T02:23:55.5906161+09:00     "scanned": 7,
2026-06-12T02:23:55.5950183+09:00     "awaiting": 2,
2026-06-12T02:23:55.5950183+09:00     "polled": 0,
2026-06-12T02:23:55.5993422+09:00     "picks_applied": 0,
2026-06-12T02:23:55.6003861+09:00     "pick_errors": 0,
2026-06-12T02:23:55.6023853+09:00     "timeouts": 0,
2026-06-12T02:23:55.6033834+09:00     "skipped": 0,
2026-06-12T02:23:55.6053852+09:00     "results": [
2026-06-12T02:23:55.6063852+09:00       {
2026-06-12T02:23:55.6093977+09:00         "task_id": "daily-20260611-r02",
2026-06-12T02:23:55.6113947+09:00         "result": {
2026-06-12T02:23:55.6123946+09:00           "outcome": "no_new_messages"
2026-06-12T02:23:55.6143943+09:00         }
2026-06-12T02:23:55.6153926+09:00       },
2026-06-12T02:23:55.6153926+09:00       {
2026-06-12T02:23:55.6153926+09:00         "task_id": "daily-20260611-r03",
2026-06-12T02:23:55.6153926+09:00         "result": {
2026-06-12T02:23:55.6204859+09:00           "outcome": "no_new_messages"
2026-06-12T02:23:55.6204859+09:00         }
2026-06-12T02:23:55.6242983+09:00       }
2026-06-12T02:23:55.6263359+09:00     ]
2026-06-12T02:23:55.6273410+09:00   },
2026-06-12T02:23:55.6293424+09:00   "step7_retry_poll": {
2026-06-12T02:23:55.6303409+09:00     "scanned": 7,
2026-06-12T02:23:55.6313407+09:00     "eligible": 4,
2026-06-12T02:23:55.6333630+09:00     "polled": 0,
2026-06-12T02:23:55.6343611+09:00     "retries_triggered": 0,
2026-06-12T02:23:55.6363624+09:00     "retry_errors": 0,
2026-06-12T02:23:55.6373621+09:00     "skipped": 0,
2026-06-12T02:23:55.6393617+09:00     "results": []
2026-06-12T02:23:55.6403622+09:00   }
2026-06-12T02:23:55.6420968+09:00 }
2026-06-12T02:23:55.6420968+09:00 OK run-once finished
2026-06-12T02:28:51.6758845+09:00 START dispatch-run-once
2026-06-12T02:28:52.0710719+09:00 
2026-06-12T02:28:52.0710719+09:00 > orchestrator
2026-06-12T02:28:52.0762004+09:00 > tsx src/cli/orchestrator.ts run-once --limit 10
2026-06-12T02:28:52.0762004+09:00 
2026-06-12T02:28:55.4020136+09:00 {
2026-06-12T02:28:55.4049064+09:00   "ensure_daily": {
2026-06-12T02:28:55.4089083+09:00     "runs": [
2026-06-12T02:28:55.4109068+09:00       {
2026-06-12T02:28:55.4109068+09:00         "run_id": "r01",
2026-06-12T02:28:55.4161364+09:00         "action": "not_due",
2026-06-12T02:28:55.4161364+09:00         "taskId": "daily-20260612-r01",
2026-06-12T02:28:55.4199064+09:00         "reason": "jst_hour=2"
2026-06-12T02:28:55.4220212+09:00       },
2026-06-12T02:28:55.4361748+09:00       {
2026-06-12T02:28:55.4409436+09:00         "run_id": "r02",
2026-06-12T02:28:55.4444705+09:00         "action": "not_due",
2026-06-12T02:28:55.4454794+09:00         "taskId": "daily-20260612-r02",
2026-06-12T02:28:55.4474790+09:00         "reason": "jst_hour=2"
2026-06-12T02:28:55.4494795+09:00       },
2026-06-12T02:28:55.4528399+09:00       {
2026-06-12T02:28:55.4528399+09:00         "run_id": "r03",
2026-06-12T02:28:55.4528399+09:00         "action": "not_due",
2026-06-12T02:28:55.4578707+09:00         "taskId": "daily-20260612-r03",
2026-06-12T02:28:55.4578707+09:00         "reason": "jst_hour=2"
2026-06-12T02:28:55.4578707+09:00       }
2026-06-12T02:28:55.4578707+09:00     ]
2026-06-12T02:28:55.4643532+09:00   },
2026-06-12T02:28:55.4664372+09:00   "reconcile": {
2026-06-12T02:28:55.4684340+09:00     "resetProcessing": 0,
2026-06-12T02:28:55.4705188+09:00     "inserted": 2,
2026-06-12T02:28:55.4715184+09:00     "scanned": 7,
2026-06-12T02:28:55.4735181+09:00     "stale": {
2026-06-12T02:28:55.4745179+09:00       "scanned": 7,
2026-06-12T02:28:55.4765207+09:00       "staleDetected": 0,
2026-06-12T02:28:55.4775173+09:00       "rolledBack": 0,
2026-06-12T02:28:55.4775173+09:00       "skippedCap": 0,
2026-06-12T02:28:55.4775173+09:00       "dryRun": false,
2026-06-12T02:28:55.4829294+09:00       "actions": []
2026-06-12T02:28:55.4829294+09:00     }
2026-06-12T02:28:55.4876019+09:00   },
2026-06-12T02:28:55.4886014+09:00   "dispatch": {
2026-06-12T02:28:55.4896005+09:00     "claimed": 2,
2026-06-12T02:28:55.4916023+09:00     "done": 2,
2026-06-12T02:28:55.4936034+09:00     "failed": 0
2026-06-12T02:28:55.4955266+09:00   },
2026-06-12T02:28:55.4970324+09:00   "step4_poll": {
2026-06-12T02:28:55.4980397+09:00     "scanned": 7,
2026-06-12T02:28:55.4990389+09:00     "awaiting": 2,
2026-06-12T02:28:55.5010399+09:00     "polled": 0,
2026-06-12T02:28:55.5020402+09:00     "picks_applied": 0,
2026-06-12T02:28:55.5027611+09:00     "pick_errors": 0,
2026-06-12T02:28:55.5027611+09:00     "timeouts": 0,
2026-06-12T02:28:55.5027611+09:00     "skipped": 0,
2026-06-12T02:28:55.5073907+09:00     "results": [
2026-06-12T02:28:55.5073907+09:00       {
2026-06-12T02:28:55.5115179+09:00         "task_id": "daily-20260611-r02",
2026-06-12T02:28:55.5125589+09:00         "result": {
2026-06-12T02:28:55.5135572+09:00           "outcome": "no_new_messages"
2026-06-12T02:28:55.5155581+09:00         }
2026-06-12T02:28:55.5165568+09:00       },
2026-06-12T02:28:55.5185587+09:00       {
2026-06-12T02:28:55.5205632+09:00         "task_id": "daily-20260611-r03",
2026-06-12T02:28:55.5215587+09:00         "result": {
2026-06-12T02:28:55.5235590+09:00           "outcome": "no_new_messages"
2026-06-12T02:28:55.5245580+09:00         }
2026-06-12T02:28:55.5265592+09:00       }
2026-06-12T02:28:55.5275586+09:00     ]
2026-06-12T02:28:55.5275586+09:00   },
2026-06-12T02:28:55.5275586+09:00   "step7_retry_poll": {
2026-06-12T02:28:55.5275586+09:00     "scanned": 7,
2026-06-12T02:28:55.5328632+09:00     "eligible": 4,
2026-06-12T02:28:55.5365694+09:00     "polled": 0,
2026-06-12T02:28:55.5386243+09:00     "retries_triggered": 0,
2026-06-12T02:28:55.5396243+09:00     "retry_errors": 0,
2026-06-12T02:28:55.5406232+09:00     "skipped": 0,
2026-06-12T02:28:55.5426241+09:00     "results": []
2026-06-12T02:28:55.5436239+09:00   }
2026-06-12T02:28:55.5454813+09:00 }
2026-06-12T02:28:55.5474801+09:00 OK run-once finished
2026-06-12T02:33:51.8118606+09:00 START dispatch-run-once
2026-06-12T02:33:52.2150126+09:00 
2026-06-12T02:33:52.2150126+09:00 > orchestrator
2026-06-12T02:33:52.2196871+09:00 > tsx src/cli/orchestrator.ts run-once --limit 10
2026-06-12T02:33:52.2196871+09:00 
2026-06-12T02:33:55.5421665+09:00 {
2026-06-12T02:33:55.5518434+09:00   "ensure_daily": {
2026-06-12T02:33:55.5596327+09:00     "runs": [
2026-06-12T02:33:55.5705369+09:00       {
2026-06-12T02:33:55.5788329+09:00         "run_id": "r01",
2026-06-12T02:33:55.5813501+09:00         "action": "not_due",
2026-06-12T02:33:55.5813501+09:00         "taskId": "daily-20260612-r01",
2026-06-12T02:33:55.5813501+09:00         "reason": "jst_hour=2"
2026-06-12T02:33:55.5867484+09:00       },
2026-06-12T02:33:55.6087612+09:00       {
2026-06-12T02:33:55.6107624+09:00         "run_id": "r02",
2026-06-12T02:33:55.6137635+09:00         "action": "not_due",
2026-06-12T02:33:55.6155270+09:00         "taskId": "daily-20260612-r02",
2026-06-12T02:33:55.6199938+09:00         "reason": "jst_hour=2"
2026-06-12T02:33:55.6199938+09:00       },
2026-06-12T02:33:55.6219993+09:00       {
2026-06-12T02:33:55.6219993+09:00         "run_id": "r03",
2026-06-12T02:33:55.6272962+09:00         "action": "not_due",
2026-06-12T02:33:55.6292981+09:00         "taskId": "daily-20260612-r03",
2026-06-12T02:33:55.6326939+09:00         "reason": "jst_hour=2"
2026-06-12T02:33:55.6358534+09:00       }
2026-06-12T02:33:55.6368933+09:00     ]
2026-06-12T02:33:55.6388559+09:00   },
2026-06-12T02:33:55.6398556+09:00   "reconcile": {
2026-06-12T02:33:55.6398556+09:00     "resetProcessing": 0,
2026-06-12T02:33:55.6448705+09:00     "inserted": 2,
2026-06-12T02:33:55.6501854+09:00     "scanned": 7,
2026-06-12T02:33:55.6534308+09:00     "stale": {
2026-06-12T02:33:55.6576762+09:00       "scanned": 7,
2026-06-12T02:33:55.6598307+09:00       "staleDetected": 0,
2026-06-12T02:33:55.6618297+09:00       "rolledBack": 0,
2026-06-12T02:33:55.6648298+09:00       "skippedCap": 0,
2026-06-12T02:33:55.6648298+09:00       "dryRun": false,
2026-06-12T02:33:55.6648298+09:00       "actions": []
2026-06-12T02:33:55.6699403+09:00     }
2026-06-12T02:33:55.6750564+09:00   },
2026-06-12T02:33:55.6770592+09:00   "dispatch": {
2026-06-12T02:33:55.6790573+09:00     "claimed": 2,
2026-06-12T02:33:55.6805629+09:00     "done": 2,
2026-06-12T02:33:55.6826722+09:00     "failed": 0
2026-06-12T02:33:55.6836721+09:00   },
2026-06-12T02:33:55.6856728+09:00   "step4_poll": {
2026-06-12T02:33:55.6876733+09:00     "scanned": 7,
2026-06-12T02:33:55.6896740+09:00     "awaiting": 2,
2026-06-12T02:33:55.6906608+09:00     "polled": 0,
2026-06-12T02:33:55.6906608+09:00     "picks_applied": 0,
2026-06-12T02:33:55.6947942+09:00     "pick_errors": 0,
2026-06-12T02:33:55.6947942+09:00     "timeouts": 0,
2026-06-12T02:33:55.6947942+09:00     "skipped": 0,
2026-06-12T02:33:55.6947942+09:00     "results": [
2026-06-12T02:33:55.7009453+09:00       {
2026-06-12T02:33:55.7030058+09:00         "task_id": "daily-20260611-r02",
2026-06-12T02:33:55.7050389+09:00         "result": {
2026-06-12T02:33:55.7066638+09:00           "outcome": "no_new_messages"
2026-06-12T02:33:55.7077299+09:00         }
2026-06-12T02:33:55.7097304+09:00       },
2026-06-12T02:33:55.7117331+09:00       {
2026-06-12T02:33:55.7127305+09:00         "task_id": "daily-20260611-r03",
2026-06-12T02:33:55.7147661+09:00         "result": {
2026-06-12T02:33:55.7147661+09:00           "outcome": "no_new_messages"
2026-06-12T02:33:55.7147661+09:00         }
2026-06-12T02:33:55.7202242+09:00       }
2026-06-12T02:33:55.7202242+09:00     ]
2026-06-12T02:33:55.7202242+09:00   },
2026-06-12T02:33:55.7254516+09:00   "step7_retry_poll": {
2026-06-12T02:33:55.7254516+09:00     "scanned": 7,
2026-06-12T02:33:55.7254516+09:00     "eligible": 4,
2026-06-12T02:33:55.7254516+09:00     "polled": 0,
2026-06-12T02:33:55.7333191+09:00     "retries_triggered": 0,
2026-06-12T02:33:55.7353161+09:00     "retry_errors": 0,
2026-06-12T02:33:55.7373177+09:00     "skipped": 0,
2026-06-12T02:33:55.7383150+09:00     "results": []
2026-06-12T02:33:55.7403479+09:00   }
2026-06-12T02:33:55.7413155+09:00 }
2026-06-12T02:33:55.7445715+09:00 OK run-once finished
2026-06-12T02:38:52.0803858+09:00 START dispatch-run-once
2026-06-12T02:38:52.4699522+09:00 
2026-06-12T02:38:52.4719164+09:00 > orchestrator
2026-06-12T02:38:52.4739198+09:00 > tsx src/cli/orchestrator.ts run-once --limit 10
2026-06-12T02:38:52.4759196+09:00 
2026-06-12T02:38:55.8322202+09:00 {
2026-06-12T02:38:55.8374511+09:00   "ensure_daily": {
2026-06-12T02:38:55.8537151+09:00     "runs": [
2026-06-12T02:38:55.8641182+09:00       {
2026-06-12T02:38:55.8742219+09:00         "run_id": "r01",
2026-06-12T02:38:55.8802988+09:00         "action": "not_due",
2026-06-12T02:38:55.8852550+09:00         "taskId": "daily-20260612-r01",
2026-06-12T02:38:55.8896634+09:00         "reason": "jst_hour=2"
2026-06-12T02:38:55.8926610+09:00       },
2026-06-12T02:38:55.9147271+09:00       {
2026-06-12T02:38:55.9167284+09:00         "run_id": "r02",
2026-06-12T02:38:55.9187975+09:00         "action": "not_due",
2026-06-12T02:38:55.9208596+09:00         "taskId": "daily-20260612-r02",
2026-06-12T02:38:55.9228585+09:00         "reason": "jst_hour=2"
2026-06-12T02:38:55.9248585+09:00       },
2026-06-12T02:38:55.9271951+09:00       {
2026-06-12T02:38:55.9271951+09:00         "run_id": "r03",
2026-06-12T02:38:55.9319812+09:00         "action": "not_due",
2026-06-12T02:38:55.9319812+09:00         "taskId": "daily-20260612-r03",
2026-06-12T02:38:55.9319812+09:00         "reason": "jst_hour=2"
2026-06-12T02:38:55.9382051+09:00       }
2026-06-12T02:38:55.9401843+09:00     ]
2026-06-12T02:38:55.9411522+09:00   },
2026-06-12T02:38:55.9431841+09:00   "reconcile": {
2026-06-12T02:38:55.9438236+09:00     "resetProcessing": 0,
2026-06-12T02:38:55.9454180+09:00     "inserted": 2,
2026-06-12T02:38:55.9474257+09:00     "scanned": 7,
2026-06-12T02:38:55.9494479+09:00     "stale": {
2026-06-12T02:38:55.9504264+09:00       "scanned": 7,
2026-06-12T02:38:55.9521836+09:00       "staleDetected": 0,
2026-06-12T02:38:55.9545602+09:00       "rolledBack": 0,
2026-06-12T02:38:55.9545602+09:00       "skippedCap": 0,
2026-06-12T02:38:55.9565669+09:00       "dryRun": false,
2026-06-12T02:38:55.9585762+09:00       "actions": []
2026-06-12T02:38:55.9610024+09:00     }
2026-06-12T02:38:55.9630914+09:00   },
2026-06-12T02:38:55.9640610+09:00   "dispatch": {
2026-06-12T02:38:55.9660919+09:00     "claimed": 2,
2026-06-12T02:38:55.9670576+09:00     "done": 2,
2026-06-12T02:38:55.9688325+09:00     "failed": 0
2026-06-12T02:38:55.9708999+09:00   },
2026-06-12T02:38:55.9718994+09:00   "step4_poll": {
2026-06-12T02:38:55.9728980+09:00     "scanned": 7,
2026-06-12T02:38:55.9744351+09:00     "awaiting": 2,
2026-06-12T02:38:55.9764635+09:00     "polled": 0,
2026-06-12T02:38:55.9781637+09:00     "picks_applied": 0,
2026-06-12T02:38:55.9791637+09:00     "pick_errors": 0,
2026-06-12T02:38:55.9801628+09:00     "timeouts": 0,
2026-06-12T02:38:55.9821636+09:00     "skipped": 0,
2026-06-12T02:38:55.9831631+09:00     "results": [
2026-06-12T02:38:55.9854913+09:00       {
2026-06-12T02:38:55.9854913+09:00         "task_id": "daily-20260611-r02",
2026-06-12T02:38:55.9854913+09:00         "result": {
2026-06-12T02:38:55.9902632+09:00           "outcome": "no_new_messages"
2026-06-12T02:38:55.9902632+09:00         }
2026-06-12T02:38:55.9902632+09:00       },
2026-06-12T02:38:55.9902632+09:00       {
2026-06-12T02:38:55.9968424+09:00         "task_id": "daily-20260611-r03",
2026-06-12T02:38:55.9989140+09:00         "result": {
2026-06-12T02:38:56.0009132+09:00           "outcome": "no_new_messages"
2026-06-12T02:38:56.0019120+09:00         }
2026-06-12T02:38:56.0031801+09:00       }
2026-06-12T02:38:56.0051805+09:00     ]
2026-06-12T02:38:56.0061801+09:00   },
2026-06-12T02:38:56.0081809+09:00   "step7_retry_poll": {
2026-06-12T02:38:56.0091809+09:00     "scanned": 7,
2026-06-12T02:38:56.0101799+09:00     "eligible": 4,
2026-06-12T02:38:56.0101799+09:00     "polled": 0,
2026-06-12T02:38:56.0101799+09:00     "retries_triggered": 0,
2026-06-12T02:38:56.0152895+09:00     "retry_errors": 0,
2026-06-12T02:38:56.0152895+09:00     "skipped": 0,
2026-06-12T02:38:56.0152895+09:00     "results": []
2026-06-12T02:38:56.0152895+09:00   }
2026-06-12T02:38:56.0204153+09:00 }
2026-06-12T02:38:56.0204153+09:00 OK run-once finished
2026-06-12T02:43:51.6045975+09:00 START dispatch-run-once
2026-06-12T02:43:51.9974581+09:00 
2026-06-12T02:43:51.9974581+09:00 > orchestrator
2026-06-12T02:43:52.0029054+09:00 > tsx src/cli/orchestrator.ts run-once --limit 10
2026-06-12T02:43:52.0029054+09:00 
2026-06-12T02:43:55.3361899+09:00 {
2026-06-12T02:43:55.3464709+09:00   "ensure_daily": {
2026-06-12T02:43:55.3580288+09:00     "runs": [
2026-06-12T02:43:55.3610158+09:00       {
2026-06-12T02:43:55.3630141+09:00         "run_id": "r01",
2026-06-12T02:43:55.3653587+09:00         "action": "not_due",
2026-06-12T02:43:55.3669754+09:00         "taskId": "daily-20260612-r01",
2026-06-12T02:43:55.3699741+09:00         "reason": "jst_hour=2"
2026-06-12T02:43:55.3709753+09:00       },
2026-06-12T02:43:55.3924782+09:00       {
2026-06-12T02:43:55.3944779+09:00         "run_id": "r02",
2026-06-12T02:43:55.3964755+09:00         "action": "not_due",
2026-06-12T02:43:55.3987585+09:00         "taskId": "daily-20260612-r02",
2026-06-12T02:43:55.3987585+09:00         "reason": "jst_hour=2"
2026-06-12T02:43:55.4025056+09:00       },
2026-06-12T02:43:55.4064762+09:00       {
2026-06-12T02:43:55.4085314+09:00         "run_id": "r03",
2026-06-12T02:43:55.4105301+09:00         "action": "not_due",
2026-06-12T02:43:55.4125608+09:00         "taskId": "daily-20260612-r03",
2026-06-12T02:43:55.4143394+09:00         "reason": "jst_hour=2"
2026-06-12T02:43:55.4164167+09:00       }
2026-06-12T02:43:55.4184162+09:00     ]
2026-06-12T02:43:55.4214203+09:00   },
2026-06-12T02:43:55.4224169+09:00   "reconcile": {
2026-06-12T02:43:55.4224169+09:00     "resetProcessing": 0,
2026-06-12T02:43:55.4224169+09:00     "inserted": 2,
2026-06-12T02:43:55.4278046+09:00     "scanned": 7,
2026-06-12T02:43:55.4310710+09:00     "stale": {
2026-06-12T02:43:55.4325768+09:00       "scanned": 7,
2026-06-12T02:43:55.4355757+09:00       "staleDetected": 0,
2026-06-12T02:43:55.4375750+09:00       "rolledBack": 0,
2026-06-12T02:43:55.4393920+09:00       "skippedCap": 0,
2026-06-12T02:43:55.4415143+09:00       "dryRun": false,
2026-06-12T02:43:55.4435156+09:00       "actions": []
2026-06-12T02:43:55.4455170+09:00     }
2026-06-12T02:43:55.4475146+09:00   },
2026-06-12T02:43:55.4475146+09:00   "dispatch": {
2026-06-12T02:43:55.4475146+09:00     "claimed": 2,
2026-06-12T02:43:55.4526496+09:00     "done": 2,
2026-06-12T02:43:55.4526496+09:00     "failed": 0
2026-06-12T02:43:55.4576681+09:00   },
2026-06-12T02:43:55.4596665+09:00   "step4_poll": {
2026-06-12T02:43:55.4616672+09:00     "scanned": 7,
2026-06-12T02:43:55.4626703+09:00     "awaiting": 2,
2026-06-12T02:43:55.4654752+09:00     "polled": 0,
2026-06-12T02:43:55.4664756+09:00     "picks_applied": 0,
2026-06-12T02:43:55.4684746+09:00     "pick_errors": 0,
2026-06-12T02:43:55.4704730+09:00     "timeouts": 0,
2026-06-12T02:43:55.4726509+09:00     "skipped": 0,
2026-06-12T02:43:55.4737271+09:00     "results": [
2026-06-12T02:43:55.4757273+09:00       {
2026-06-12T02:43:55.4767252+09:00         "task_id": "daily-20260611-r02",
2026-06-12T02:43:55.4787264+09:00         "result": {
2026-06-12T02:43:55.4807299+09:00           "outcome": "no_new_messages"
2026-06-12T02:43:55.4807299+09:00         }
2026-06-12T02:43:55.4807299+09:00       },
2026-06-12T02:43:55.4807299+09:00       {
2026-06-12T02:43:55.4860773+09:00         "task_id": "daily-20260611-r03",
2026-06-12T02:43:55.4860773+09:00         "result": {
2026-06-12T02:43:55.4860773+09:00           "outcome": "no_new_messages"
2026-06-12T02:43:55.4921251+09:00         }
2026-06-12T02:43:55.4941814+09:00       }
2026-06-12T02:43:55.4951812+09:00     ]
2026-06-12T02:43:55.4971803+09:00   },
2026-06-12T02:43:55.4987285+09:00   "step7_retry_poll": {
2026-06-12T02:43:55.5007423+09:00     "scanned": 7,
2026-06-12T02:43:55.5017386+09:00     "eligible": 4,
2026-06-12T02:43:55.5037394+09:00     "polled": 0,
2026-06-12T02:43:55.5047411+09:00     "retries_triggered": 0,
2026-06-12T02:43:55.5057405+09:00     "retry_errors": 0,
2026-06-12T02:43:55.5057405+09:00     "skipped": 0,
2026-06-12T02:43:55.5109796+09:00     "results": []
2026-06-12T02:43:55.5109796+09:00   }
2026-06-12T02:43:55.5109796+09:00 }
2026-06-12T02:43:55.5163501+09:00 OK run-once finished
2026-06-12T02:48:52.3683269+09:00 START dispatch-run-once
2026-06-12T02:48:52.8696403+09:00 
2026-06-12T02:48:52.8716406+09:00 > orchestrator
2026-06-12T02:48:52.8736390+09:00 > tsx src/cli/orchestrator.ts run-once --limit 10
2026-06-12T02:48:52.8756394+09:00 
2026-06-12T02:48:56.5629224+09:00 {
2026-06-12T02:48:56.5659228+09:00   "ensure_daily": {
2026-06-12T02:48:56.5679249+09:00     "runs": [
2026-06-12T02:48:56.5707020+09:00       {
2026-06-12T02:48:56.5727094+09:00         "run_id": "r01",
2026-06-12T02:48:56.5747168+09:00         "action": "not_due",
2026-06-12T02:48:56.5781551+09:00         "taskId": "daily-20260612-r01",
2026-06-12T02:48:56.5801540+09:00         "reason": "jst_hour=2"
2026-06-12T02:48:56.5821536+09:00       },
2026-06-12T02:48:56.6030093+09:00       {
2026-06-12T02:48:56.6058635+09:00         "run_id": "r02",
2026-06-12T02:48:56.6078702+09:00         "action": "not_due",
2026-06-12T02:48:56.6088776+09:00         "taskId": "daily-20260612-r02",
2026-06-12T02:48:56.6109724+09:00         "reason": "jst_hour=2"
2026-06-12T02:48:56.6139701+09:00       },
2026-06-12T02:48:56.6149701+09:00       {
2026-06-12T02:48:56.6169691+09:00         "run_id": "r03",
2026-06-12T02:48:56.6179691+09:00         "action": "not_due",
2026-06-12T02:48:56.6179691+09:00         "taskId": "daily-20260612-r03",
2026-06-12T02:48:56.6179691+09:00         "reason": "jst_hour=2"
2026-06-12T02:48:56.6234064+09:00       }
2026-06-12T02:48:56.6261479+09:00     ]
2026-06-12T02:48:56.6269119+09:00   },
2026-06-12T02:48:56.6289535+09:00   "reconcile": {
2026-06-12T02:48:56.6299674+09:00     "resetProcessing": 0,
2026-06-12T02:48:56.6319532+09:00     "inserted": 2,
2026-06-12T02:48:56.6329554+09:00     "scanned": 7,
2026-06-12T02:48:56.6348436+09:00     "stale": {
2026-06-12T02:48:56.6369060+09:00       "scanned": 7,
2026-06-12T02:48:56.6389062+09:00       "staleDetected": 0,
2026-06-12T02:48:56.6415768+09:00       "rolledBack": 0,
2026-06-12T02:48:56.6431960+09:00       "skippedCap": 0,
2026-06-12T02:48:56.6452621+09:00       "dryRun": false,
2026-06-12T02:48:56.6462622+09:00       "actions": []
2026-06-12T02:48:56.6482625+09:00     }
2026-06-12T02:48:56.6492664+09:00   },
2026-06-12T02:48:56.6512621+09:00   "dispatch": {
2026-06-12T02:48:56.6512621+09:00     "claimed": 2,
2026-06-12T02:48:56.6512621+09:00     "done": 2,
2026-06-12T02:48:56.6565983+09:00     "failed": 0
2026-06-12T02:48:56.6565983+09:00   },
2026-06-12T02:48:56.6565983+09:00   "step4_poll": {
2026-06-12T02:48:56.6620058+09:00     "scanned": 7,
2026-06-12T02:48:56.6620058+09:00     "awaiting": 2,
2026-06-12T02:48:56.6620058+09:00     "polled": 0,
2026-06-12T02:48:56.6620058+09:00     "picks_applied": 0,
2026-06-12T02:48:56.6676942+09:00     "pick_errors": 0,
2026-06-12T02:48:56.6694614+09:00     "timeouts": 0,
2026-06-12T02:48:56.6714688+09:00     "skipped": 0,
2026-06-12T02:48:56.6724682+09:00     "results": [
2026-06-12T02:48:56.6735069+09:00       {
2026-06-12T02:48:56.6755008+09:00         "task_id": "daily-20260611-r02",
2026-06-12T02:48:56.6764688+09:00         "result": {
2026-06-12T02:48:56.6787184+09:00           "outcome": "no_new_messages"
2026-06-12T02:48:56.6797173+09:00         }
2026-06-12T02:48:56.6807183+09:00       },
2026-06-12T02:48:56.6827179+09:00       {
2026-06-12T02:48:56.6847180+09:00         "task_id": "daily-20260611-r03",
2026-06-12T02:48:56.6858662+09:00         "result": {
2026-06-12T02:48:56.6868668+09:00           "outcome": "no_new_messages"
2026-06-12T02:48:56.6868668+09:00         }
2026-06-12T02:48:56.6868668+09:00       }
2026-06-12T02:48:56.6920221+09:00     ]
2026-06-12T02:48:56.6920221+09:00   },
2026-06-12T02:48:56.6920221+09:00   "step7_retry_poll": {
2026-06-12T02:48:56.6920221+09:00     "scanned": 7,
2026-06-12T02:48:56.6977570+09:00     "eligible": 4,
2026-06-12T02:48:56.6991629+09:00     "polled": 0,
2026-06-12T02:48:56.7001629+09:00     "retries_triggered": 0,
2026-06-12T02:48:56.7025106+09:00     "retry_errors": 0,
2026-06-12T02:48:56.7035096+09:00     "skipped": 0,
2026-06-12T02:48:56.7045100+09:00     "results": []
2026-06-12T02:48:56.7065102+09:00   }
2026-06-12T02:48:56.7075099+09:00 }
2026-06-12T02:48:56.7095162+09:00 OK run-once finished
2026-06-12T02:53:51.6398389+09:00 START dispatch-run-once
2026-06-12T02:53:52.0635572+09:00 
2026-06-12T02:53:52.0635572+09:00 > orchestrator
2026-06-12T02:53:52.0686690+09:00 > tsx src/cli/orchestrator.ts run-once --limit 10
2026-06-12T02:53:52.0686690+09:00 
2026-06-12T02:53:54.9917593+09:00 {
2026-06-12T02:53:54.9995770+09:00   "ensure_daily": {
2026-06-12T02:53:55.0045685+09:00     "runs": [
2026-06-12T02:53:55.0087154+09:00       {
2026-06-12T02:53:55.0117148+09:00         "run_id": "r01",
2026-06-12T02:53:55.0137110+09:00         "action": "not_due",
2026-06-12T02:53:55.0137110+09:00         "taskId": "daily-20260612-r01",
2026-06-12T02:53:55.0177627+09:00         "reason": "jst_hour=2"
2026-06-12T02:53:55.0197716+09:00       },
2026-06-12T02:53:55.0385549+09:00       {
2026-06-12T02:53:55.0407967+09:00         "run_id": "r02",
2026-06-12T02:53:55.0407967+09:00         "action": "not_due",
2026-06-12T02:53:55.0438149+09:00         "taskId": "daily-20260612-r02",
2026-06-12T02:53:55.0485303+09:00         "reason": "jst_hour=2"
2026-06-12T02:53:55.0505300+09:00       },
2026-06-12T02:53:55.0515290+09:00       {
2026-06-12T02:53:55.0535294+09:00         "run_id": "r03",
2026-06-12T02:53:55.0564868+09:00         "action": "not_due",
2026-06-12T02:53:55.0594879+09:00         "taskId": "daily-20260612-r03",
2026-06-12T02:53:55.0605520+09:00         "reason": "jst_hour=2"
2026-06-12T02:53:55.0625584+09:00       }
2026-06-12T02:53:55.0635578+09:00     ]
2026-06-12T02:53:55.0635578+09:00   },
2026-06-12T02:53:55.0664869+09:00   "reconcile": {
2026-06-12T02:53:55.0687415+09:00     "resetProcessing": 0,
2026-06-12T02:53:55.0687415+09:00     "inserted": 2,
2026-06-12T02:53:55.0724597+09:00     "scanned": 7,
2026-06-12T02:53:55.0735109+09:00     "stale": {
2026-06-12T02:53:55.0755078+09:00       "scanned": 7,
2026-06-12T02:53:55.0775070+09:00       "staleDetected": 0,
2026-06-12T02:53:55.0785065+09:00       "rolledBack": 0,
2026-06-12T02:53:55.0803581+09:00       "skippedCap": 0,
2026-06-12T02:53:55.0825415+09:00       "dryRun": false,
2026-06-12T02:53:55.0845396+09:00       "actions": []
2026-06-12T02:53:55.0865389+09:00     }
2026-06-12T02:53:55.0878431+09:00   },
2026-06-12T02:53:55.0887502+09:00   "dispatch": {
2026-06-12T02:53:55.0887502+09:00     "claimed": 2,
2026-06-12T02:53:55.0887502+09:00     "done": 2,
2026-06-12T02:53:55.0927795+09:00     "failed": 0
2026-06-12T02:53:55.0946711+09:00   },
2026-06-12T02:53:55.0974631+09:00   "step4_poll": {
2026-06-12T02:53:55.0985149+09:00     "scanned": 7,
2026-06-12T02:53:55.1005134+09:00     "awaiting": 2,
2026-06-12T02:53:55.1015152+09:00     "polled": 0,
2026-06-12T02:53:55.1035140+09:00     "picks_applied": 0,
2026-06-12T02:53:55.1045149+09:00     "pick_errors": 0,
2026-06-12T02:53:55.1064904+09:00     "timeouts": 0,
2026-06-12T02:53:55.1084896+09:00     "skipped": 0,
2026-06-12T02:53:55.1104875+09:00     "results": [
2026-06-12T02:53:55.1114883+09:00       {
2026-06-12T02:53:55.1124872+09:00         "task_id": "daily-20260611-r02",
2026-06-12T02:53:55.1134877+09:00         "result": {
2026-06-12T02:53:55.1134877+09:00           "outcome": "no_new_messages"
2026-06-12T02:53:55.1134877+09:00         }
2026-06-12T02:53:55.1186960+09:00       },
2026-06-12T02:53:55.1186960+09:00       {
2026-06-12T02:53:55.1235564+09:00         "task_id": "daily-20260611-r03",
2026-06-12T02:53:55.1245577+09:00         "result": {
2026-06-12T02:53:55.1265618+09:00           "outcome": "no_new_messages"
2026-06-12T02:53:55.1275646+09:00         }
2026-06-12T02:53:55.1285644+09:00       }
2026-06-12T02:53:55.1303670+09:00     ]
2026-06-12T02:53:55.1325147+09:00   },
2026-06-12T02:53:55.1335132+09:00   "step7_retry_poll": {
2026-06-12T02:53:55.1355111+09:00     "scanned": 7,
2026-06-12T02:53:55.1365120+09:00     "eligible": 4,
2026-06-12T02:53:55.1385116+09:00     "polled": 0,
2026-06-12T02:53:55.1385116+09:00     "retries_triggered": 0,
2026-06-12T02:53:55.1411956+09:00     "retry_errors": 0,
2026-06-12T02:53:55.1411956+09:00     "skipped": 0,
2026-06-12T02:53:55.1438735+09:00     "results": []
2026-06-12T02:53:55.1438735+09:00   }
2026-06-12T02:53:55.1474252+09:00 }
2026-06-12T02:53:55.1494696+09:00 OK run-once finished
2026-06-12T02:58:52.3580649+09:00 START dispatch-run-once
2026-06-12T02:58:52.7541007+09:00 
2026-06-12T02:58:52.7560035+09:00 > orchestrator
2026-06-12T02:58:52.7579991+09:00 > tsx src/cli/orchestrator.ts run-once --limit 10
2026-06-12T02:58:52.7593982+09:00 
2026-06-12T02:58:56.0525368+09:00 {
2026-06-12T02:58:56.0641289+09:00   "ensure_daily": {
2026-06-12T02:58:56.0741803+09:00     "runs": [
2026-06-12T02:58:56.0813656+09:00       {
2026-06-12T02:58:56.0813656+09:00         "run_id": "r01",
2026-06-12T02:58:56.0866229+09:00         "action": "not_due",
2026-06-12T02:58:56.0866229+09:00         "taskId": "daily-20260612-r01",
2026-06-12T02:58:56.0866229+09:00         "reason": "jst_hour=2"
2026-06-12T02:58:56.0931780+09:00       },
2026-06-12T02:58:56.1113078+09:00       {
2026-06-12T02:58:56.1113078+09:00         "run_id": "r02",
2026-06-12T02:58:56.1164798+09:00         "action": "not_due",
2026-06-12T02:58:56.1164798+09:00         "taskId": "daily-20260612-r02",
2026-06-12T02:58:56.1227071+09:00         "reason": "jst_hour=2"
2026-06-12T02:58:56.1257825+09:00       },
2026-06-12T02:58:56.1289320+09:00       {
2026-06-12T02:58:56.1309316+09:00         "run_id": "r03",
2026-06-12T02:58:56.1329321+09:00         "action": "not_due",
2026-06-12T02:58:56.1342581+09:00         "taskId": "daily-20260612-r03",
2026-06-12T02:58:56.1342581+09:00         "reason": "jst_hour=2"
2026-06-12T02:58:56.1390039+09:00       }
2026-06-12T02:58:56.1390039+09:00     ]
2026-06-12T02:58:56.1442411+09:00   },
2026-06-12T02:58:56.1442411+09:00   "reconcile": {
2026-06-12T02:58:56.1442411+09:00     "resetProcessing": 0,
2026-06-12T02:58:56.1501832+09:00     "inserted": 2,
2026-06-12T02:58:56.1521738+09:00     "scanned": 7,
2026-06-12T02:58:56.1551754+09:00     "stale": {
2026-06-12T02:58:56.1561762+09:00       "scanned": 7,
2026-06-12T02:58:56.1581743+09:00       "staleDetected": 0,
2026-06-12T02:58:56.1601751+09:00       "rolledBack": 0,
2026-06-12T02:58:56.1624047+09:00       "skippedCap": 0,
2026-06-12T02:58:56.1654060+09:00       "dryRun": false,
2026-06-12T02:58:56.1674072+09:00       "actions": []
2026-06-12T02:58:56.1695758+09:00     }
2026-06-12T02:58:56.1695758+09:00   },
2026-06-12T02:58:56.1695758+09:00   "dispatch": {
2026-06-12T02:58:56.1747475+09:00     "claimed": 2,
2026-06-12T02:58:56.1747475+09:00     "done": 2,
2026-06-12T02:58:56.1747475+09:00     "failed": 0
2026-06-12T02:58:56.1809951+09:00   },
2026-06-12T02:58:56.1830735+09:00   "step4_poll": {
2026-06-12T02:58:56.1853338+09:00     "scanned": 7,
2026-06-12T02:58:56.1873312+09:00     "awaiting": 2,
2026-06-12T02:58:56.1893328+09:00     "polled": 0,
2026-06-12T02:58:56.1903322+09:00     "picks_applied": 0,
2026-06-12T02:58:56.1923338+09:00     "pick_errors": 0,
2026-06-12T02:58:56.1923338+09:00     "timeouts": 0,
2026-06-12T02:58:56.1923338+09:00     "skipped": 0,
2026-06-12T02:58:56.1976644+09:00     "results": [
2026-06-12T02:58:56.1976644+09:00       {
2026-06-12T02:58:56.1976644+09:00         "task_id": "daily-20260611-r02",
2026-06-12T02:58:56.2027186+09:00         "result": {
2026-06-12T02:58:56.2027186+09:00           "outcome": "no_new_messages"
2026-06-12T02:58:56.2027186+09:00         }
2026-06-12T02:58:56.2027186+09:00       },
2026-06-12T02:58:56.2088085+09:00       {
2026-06-12T02:58:56.2108649+09:00         "task_id": "daily-20260611-r03",
2026-06-12T02:58:56.2128641+09:00         "result": {
2026-06-12T02:58:56.2138648+09:00           "outcome": "no_new_messages"
2026-06-12T02:58:56.2158635+09:00         }
2026-06-12T02:58:56.2178657+09:00       }
2026-06-12T02:58:56.2188645+09:00     ]
2026-06-12T02:58:56.2210746+09:00   },
2026-06-12T02:58:56.2230741+09:00   "step7_retry_poll": {
2026-06-12T02:58:56.2250737+09:00     "scanned": 7,
2026-06-12T02:58:56.2269233+09:00     "eligible": 4,
2026-06-12T02:58:56.2279280+09:00     "polled": 0,
2026-06-12T02:58:56.2279280+09:00     "retries_triggered": 0,
2026-06-12T02:58:56.2279280+09:00     "retry_errors": 0,
2026-06-12T02:58:56.2332157+09:00     "skipped": 0,
2026-06-12T02:58:56.2332157+09:00     "results": []
2026-06-12T02:58:56.2332157+09:00   }
2026-06-12T02:58:56.2332157+09:00 }
2026-06-12T02:58:56.2406701+09:00 OK run-once finished
2026-06-12T03:03:52.2064886+09:00 START dispatch-run-once
2026-06-12T03:03:52.6951785+09:00 
2026-06-12T03:03:52.6979473+09:00 > orchestrator
2026-06-12T03:03:52.7001205+09:00 > tsx src/cli/orchestrator.ts run-once --limit 10
2026-06-12T03:03:52.7029743+09:00 
2026-06-12T03:03:56.0840720+09:00 {
2026-06-12T03:03:56.0860721+09:00   "ensure_daily": {
2026-06-12T03:03:56.0880669+09:00     "runs": [
2026-06-12T03:03:56.0880669+09:00       {
2026-06-12T03:03:56.0921358+09:00         "run_id": "r01",
2026-06-12T03:03:56.0921358+09:00         "action": "not_due",
2026-06-12T03:03:56.0921358+09:00         "taskId": "daily-20260612-r01",
2026-06-12T03:03:56.0978239+09:00         "reason": "jst_hour=3"
2026-06-12T03:03:56.0988225+09:00       },
2026-06-12T03:03:56.1180410+09:00       {
2026-06-12T03:03:56.1219789+09:00         "run_id": "r02",
2026-06-12T03:03:56.1240409+09:00         "action": "not_due",
2026-06-12T03:03:56.1260412+09:00         "taskId": "daily-20260612-r02",
2026-06-12T03:03:56.1280411+09:00         "reason": "jst_hour=3"
2026-06-12T03:03:56.1314255+09:00       },
2026-06-12T03:03:56.1341345+09:00       {
2026-06-12T03:03:56.1362835+09:00         "run_id": "r03",
2026-06-12T03:03:56.1385751+09:00         "action": "not_due",
2026-06-12T03:03:56.1401745+09:00         "taskId": "daily-20260612-r03",
2026-06-12T03:03:56.1423719+09:00         "reason": "jst_hour=3"
2026-06-12T03:03:56.1433758+09:00       }
2026-06-12T03:03:56.1468530+09:00     ]
2026-06-12T03:03:56.1488985+09:00   },
2026-06-12T03:03:56.1509296+09:00   "reconcile": {
2026-06-12T03:03:56.1528951+09:00     "resetProcessing": 0,
2026-06-12T03:03:56.1547696+09:00     "inserted": 2,
2026-06-12T03:03:56.1558403+09:00     "scanned": 7,
2026-06-12T03:03:56.1578412+09:00     "stale": {
2026-06-12T03:03:56.1608411+09:00       "scanned": 7,
2026-06-12T03:03:56.1628412+09:00       "staleDetected": 0,
2026-06-12T03:03:56.1628412+09:00       "rolledBack": 0,
2026-06-12T03:03:56.1659266+09:00       "skippedCap": 0,
2026-06-12T03:03:56.1679337+09:00       "dryRun": false,
2026-06-12T03:03:56.1721008+09:00       "actions": []
2026-06-12T03:03:56.1741743+09:00     }
2026-06-12T03:03:56.1761745+09:00   },
2026-06-12T03:03:56.1771754+09:00   "dispatch": {
2026-06-12T03:03:56.1792088+09:00     "claimed": 2,
2026-06-12T03:03:56.1808725+09:00     "done": 2,
2026-06-12T03:03:56.1818406+09:00     "failed": 0
2026-06-12T03:03:56.1838378+09:00   },
2026-06-12T03:03:56.1858385+09:00   "step4_poll": {
2026-06-12T03:03:56.1878380+09:00     "scanned": 7,
2026-06-12T03:03:56.1878380+09:00     "awaiting": 2,
2026-06-12T03:03:56.1930642+09:00     "polled": 0,
2026-06-12T03:03:56.1930642+09:00     "picks_applied": 0,
2026-06-12T03:03:56.1930642+09:00     "pick_errors": 0,
2026-06-12T03:03:56.1980945+09:00     "timeouts": 0,
2026-06-12T03:03:56.1995033+09:00     "skipped": 0,
2026-06-12T03:03:56.2015572+09:00     "results": [
2026-06-12T03:03:56.2035564+09:00       {
2026-06-12T03:03:56.2046951+09:00         "task_id": "daily-20260611-r02",
2026-06-12T03:03:56.2067642+09:00         "result": {
2026-06-12T03:03:56.2087642+09:00           "outcome": "no_new_messages"
2026-06-12T03:03:56.2097630+09:00         }
2026-06-12T03:03:56.2117640+09:00       },
2026-06-12T03:03:56.2127637+09:00       {
2026-06-12T03:03:56.2127637+09:00         "task_id": "daily-20260611-r03",
2026-06-12T03:03:56.2127637+09:00         "result": {
2026-06-12T03:03:56.2179452+09:00           "outcome": "no_new_messages"
2026-06-12T03:03:56.2179452+09:00         }
2026-06-12T03:03:56.2179452+09:00       }
2026-06-12T03:03:56.2230277+09:00     ]
2026-06-12T03:03:56.2230277+09:00   },
2026-06-12T03:03:56.2230277+09:00   "step7_retry_poll": {
2026-06-12T03:03:56.2290247+09:00     "scanned": 7,
2026-06-12T03:03:56.2310330+09:00     "eligible": 4,
2026-06-12T03:03:56.2330328+09:00     "polled": 0,
2026-06-12T03:03:56.2350325+09:00     "retries_triggered": 0,
2026-06-12T03:03:56.2360319+09:00     "retry_errors": 0,
2026-06-12T03:03:56.2380329+09:00     "skipped": 0,
2026-06-12T03:03:56.2390314+09:00     "results": []
2026-06-12T03:03:56.2412568+09:00   }
2026-06-12T03:03:56.2432555+09:00 }
2026-06-12T03:03:56.2462574+09:00 OK run-once finished
2026-06-12T03:08:53.0587344+09:00 START dispatch-run-once
2026-06-12T03:08:53.5013199+09:00 
2026-06-12T03:08:53.5093202+09:00 > orchestrator
2026-06-12T03:08:53.5117514+09:00 > tsx src/cli/orchestrator.ts run-once --limit 10
2026-06-12T03:08:53.5117514+09:00 
2026-06-12T03:08:56.8715749+09:00 {
2026-06-12T03:08:56.8808911+09:00   "ensure_daily": {
2026-06-12T03:08:56.8889569+09:00     "runs": [
2026-06-12T03:08:56.9008816+09:00       {
2026-06-12T03:08:56.9088747+09:00         "run_id": "r01",
2026-06-12T03:08:56.9136942+09:00         "action": "not_due",
2026-06-12T03:08:56.9188560+09:00         "taskId": "daily-20260612-r01",
2026-06-12T03:08:56.9257000+09:00         "reason": "jst_hour=3"
2026-06-12T03:08:56.9287050+09:00       },
2026-06-12T03:08:56.9496879+09:00       {
2026-06-12T03:08:56.9496879+09:00         "run_id": "r02",
2026-06-12T03:08:56.9567597+09:00         "action": "not_due",
2026-06-12T03:08:56.9585817+09:00         "taskId": "daily-20260612-r02",
2026-06-12T03:08:56.9616617+09:00         "reason": "jst_hour=3"
2026-06-12T03:08:56.9626609+09:00       },
2026-06-12T03:08:56.9656590+09:00       {
2026-06-12T03:08:56.9666634+09:00         "run_id": "r03",
2026-06-12T03:08:56.9666634+09:00         "action": "not_due",
2026-06-12T03:08:56.9666634+09:00         "taskId": "daily-20260612-r03",
2026-06-12T03:08:56.9718316+09:00         "reason": "jst_hour=3"
2026-06-12T03:08:56.9739175+09:00       }
2026-06-12T03:08:56.9744408+09:00     ]
2026-06-12T03:08:56.9769438+09:00   },
2026-06-12T03:08:56.9775394+09:00   "reconcile": {
2026-06-12T03:08:56.9775394+09:00     "resetProcessing": 0,
2026-06-12T03:08:56.9775394+09:00     "inserted": 2,
2026-06-12T03:08:56.9840030+09:00     "scanned": 7,
2026-06-12T03:08:56.9880030+09:00     "stale": {
2026-06-12T03:08:56.9900018+09:00       "scanned": 7,
2026-06-12T03:08:56.9920049+09:00       "staleDetected": 0,
2026-06-12T03:08:56.9952007+09:00       "rolledBack": 0,
2026-06-12T03:08:56.9972018+09:00       "skippedCap": 0,
2026-06-12T03:08:56.9992003+09:00       "dryRun": false,
2026-06-12T03:08:57.0002066+09:00       "actions": []
2026-06-12T03:08:57.0022802+09:00     }
2026-06-12T03:08:57.0022802+09:00   },
2026-06-12T03:08:57.0022802+09:00   "dispatch": {
2026-06-12T03:08:57.0022802+09:00     "claimed": 2,
2026-06-12T03:08:57.0077888+09:00     "done": 2,
2026-06-12T03:08:57.0077888+09:00     "failed": 0
2026-06-12T03:08:57.0077888+09:00   },
2026-06-12T03:08:57.0077888+09:00   "step4_poll": {
2026-06-12T03:08:57.0137032+09:00     "scanned": 7,
2026-06-12T03:08:57.0157560+09:00     "awaiting": 2,
2026-06-12T03:08:57.0167553+09:00     "polled": 0,
2026-06-12T03:08:57.0178902+09:00     "picks_applied": 0,
2026-06-12T03:08:57.0198902+09:00     "pick_errors": 0,
2026-06-12T03:08:57.0208890+09:00     "timeouts": 0,
2026-06-12T03:08:57.0228898+09:00     "skipped": 0,
2026-06-12T03:08:57.0238901+09:00     "results": [
2026-06-12T03:08:57.0252080+09:00       {
2026-06-12T03:08:57.0252080+09:00         "task_id": "daily-20260611-r02",
2026-06-12T03:08:57.0252080+09:00         "result": {
2026-06-12T03:08:57.0299016+09:00           "outcome": "no_new_messages"
2026-06-12T03:08:57.0299016+09:00         }
2026-06-12T03:08:57.0299016+09:00       },
2026-06-12T03:08:57.0351631+09:00       {
2026-06-12T03:08:57.0351631+09:00         "task_id": "daily-20260611-r03",
2026-06-12T03:08:57.0351631+09:00         "result": {
2026-06-12T03:08:57.0351631+09:00           "outcome": "no_new_messages"
2026-06-12T03:08:57.0416708+09:00         }
2026-06-12T03:08:57.0437617+09:00       }
2026-06-12T03:08:57.0452785+09:00     ]
2026-06-12T03:08:57.0472774+09:00   },
2026-06-12T03:08:57.0482772+09:00   "step7_retry_poll": {
2026-06-12T03:08:57.0502765+09:00     "scanned": 7,
2026-06-12T03:08:57.0512770+09:00     "eligible": 4,
2026-06-12T03:08:57.0524664+09:00     "polled": 0,
2026-06-12T03:08:57.0544665+09:00     "retries_triggered": 0,
2026-06-12T03:08:57.0554654+09:00     "retry_errors": 0,
2026-06-12T03:08:57.0574700+09:00     "skipped": 0,
2026-06-12T03:08:57.0584683+09:00     "results": []
2026-06-12T03:08:57.0605735+09:00   }
2026-06-12T03:08:57.0605735+09:00 }
2026-06-12T03:08:57.0605735+09:00 OK run-once finished
2026-06-12T03:13:52.4542586+09:00 START dispatch-run-once
2026-06-12T03:13:52.8508738+09:00 
2026-06-12T03:13:52.8541688+09:00 > orchestrator
2026-06-12T03:13:52.8556051+09:00 > tsx src/cli/orchestrator.ts run-once --limit 10
2026-06-12T03:13:52.8576061+09:00 
2026-06-12T03:13:56.3404490+09:00 {
2026-06-12T03:13:56.3506684+09:00   "ensure_daily": {
2026-06-12T03:13:56.3595346+09:00     "runs": [
2026-06-12T03:13:56.3721919+09:00       {
2026-06-12T03:13:56.3806809+09:00         "run_id": "r01",
2026-06-12T03:13:56.3860964+09:00         "action": "not_due",
2026-06-12T03:13:56.3895027+09:00         "taskId": "daily-20260612-r01",
2026-06-12T03:13:56.3925824+09:00         "reason": "jst_hour=3"
2026-06-12T03:13:56.3979288+09:00       },
2026-06-12T03:13:56.4171273+09:00       {
2026-06-12T03:13:56.4171273+09:00         "run_id": "r02",
2026-06-12T03:13:56.4221522+09:00         "action": "not_due",
2026-06-12T03:13:56.4221522+09:00         "taskId": "daily-20260612-r02",
2026-06-12T03:13:56.4301511+09:00         "reason": "jst_hour=3"
2026-06-12T03:13:56.4331464+09:00       },
2026-06-12T03:13:56.4361449+09:00       {
2026-06-12T03:13:56.4374605+09:00         "run_id": "r03",
2026-06-12T03:13:56.4374605+09:00         "action": "not_due",
2026-06-12T03:13:56.4374605+09:00         "taskId": "daily-20260612-r03",
2026-06-12T03:13:56.4421653+09:00         "reason": "jst_hour=3"
2026-06-12T03:13:56.4421653+09:00       }
2026-06-12T03:13:56.4474974+09:00     ]
2026-06-12T03:13:56.4474974+09:00   },
2026-06-12T03:13:56.4474974+09:00   "reconcile": {
2026-06-12T03:13:56.4474974+09:00     "resetProcessing": 0,
2026-06-12T03:13:56.4528676+09:00     "inserted": 2,
2026-06-12T03:13:56.4528676+09:00     "scanned": 7,
2026-06-12T03:13:56.4528676+09:00     "stale": {
2026-06-12T03:13:56.4528676+09:00       "scanned": 7,
2026-06-12T03:13:56.4589762+09:00       "staleDetected": 0,
2026-06-12T03:13:56.4610416+09:00       "rolledBack": 0,
2026-06-12T03:13:56.4623965+09:00       "skippedCap": 0,
2026-06-12T03:13:56.4644606+09:00       "dryRun": false,
2026-06-12T03:13:56.4654595+09:00       "actions": []
2026-06-12T03:13:56.4674610+09:00     }
2026-06-12T03:13:56.4694604+09:00   },
2026-06-12T03:13:56.4704600+09:00   "dispatch": {
2026-06-12T03:13:56.4704600+09:00     "claimed": 2,
2026-06-12T03:13:56.4704600+09:00     "done": 2,
2026-06-12T03:13:56.4704600+09:00     "failed": 0
2026-06-12T03:13:56.4755482+09:00   },
2026-06-12T03:13:56.4755482+09:00   "step4_poll": {
2026-06-12T03:13:56.4755482+09:00     "scanned": 7,
2026-06-12T03:13:56.4806300+09:00     "awaiting": 2,
2026-06-12T03:13:56.4806300+09:00     "polled": 0,
2026-06-12T03:13:56.4806300+09:00     "picks_applied": 0,
2026-06-12T03:13:56.4806300+09:00     "pick_errors": 0,
2026-06-12T03:13:56.4865190+09:00     "timeouts": 0,
2026-06-12T03:13:56.4884106+09:00     "skipped": 0,
2026-06-12T03:13:56.4894128+09:00     "results": [
2026-06-12T03:13:56.4914098+09:00       {
2026-06-12T03:13:56.4924099+09:00         "task_id": "daily-20260611-r02",
2026-06-12T03:13:56.4934082+09:00         "result": {
2026-06-12T03:13:56.4957339+09:00           "outcome": "no_new_messages"
2026-06-12T03:13:56.4957339+09:00         }
2026-06-12T03:13:56.4957339+09:00       },
2026-06-12T03:13:56.4957339+09:00       {
2026-06-12T03:13:56.5006532+09:00         "task_id": "daily-20260611-r03",
2026-06-12T03:13:56.5006532+09:00         "result": {
2026-06-12T03:13:56.5056786+09:00           "outcome": "no_new_messages"
2026-06-12T03:13:56.5056786+09:00         }
2026-06-12T03:13:56.5056786+09:00       }
2026-06-12T03:13:56.5056786+09:00     ]
2026-06-12T03:13:56.5110457+09:00   },
2026-06-12T03:13:56.5110457+09:00   "step7_retry_poll": {
2026-06-12T03:13:56.5110457+09:00     "scanned": 7,
2026-06-12T03:13:56.5110457+09:00     "eligible": 4,
2026-06-12T03:13:56.5176580+09:00     "polled": 0,
2026-06-12T03:13:56.5187087+09:00     "retries_triggered": 0,
2026-06-12T03:13:56.5207040+09:00     "retry_errors": 0,
2026-06-12T03:13:56.5217658+09:00     "skipped": 0,
2026-06-12T03:13:56.5237659+09:00     "results": []
2026-06-12T03:13:56.5247648+09:00   }
2026-06-12T03:13:56.5267656+09:00 }
2026-06-12T03:13:56.5287651+09:00 OK run-once finished
2026-06-12T03:18:51.9637344+09:00 START dispatch-run-once
2026-06-12T03:18:52.4038585+09:00 
2026-06-12T03:18:52.4058539+09:00 > orchestrator
2026-06-12T03:18:52.4078584+09:00 > tsx src/cli/orchestrator.ts run-once --limit 10
2026-06-12T03:18:52.4078584+09:00 
2026-06-12T03:18:55.7382172+09:00 {
2026-06-12T03:18:55.7437173+09:00   "ensure_daily": {
2026-06-12T03:18:55.7451876+09:00     "runs": [
2026-06-12T03:18:55.7477101+09:00       {
2026-06-12T03:18:55.7496314+09:00         "run_id": "r01",
2026-06-12T03:18:55.7517111+09:00         "action": "not_due",
2026-06-12T03:18:55.7537106+09:00         "taskId": "daily-20260612-r01",
2026-06-12T03:18:55.7547127+09:00         "reason": "jst_hour=3"
2026-06-12T03:18:55.7567119+09:00       },
2026-06-12T03:18:55.7767764+09:00       {
2026-06-12T03:18:55.7797755+09:00         "run_id": "r02",
2026-06-12T03:18:55.7817743+09:00         "action": "not_due",
2026-06-12T03:18:55.7827754+09:00         "taskId": "daily-20260612-r02",
2026-06-12T03:18:55.7870102+09:00         "reason": "jst_hour=3"
2026-06-12T03:18:55.7880175+09:00       },
2026-06-12T03:18:55.7919001+09:00       {
2026-06-12T03:18:55.7939599+09:00         "run_id": "r03",
2026-06-12T03:18:55.7959583+09:00         "action": "not_due",
2026-06-12T03:18:55.7979597+09:00         "taskId": "daily-20260612-r03",
2026-06-12T03:18:55.8007884+09:00         "reason": "jst_hour=3"
2026-06-12T03:18:55.8027850+09:00       }
2026-06-12T03:18:55.8054362+09:00     ]
2026-06-12T03:18:55.8079580+09:00   },
2026-06-12T03:18:55.8100361+09:00   "reconcile": {
2026-06-12T03:18:55.8120359+09:00     "resetProcessing": 0,
2026-06-12T03:18:55.8130357+09:00     "inserted": 2,
2026-06-12T03:18:55.8160326+09:00     "scanned": 7,
2026-06-12T03:18:55.8160326+09:00     "stale": {
2026-06-12T03:18:55.8160326+09:00       "scanned": 7,
2026-06-12T03:18:55.8211562+09:00       "staleDetected": 0,
2026-06-12T03:18:55.8211562+09:00       "rolledBack": 0,
2026-06-12T03:18:55.8211562+09:00       "skippedCap": 0,
2026-06-12T03:18:55.8297925+09:00       "dryRun": false,
2026-06-12T03:18:55.8317997+09:00       "actions": []
2026-06-12T03:18:55.8340576+09:00     }
2026-06-12T03:18:55.8360573+09:00   },
2026-06-12T03:18:55.8380584+09:00   "dispatch": {
2026-06-12T03:18:55.8390602+09:00     "claimed": 2,
2026-06-12T03:18:55.8410579+09:00     "done": 2,
2026-06-12T03:18:55.8410579+09:00     "failed": 0
2026-06-12T03:18:55.8410579+09:00   },
2026-06-12T03:18:55.8462172+09:00   "step4_poll": {
2026-06-12T03:18:55.8462172+09:00     "scanned": 7,
2026-06-12T03:18:55.8462172+09:00     "awaiting": 2,
2026-06-12T03:18:55.8512596+09:00     "polled": 0,
2026-06-12T03:18:55.8512596+09:00     "picks_applied": 0,
2026-06-12T03:18:55.8512596+09:00     "pick_errors": 0,
2026-06-12T03:18:55.8574302+09:00     "timeouts": 0,
2026-06-12T03:18:55.8594949+09:00     "skipped": 0,
2026-06-12T03:18:55.8604935+09:00     "results": [
2026-06-12T03:18:55.8624932+09:00       {
2026-06-12T03:18:55.8634958+09:00         "task_id": "daily-20260611-r02",
2026-06-12T03:18:55.8664948+09:00         "result": {
2026-06-12T03:18:55.8687137+09:00           "outcome": "no_new_messages"
2026-06-12T03:18:55.8697163+09:00         }
2026-06-12T03:18:55.8717170+09:00       },
2026-06-12T03:18:55.8740246+09:00       {
2026-06-12T03:18:55.8756373+09:00         "task_id": "daily-20260611-r03",
2026-06-12T03:18:55.8777656+09:00         "result": {
2026-06-12T03:18:55.8787698+09:00           "outcome": "no_new_messages"
2026-06-12T03:18:55.8807682+09:00         }
2026-06-12T03:18:55.8827693+09:00       }
2026-06-12T03:18:55.8827693+09:00     ]
2026-06-12T03:18:55.8827693+09:00   },
2026-06-12T03:18:55.8877851+09:00   "step7_retry_poll": {
2026-06-12T03:18:55.8877851+09:00     "scanned": 7,
2026-06-12T03:18:55.8877851+09:00     "eligible": 4,
2026-06-12T03:18:55.8948866+09:00     "polled": 0,
2026-06-12T03:18:55.8958854+09:00     "retries_triggered": 0,
2026-06-12T03:18:55.8978863+09:00     "retry_errors": 0,
2026-06-12T03:18:55.9007746+09:00     "skipped": 0,
2026-06-12T03:18:55.9027733+09:00     "results": []
2026-06-12T03:18:55.9047744+09:00   }
2026-06-12T03:18:55.9067716+09:00 }
2026-06-12T03:18:55.9077748+09:00 OK run-once finished
2026-06-12T03:23:52.4533507+09:00 START dispatch-run-once
2026-06-12T03:23:52.8498275+09:00 
2026-06-12T03:23:52.8518289+09:00 > orchestrator
2026-06-12T03:23:52.8535221+09:00 > tsx src/cli/orchestrator.ts run-once --limit 10
2026-06-12T03:23:52.8556025+09:00 
2026-06-12T03:23:56.1674352+09:00 {
2026-06-12T03:23:56.1727087+09:00   "ensure_daily": {
2026-06-12T03:23:56.1781057+09:00     "runs": [
2026-06-12T03:23:56.1805314+09:00       {
2026-06-12T03:23:56.1825313+09:00         "run_id": "r01",
2026-06-12T03:23:56.1845315+09:00         "action": "not_due",
2026-06-12T03:23:56.1865311+09:00         "taskId": "daily-20260612-r01",
2026-06-12T03:23:56.1865311+09:00         "reason": "jst_hour=3"
2026-06-12T03:23:56.1865311+09:00       },
2026-06-12T03:23:56.2081245+09:00       {
2026-06-12T03:23:56.2101822+09:00         "run_id": "r02",
2026-06-12T03:23:56.2128875+09:00         "action": "not_due",
2026-06-12T03:23:56.2148880+09:00         "taskId": "daily-20260612-r02",
2026-06-12T03:23:56.2158891+09:00         "reason": "jst_hour=3"
2026-06-12T03:23:56.2178913+09:00       },
2026-06-12T03:23:56.2199020+09:00       {
2026-06-12T03:23:56.2199020+09:00         "run_id": "r03",
2026-06-12T03:23:56.2250041+09:00         "action": "not_due",
2026-06-12T03:23:56.2263508+09:00         "taskId": "daily-20260612-r03",
2026-06-12T03:23:56.2284920+09:00         "reason": "jst_hour=3"
2026-06-12T03:23:56.2299672+09:00       }
2026-06-12T03:23:56.2309325+09:00     ]
2026-06-12T03:23:56.2329647+09:00   },
2026-06-12T03:23:56.2339325+09:00   "reconcile": {
2026-06-12T03:23:56.2349666+09:00     "resetProcessing": 0,
2026-06-12T03:23:56.2388931+09:00     "inserted": 2,
2026-06-12T03:23:56.2408899+09:00     "scanned": 7,
2026-06-12T03:23:56.2418875+09:00     "stale": {
2026-06-12T03:23:56.2439895+09:00       "scanned": 7,
2026-06-12T03:23:56.2449961+09:00       "staleDetected": 0,
2026-06-12T03:23:56.2449961+09:00       "rolledBack": 0,
2026-06-12T03:23:56.2495893+09:00       "skippedCap": 0,
2026-06-12T03:23:56.2517540+09:00       "dryRun": false,
2026-06-12T03:23:56.2533330+09:00       "actions": []
2026-06-12T03:23:56.2554952+09:00     }
2026-06-12T03:23:56.2565405+09:00   },
2026-06-12T03:23:56.2581130+09:00   "dispatch": {
2026-06-12T03:23:56.2596905+09:00     "claimed": 2,
2026-06-12T03:23:56.2606983+09:00     "done": 2,
2026-06-12T03:23:56.2628463+09:00     "failed": 0
2026-06-12T03:23:56.2638452+09:00   },
2026-06-12T03:23:56.2658458+09:00   "step4_poll": {
2026-06-12T03:23:56.2673976+09:00     "scanned": 7,
2026-06-12T03:23:56.2684293+09:00     "awaiting": 2,
2026-06-12T03:23:56.2700784+09:00     "polled": 0,
2026-06-12T03:23:56.2711389+09:00     "picks_applied": 0,
2026-06-12T03:23:56.2731385+09:00     "pick_errors": 0,
2026-06-12T03:23:56.2741375+09:00     "timeouts": 0,
2026-06-12T03:23:56.2761413+09:00     "skipped": 0,
2026-06-12T03:23:56.2771382+09:00     "results": [
2026-06-12T03:23:56.2781383+09:00       {
2026-06-12T03:23:56.2781383+09:00         "task_id": "daily-20260611-r02",
2026-06-12T03:23:56.2781383+09:00         "result": {
2026-06-12T03:23:56.2834962+09:00           "outcome": "no_new_messages"
2026-06-12T03:23:56.2834962+09:00         }
2026-06-12T03:23:56.2857431+09:00       },
2026-06-12T03:23:56.2857431+09:00       {
2026-06-12T03:23:56.2886332+09:00         "task_id": "daily-20260611-r03",
2026-06-12T03:23:56.2886332+09:00         "result": {
2026-06-12T03:23:56.2886332+09:00           "outcome": "no_new_messages"
2026-06-12T03:23:56.2948001+09:00         }
2026-06-12T03:23:56.2958999+09:00       }
2026-06-12T03:23:56.2978846+09:00     ]
2026-06-12T03:23:56.2988839+09:00   },
2026-06-12T03:23:56.3009196+09:00   "step7_retry_poll": {
2026-06-12T03:23:56.3019181+09:00     "scanned": 7,
2026-06-12T03:23:56.3039178+09:00     "eligible": 4,
2026-06-12T03:23:56.3048862+09:00     "polled": 0,
2026-06-12T03:23:56.3061539+09:00     "retries_triggered": 0,
2026-06-12T03:23:56.3081443+09:00     "retry_errors": 0,
2026-06-12T03:23:56.3101141+09:00     "skipped": 0,
2026-06-12T03:23:56.3128678+09:00     "results": []
2026-06-12T03:23:56.3138659+09:00   }
2026-06-12T03:23:56.3138659+09:00 }
2026-06-12T03:23:56.3138659+09:00 OK run-once finished
2026-06-12T03:28:52.1271254+09:00 START dispatch-run-once
2026-06-12T03:28:52.5215898+09:00 
2026-06-12T03:28:52.5215898+09:00 > orchestrator
2026-06-12T03:28:52.5273226+09:00 > tsx src/cli/orchestrator.ts run-once --limit 10
2026-06-12T03:28:52.5288014+09:00 
2026-06-12T03:28:55.9156000+09:00 {
2026-06-12T03:28:55.9207680+09:00   "ensure_daily": {
2026-06-12T03:28:55.9240007+09:00     "runs": [
2026-06-12T03:28:55.9254481+09:00       {
2026-06-12T03:28:55.9274477+09:00         "run_id": "r01",
2026-06-12T03:28:55.9294470+09:00         "action": "not_due",
2026-06-12T03:28:55.9322782+09:00         "taskId": "daily-20260612-r01",
2026-06-12T03:28:55.9344050+09:00         "reason": "jst_hour=3"
2026-06-12T03:28:55.9354044+09:00       },
2026-06-12T03:28:55.9531960+09:00       {
2026-06-12T03:28:55.9531960+09:00         "run_id": "r02",
2026-06-12T03:28:55.9585370+09:00         "action": "not_due",
2026-06-12T03:28:55.9585370+09:00         "taskId": "daily-20260612-r02",
2026-06-12T03:28:55.9585370+09:00         "reason": "jst_hour=3"
2026-06-12T03:28:55.9656456+09:00       },
2026-06-12T03:28:55.9677607+09:00       {
2026-06-12T03:28:55.9707621+09:00         "run_id": "r03",
2026-06-12T03:28:55.9727629+09:00         "action": "not_due",
2026-06-12T03:28:55.9737620+09:00         "taskId": "daily-20260612-r03",
2026-06-12T03:28:55.9737620+09:00         "reason": "jst_hour=3"
2026-06-12T03:28:55.9737620+09:00       }
2026-06-12T03:28:55.9791876+09:00     ]
2026-06-12T03:28:55.9791876+09:00   },
2026-06-12T03:28:55.9791876+09:00   "reconcile": {
2026-06-12T03:28:55.9791876+09:00     "resetProcessing": 0,
2026-06-12T03:28:55.9846664+09:00     "inserted": 2,
2026-06-12T03:28:55.9846664+09:00     "scanned": 7,
2026-06-12T03:28:55.9846664+09:00     "stale": {
2026-06-12T03:28:55.9897907+09:00       "scanned": 7,
2026-06-12T03:28:55.9916018+09:00       "staleDetected": 0,
2026-06-12T03:28:55.9937922+09:00       "rolledBack": 0,
2026-06-12T03:28:55.9957848+09:00       "skippedCap": 0,
2026-06-12T03:28:55.9977856+09:00       "dryRun": false,
2026-06-12T03:28:55.9987826+09:00       "actions": []
2026-06-12T03:28:56.0010582+09:00     }
2026-06-12T03:28:56.0020588+09:00   },
2026-06-12T03:28:56.0040587+09:00   "dispatch": {
2026-06-12T03:28:56.0050576+09:00     "claimed": 2,
2026-06-12T03:28:56.0070581+09:00     "done": 2,
2026-06-12T03:28:56.0073751+09:00     "failed": 0
2026-06-12T03:28:56.0073751+09:00   },
2026-06-12T03:28:56.0122224+09:00   "step4_poll": {
2026-06-12T03:28:56.0122224+09:00     "scanned": 7,
2026-06-12T03:28:56.0122224+09:00     "awaiting": 2,
2026-06-12T03:28:56.0122224+09:00     "polled": 0,
2026-06-12T03:28:56.0175718+09:00     "picks_applied": 0,
2026-06-12T03:28:56.0175718+09:00     "pick_errors": 0,
2026-06-12T03:28:56.0175718+09:00     "timeouts": 0,
2026-06-12T03:28:56.0175718+09:00     "skipped": 0,
2026-06-12T03:28:56.0242966+09:00     "results": [
2026-06-12T03:28:56.0263051+09:00       {
2026-06-12T03:28:56.0273052+09:00         "task_id": "daily-20260611-r02",
2026-06-12T03:28:56.0283058+09:00         "result": {
2026-06-12T03:28:56.0303053+09:00           "outcome": "no_new_messages"
2026-06-12T03:28:56.0313133+09:00         }
2026-06-12T03:28:56.0333122+09:00       },
2026-06-12T03:28:56.0345654+09:00       {
2026-06-12T03:28:56.0355644+09:00         "task_id": "daily-20260611-r03",
2026-06-12T03:28:56.0375652+09:00         "result": {
2026-06-12T03:28:56.0395670+09:00           "outcome": "no_new_messages"
2026-06-12T03:28:56.0416908+09:00         }
2026-06-12T03:28:56.0426933+09:00       }
2026-06-12T03:28:56.0458382+09:00     ]
2026-06-12T03:28:56.0479838+09:00   },
2026-06-12T03:28:56.0479838+09:00   "step7_retry_poll": {
2026-06-12T03:28:56.0479838+09:00     "scanned": 7,
2026-06-12T03:28:56.0479838+09:00     "eligible": 4,
2026-06-12T03:28:56.0550047+09:00     "polled": 0,
2026-06-12T03:28:56.0560062+09:00     "retries_triggered": 0,
2026-06-12T03:28:56.0573360+09:00     "retry_errors": 0,
2026-06-12T03:28:56.0593376+09:00     "skipped": 0,
2026-06-12T03:28:56.0603367+09:00     "results": []
2026-06-12T03:28:56.0623376+09:00   }
2026-06-12T03:28:56.0633378+09:00 }
2026-06-12T03:28:56.0653380+09:00 OK run-once finished
2026-06-12T03:33:52.0699665+09:00 START dispatch-run-once
2026-06-12T03:33:52.4667506+09:00 
2026-06-12T03:33:52.4687508+09:00 > orchestrator
2026-06-12T03:33:52.4712400+09:00 > tsx src/cli/orchestrator.ts run-once --limit 10
2026-06-12T03:33:52.4712400+09:00 
2026-06-12T03:33:55.8297589+09:00 {
2026-06-12T03:33:55.8317593+09:00   "ensure_daily": {
2026-06-12T03:33:55.8347580+09:00     "runs": [
2026-06-12T03:33:55.8372439+09:00       {
2026-06-12T03:33:55.8392517+09:00         "run_id": "r01",
2026-06-12T03:33:55.8412543+09:00         "action": "not_due",
2026-06-12T03:33:55.8422534+09:00         "taskId": "daily-20260612-r01",
2026-06-12T03:33:55.8444483+09:00         "reason": "jst_hour=3"
2026-06-12T03:33:55.8465177+09:00       },
2026-06-12T03:33:55.8630166+09:00       {
2026-06-12T03:33:55.8630166+09:00         "run_id": "r02",
2026-06-12T03:33:55.8630166+09:00         "action": "not_due",
2026-06-12T03:33:55.8699991+09:00         "taskId": "daily-20260612-r02",
2026-06-12T03:33:55.8719959+09:00         "reason": "jst_hour=3"
2026-06-12T03:33:55.8749975+09:00       },
2026-06-12T03:33:55.8769986+09:00       {
2026-06-12T03:33:55.8779949+09:00         "run_id": "r03",
2026-06-12T03:33:55.8802745+09:00         "action": "not_due",
2026-06-12T03:33:55.8822643+09:00         "taskId": "daily-20260612-r03",
2026-06-12T03:33:55.8842651+09:00         "reason": "jst_hour=3"
2026-06-12T03:33:55.8872448+09:00       }
2026-06-12T03:33:55.8882435+09:00     ]
2026-06-12T03:33:55.8882435+09:00   },
2026-06-12T03:33:55.8909222+09:00   "reconcile": {
2026-06-12T03:33:55.8933426+09:00     "resetProcessing": 0,
2026-06-12T03:33:55.8933426+09:00     "inserted": 2,
2026-06-12T03:33:55.8933426+09:00     "scanned": 7,
2026-06-12T03:33:55.8933426+09:00     "stale": {
2026-06-12T03:33:55.9000524+09:00       "scanned": 7,
2026-06-12T03:33:55.9028125+09:00       "staleDetected": 0,
2026-06-12T03:33:55.9048924+09:00       "rolledBack": 0,
2026-06-12T03:33:55.9068920+09:00       "skippedCap": 0,
2026-06-12T03:33:55.9078923+09:00       "dryRun": false,
2026-06-12T03:33:55.9098927+09:00       "actions": []
2026-06-12T03:33:55.9108932+09:00     }
2026-06-12T03:33:55.9108932+09:00   },
2026-06-12T03:33:55.9108932+09:00   "dispatch": {
2026-06-12T03:33:55.9162662+09:00     "claimed": 2,
2026-06-12T03:33:55.9162662+09:00     "done": 2,
2026-06-12T03:33:55.9162662+09:00     "failed": 0
2026-06-12T03:33:55.9212840+09:00   },
2026-06-12T03:33:55.9212840+09:00   "step4_poll": {
2026-06-12T03:33:55.9212840+09:00     "scanned": 7,
2026-06-12T03:33:55.9212840+09:00     "awaiting": 2,
2026-06-12T03:33:55.9274521+09:00     "polled": 0,
2026-06-12T03:33:55.9295416+09:00     "picks_applied": 0,
2026-06-12T03:33:55.9305108+09:00     "pick_errors": 0,
2026-06-12T03:33:55.9315438+09:00     "timeouts": 0,
2026-06-12T03:33:55.9335084+09:00     "skipped": 0,
2026-06-12T03:33:55.9345087+09:00     "results": [
2026-06-12T03:33:55.9365441+09:00       {
2026-06-12T03:33:55.9375090+09:00         "task_id": "daily-20260611-r02",
2026-06-12T03:33:55.9397940+09:00         "result": {
2026-06-12T03:33:55.9407588+09:00           "outcome": "no_new_messages"
2026-06-12T03:33:55.9427609+09:00         }
2026-06-12T03:33:55.9445156+09:00       },
2026-06-12T03:33:55.9455403+09:00       {
2026-06-12T03:33:55.9465752+09:00         "task_id": "daily-20260611-r03",
2026-06-12T03:33:55.9465752+09:00         "result": {
2026-06-12T03:33:55.9465752+09:00           "outcome": "no_new_messages"
2026-06-12T03:33:55.9517217+09:00         }
2026-06-12T03:33:55.9536734+09:00       }
2026-06-12T03:33:55.9557387+09:00     ]
2026-06-12T03:33:55.9567390+09:00   },
2026-06-12T03:33:55.9587387+09:00   "step7_retry_poll": {
2026-06-12T03:33:55.9597393+09:00     "scanned": 7,
2026-06-12T03:33:55.9611372+09:00     "eligible": 4,
2026-06-12T03:33:55.9632328+09:00     "polled": 0,
2026-06-12T03:33:55.9641997+09:00     "retries_triggered": 0,
2026-06-12T03:33:55.9651988+09:00     "retry_errors": 0,
2026-06-12T03:33:55.9672343+09:00     "skipped": 0,
2026-06-12T03:33:55.9695043+09:00     "results": []
2026-06-12T03:33:55.9695043+09:00   }
2026-06-12T03:33:55.9695043+09:00 }
2026-06-12T03:33:55.9742143+09:00 OK run-once finished
2026-06-12T03:38:52.0151162+09:00 START dispatch-run-once
2026-06-12T03:38:52.4136144+09:00 
2026-06-12T03:38:52.4166585+09:00 > orchestrator
2026-06-12T03:38:52.4166585+09:00 > tsx src/cli/orchestrator.ts run-once --limit 10
2026-06-12T03:38:52.4234016+09:00 
2026-06-12T03:38:55.8018581+09:00 {
2026-06-12T03:38:55.8055999+09:00   "ensure_daily": {
2026-06-12T03:38:55.8092522+09:00     "runs": [
2026-06-12T03:38:55.8112501+09:00       {
2026-06-12T03:38:55.8132497+09:00         "run_id": "r01",
2026-06-12T03:38:55.8149975+09:00         "action": "not_due",
2026-06-12T03:38:55.8170684+09:00         "taskId": "daily-20260612-r01",
2026-06-12T03:38:55.8190762+09:00         "reason": "jst_hour=3"
2026-06-12T03:38:55.8210766+09:00       },
2026-06-12T03:38:55.8416917+09:00       {
2026-06-12T03:38:55.8436981+09:00         "run_id": "r02",
2026-06-12T03:38:55.8456613+09:00         "action": "not_due",
2026-06-12T03:38:55.8476614+09:00         "taskId": "daily-20260612-r02",
2026-06-12T03:38:55.8496615+09:00         "reason": "jst_hour=3"
2026-06-12T03:38:55.8508567+09:00       },
2026-06-12T03:38:55.8528584+09:00       {
2026-06-12T03:38:55.8558605+09:00         "run_id": "r03",
2026-06-12T03:38:55.8577634+09:00         "action": "not_due",
2026-06-12T03:38:55.8587619+09:00         "taskId": "daily-20260612-r03",
2026-06-12T03:38:55.8606480+09:00         "reason": "jst_hour=3"
2026-06-12T03:38:55.8606480+09:00       }
2026-06-12T03:38:55.8637909+09:00     ]
2026-06-12T03:38:55.8637909+09:00   },
2026-06-12T03:38:55.8637909+09:00   "reconcile": {
2026-06-12T03:38:55.8637909+09:00     "resetProcessing": 0,
2026-06-12T03:38:55.8700079+09:00     "inserted": 2,
2026-06-12T03:38:55.8720975+09:00     "scanned": 7,
2026-06-12T03:38:55.8733895+09:00     "stale": {
2026-06-12T03:38:55.8753901+09:00       "scanned": 7,
2026-06-12T03:38:55.8773907+09:00       "staleDetected": 0,
2026-06-12T03:38:55.8783908+09:00       "rolledBack": 0,
2026-06-12T03:38:55.8803908+09:00       "skippedCap": 0,
2026-06-12T03:38:55.8813904+09:00       "dryRun": false,
2026-06-12T03:38:55.8813904+09:00       "actions": []
2026-06-12T03:38:55.8864085+09:00     }
2026-06-12T03:38:55.8864085+09:00   },
2026-06-12T03:38:55.8903658+09:00   "dispatch": {
2026-06-12T03:38:55.8914115+09:00     "claimed": 2,
2026-06-12T03:38:55.8934110+09:00     "done": 2,
2026-06-12T03:38:55.8942923+09:00     "failed": 0
2026-06-12T03:38:55.8962990+09:00   },
2026-06-12T03:38:55.8983004+09:00   "step4_poll": {
2026-06-12T03:38:55.9004221+09:00     "scanned": 7,
2026-06-12T03:38:55.9024221+09:00     "awaiting": 2,
2026-06-12T03:38:55.9034218+09:00     "polled": 0,
2026-06-12T03:38:55.9044216+09:00     "picks_applied": 0,
2026-06-12T03:38:55.9064210+09:00     "pick_errors": 0,
2026-06-12T03:38:55.9064210+09:00     "timeouts": 0,
2026-06-12T03:38:55.9064210+09:00     "skipped": 0,
2026-06-12T03:38:55.9064210+09:00     "results": [
2026-06-12T03:38:55.9114725+09:00       {
2026-06-12T03:38:55.9114725+09:00         "task_id": "daily-20260611-r02",
2026-06-12T03:38:55.9153800+09:00         "result": {
2026-06-12T03:38:55.9164195+09:00           "outcome": "no_new_messages"
2026-06-12T03:38:55.9184264+09:00         }
2026-06-12T03:38:55.9194253+09:00       },
2026-06-12T03:38:55.9214262+09:00       {
2026-06-12T03:38:55.9224255+09:00         "task_id": "daily-20260611-r03",
2026-06-12T03:38:55.9232857+09:00         "result": {
2026-06-12T03:38:55.9254657+09:00           "outcome": "no_new_messages"
2026-06-12T03:38:55.9264653+09:00         }
2026-06-12T03:38:55.9284649+09:00       }
2026-06-12T03:38:55.9294637+09:00     ]
2026-06-12T03:38:55.9304651+09:00   },
2026-06-12T03:38:55.9321411+09:00   "step7_retry_poll": {
2026-06-12T03:38:55.9321411+09:00     "scanned": 7,
2026-06-12T03:38:55.9355969+09:00     "eligible": 4,
2026-06-12T03:38:55.9355969+09:00     "polled": 0,
2026-06-12T03:38:55.9355969+09:00     "retries_triggered": 0,
2026-06-12T03:38:55.9400038+09:00     "retry_errors": 0,
2026-06-12T03:38:55.9414172+09:00     "skipped": 0,
2026-06-12T03:38:55.9424159+09:00     "results": []
2026-06-12T03:38:55.9444159+09:00   }
2026-06-12T03:38:55.9454164+09:00 }
2026-06-12T03:38:55.9474161+09:00 OK run-once finished
2026-06-12T03:43:52.1689972+09:00 START dispatch-run-once
2026-06-12T03:43:52.5587550+09:00 
2026-06-12T03:43:52.5616765+09:00 > orchestrator
2026-06-12T03:43:52.5646842+09:00 > tsx src/cli/orchestrator.ts run-once --limit 10
2026-06-12T03:43:52.5662869+09:00 
2026-06-12T03:43:55.8769225+09:00 {
2026-06-12T03:43:55.8821090+09:00   "ensure_daily": {
2026-06-12T03:43:55.8841225+09:00     "runs": [
2026-06-12T03:43:55.8859127+09:00       {
2026-06-12T03:43:55.8879723+09:00         "run_id": "r01",
2026-06-12T03:43:55.8899773+09:00         "action": "not_due",
2026-06-12T03:43:55.8909766+09:00         "taskId": "daily-20260612-r01",
2026-06-12T03:43:55.8938798+09:00         "reason": "jst_hour=3"
2026-06-12T03:43:55.8970029+09:00       },
2026-06-12T03:43:55.9151243+09:00       {
2026-06-12T03:43:55.9171236+09:00         "run_id": "r02",
2026-06-12T03:43:55.9188784+09:00         "action": "not_due",
2026-06-12T03:43:55.9210253+09:00         "taskId": "daily-20260612-r02",
2026-06-12T03:43:55.9237488+09:00         "reason": "jst_hour=3"
2026-06-12T03:43:55.9257477+09:00       },
2026-06-12T03:43:55.9271933+09:00       {
2026-06-12T03:43:55.9292720+09:00         "run_id": "r03",
2026-06-12T03:43:55.9312722+09:00         "action": "not_due",
2026-06-12T03:43:55.9322720+09:00         "taskId": "daily-20260612-r03",
2026-06-12T03:43:55.9342727+09:00         "reason": "jst_hour=3"
2026-06-12T03:43:55.9352711+09:00       }
2026-06-12T03:43:55.9352711+09:00     ]
2026-06-12T03:43:55.9352711+09:00   },
2026-06-12T03:43:55.9402952+09:00   "reconcile": {
2026-06-12T03:43:55.9402952+09:00     "resetProcessing": 0,
2026-06-12T03:43:55.9402952+09:00     "inserted": 2,
2026-06-12T03:43:55.9402952+09:00     "scanned": 7,
2026-06-12T03:43:55.9457324+09:00     "stale": {
2026-06-12T03:43:55.9457324+09:00       "scanned": 7,
2026-06-12T03:43:55.9507949+09:00       "staleDetected": 0,
2026-06-12T03:43:55.9540826+09:00       "rolledBack": 0,
2026-06-12T03:43:55.9570807+09:00       "skippedCap": 0,
2026-06-12T03:43:55.9581146+09:00       "dryRun": false,
2026-06-12T03:43:55.9601133+09:00       "actions": []
2026-06-12T03:43:55.9615889+09:00     }
2026-06-12T03:43:55.9636285+09:00   },
2026-06-12T03:43:55.9645979+09:00   "dispatch": {
2026-06-12T03:43:55.9656284+09:00     "claimed": 2,
2026-06-12T03:43:55.9685960+09:00     "done": 2,
2026-06-12T03:43:55.9698572+09:00     "failed": 0
2026-06-12T03:43:55.9698572+09:00   },
2026-06-12T03:43:55.9726541+09:00   "step4_poll": {
2026-06-12T03:43:55.9726541+09:00     "scanned": 7,
2026-06-12T03:43:55.9751865+09:00     "awaiting": 2,
2026-06-12T03:43:55.9751865+09:00     "polled": 0,
2026-06-12T03:43:55.9751865+09:00     "picks_applied": 0,
2026-06-12T03:43:55.9801969+09:00     "pick_errors": 0,
2026-06-12T03:43:55.9821115+09:00     "timeouts": 0,
2026-06-12T03:43:55.9831100+09:00     "skipped": 0,
2026-06-12T03:43:55.9851108+09:00     "results": [
2026-06-12T03:43:55.9860547+09:00       {
2026-06-12T03:43:55.9870620+09:00         "task_id": "daily-20260611-r02",
2026-06-12T03:43:55.9890615+09:00         "result": {
2026-06-12T03:43:55.9900618+09:00           "outcome": "no_new_messages"
2026-06-12T03:43:55.9920619+09:00         }
2026-06-12T03:43:55.9930628+09:00       },
2026-06-12T03:43:55.9938505+09:00       {
2026-06-12T03:43:55.9938505+09:00         "task_id": "daily-20260611-r03",
2026-06-12T03:43:55.9938505+09:00         "result": {
2026-06-12T03:43:55.9982872+09:00           "outcome": "no_new_messages"
2026-06-12T03:43:55.9982872+09:00         }
2026-06-12T03:43:55.9982872+09:00       }
2026-06-12T03:43:56.0034061+09:00     ]
2026-06-12T03:43:56.0034061+09:00   },
2026-06-12T03:43:56.0034061+09:00   "step7_retry_poll": {
2026-06-12T03:43:56.0034061+09:00     "scanned": 7,
2026-06-12T03:43:56.0095805+09:00     "eligible": 4,
2026-06-12T03:43:56.0116045+09:00     "polled": 0,
2026-06-12T03:43:56.0126032+09:00     "retries_triggered": 0,
2026-06-12T03:43:56.0146034+09:00     "retry_errors": 0,
2026-06-12T03:43:56.0156049+09:00     "skipped": 0,
2026-06-12T03:43:56.0166046+09:00     "results": []
2026-06-12T03:43:56.0186047+09:00   }
2026-06-12T03:43:56.0186047+09:00 }
2026-06-12T03:43:56.0186047+09:00 OK run-once finished
2026-06-12T03:48:52.7576448+09:00 START dispatch-run-once
2026-06-12T03:48:53.1443750+09:00 
2026-06-12T03:48:53.1443750+09:00 > orchestrator
2026-06-12T03:48:53.1495344+09:00 > tsx src/cli/orchestrator.ts run-once --limit 10
2026-06-12T03:48:53.1495344+09:00 
2026-06-12T03:48:56.4665271+09:00 {
2026-06-12T03:48:56.4825863+09:00   "ensure_daily": {
2026-06-12T03:48:56.4939867+09:00     "runs": [
2026-06-12T03:48:56.5033843+09:00       {
2026-06-12T03:48:56.5099874+09:00         "run_id": "r01",
2026-06-12T03:48:56.5120030+09:00         "action": "not_due",
2026-06-12T03:48:56.5143698+09:00         "taskId": "daily-20260612-r01",
2026-06-12T03:48:56.5164403+09:00         "reason": "jst_hour=3"
2026-06-12T03:48:56.5184416+09:00       },
2026-06-12T03:48:56.5376886+09:00       {
2026-06-12T03:48:56.5415223+09:00         "run_id": "r02",
2026-06-12T03:48:56.5435204+09:00         "action": "not_due",
2026-06-12T03:48:56.5465204+09:00         "taskId": "daily-20260612-r02",
2026-06-12T03:48:56.5475211+09:00         "reason": "jst_hour=3"
2026-06-12T03:48:56.5475211+09:00       },
2026-06-12T03:48:56.5525637+09:00       {
2026-06-12T03:48:56.5567018+09:00         "run_id": "r03",
2026-06-12T03:48:56.5597695+09:00         "action": "not_due",
2026-06-12T03:48:56.5617676+09:00         "taskId": "daily-20260612-r03",
2026-06-12T03:48:56.5644438+09:00         "reason": "jst_hour=3"
2026-06-12T03:48:56.5675897+09:00       }
2026-06-12T03:48:56.5685893+09:00     ]
2026-06-12T03:48:56.5725860+09:00   },
2026-06-12T03:48:56.5725860+09:00   "reconcile": {
2026-06-12T03:48:56.5725860+09:00     "resetProcessing": 0,
2026-06-12T03:48:56.5776408+09:00     "inserted": 2,
2026-06-12T03:48:56.5776408+09:00     "scanned": 7,
2026-06-12T03:48:56.5825579+09:00     "stale": {
2026-06-12T03:48:56.5845544+09:00       "scanned": 7,
2026-06-12T03:48:56.5865543+09:00       "staleDetected": 0,
2026-06-12T03:48:56.5885545+09:00       "rolledBack": 0,
2026-06-12T03:48:56.5905122+09:00       "skippedCap": 0,
2026-06-12T03:48:56.5925239+09:00       "dryRun": false,
2026-06-12T03:48:56.5945240+09:00       "actions": []
2026-06-12T03:48:56.5972885+09:00     }
2026-06-12T03:48:56.5987667+09:00   },
2026-06-12T03:48:56.6007650+09:00   "dispatch": {
2026-06-12T03:48:56.6017672+09:00     "claimed": 2,
2026-06-12T03:48:56.6037641+09:00     "done": 2,
2026-06-12T03:48:56.6057667+09:00     "failed": 0
2026-06-12T03:48:56.6081844+09:00   },
2026-06-12T03:48:56.6103586+09:00   "step4_poll": {
2026-06-12T03:48:56.6124851+09:00     "scanned": 7,
2026-06-12T03:48:56.6140924+09:00     "awaiting": 2,
2026-06-12T03:48:56.6157051+09:00     "polled": 0,
2026-06-12T03:48:56.6173081+09:00     "picks_applied": 0,
2026-06-12T03:48:56.6189082+09:00     "pick_errors": 0,
2026-06-12T03:48:56.6210286+09:00     "timeouts": 0,
2026-06-12T03:48:56.6237596+09:00     "skipped": 0,
2026-06-12T03:48:56.6257606+09:00     "results": [
2026-06-12T03:48:56.6267599+09:00       {
2026-06-12T03:48:56.6287616+09:00         "task_id": "daily-20260611-r02",
2026-06-12T03:48:56.6307608+09:00         "result": {
2026-06-12T03:48:56.6307608+09:00           "outcome": "no_new_messages"
2026-06-12T03:48:56.6307608+09:00         }
2026-06-12T03:48:56.6357749+09:00       },
2026-06-12T03:48:56.6357749+09:00       {
2026-06-12T03:48:56.6357749+09:00         "task_id": "daily-20260611-r03",
2026-06-12T03:48:56.6409005+09:00         "result": {
2026-06-12T03:48:56.6409005+09:00           "outcome": "no_new_messages"
2026-06-12T03:48:56.6409005+09:00         }
2026-06-12T03:48:56.6459431+09:00       }
2026-06-12T03:48:56.6459431+09:00     ]
2026-06-12T03:48:56.6459431+09:00   },
2026-06-12T03:48:56.6523825+09:00   "step7_retry_poll": {
2026-06-12T03:48:56.6544467+09:00     "scanned": 7,
2026-06-12T03:48:56.6560283+09:00     "eligible": 4,
2026-06-12T03:48:56.6581201+09:00     "polled": 0,
2026-06-12T03:48:56.6591152+09:00     "retries_triggered": 0,
2026-06-12T03:48:56.6611183+09:00     "retry_errors": 0,
2026-06-12T03:48:56.6621182+09:00     "skipped": 0,
2026-06-12T03:48:56.6641179+09:00     "results": []
2026-06-12T03:48:56.6641179+09:00   }
2026-06-12T03:48:56.6641179+09:00 }
2026-06-12T03:48:56.6691468+09:00 OK run-once finished
2026-06-12T03:53:52.3001805+09:00 START dispatch-run-once
2026-06-12T03:53:52.7149463+09:00 
2026-06-12T03:53:52.7169544+09:00 > orchestrator
2026-06-12T03:53:52.7199704+09:00 > tsx src/cli/orchestrator.ts run-once --limit 10
2026-06-12T03:53:52.7199704+09:00 
2026-06-12T03:53:56.1052222+09:00 {
2026-06-12T03:53:56.1071883+09:00   "ensure_daily": {
2026-06-12T03:53:56.1099368+09:00     "runs": [
2026-06-12T03:53:56.1099368+09:00       {
2026-06-12T03:53:56.1099368+09:00         "run_id": "r01",
2026-06-12T03:53:56.1143882+09:00         "action": "not_due",
2026-06-12T03:53:56.1143882+09:00         "taskId": "daily-20260612-r01",
2026-06-12T03:53:56.1143882+09:00         "reason": "jst_hour=3"
2026-06-12T03:53:56.1213428+09:00       },
2026-06-12T03:53:56.1397075+09:00       {
2026-06-12T03:53:56.1397075+09:00         "run_id": "r02",
2026-06-12T03:53:56.1447686+09:00         "action": "not_due",
2026-06-12T03:53:56.1467688+09:00         "taskId": "daily-20260612-r02",
2026-06-12T03:53:56.1487664+09:00         "reason": "jst_hour=3"
2026-06-12T03:53:56.1515599+09:00       },
2026-06-12T03:53:56.1536996+09:00       {
2026-06-12T03:53:56.1567030+09:00         "run_id": "r03",
2026-06-12T03:53:56.1590258+09:00         "action": "not_due",
2026-06-12T03:53:56.1599667+09:00         "taskId": "daily-20260612-r03",
2026-06-12T03:53:56.1599667+09:00         "reason": "jst_hour=3"
2026-06-12T03:53:56.1638055+09:00       }
2026-06-12T03:53:56.1638055+09:00     ]
2026-06-12T03:53:56.1638055+09:00   },
2026-06-12T03:53:56.1686796+09:00   "reconcile": {
2026-06-12T03:53:56.1707454+09:00     "resetProcessing": 0,
2026-06-12T03:53:56.1717447+09:00     "inserted": 2,
2026-06-12T03:53:56.1727439+09:00     "scanned": 7,
2026-06-12T03:53:56.1747434+09:00     "stale": {
2026-06-12T03:53:56.1765640+09:00       "scanned": 7,
2026-06-12T03:53:56.1787182+09:00       "staleDetected": 0,
2026-06-12T03:53:56.1797195+09:00       "rolledBack": 0,
2026-06-12T03:53:56.1817186+09:00       "skippedCap": 0,
2026-06-12T03:53:56.1834164+09:00       "dryRun": false,
2026-06-12T03:53:56.1848986+09:00       "actions": []
2026-06-12T03:53:56.1869818+09:00     }
2026-06-12T03:53:56.1879803+09:00   },
2026-06-12T03:53:56.1889816+09:00   "dispatch": {
2026-06-12T03:53:56.1909814+09:00     "claimed": 2,
2026-06-12T03:53:56.1929802+09:00     "done": 2,
2026-06-12T03:53:56.1929802+09:00     "failed": 0
2026-06-12T03:53:56.1929802+09:00   },
2026-06-12T03:53:56.1981671+09:00   "step4_poll": {
2026-06-12T03:53:56.1981671+09:00     "scanned": 7,
2026-06-12T03:53:56.1981671+09:00     "awaiting": 2,
2026-06-12T03:53:56.1981671+09:00     "polled": 0,
2026-06-12T03:53:56.2038898+09:00     "picks_applied": 0,
2026-06-12T03:53:56.2050141+09:00     "pick_errors": 0,
2026-06-12T03:53:56.2070569+09:00     "timeouts": 0,
2026-06-12T03:53:56.2090224+09:00     "skipped": 0,
2026-06-12T03:53:56.2109951+09:00     "results": [
2026-06-12T03:53:56.2119786+09:00       {
2026-06-12T03:53:56.2139946+09:00         "task_id": "daily-20260611-r02",
2026-06-12T03:53:56.2149612+09:00         "result": {
2026-06-12T03:53:56.2159946+09:00           "outcome": "no_new_messages"
2026-06-12T03:53:56.2179935+09:00         }
2026-06-12T03:53:56.2179935+09:00       },
2026-06-12T03:53:56.2179935+09:00       {
2026-06-12T03:53:56.2179935+09:00         "task_id": "daily-20260611-r03",
2026-06-12T03:53:56.2233067+09:00         "result": {
2026-06-12T03:53:56.2271158+09:00           "outcome": "no_new_messages"
2026-06-12T03:53:56.2292113+09:00         }
2026-06-12T03:53:56.2302105+09:00       }
2026-06-12T03:53:56.2322123+09:00     ]
2026-06-12T03:53:56.2332202+09:00   },
2026-06-12T03:53:56.2349071+09:00   "step7_retry_poll": {
2026-06-12T03:53:56.2361013+09:00     "scanned": 7,
2026-06-12T03:53:56.2381012+09:00     "eligible": 4,
2026-06-12T03:53:56.2391052+09:00     "polled": 0,
2026-06-12T03:53:56.2411062+09:00     "retries_triggered": 0,
2026-06-12T03:53:56.2420684+09:00     "retry_errors": 0,
2026-06-12T03:53:56.2430955+09:00     "skipped": 0,
2026-06-12T03:53:56.2430955+09:00     "results": []
2026-06-12T03:53:56.2430955+09:00   }
2026-06-12T03:53:56.2430955+09:00 }
2026-06-12T03:53:56.2484277+09:00 OK run-once finished
2026-06-12T03:58:52.1676951+09:00 START dispatch-run-once
2026-06-12T03:58:52.5654318+09:00 
2026-06-12T03:58:52.5654318+09:00 > orchestrator
2026-06-12T03:58:52.5718007+09:00 > tsx src/cli/orchestrator.ts run-once --limit 10
2026-06-12T03:58:52.5738577+09:00 
2026-06-12T03:58:55.9887983+09:00 {
2026-06-12T03:58:55.9887983+09:00   "ensure_daily": {
2026-06-12T03:58:55.9941820+09:00     "runs": [
2026-06-12T03:58:55.9941820+09:00       {
2026-06-12T03:58:55.9941820+09:00         "run_id": "r01",
2026-06-12T03:58:56.0007466+09:00         "action": "not_due",
2026-06-12T03:58:56.0028192+09:00         "taskId": "daily-20260612-r01",
2026-06-12T03:58:56.0054054+09:00         "reason": "jst_hour=3"
2026-06-12T03:58:56.0064332+09:00       },
2026-06-12T03:58:56.0284581+09:00       {
2026-06-12T03:58:56.0303700+09:00         "run_id": "r02",
2026-06-12T03:58:56.0324413+09:00         "action": "not_due",
2026-06-12T03:58:56.0354430+09:00         "taskId": "daily-20260612-r02",
2026-06-12T03:58:56.0374461+09:00         "reason": "jst_hour=3"
2026-06-12T03:58:56.0407528+09:00       },
2026-06-12T03:58:56.0427601+09:00       {
2026-06-12T03:58:56.0437670+09:00         "run_id": "r03",
2026-06-12T03:58:56.0457759+09:00         "action": "not_due",
2026-06-12T03:58:56.0487868+09:00         "taskId": "daily-20260612-r03",
2026-06-12T03:58:56.0507933+09:00         "reason": "jst_hour=3"
2026-06-12T03:58:56.0528000+09:00       }
2026-06-12T03:58:56.0553577+09:00     ]
2026-06-12T03:58:56.0574094+09:00   },
2026-06-12T03:58:56.0594098+09:00   "reconcile": {
2026-06-12T03:58:56.0614100+09:00     "resetProcessing": 0,
2026-06-12T03:58:56.0637113+09:00     "inserted": 2,
2026-06-12T03:58:56.0637113+09:00     "scanned": 7,
2026-06-12T03:58:56.0637113+09:00     "stale": {
2026-06-12T03:58:56.0704810+09:00       "scanned": 7,
2026-06-12T03:58:56.0738277+09:00       "staleDetected": 0,
2026-06-12T03:58:56.0758338+09:00       "rolledBack": 0,
2026-06-12T03:58:56.0778399+09:00       "skippedCap": 0,
2026-06-12T03:58:56.0788452+09:00       "dryRun": false,
2026-06-12T03:58:56.0832068+09:00       "actions": []
2026-06-12T03:58:56.0852061+09:00     }
2026-06-12T03:58:56.0872057+09:00   },
2026-06-12T03:58:56.0897784+09:00   "dispatch": {
2026-06-12T03:58:56.0907778+09:00     "claimed": 2,
2026-06-12T03:58:56.0927773+09:00     "done": 2,
2026-06-12T03:58:56.0937775+09:00     "failed": 0
2026-06-12T03:58:56.0957773+09:00   },
2026-06-12T03:58:56.0967773+09:00   "step4_poll": {
2026-06-12T03:58:56.0995616+09:00     "scanned": 7,
2026-06-12T03:58:56.1015696+09:00     "awaiting": 2,
2026-06-12T03:58:56.1015696+09:00     "polled": 0,
2026-06-12T03:58:56.1035771+09:00     "picks_applied": 0,
2026-06-12T03:58:56.1065891+09:00     "pick_errors": 0,
2026-06-12T03:58:56.1065891+09:00     "timeouts": 0,
2026-06-12T03:58:56.1105231+09:00     "skipped": 0,
2026-06-12T03:58:56.1125231+09:00     "results": [
2026-06-12T03:58:56.1135221+09:00       {
2026-06-12T03:58:56.1157800+09:00         "task_id": "daily-20260611-r02",
2026-06-12T03:58:56.1167793+09:00         "result": {
2026-06-12T03:58:56.1187796+09:00           "outcome": "no_new_messages"
2026-06-12T03:58:56.1197812+09:00         }
2026-06-12T03:58:56.1221212+09:00       },
2026-06-12T03:58:56.1221212+09:00       {
2026-06-12T03:58:56.1221212+09:00         "task_id": "daily-20260611-r03",
2026-06-12T03:58:56.1269565+09:00         "result": {
2026-06-12T03:58:56.1269565+09:00           "outcome": "no_new_messages"
2026-06-12T03:58:56.1269565+09:00         }
2026-06-12T03:58:56.1320117+09:00       }
2026-06-12T03:58:56.1320117+09:00     ]
2026-06-12T03:58:56.1320117+09:00   },
2026-06-12T03:58:56.1320117+09:00   "step7_retry_poll": {
2026-06-12T03:58:56.1394936+09:00     "scanned": 7,
2026-06-12T03:58:56.1414953+09:00     "eligible": 4,
2026-06-12T03:58:56.1424941+09:00     "polled": 0,
2026-06-12T03:58:56.1444939+09:00     "retries_triggered": 0,
2026-06-12T03:58:56.1464938+09:00     "retry_errors": 0,
2026-06-12T03:58:56.1474955+09:00     "skipped": 0,
2026-06-12T03:58:56.1490016+09:00     "results": []
2026-06-12T03:58:56.1512146+09:00   }
2026-06-12T03:58:56.1542169+09:00 }
2026-06-12T03:58:56.1565390+09:00 OK run-once finished
2026-06-12T04:03:52.2661031+09:00 START dispatch-run-once
2026-06-12T04:03:52.6810270+09:00 
2026-06-12T04:03:52.6810270+09:00 > orchestrator
2026-06-12T04:03:52.6868385+09:00 > tsx src/cli/orchestrator.ts run-once --limit 10
2026-06-12T04:03:52.6888864+09:00 
2026-06-12T04:03:55.9924585+09:00 {
2026-06-12T04:03:55.9946412+09:00   "ensure_daily": {
2026-06-12T04:03:55.9972050+09:00     "runs": [
2026-06-12T04:03:55.9999326+09:00       {
2026-06-12T04:03:56.0019320+09:00         "run_id": "r01",
2026-06-12T04:03:56.0040757+09:00         "action": "not_due",
2026-06-12T04:03:56.0056534+09:00         "taskId": "daily-20260612-r01",
2026-06-12T04:03:56.0066995+09:00         "reason": "jst_hour=4"
2026-06-12T04:03:56.0066995+09:00       },
2026-06-12T04:03:56.0256717+09:00       {
2026-06-12T04:03:56.0256717+09:00         "run_id": "r02",
2026-06-12T04:03:56.0311479+09:00         "action": "not_due",
2026-06-12T04:03:56.0311479+09:00         "taskId": "daily-20260612-r02",
2026-06-12T04:03:56.0364158+09:00         "reason": "jst_hour=4"
2026-06-12T04:03:56.0364158+09:00       },
2026-06-12T04:03:56.0364158+09:00       {
2026-06-12T04:03:56.0421835+09:00         "run_id": "r03",
2026-06-12T04:03:56.0441923+09:00         "action": "not_due",
2026-06-12T04:03:56.0461945+09:00         "taskId": "daily-20260612-r03",
2026-06-12T04:03:56.0481935+09:00         "reason": "jst_hour=4"
2026-06-12T04:03:56.0499173+09:00       }
2026-06-12T04:03:56.0509159+09:00     ]
2026-06-12T04:03:56.0519482+09:00   },
2026-06-12T04:03:56.0542371+09:00   "reconcile": {
2026-06-12T04:03:56.0552374+09:00     "resetProcessing": 0,
2026-06-12T04:03:56.0562726+09:00     "inserted": 2,
2026-06-12T04:03:56.0582381+09:00     "scanned": 7,
2026-06-12T04:03:56.0602634+09:00     "stale": {
2026-06-12T04:03:56.0612635+09:00       "scanned": 7,
2026-06-12T04:03:56.0612635+09:00       "staleDetected": 0,
2026-06-12T04:03:56.0612635+09:00       "rolledBack": 0,
2026-06-12T04:03:56.0664957+09:00       "skippedCap": 0,
2026-06-12T04:03:56.0664957+09:00       "dryRun": false,
2026-06-12T04:03:56.0664957+09:00       "actions": []
2026-06-12T04:03:56.0741358+09:00     }
2026-06-12T04:03:56.0770431+09:00   },
2026-06-12T04:03:56.0789015+09:00   "dispatch": {
2026-06-12T04:03:56.0799021+09:00     "claimed": 2,
2026-06-12T04:03:56.0819023+09:00     "done": 2,
2026-06-12T04:03:56.0829019+09:00     "failed": 0
2026-06-12T04:03:56.0842487+09:00   },
2026-06-12T04:03:56.0842487+09:00   "step4_poll": {
2026-06-12T04:03:56.0842487+09:00     "scanned": 7,
2026-06-12T04:03:56.0891351+09:00     "awaiting": 2,
2026-06-12T04:03:56.0891351+09:00     "polled": 0,
2026-06-12T04:03:56.0891351+09:00     "picks_applied": 0,
2026-06-12T04:03:56.0891351+09:00     "pick_errors": 0,
2026-06-12T04:03:56.0941438+09:00     "timeouts": 0,
2026-06-12T04:03:56.0941438+09:00     "skipped": 0,
2026-06-12T04:03:56.0941438+09:00     "results": [
2026-06-12T04:03:56.0941438+09:00       {
2026-06-12T04:03:56.1008430+09:00         "task_id": "daily-20260611-r02",
2026-06-12T04:03:56.1018952+09:00         "result": {
2026-06-12T04:03:56.1039028+09:00           "outcome": "no_new_messages"
2026-06-12T04:03:56.1049014+09:00         }
2026-06-12T04:03:56.1059020+09:00       },
2026-06-12T04:03:56.1079019+09:00       {
2026-06-12T04:03:56.1092261+09:00         "task_id": "daily-20260611-r03",
2026-06-12T04:03:56.1092261+09:00         "result": {
2026-06-12T04:03:56.1092261+09:00           "outcome": "no_new_messages"
2026-06-12T04:03:56.1092261+09:00         }
2026-06-12T04:03:56.1140383+09:00       }
2026-06-12T04:03:56.1140383+09:00     ]
2026-06-12T04:03:56.1175876+09:00   },
2026-06-12T04:03:56.1193356+09:00   "step7_retry_poll": {
2026-06-12T04:03:56.1193356+09:00     "scanned": 7,
2026-06-12T04:03:56.1193356+09:00     "eligible": 4,
2026-06-12T04:03:56.1193356+09:00     "polled": 0,
2026-06-12T04:03:56.1243468+09:00     "retries_triggered": 0,
2026-06-12T04:03:56.1243468+09:00     "retry_errors": 0,
2026-06-12T04:03:56.1243468+09:00     "skipped": 0,
2026-06-12T04:03:56.1243468+09:00     "results": []
2026-06-12T04:03:56.1316771+09:00   }
2026-06-12T04:03:56.1326761+09:00 }
2026-06-12T04:03:56.1352830+09:00 OK run-once finished
2026-06-12T04:08:52.6486305+09:00 START dispatch-run-once
2026-06-12T04:08:53.0426205+09:00 
2026-06-12T04:08:53.0442408+09:00 > orchestrator
2026-06-12T04:08:53.0465944+09:00 > tsx src/cli/orchestrator.ts run-once --limit 10
2026-06-12T04:08:53.0485948+09:00 
2026-06-12T04:08:56.3776669+09:00 {
2026-06-12T04:08:56.3796659+09:00   "ensure_daily": {
2026-06-12T04:08:56.3818486+09:00     "runs": [
2026-06-12T04:08:56.3848497+09:00       {
2026-06-12T04:08:56.3868470+09:00         "run_id": "r01",
2026-06-12T04:08:56.3882040+09:00         "action": "not_due",
2026-06-12T04:08:56.3882040+09:00         "taskId": "daily-20260612-r01",
2026-06-12T04:08:56.3882040+09:00         "reason": "jst_hour=4"
2026-06-12T04:08:56.3932592+09:00       },
2026-06-12T04:08:56.4118320+09:00       {
2026-06-12T04:08:56.4132250+09:00         "run_id": "r02",
2026-06-12T04:08:56.4178858+09:00         "action": "not_due",
2026-06-12T04:08:56.4178858+09:00         "taskId": "daily-20260612-r02",
2026-06-12T04:08:56.4178858+09:00         "reason": "jst_hour=4"
2026-06-12T04:08:56.4233029+09:00       },
2026-06-12T04:08:56.4233029+09:00       {
2026-06-12T04:08:56.4233029+09:00         "run_id": "r03",
2026-06-12T04:08:56.4295246+09:00         "action": "not_due",
2026-06-12T04:08:56.4310716+09:00         "taskId": "daily-20260612-r03",
2026-06-12T04:08:56.4330804+09:00         "reason": "jst_hour=4"
2026-06-12T04:08:56.4350915+09:00       }
2026-06-12T04:08:56.4360888+09:00     ]
2026-06-12T04:08:56.4370895+09:00   },
2026-06-12T04:08:56.4393260+09:00   "reconcile": {
2026-06-12T04:08:56.4403678+09:00     "resetProcessing": 0,
2026-06-12T04:08:56.4423328+09:00     "inserted": 2,
2026-06-12T04:08:56.4433337+09:00     "scanned": 7,
2026-06-12T04:08:56.4453329+09:00     "stale": {
2026-06-12T04:08:56.4474444+09:00       "scanned": 7,
2026-06-12T04:08:56.4489545+09:00       "staleDetected": 0,
2026-06-12T04:08:56.4506511+09:00       "rolledBack": 0,
2026-06-12T04:08:56.4522742+09:00       "skippedCap": 0,
2026-06-12T04:08:56.4538794+09:00       "dryRun": false,
2026-06-12T04:08:56.4554997+09:00       "actions": []
2026-06-12T04:08:56.4571099+09:00     }
2026-06-12T04:08:56.4587665+09:00   },
2026-06-12T04:08:56.4615244+09:00   "dispatch": {
2026-06-12T04:08:56.4630747+09:00     "claimed": 2,
2026-06-12T04:08:56.4641670+09:00     "done": 2,
2026-06-12T04:08:56.4661431+09:00     "failed": 0
2026-06-12T04:08:56.4671340+09:00   },
2026-06-12T04:08:56.4681644+09:00   "step4_poll": {
2026-06-12T04:08:56.4701647+09:00     "scanned": 7,
2026-06-12T04:08:56.4711677+09:00     "awaiting": 2,
2026-06-12T04:08:56.4711677+09:00     "polled": 0,
2026-06-12T04:08:56.4763460+09:00     "picks_applied": 0,
2026-06-12T04:08:56.4763460+09:00     "pick_errors": 0,
2026-06-12T04:08:56.4763460+09:00     "timeouts": 0,
2026-06-12T04:08:56.4763460+09:00     "skipped": 0,
2026-06-12T04:08:56.4814598+09:00     "results": [
2026-06-12T04:08:56.4814598+09:00       {
2026-06-12T04:08:56.4814598+09:00         "task_id": "daily-20260611-r02",
2026-06-12T04:08:56.4865046+09:00         "result": {
2026-06-12T04:08:56.4876672+09:00           "outcome": "no_new_messages"
2026-06-12T04:08:56.4897077+09:00         }
2026-06-12T04:08:56.4907098+09:00       },
2026-06-12T04:08:56.4927077+09:00       {
2026-06-12T04:08:56.4937073+09:00         "task_id": "daily-20260611-r03",
2026-06-12T04:08:56.4956745+09:00         "result": {
2026-06-12T04:08:56.4966763+09:00           "outcome": "no_new_messages"
2026-06-12T04:08:56.4977102+09:00         }
2026-06-12T04:08:56.4999777+09:00       }
2026-06-12T04:08:56.5009626+09:00     ]
2026-06-12T04:08:56.5029621+09:00   },
2026-06-12T04:08:56.5047430+09:00   "step7_retry_poll": {
2026-06-12T04:08:56.5057709+09:00     "scanned": 7,
2026-06-12T04:08:56.5067710+09:00     "eligible": 4,
2026-06-12T04:08:56.5067710+09:00     "polled": 0,
2026-06-12T04:08:56.5067710+09:00     "retries_triggered": 0,
2026-06-12T04:08:56.5118895+09:00     "retry_errors": 0,
2026-06-12T04:08:56.5118895+09:00     "skipped": 0,
2026-06-12T04:08:56.5118895+09:00     "results": []
2026-06-12T04:08:56.5118895+09:00   }
2026-06-12T04:08:56.5176422+09:00 }
2026-06-12T04:08:56.5190288+09:00 OK run-once finished
2026-06-12T04:13:52.6750244+09:00 START dispatch-run-once
2026-06-12T04:13:53.0719176+09:00 
2026-06-12T04:13:53.0739265+09:00 > orchestrator
2026-06-12T04:13:53.0769419+09:00 > tsx src/cli/orchestrator.ts run-once --limit 10
2026-06-12T04:13:53.0769419+09:00 
2026-06-12T04:13:56.4710918+09:00 {
2026-06-12T04:13:56.4740598+09:00   "ensure_daily": {
2026-06-12T04:13:56.4765348+09:00     "runs": [
2026-06-12T04:13:56.4795305+09:00       {
2026-06-12T04:13:56.4815334+09:00         "run_id": "r01",
2026-06-12T04:13:56.4836574+09:00         "action": "not_due",
2026-06-12T04:13:56.4856636+09:00         "taskId": "daily-20260612-r01",
2026-06-12T04:13:56.4876696+09:00         "reason": "jst_hour=4"
2026-06-12T04:13:56.4876696+09:00       },
2026-06-12T04:13:56.5116974+09:00       {
2026-06-12T04:13:56.5136952+09:00         "run_id": "r02",
2026-06-12T04:13:56.5156948+09:00         "action": "not_due",
2026-06-12T04:13:56.5167014+09:00         "taskId": "daily-20260612-r02",
2026-06-12T04:13:56.5195940+09:00         "reason": "jst_hour=4"
2026-06-12T04:13:56.5216015+09:00       },
2026-06-12T04:13:56.5256166+09:00       {
2026-06-12T04:13:56.5266222+09:00         "run_id": "r03",
2026-06-12T04:13:56.5266222+09:00         "action": "not_due",
2026-06-12T04:13:56.5323675+09:00         "taskId": "daily-20260612-r03",
2026-06-12T04:13:56.5357269+09:00         "reason": "jst_hour=4"
2026-06-12T04:13:56.5377281+09:00       }
2026-06-12T04:13:56.5397262+09:00     ]
2026-06-12T04:13:56.5417242+09:00   },
2026-06-12T04:13:56.5417242+09:00   "reconcile": {
2026-06-12T04:13:56.5467686+09:00     "resetProcessing": 0,
2026-06-12T04:13:56.5467686+09:00     "inserted": 2,
2026-06-12T04:13:56.5467686+09:00     "scanned": 7,
2026-06-12T04:13:56.5519331+09:00     "stale": {
2026-06-12T04:13:56.5519331+09:00       "scanned": 7,
2026-06-12T04:13:56.5519331+09:00       "staleDetected": 0,
2026-06-12T04:13:56.5570936+09:00       "rolledBack": 0,
2026-06-12T04:13:56.5570936+09:00       "skippedCap": 0,
2026-06-12T04:13:56.5570936+09:00       "dryRun": false,
2026-06-12T04:13:56.5634845+09:00       "actions": []
2026-06-12T04:13:56.5665522+09:00     }
2026-06-12T04:13:56.5681188+09:00   },
2026-06-12T04:13:56.5701165+09:00   "dispatch": {
2026-06-12T04:13:56.5716214+09:00     "claimed": 2,
2026-06-12T04:13:56.5732685+09:00     "done": 2,
2026-06-12T04:13:56.5748640+09:00     "failed": 0
2026-06-12T04:13:56.5768726+09:00   },
2026-06-12T04:13:56.5785864+09:00   "step4_poll": {
2026-06-12T04:13:56.5801621+09:00     "scanned": 7,
2026-06-12T04:13:56.5817471+09:00     "awaiting": 2,
2026-06-12T04:13:56.5828080+09:00     "polled": 0,
2026-06-12T04:13:56.5848163+09:00     "picks_applied": 0,
2026-06-12T04:13:56.5848163+09:00     "pick_errors": 0,
2026-06-12T04:13:56.5848163+09:00     "timeouts": 0,
2026-06-12T04:13:56.5848163+09:00     "skipped": 0,
2026-06-12T04:13:56.5929821+09:00     "results": [
2026-06-12T04:13:56.5949803+09:00       {
2026-06-12T04:13:56.5969799+09:00         "task_id": "daily-20260611-r02",
2026-06-12T04:13:56.5989795+09:00         "result": {
2026-06-12T04:13:56.5999824+09:00           "outcome": "no_new_messages"
2026-06-12T04:13:56.5999824+09:00         }
2026-06-12T04:13:56.5999824+09:00       },
2026-06-12T04:13:56.6053952+09:00       {
2026-06-12T04:13:56.6074019+09:00         "task_id": "daily-20260611-r03",
2026-06-12T04:13:56.6106757+09:00         "result": {
2026-06-12T04:13:56.6106757+09:00           "outcome": "no_new_messages"
2026-06-12T04:13:56.6106757+09:00         }
2026-06-12T04:13:56.6106757+09:00       }
2026-06-12T04:13:56.6157605+09:00     ]
2026-06-12T04:13:56.6157605+09:00   },
2026-06-12T04:13:56.6157605+09:00   "step7_retry_poll": {
2026-06-12T04:13:56.6223413+09:00     "scanned": 7,
2026-06-12T04:13:56.6252482+09:00     "eligible": 4,
2026-06-12T04:13:56.6273279+09:00     "polled": 0,
2026-06-12T04:13:56.6283292+09:00     "retries_triggered": 0,
2026-06-12T04:13:56.6303294+09:00     "retry_errors": 0,
2026-06-12T04:13:56.6313285+09:00     "skipped": 0,
2026-06-12T04:13:56.6333287+09:00     "results": []
2026-06-12T04:13:56.6333287+09:00   }
2026-06-12T04:13:56.6333287+09:00 }
2026-06-12T04:13:56.6387535+09:00 OK run-once finished
2026-06-12T04:18:53.4004760+09:00 START dispatch-run-once
2026-06-12T04:18:53.7982149+09:00 
2026-06-12T04:18:53.8002135+09:00 > orchestrator
2026-06-12T04:18:53.8022143+09:00 > tsx src/cli/orchestrator.ts run-once --limit 10
2026-06-12T04:18:53.8052603+09:00 
2026-06-12T04:18:57.1229214+09:00 {
2026-06-12T04:18:57.1249216+09:00   "ensure_daily": {
2026-06-12T04:18:57.1274316+09:00     "runs": [
2026-06-12T04:18:57.1291215+09:00       {
2026-06-12T04:18:57.1291215+09:00         "run_id": "r01",
2026-06-12T04:18:57.1291215+09:00         "action": "not_due",
2026-06-12T04:18:57.1335496+09:00         "taskId": "daily-20260612-r01",
2026-06-12T04:18:57.1380592+09:00         "reason": "jst_hour=4"
2026-06-12T04:18:57.1411238+09:00       },
2026-06-12T04:18:57.1587238+09:00       {
2026-06-12T04:18:57.1587238+09:00         "run_id": "r02",
2026-06-12T04:18:57.1630097+09:00         "action": "not_due",
2026-06-12T04:18:57.1650706+09:00         "taskId": "daily-20260612-r02",
2026-06-12T04:18:57.1680720+09:00         "reason": "jst_hour=4"
2026-06-12T04:18:57.1707543+09:00       },
2026-06-12T04:18:57.1728728+09:00       {
2026-06-12T04:18:57.1738707+09:00         "run_id": "r03",
2026-06-12T04:18:57.1758718+09:00         "action": "not_due",
2026-06-12T04:18:57.1768729+09:00         "taskId": "daily-20260612-r03",
2026-06-12T04:18:57.1788713+09:00         "reason": "jst_hour=4"
2026-06-12T04:18:57.1788713+09:00       }
2026-06-12T04:18:57.1788713+09:00     ]
2026-06-12T04:18:57.1788713+09:00   },
2026-06-12T04:18:57.1856062+09:00   "reconcile": {
2026-06-12T04:18:57.1878775+09:00     "resetProcessing": 0,
2026-06-12T04:18:57.1889536+09:00     "inserted": 2,
2026-06-12T04:18:57.1909515+09:00     "scanned": 7,
2026-06-12T04:18:57.1919513+09:00     "stale": {
2026-06-12T04:18:57.1939237+09:00       "scanned": 7,
2026-06-12T04:18:57.1968965+09:00       "staleDetected": 0,
2026-06-12T04:18:57.1998996+09:00       "rolledBack": 0,
2026-06-12T04:18:57.2018954+09:00       "skippedCap": 0,
2026-06-12T04:18:57.2040755+09:00       "dryRun": false,
2026-06-12T04:18:57.2061327+09:00       "actions": []
2026-06-12T04:18:57.2071319+09:00     }
2026-06-12T04:18:57.2091657+09:00   },
2026-06-12T04:18:57.2101353+09:00   "dispatch": {
2026-06-12T04:18:57.2121754+09:00     "claimed": 2,
2026-06-12T04:18:57.2121754+09:00     "done": 2,
2026-06-12T04:18:57.2121754+09:00     "failed": 0
2026-06-12T04:18:57.2173447+09:00   },
2026-06-12T04:18:57.2173447+09:00   "step4_poll": {
2026-06-12T04:18:57.2173447+09:00     "scanned": 7,
2026-06-12T04:18:57.2173447+09:00     "awaiting": 2,
2026-06-12T04:18:57.2230447+09:00     "polled": 0,
2026-06-12T04:18:57.2244929+09:00     "picks_applied": 0,
2026-06-12T04:18:57.2254738+09:00     "pick_errors": 0,
2026-06-12T04:18:57.2269808+09:00     "timeouts": 0,
2026-06-12T04:18:57.2290223+09:00     "skipped": 0,
2026-06-12T04:18:57.2301972+09:00     "results": [
2026-06-12T04:18:57.2322050+09:00       {
2026-06-12T04:18:57.2331725+09:00         "task_id": "daily-20260611-r02",
2026-06-12T04:18:57.2342048+09:00         "result": {
2026-06-12T04:18:57.2362077+09:00           "outcome": "no_new_messages"
2026-06-12T04:18:57.2372081+09:00         }
2026-06-12T04:18:57.2372081+09:00       },
2026-06-12T04:18:57.2372081+09:00       {
2026-06-12T04:18:57.2372081+09:00         "task_id": "daily-20260611-r03",
2026-06-12T04:18:57.2424087+09:00         "result": {
2026-06-12T04:18:57.2424087+09:00           "outcome": "no_new_messages"
2026-06-12T04:18:57.2461806+09:00         }
2026-06-12T04:18:57.2482214+09:00       }
2026-06-12T04:18:57.2492545+09:00     ]
2026-06-12T04:18:57.2512554+09:00   },
2026-06-12T04:18:57.2522544+09:00   "step7_retry_poll": {
2026-06-12T04:18:57.2540658+09:00     "scanned": 7,
2026-06-12T04:18:57.2551471+09:00     "eligible": 4,
2026-06-12T04:18:57.2571646+09:00     "polled": 0,
2026-06-12T04:18:57.2591358+09:00     "retries_triggered": 0,
2026-06-12T04:18:57.2608218+09:00     "retry_errors": 0,
2026-06-12T04:18:57.2623860+09:00     "skipped": 0,
2026-06-12T04:18:57.2644406+09:00     "results": []
2026-06-12T04:18:57.2654410+09:00   }
2026-06-12T04:18:57.2664391+09:00 }
2026-06-12T04:18:57.2684398+09:00 OK run-once finished
2026-06-12T04:23:53.9080632+09:00 START dispatch-run-once
2026-06-12T04:23:54.3016648+09:00 
2026-06-12T04:23:54.3016648+09:00 > orchestrator
2026-06-12T04:23:54.3067719+09:00 > tsx src/cli/orchestrator.ts run-once --limit 10
2026-06-12T04:23:54.3067719+09:00 
2026-06-12T04:23:57.6714339+09:00 {
2026-06-12T04:23:57.6832668+09:00   "ensure_daily": {
2026-06-12T04:23:57.6927749+09:00     "runs": [
2026-06-12T04:23:57.7023368+09:00       {
2026-06-12T04:23:57.7083315+09:00         "run_id": "r01",
2026-06-12T04:23:57.7127020+09:00         "action": "not_due",
2026-06-12T04:23:57.7177329+09:00         "taskId": "daily-20260612-r01",
2026-06-12T04:23:57.7236738+09:00         "reason": "jst_hour=4"
2026-06-12T04:23:57.7277382+09:00       },
2026-06-12T04:23:57.7518458+09:00       {
2026-06-12T04:23:57.7547934+09:00         "run_id": "r02",
2026-06-12T04:23:57.7557968+09:00         "action": "not_due",
2026-06-12T04:23:57.7577952+09:00         "taskId": "daily-20260612-r02",
2026-06-12T04:23:57.7606802+09:00         "reason": "jst_hour=4"
2026-06-12T04:23:57.7626875+09:00       },
2026-06-12T04:23:57.7666969+09:00       {
2026-06-12T04:23:57.7677331+09:00         "run_id": "r03",
2026-06-12T04:23:57.7697403+09:00         "action": "not_due",
2026-06-12T04:23:57.7717396+09:00         "taskId": "daily-20260612-r03",
2026-06-12T04:23:57.7727396+09:00         "reason": "jst_hour=4"
2026-06-12T04:23:57.7746134+09:00       }
2026-06-12T04:23:57.7757260+09:00     ]
2026-06-12T04:23:57.7777258+09:00   },
2026-06-12T04:23:57.7787245+09:00   "reconcile": {
2026-06-12T04:23:57.7807249+09:00     "resetProcessing": 0,
2026-06-12T04:23:57.7823694+09:00     "inserted": 2,
2026-06-12T04:23:57.7829308+09:00     "scanned": 7,
2026-06-12T04:23:57.7849871+09:00     "stale": {
2026-06-12T04:23:57.7869873+09:00       "scanned": 7,
2026-06-12T04:23:57.7879881+09:00       "staleDetected": 0,
2026-06-12T04:23:57.7913099+09:00       "rolledBack": 0,
2026-06-12T04:23:57.7933178+09:00       "skippedCap": 0,
2026-06-12T04:23:57.7933178+09:00       "dryRun": false,
2026-06-12T04:23:57.7963321+09:00       "actions": []
2026-06-12T04:23:57.7963321+09:00     }
2026-06-12T04:23:57.7963321+09:00   },
2026-06-12T04:23:57.7963321+09:00   "dispatch": {
2026-06-12T04:23:57.8025412+09:00     "claimed": 2,
2026-06-12T04:23:57.8035834+09:00     "done": 2,
2026-06-12T04:23:57.8065512+09:00     "failed": 0
2026-06-12T04:23:57.8090239+09:00   },
2026-06-12T04:23:57.8100214+09:00   "step4_poll": {
2026-06-12T04:23:57.8121258+09:00     "scanned": 7,
2026-06-12T04:23:57.8131290+09:00     "awaiting": 2,
2026-06-12T04:23:57.8151288+09:00     "polled": 0,
2026-06-12T04:23:57.8160935+09:00     "picks_applied": 0,
2026-06-12T04:23:57.8160935+09:00     "pick_errors": 0,
2026-06-12T04:23:57.8160935+09:00     "timeouts": 0,
2026-06-12T04:23:57.8160935+09:00     "skipped": 0,
2026-06-12T04:23:57.8214222+09:00     "results": [
2026-06-12T04:23:57.8246589+09:00       {
2026-06-12T04:23:57.8261194+09:00         "task_id": "daily-20260611-r02",
2026-06-12T04:23:57.8270854+09:00         "result": {
2026-06-12T04:23:57.8291192+09:00           "outcome": "no_new_messages"
2026-06-12T04:23:57.8300859+09:00         }
2026-06-12T04:23:57.8311207+09:00       },
2026-06-12T04:23:57.8329247+09:00       {
2026-06-12T04:23:57.8350234+09:00         "task_id": "daily-20260611-r03",
2026-06-12T04:23:57.8359884+09:00         "result": {
2026-06-12T04:23:57.8379889+09:00           "outcome": "no_new_messages"
2026-06-12T04:23:57.8395350+09:00         }
2026-06-12T04:23:57.8405675+09:00       }
2026-06-12T04:23:57.8422928+09:00     ]
2026-06-12T04:23:57.8432909+09:00   },
2026-06-12T04:23:57.8452933+09:00   "step7_retry_poll": {
2026-06-12T04:23:57.8462922+09:00     "scanned": 7,
2026-06-12T04:23:57.8482938+09:00     "eligible": 4,
2026-06-12T04:23:57.8496002+09:00     "polled": 0,
2026-06-12T04:23:57.8496002+09:00     "retries_triggered": 0,
2026-06-12T04:23:57.8496002+09:00     "retry_errors": 0,
2026-06-12T04:23:57.8547910+09:00     "skipped": 0,
2026-06-12T04:23:57.8547910+09:00     "results": []
2026-06-12T04:23:57.8547910+09:00   }
2026-06-12T04:23:57.8547910+09:00 }
2026-06-12T04:23:57.8598385+09:00 OK run-once finished
2026-06-12T04:28:53.4431294+09:00 START dispatch-run-once
2026-06-12T04:28:53.8356631+09:00 
2026-06-12T04:28:53.8382458+09:00 > orchestrator
2026-06-12T04:28:53.8382458+09:00 > tsx src/cli/orchestrator.ts run-once --limit 10
2026-06-12T04:28:53.8434832+09:00 
2026-06-12T04:28:57.2202086+09:00 {
2026-06-12T04:28:57.2222750+09:00   "ensure_daily": {
2026-06-12T04:28:57.2252743+09:00     "runs": [
2026-06-12T04:28:57.2262728+09:00       {
2026-06-12T04:28:57.2282731+09:00         "run_id": "r01",
2026-06-12T04:28:57.2282731+09:00         "action": "not_due",
2026-06-12T04:28:57.2335114+09:00         "taskId": "daily-20260612-r01",
2026-06-12T04:28:57.2335114+09:00         "reason": "jst_hour=4"
2026-06-12T04:28:57.2335114+09:00       },
2026-06-12T04:28:57.2555022+09:00       {
2026-06-12T04:28:57.2575083+09:00         "run_id": "r02",
2026-06-12T04:28:57.2575083+09:00         "action": "not_due",
2026-06-12T04:28:57.2575083+09:00         "taskId": "daily-20260612-r02",
2026-06-12T04:28:57.2626795+09:00         "reason": "jst_hour=4"
2026-06-12T04:28:57.2626795+09:00       },
2026-06-12T04:28:57.2690380+09:00       {
2026-06-12T04:28:57.2722541+09:00         "run_id": "r03",
2026-06-12T04:28:57.2740746+09:00         "action": "not_due",
2026-06-12T04:28:57.2760816+09:00         "taskId": "daily-20260612-r03",
2026-06-12T04:28:57.2770824+09:00         "reason": "jst_hour=4"
2026-06-12T04:28:57.2784800+09:00       }
2026-06-12T04:28:57.2784800+09:00     ]
2026-06-12T04:28:57.2784800+09:00   },
2026-06-12T04:28:57.2831460+09:00   "reconcile": {
2026-06-12T04:28:57.2831460+09:00     "resetProcessing": 0,
2026-06-12T04:28:57.2831460+09:00     "inserted": 2,
2026-06-12T04:28:57.2883185+09:00     "scanned": 7,
2026-06-12T04:28:57.2883185+09:00     "stale": {
2026-06-12T04:28:57.2883185+09:00       "scanned": 7,
2026-06-12T04:28:57.2883185+09:00       "staleDetected": 0,
2026-06-12T04:28:57.2936050+09:00       "rolledBack": 0,
2026-06-12T04:28:57.2936050+09:00       "skippedCap": 0,
2026-06-12T04:28:57.2936050+09:00       "dryRun": false,
2026-06-12T04:28:57.3005985+09:00       "actions": []
2026-06-12T04:28:57.3025966+09:00     }
2026-06-12T04:28:57.3034403+09:00   },
2026-06-12T04:28:57.3045141+09:00   "dispatch": {
2026-06-12T04:28:57.3070278+09:00     "claimed": 2,
2026-06-12T04:28:57.3080288+09:00     "done": 2,
2026-06-12T04:28:57.3090276+09:00     "failed": 0
2026-06-12T04:28:57.3110283+09:00   },
2026-06-12T04:28:57.3117908+09:00   "step4_poll": {
2026-06-12T04:28:57.3117908+09:00     "scanned": 7,
2026-06-12T04:28:57.3162719+09:00     "awaiting": 2,
2026-06-12T04:28:57.3162719+09:00     "polled": 0,
2026-06-12T04:28:57.3162719+09:00     "picks_applied": 0,
2026-06-12T04:28:57.3162719+09:00     "pick_errors": 0,
2026-06-12T04:28:57.3213444+09:00     "timeouts": 0,
2026-06-12T04:28:57.3213444+09:00     "skipped": 0,
2026-06-12T04:28:57.3213444+09:00     "results": [
2026-06-12T04:28:57.3213444+09:00       {
2026-06-12T04:28:57.3285420+09:00         "task_id": "daily-20260611-r02",
2026-06-12T04:28:57.3306266+09:00         "result": {
2026-06-12T04:28:57.3323868+09:00           "outcome": "no_new_messages"
2026-06-12T04:28:57.3333504+09:00         }
2026-06-12T04:28:57.3343855+09:00       },
2026-06-12T04:28:57.3363504+09:00       {
2026-06-12T04:28:57.3368291+09:00         "task_id": "daily-20260611-r03",
2026-06-12T04:28:57.3368291+09:00         "result": {
2026-06-12T04:28:57.3368291+09:00           "outcome": "no_new_messages"
2026-06-12T04:28:57.3414922+09:00         }
2026-06-12T04:28:57.3414922+09:00       }
2026-06-12T04:28:57.3414922+09:00     ]
2026-06-12T04:28:57.3468242+09:00   },
2026-06-12T04:28:57.3468242+09:00   "step7_retry_poll": {
2026-06-12T04:28:57.3468242+09:00     "scanned": 7,
2026-06-12T04:28:57.3468242+09:00     "eligible": 4,
2026-06-12T04:28:57.3521131+09:00     "polled": 0,
2026-06-12T04:28:57.3521131+09:00     "retries_triggered": 0,
2026-06-12T04:28:57.3521131+09:00     "retry_errors": 0,
2026-06-12T04:28:57.3571547+09:00     "skipped": 0,
2026-06-12T04:28:57.3579489+09:00     "results": []
2026-06-12T04:28:57.3600002+09:00   }
2026-06-12T04:28:57.3617681+09:00 }
2026-06-12T04:28:57.3638305+09:00 OK run-once finished
2026-06-12T04:33:53.0323920+09:00 START dispatch-run-once
2026-06-12T04:33:53.4757885+09:00 
2026-06-12T04:33:53.4757885+09:00 > orchestrator
2026-06-12T04:33:53.4810323+09:00 > tsx src/cli/orchestrator.ts run-once --limit 10
2026-06-12T04:33:53.4810323+09:00 
2026-06-12T04:33:56.7904847+09:00 {
2026-06-12T04:33:56.7904847+09:00   "ensure_daily": {
2026-06-12T04:33:56.7956543+09:00     "runs": [
2026-06-12T04:33:56.7990796+09:00       {
2026-06-12T04:33:56.8016015+09:00         "run_id": "r01",
2026-06-12T04:33:56.8045996+09:00         "action": "not_due",
2026-06-12T04:33:56.8065992+09:00         "taskId": "daily-20260612-r01",
2026-06-12T04:33:56.8085355+09:00         "reason": "jst_hour=4"
2026-06-12T04:33:56.8105426+09:00       },
2026-06-12T04:33:56.8304954+09:00       {
2026-06-12T04:33:56.8329133+09:00         "run_id": "r02",
2026-06-12T04:33:56.8349240+09:00         "action": "not_due",
2026-06-12T04:33:56.8369289+09:00         "taskId": "daily-20260612-r02",
2026-06-12T04:33:56.8395452+09:00         "reason": "jst_hour=4"
2026-06-12T04:33:56.8411196+09:00       },
2026-06-12T04:33:56.8431264+09:00       {
2026-06-12T04:33:56.8441260+09:00         "run_id": "r03",
2026-06-12T04:33:56.8451257+09:00         "action": "not_due",
2026-06-12T04:33:56.8471258+09:00         "taskId": "daily-20260612-r03",
2026-06-12T04:33:56.8481252+09:00         "reason": "jst_hour=4"
2026-06-12T04:33:56.8490048+09:00       }
2026-06-12T04:33:56.8490048+09:00     ]
2026-06-12T04:33:56.8535896+09:00   },
2026-06-12T04:33:56.8535896+09:00   "reconcile": {
2026-06-12T04:33:56.8535896+09:00     "resetProcessing": 0,
2026-06-12T04:33:56.8586819+09:00     "inserted": 2,
2026-06-12T04:33:56.8594634+09:00     "scanned": 7,
2026-06-12T04:33:56.8620239+09:00     "stale": {
2026-06-12T04:33:56.8629895+09:00       "scanned": 7,
2026-06-12T04:33:56.8656620+09:00       "staleDetected": 0,
2026-06-12T04:33:56.8687442+09:00       "rolledBack": 0,
2026-06-12T04:33:56.8707467+09:00       "skippedCap": 0,
2026-06-12T04:33:56.8727784+09:00       "dryRun": false,
2026-06-12T04:33:56.8737801+09:00       "actions": []
2026-06-12T04:33:56.8759884+09:00     }
2026-06-12T04:33:56.8759884+09:00   },
2026-06-12T04:33:56.8786134+09:00   "dispatch": {
2026-06-12T04:33:56.8824113+09:00     "claimed": 2,
2026-06-12T04:33:56.8838600+09:00     "done": 2,
2026-06-12T04:33:56.8858586+09:00     "failed": 0
2026-06-12T04:33:56.8868604+09:00   },
2026-06-12T04:33:56.8888593+09:00   "step4_poll": {
2026-06-12T04:33:56.8906115+09:00     "scanned": 7,
2026-06-12T04:33:56.8917246+09:00     "awaiting": 2,
2026-06-12T04:33:56.8927241+09:00     "polled": 0,
2026-06-12T04:33:56.8947249+09:00     "picks_applied": 0,
2026-06-12T04:33:56.8963055+09:00     "pick_errors": 0,
2026-06-12T04:33:56.8973365+09:00     "timeouts": 0,
2026-06-12T04:33:56.8989672+09:00     "skipped": 0,
2026-06-12T04:33:56.9000375+09:00     "results": [
2026-06-12T04:33:56.9020373+09:00       {
2026-06-12T04:33:56.9030354+09:00         "task_id": "daily-20260611-r02",
2026-06-12T04:33:56.9050375+09:00         "result": {
2026-06-12T04:33:56.9060363+09:00           "outcome": "no_new_messages"
2026-06-12T04:33:56.9070386+09:00         }
2026-06-12T04:33:56.9070386+09:00       },
2026-06-12T04:33:56.9070386+09:00       {
2026-06-12T04:33:56.9123186+09:00         "task_id": "daily-20260611-r03",
2026-06-12T04:33:56.9123186+09:00         "result": {
2026-06-12T04:33:56.9123186+09:00           "outcome": "no_new_messages"
2026-06-12T04:33:56.9173655+09:00         }
2026-06-12T04:33:56.9193590+09:00       }
2026-06-12T04:33:56.9203591+09:00     ]
2026-06-12T04:33:56.9223580+09:00   },
2026-06-12T04:33:56.9238646+09:00   "step7_retry_poll": {
2026-06-12T04:33:56.9250182+09:00     "scanned": 7,
2026-06-12T04:33:56.9270178+09:00     "eligible": 4,
2026-06-12T04:33:56.9277082+09:00     "polled": 0,
2026-06-12T04:33:56.9297153+09:00     "retries_triggered": 0,
2026-06-12T04:33:56.9307144+09:00     "retry_errors": 0,
2026-06-12T04:33:56.9323371+09:00     "skipped": 0,
2026-06-12T04:33:56.9346700+09:00     "results": []
2026-06-12T04:33:56.9369052+09:00   }
2026-06-12T04:33:56.9369052+09:00 }
2026-06-12T04:33:56.9369052+09:00 OK run-once finished
2026-06-12T04:38:53.3854542+09:00 START dispatch-run-once
2026-06-12T04:38:53.7715418+09:00 
2026-06-12T04:38:53.7745915+09:00 > orchestrator
2026-06-12T04:38:53.7745915+09:00 > tsx src/cli/orchestrator.ts run-once --limit 10
2026-06-12T04:38:53.7796885+09:00 
2026-06-12T04:38:57.0386347+09:00 {
2026-06-12T04:38:57.0446268+09:00   "ensure_daily": {
2026-06-12T04:38:57.0551387+09:00     "runs": [
2026-06-12T04:38:57.0668865+09:00       {
2026-06-12T04:38:57.0718052+09:00         "run_id": "r01",
2026-06-12T04:38:57.0758092+09:00         "action": "not_due",
2026-06-12T04:38:57.0778048+09:00         "taskId": "daily-20260612-r01",
2026-06-12T04:38:57.0830521+09:00         "reason": "jst_hour=4"
2026-06-12T04:38:57.0868585+09:00       },
2026-06-12T04:38:57.1112735+09:00       {
2026-06-12T04:38:57.1138292+09:00         "run_id": "r02",
2026-06-12T04:38:57.1164007+09:00         "action": "not_due",
2026-06-12T04:38:57.1180498+09:00         "taskId": "daily-20260612-r02",
2026-06-12T04:38:57.1200840+09:00         "reason": "jst_hour=4"
2026-06-12T04:38:57.1229783+09:00       },
2026-06-12T04:38:57.1252974+09:00       {
2026-06-12T04:38:57.1271464+09:00         "run_id": "r03",
2026-06-12T04:38:57.1278851+09:00         "action": "not_due",
2026-06-12T04:38:57.1278851+09:00         "taskId": "daily-20260612-r03",
2026-06-12T04:38:57.1322632+09:00         "reason": "jst_hour=4"
2026-06-12T04:38:57.1322632+09:00       }
2026-06-12T04:38:57.1322632+09:00     ]
2026-06-12T04:38:57.1322632+09:00   },
2026-06-12T04:38:57.1384122+09:00   "reconcile": {
2026-06-12T04:38:57.1394642+09:00     "resetProcessing": 0,
2026-06-12T04:38:57.1414628+09:00     "inserted": 2,
2026-06-12T04:38:57.1424635+09:00     "scanned": 7,
2026-06-12T04:38:57.1444576+09:00     "stale": {
2026-06-12T04:38:57.1455355+09:00       "scanned": 7,
2026-06-12T04:38:57.1475382+09:00       "staleDetected": 0,
2026-06-12T04:38:57.1495356+09:00       "rolledBack": 0,
2026-06-12T04:38:57.1505346+09:00       "skippedCap": 0,
2026-06-12T04:38:57.1525342+09:00       "dryRun": false,
2026-06-12T04:38:57.1525342+09:00       "actions": []
2026-06-12T04:38:57.1525342+09:00     }
2026-06-12T04:38:57.1525342+09:00   },
2026-06-12T04:38:57.1579827+09:00   "dispatch": {
2026-06-12T04:38:57.1579827+09:00     "claimed": 2,
2026-06-12T04:38:57.1579827+09:00     "done": 2,
2026-06-12T04:38:57.1579827+09:00     "failed": 0
2026-06-12T04:38:57.1630879+09:00   },
2026-06-12T04:38:57.1630879+09:00   "step4_poll": {
2026-06-12T04:38:57.1630879+09:00     "scanned": 7,
2026-06-12T04:38:57.1690057+09:00     "awaiting": 2,
2026-06-12T04:38:57.1700669+09:00     "polled": 0,
2026-06-12T04:38:57.1720646+09:00     "picks_applied": 0,
2026-06-12T04:38:57.1730643+09:00     "pick_errors": 0,
2026-06-12T04:38:57.1740638+09:00     "timeouts": 0,
2026-06-12T04:38:57.1760648+09:00     "skipped": 0,
2026-06-12T04:38:57.1770663+09:00     "results": [
2026-06-12T04:38:57.1790643+09:00       {
2026-06-12T04:38:57.1802441+09:00         "task_id": "daily-20260611-r02",
2026-06-12T04:38:57.1812470+09:00         "result": {
2026-06-12T04:38:57.1832451+09:00           "outcome": "no_new_messages"
2026-06-12T04:38:57.1852477+09:00         }
2026-06-12T04:38:57.1871754+09:00       },
2026-06-12T04:38:57.1881789+09:00       {
2026-06-12T04:38:57.1881789+09:00         "task_id": "daily-20260611-r03",
2026-06-12T04:38:57.1881789+09:00         "result": {
2026-06-12T04:38:57.1934600+09:00           "outcome": "no_new_messages"
2026-06-12T04:38:57.1934600+09:00         }
2026-06-12T04:38:57.1934600+09:00       }
2026-06-12T04:38:57.1934600+09:00     ]
2026-06-12T04:38:57.1995862+09:00   },
2026-06-12T04:38:57.2016902+09:00   "step7_retry_poll": {
2026-06-12T04:38:57.2026832+09:00     "scanned": 7,
2026-06-12T04:38:57.2038370+09:00     "eligible": 4,
2026-06-12T04:38:57.2058369+09:00     "polled": 0,
2026-06-12T04:38:57.2073501+09:00     "retries_triggered": 0,
2026-06-12T04:38:57.2083509+09:00     "retry_errors": 0,
2026-06-12T04:38:57.2093507+09:00     "skipped": 0,
2026-06-12T04:38:57.2111483+09:00     "results": []
2026-06-12T04:38:57.2111483+09:00   }
2026-06-12T04:38:57.2111483+09:00 }
2026-06-12T04:38:57.2157485+09:00 OK run-once finished
2026-06-12T04:43:53.7845608+09:00 START dispatch-run-once
2026-06-12T04:43:54.1797351+09:00 
2026-06-12T04:43:54.1817423+09:00 > orchestrator
2026-06-12T04:43:54.1832498+09:00 > tsx src/cli/orchestrator.ts run-once --limit 10
2026-06-12T04:43:54.1832498+09:00 
2026-06-12T04:43:57.5321288+09:00 {
2026-06-12T04:43:57.5443562+09:00   "ensure_daily": {
2026-06-12T04:43:57.5531202+09:00     "runs": [
2026-06-12T04:43:57.5616744+09:00       {
2026-06-12T04:43:57.5702627+09:00         "run_id": "r01",
2026-06-12T04:43:57.5768789+09:00         "action": "not_due",
2026-06-12T04:43:57.5818349+09:00         "taskId": "daily-20260612-r01",
2026-06-12T04:43:57.5859762+09:00         "reason": "jst_hour=4"
2026-06-12T04:43:57.5907220+09:00       },
2026-06-12T04:43:57.6117516+09:00       {
2026-06-12T04:43:57.6117516+09:00         "run_id": "r02",
2026-06-12T04:43:57.6155127+09:00         "action": "not_due",
2026-06-12T04:43:57.6175660+09:00         "taskId": "daily-20260612-r02",
2026-06-12T04:43:57.6195657+09:00         "reason": "jst_hour=4"
2026-06-12T04:43:57.6215676+09:00       },
2026-06-12T04:43:57.6233176+09:00       {
2026-06-12T04:43:57.6248887+09:00         "run_id": "r03",
2026-06-12T04:43:57.6258545+09:00         "action": "not_due",
2026-06-12T04:43:57.6268530+09:00         "taskId": "daily-20260612-r03",
2026-06-12T04:43:57.6298558+09:00         "reason": "jst_hour=4"
2026-06-12T04:43:57.6317172+09:00       }
2026-06-12T04:43:57.6317172+09:00     ]
2026-06-12T04:43:57.6317172+09:00   },
2026-06-12T04:43:57.6359461+09:00   "reconcile": {
2026-06-12T04:43:57.6359461+09:00     "resetProcessing": 0,
2026-06-12T04:43:57.6359461+09:00     "inserted": 2,
2026-06-12T04:43:57.6359461+09:00     "scanned": 7,
2026-06-12T04:43:57.6423567+09:00     "stale": {
2026-06-12T04:43:57.6444326+09:00       "scanned": 7,
2026-06-12T04:43:57.6464292+09:00       "staleDetected": 0,
2026-06-12T04:43:57.6483336+09:00       "rolledBack": 0,
2026-06-12T04:43:57.6494164+09:00       "skippedCap": 0,
2026-06-12T04:43:57.6514630+09:00       "dryRun": false,
2026-06-12T04:43:57.6529845+09:00       "actions": []
2026-06-12T04:43:57.6546017+09:00     }
2026-06-12T04:43:57.6563105+09:00   },
2026-06-12T04:43:57.6589836+09:00   "dispatch": {
2026-06-12T04:43:57.6613931+09:00     "claimed": 2,
2026-06-12T04:43:57.6630687+09:00     "done": 2,
2026-06-12T04:43:57.6636389+09:00     "failed": 0
2026-06-12T04:43:57.6660908+09:00   },
2026-06-12T04:43:57.6665955+09:00   "step4_poll": {
2026-06-12T04:43:57.6665955+09:00     "scanned": 7,
2026-06-12T04:43:57.6665955+09:00     "awaiting": 2,
2026-06-12T04:43:57.6721455+09:00     "polled": 0,
2026-06-12T04:43:57.6731970+09:00     "picks_applied": 0,
2026-06-12T04:43:57.6753864+09:00     "pick_errors": 0,
2026-06-12T04:43:57.6763540+09:00     "timeouts": 0,
2026-06-12T04:43:57.6773762+09:00     "skipped": 0,
2026-06-12T04:43:57.6793532+09:00     "results": [
2026-06-12T04:43:57.6803521+09:00       {
2026-06-12T04:43:57.6813878+09:00         "task_id": "daily-20260611-r02",
2026-06-12T04:43:57.6813878+09:00         "result": {
2026-06-12T04:43:57.6813878+09:00           "outcome": "no_new_messages"
2026-06-12T04:43:57.6864519+09:00         }
2026-06-12T04:43:57.6864519+09:00       },
2026-06-12T04:43:57.6864519+09:00       {
2026-06-12T04:43:57.6916194+09:00         "task_id": "daily-20260611-r03",
2026-06-12T04:43:57.6916194+09:00         "result": {
2026-06-12T04:43:57.6916194+09:00           "outcome": "no_new_messages"
2026-06-12T04:43:57.6916194+09:00         }
2026-06-12T04:43:57.6969146+09:00       }
2026-06-12T04:43:57.6969146+09:00     ]
2026-06-12T04:43:57.6969146+09:00   },
2026-06-12T04:43:57.6969146+09:00   "step7_retry_poll": {
2026-06-12T04:43:57.7042003+09:00     "scanned": 7,
2026-06-12T04:43:57.7051961+09:00     "eligible": 4,
2026-06-12T04:43:57.7067054+09:00     "polled": 0,
2026-06-12T04:43:57.7088023+09:00     "retries_triggered": 0,
2026-06-12T04:43:57.7097691+09:00     "retry_errors": 0,
2026-06-12T04:43:57.7118050+09:00     "skipped": 0,
2026-06-12T04:43:57.7127709+09:00     "results": []
2026-06-12T04:43:57.7137962+09:00   }
2026-06-12T04:43:57.7148041+09:00 }
2026-06-12T04:43:57.7148041+09:00 OK run-once finished
2026-06-12T04:48:52.4292864+09:00 START dispatch-run-once
2026-06-12T04:48:52.8979884+09:00 
2026-06-12T04:48:52.8989958+09:00 > orchestrator
2026-06-12T04:48:52.9010066+09:00 > tsx src/cli/orchestrator.ts run-once --limit 10
2026-06-12T04:48:52.9010066+09:00 
2026-06-12T04:48:56.2238772+09:00 {
2026-06-12T04:48:56.2238772+09:00   "ensure_daily": {
2026-06-12T04:48:56.2289649+09:00     "runs": [
2026-06-12T04:48:56.2289649+09:00       {
2026-06-12T04:48:56.2343231+09:00         "run_id": "r01",
2026-06-12T04:48:56.2368722+09:00         "action": "not_due",
2026-06-12T04:48:56.2388667+09:00         "taskId": "daily-20260612-r01",
2026-06-12T04:48:56.2408680+09:00         "reason": "jst_hour=4"
2026-06-12T04:48:56.2438678+09:00       },
2026-06-12T04:48:56.2631386+09:00       {
2026-06-12T04:48:56.2651952+09:00         "run_id": "r02",
2026-06-12T04:48:56.2671951+09:00         "action": "not_due",
2026-06-12T04:48:56.2699910+09:00         "taskId": "daily-20260612-r02",
2026-06-12T04:48:56.2719922+09:00         "reason": "jst_hour=4"
2026-06-12T04:48:56.2739916+09:00       },
2026-06-12T04:48:56.2749887+09:00       {
2026-06-12T04:48:56.2769936+09:00         "run_id": "r03",
2026-06-12T04:48:56.2769936+09:00         "action": "not_due",
2026-06-12T04:48:56.2769936+09:00         "taskId": "daily-20260612-r03",
2026-06-12T04:48:56.2823054+09:00         "reason": "jst_hour=4"
2026-06-12T04:48:56.2829286+09:00       }
2026-06-12T04:48:56.2829286+09:00     ]
2026-06-12T04:48:56.2859704+09:00   },
2026-06-12T04:48:56.2880144+09:00   "reconcile": {
2026-06-12T04:48:56.2890159+09:00     "resetProcessing": 0,
2026-06-12T04:48:56.2910467+09:00     "inserted": 2,
2026-06-12T04:48:56.2920143+09:00     "scanned": 7,
2026-06-12T04:48:56.2938609+09:00     "stale": {
2026-06-12T04:48:56.2959363+09:00       "scanned": 7,
2026-06-12T04:48:56.2969337+09:00       "staleDetected": 0,
2026-06-12T04:48:56.2989335+09:00       "rolledBack": 0,
2026-06-12T04:48:56.3005741+09:00       "skippedCap": 0,
2026-06-12T04:48:56.3022243+09:00       "dryRun": false,
2026-06-12T04:48:56.3042956+09:00       "actions": []
2026-06-12T04:48:56.3062944+09:00     }
2026-06-12T04:48:56.3072932+09:00   },
2026-06-12T04:48:56.3103025+09:00   "dispatch": {
2026-06-12T04:48:56.3103025+09:00     "claimed": 2,
2026-06-12T04:48:56.3103025+09:00     "done": 2,
2026-06-12T04:48:56.3103025+09:00     "failed": 0
2026-06-12T04:48:56.3157611+09:00   },
2026-06-12T04:48:56.3157611+09:00   "step4_poll": {
2026-06-12T04:48:56.3157611+09:00     "scanned": 7,
2026-06-12T04:48:56.3157611+09:00     "awaiting": 2,
2026-06-12T04:48:56.3236133+09:00     "polled": 0,
2026-06-12T04:48:56.3256115+09:00     "picks_applied": 0,
2026-06-12T04:48:56.3272137+09:00     "pick_errors": 0,
2026-06-12T04:48:56.3292849+09:00     "timeouts": 0,
2026-06-12T04:48:56.3302823+09:00     "skipped": 0,
2026-06-12T04:48:56.3322849+09:00     "results": [
2026-06-12T04:48:56.3352862+09:00       {
2026-06-12T04:48:56.3352862+09:00         "task_id": "daily-20260611-r02",
2026-06-12T04:48:56.3410505+09:00         "result": {
2026-06-12T04:48:56.3410505+09:00           "outcome": "no_new_messages"
2026-06-12T04:48:56.3461558+09:00         }
2026-06-12T04:48:56.3486765+09:00       },
2026-06-12T04:48:56.3507297+09:00       {
2026-06-12T04:48:56.3524273+09:00         "task_id": "daily-20260611-r03",
2026-06-12T04:48:56.3534961+09:00         "result": {
2026-06-12T04:48:56.3554967+09:00           "outcome": "no_new_messages"
2026-06-12T04:48:56.3564965+09:00         }
2026-06-12T04:48:56.3584964+09:00       }
2026-06-12T04:48:56.3605007+09:00     ]
2026-06-12T04:48:56.3616111+09:00   },
2026-06-12T04:48:56.3616111+09:00   "step7_retry_poll": {
2026-06-12T04:48:56.3616111+09:00     "scanned": 7,
2026-06-12T04:48:56.3667573+09:00     "eligible": 4,
2026-06-12T04:48:56.3667573+09:00     "polled": 0,
2026-06-12T04:48:56.3667573+09:00     "retries_triggered": 0,
2026-06-12T04:48:56.3720516+09:00     "retry_errors": 0,
2026-06-12T04:48:56.3742023+09:00     "skipped": 0,
2026-06-12T04:48:56.3762010+09:00     "results": []
2026-06-12T04:48:56.3772028+09:00   }
2026-06-12T04:48:56.3792827+09:00 }
2026-06-12T04:48:56.3812842+09:00 OK run-once finished
2026-06-12T04:53:53.9199294+09:00 START dispatch-run-once
2026-06-12T04:53:54.3108844+09:00 
2026-06-12T04:53:54.3108844+09:00 > orchestrator
2026-06-12T04:53:54.3172859+09:00 > tsx src/cli/orchestrator.ts run-once --limit 10
2026-06-12T04:53:54.3193583+09:00 
2026-06-12T04:53:57.6532651+09:00 {
2026-06-12T04:53:57.6583888+09:00   "ensure_daily": {
2026-06-12T04:53:57.6603644+09:00     "runs": [
2026-06-12T04:53:57.6633731+09:00       {
2026-06-12T04:53:57.6664614+09:00         "run_id": "r01",
2026-06-12T04:53:57.6680131+09:00         "action": "not_due",
2026-06-12T04:53:57.6700127+09:00         "taskId": "daily-20260612-r01",
2026-06-12T04:53:57.6720113+09:00         "reason": "jst_hour=4"
2026-06-12T04:53:57.6727178+09:00       },
2026-06-12T04:53:57.6924406+09:00       {
2026-06-12T04:53:57.6944414+09:00         "run_id": "r02",
2026-06-12T04:53:57.6964408+09:00         "action": "not_due",
2026-06-12T04:53:57.6974414+09:00         "taskId": "daily-20260612-r02",
2026-06-12T04:53:57.6974414+09:00         "reason": "jst_hour=4"
2026-06-12T04:53:57.7028928+09:00       },
2026-06-12T04:53:57.7028928+09:00       {
2026-06-12T04:53:57.7080265+09:00         "run_id": "r03",
2026-06-12T04:53:57.7080265+09:00         "action": "not_due",
2026-06-12T04:53:57.7080265+09:00         "taskId": "daily-20260612-r03",
2026-06-12T04:53:57.7080265+09:00         "reason": "jst_hour=4"
2026-06-12T04:53:57.7131427+09:00       }
2026-06-12T04:53:57.7131427+09:00     ]
2026-06-12T04:53:57.7131427+09:00   },
2026-06-12T04:53:57.7182327+09:00   "reconcile": {
2026-06-12T04:53:57.7205688+09:00     "resetProcessing": 0,
2026-06-12T04:53:57.7225663+09:00     "inserted": 2,
2026-06-12T04:53:57.7248098+09:00     "scanned": 7,
2026-06-12T04:53:57.7258095+09:00     "stale": {
2026-06-12T04:53:57.7278098+09:00       "scanned": 7,
2026-06-12T04:53:57.7288103+09:00       "staleDetected": 0,
2026-06-12T04:53:57.7308099+09:00       "rolledBack": 0,
2026-06-12T04:53:57.7308099+09:00       "skippedCap": 0,
2026-06-12T04:53:57.7308099+09:00       "dryRun": false,
2026-06-12T04:53:57.7359836+09:00       "actions": []
2026-06-12T04:53:57.7359836+09:00     }
2026-06-12T04:53:57.7359836+09:00   },
2026-06-12T04:53:57.7413779+09:00   "dispatch": {
2026-06-12T04:53:57.7413779+09:00     "claimed": 2,
2026-06-12T04:53:57.7413779+09:00     "done": 2,
2026-06-12T04:53:57.7413779+09:00     "failed": 0
2026-06-12T04:53:57.7475741+09:00   },
2026-06-12T04:53:57.7486200+09:00   "step4_poll": {
2026-06-12T04:53:57.7506196+09:00     "scanned": 7,
2026-06-12T04:53:57.7516193+09:00     "awaiting": 2,
2026-06-12T04:53:57.7536258+09:00     "polled": 0,
2026-06-12T04:53:57.7546262+09:00     "picks_applied": 0,
2026-06-12T04:53:57.7566255+09:00     "pick_errors": 0,
2026-06-12T04:53:57.7578338+09:00     "timeouts": 0,
2026-06-12T04:53:57.7588375+09:00     "skipped": 0,
2026-06-12T04:53:57.7608335+09:00     "results": [
2026-06-12T04:53:57.7628355+09:00       {
2026-06-12T04:53:57.7643423+09:00         "task_id": "daily-20260611-r02",
2026-06-12T04:53:57.7653707+09:00         "result": {
2026-06-12T04:53:57.7668795+09:00           "outcome": "no_new_messages"
2026-06-12T04:53:57.7668795+09:00         }
2026-06-12T04:53:57.7704337+09:00       },
2026-06-12T04:53:57.7704337+09:00       {
2026-06-12T04:53:57.7704337+09:00         "task_id": "daily-20260611-r03",
2026-06-12T04:53:57.7704337+09:00         "result": {
2026-06-12T04:53:57.7769176+09:00           "outcome": "no_new_messages"
2026-06-12T04:53:57.7789972+09:00         }
2026-06-12T04:53:57.7809955+09:00       }
2026-06-12T04:53:57.7821086+09:00     ]
2026-06-12T04:53:57.7841095+09:00   },
2026-06-12T04:53:57.7851099+09:00   "step7_retry_poll": {
2026-06-12T04:53:57.7871087+09:00     "scanned": 7,
2026-06-12T04:53:57.7881086+09:00     "eligible": 4,
2026-06-12T04:53:57.7891101+09:00     "polled": 0,
2026-06-12T04:53:57.7919429+09:00     "retries_triggered": 0,
2026-06-12T04:53:57.7924739+09:00     "retry_errors": 0,
2026-06-12T04:53:57.7942227+09:00     "skipped": 0,
2026-06-12T04:53:57.7942227+09:00     "results": []
2026-06-12T04:53:57.7942227+09:00   }
2026-06-12T04:53:57.7942227+09:00 }
2026-06-12T04:53:57.7994762+09:00 OK run-once finished
2026-06-12T04:58:53.9933922+09:00 START dispatch-run-once
2026-06-12T04:58:54.3925394+09:00 
2026-06-12T04:58:54.3943920+09:00 > orchestrator
2026-06-12T04:58:54.3963944+09:00 > tsx src/cli/orchestrator.ts run-once --limit 10
2026-06-12T04:58:54.3983942+09:00 
2026-06-12T04:58:57.7416010+09:00 {
2026-06-12T04:58:57.7499201+09:00   "ensure_daily": {
2026-06-12T04:58:57.7592015+09:00     "runs": [
2026-06-12T04:58:57.7665704+09:00       {
2026-06-12T04:58:57.7747536+09:00         "run_id": "r01",
2026-06-12T04:58:57.7788696+09:00         "action": "not_due",
2026-06-12T04:58:57.7869848+09:00         "taskId": "daily-20260612-r01",
2026-06-12T04:58:57.7909862+09:00         "reason": "jst_hour=4"
2026-06-12T04:58:57.7933997+09:00       },
2026-06-12T04:58:57.8096509+09:00       {
2026-06-12T04:58:57.8096509+09:00         "run_id": "r02",
2026-06-12T04:58:57.8149633+09:00         "action": "not_due",
2026-06-12T04:58:57.8149633+09:00         "taskId": "daily-20260612-r02",
2026-06-12T04:58:57.8149633+09:00         "reason": "jst_hour=4"
2026-06-12T04:58:57.8200234+09:00       },
2026-06-12T04:58:57.8200234+09:00       {
2026-06-12T04:58:57.8200234+09:00         "run_id": "r03",
2026-06-12T04:58:57.8274737+09:00         "action": "not_due",
2026-06-12T04:58:57.8294749+09:00         "taskId": "daily-20260612-r03",
2026-06-12T04:58:57.8315060+09:00         "reason": "jst_hour=4"
2026-06-12T04:58:57.8324755+09:00       }
2026-06-12T04:58:57.8335066+09:00     ]
2026-06-12T04:58:57.8360903+09:00   },
2026-06-12T04:58:57.8375877+09:00   "reconcile": {
2026-06-12T04:58:57.8385864+09:00     "resetProcessing": 0,
2026-06-12T04:58:57.8395886+09:00     "inserted": 2,
2026-06-12T04:58:57.8425901+09:00     "scanned": 7,
2026-06-12T04:58:57.8443069+09:00     "stale": {
2026-06-12T04:58:57.8453045+09:00       "scanned": 7,
2026-06-12T04:58:57.8453045+09:00       "staleDetected": 0,
2026-06-12T04:58:57.8453045+09:00       "rolledBack": 0,
2026-06-12T04:58:57.8506449+09:00       "skippedCap": 0,
2026-06-12T04:58:57.8506449+09:00       "dryRun": false,
2026-06-12T04:58:57.8506449+09:00       "actions": []
2026-06-12T04:58:57.8566931+09:00     }
2026-06-12T04:58:57.8580914+09:00   },
2026-06-12T04:58:57.8598438+09:00   "dispatch": {
2026-06-12T04:58:57.8609045+09:00     "claimed": 2,
2026-06-12T04:58:57.8629027+09:00     "done": 2,
2026-06-12T04:58:57.8639036+09:00     "failed": 0
2026-06-12T04:58:57.8649045+09:00   },
2026-06-12T04:58:57.8669022+09:00   "step4_poll": {
2026-06-12T04:58:57.8679033+09:00     "scanned": 7,
2026-06-12T04:58:57.8679033+09:00     "awaiting": 2,
2026-06-12T04:58:57.8679033+09:00     "polled": 0,
2026-06-12T04:58:57.8679033+09:00     "picks_applied": 0,
2026-06-12T04:58:57.8733695+09:00     "pick_errors": 0,
2026-06-12T04:58:57.8733695+09:00     "timeouts": 0,
2026-06-12T04:58:57.8733695+09:00     "skipped": 0,
2026-06-12T04:58:57.8785123+09:00     "results": [
2026-06-12T04:58:57.8785123+09:00       {
2026-06-12T04:58:57.8785123+09:00         "task_id": "daily-20260611-r02",
2026-06-12T04:58:57.8785123+09:00         "result": {
2026-06-12T04:58:57.8844553+09:00           "outcome": "no_new_messages"
2026-06-12T04:58:57.8855342+09:00         }
2026-06-12T04:58:57.8875306+09:00       },
2026-06-12T04:58:57.8885314+09:00       {
2026-06-12T04:58:57.8905314+09:00         "task_id": "daily-20260611-r03",
2026-06-12T04:58:57.8915310+09:00         "result": {
2026-06-12T04:58:57.8925308+09:00           "outcome": "no_new_messages"
2026-06-12T04:58:57.8945314+09:00         }
2026-06-12T04:58:57.8957178+09:00       }
2026-06-12T04:58:57.8967193+09:00     ]
2026-06-12T04:58:57.8987182+09:00   },
2026-06-12T04:58:57.9007209+09:00   "step7_retry_poll": {
2026-06-12T04:58:57.9025340+09:00     "scanned": 7,
2026-06-12T04:58:57.9035345+09:00     "eligible": 4,
2026-06-12T04:58:57.9035345+09:00     "polled": 0,
2026-06-12T04:58:57.9035345+09:00     "retries_triggered": 0,
2026-06-12T04:58:57.9085445+09:00     "retry_errors": 0,
2026-06-12T04:58:57.9085445+09:00     "skipped": 0,
2026-06-12T04:58:57.9085445+09:00     "results": []
2026-06-12T04:58:57.9085445+09:00   }
2026-06-12T04:58:57.9150844+09:00 }
2026-06-12T04:58:57.9181555+09:00 OK run-once finished
2026-06-12T05:04:06.6546649+09:00 START dispatch-run-once
2026-06-12T05:04:07.0433019+09:00 
2026-06-12T05:04:07.0453014+09:00 > orchestrator
2026-06-12T05:04:07.0480501+09:00 > tsx src/cli/orchestrator.ts run-once --limit 10
2026-06-12T05:04:07.0500501+09:00 
2026-06-12T05:04:10.4652835+09:00 {
2026-06-12T05:04:10.4722991+09:00   "ensure_daily": {
2026-06-12T05:04:10.4871212+09:00     "runs": [
2026-06-12T05:04:10.4977253+09:00       {
2026-06-12T05:04:10.5035135+09:00         "run_id": "r01",
2026-06-12T05:04:10.5089785+09:00         "action": "not_due",
2026-06-12T05:04:10.5161363+09:00         "taskId": "daily-20260612-r01",
2026-06-12T05:04:10.5201337+09:00         "reason": "jst_hour=5"
2026-06-12T05:04:10.5235410+09:00       },
2026-06-12T05:04:10.5429638+09:00       {
2026-06-12T05:04:10.5450682+09:00         "run_id": "r02",
2026-06-12T05:04:10.5468791+09:00         "action": "not_due",
2026-06-12T05:04:10.5489457+09:00         "taskId": "daily-20260612-r02",
2026-06-12T05:04:10.5519486+09:00         "reason": "jst_hour=5"
2026-06-12T05:04:10.5539462+09:00       },
2026-06-12T05:04:10.5549464+09:00       {
2026-06-12T05:04:10.5549464+09:00         "run_id": "r03",
2026-06-12T05:04:10.5613104+09:00         "action": "not_due",
2026-06-12T05:04:10.5613104+09:00         "taskId": "daily-20260612-r03",
2026-06-12T05:04:10.5613104+09:00         "reason": "jst_hour=5"
2026-06-12T05:04:10.5655005+09:00       }
2026-06-12T05:04:10.5655005+09:00     ]
2026-06-12T05:04:10.5655005+09:00   },
2026-06-12T05:04:10.5655005+09:00   "reconcile": {
2026-06-12T05:04:10.5721862+09:00     "resetProcessing": 0,
2026-06-12T05:04:10.5741849+09:00     "inserted": 2,
2026-06-12T05:04:10.5761917+09:00     "scanned": 7,
2026-06-12T05:04:10.5781901+09:00     "stale": {
2026-06-12T05:04:10.5791905+09:00       "scanned": 7,
2026-06-12T05:04:10.5811911+09:00       "staleDetected": 0,
2026-06-12T05:04:10.5834027+09:00       "rolledBack": 0,
2026-06-12T05:04:10.5843998+09:00       "skippedCap": 0,
2026-06-12T05:04:10.5864014+09:00       "dryRun": false,
2026-06-12T05:04:10.5883998+09:00       "actions": []
2026-06-12T05:04:10.5895759+09:00     }
2026-06-12T05:04:10.5910827+09:00   },
2026-06-12T05:04:10.5910827+09:00   "dispatch": {
2026-06-12T05:04:10.5910827+09:00     "claimed": 2,
2026-06-12T05:04:10.5961978+09:00     "done": 2,
2026-06-12T05:04:10.5980765+09:00     "failed": 0
2026-06-12T05:04:10.6005780+09:00   },
2026-06-12T05:04:10.6025783+09:00   "step4_poll": {
2026-06-12T05:04:10.6035779+09:00     "scanned": 7,
2026-06-12T05:04:10.6052528+09:00     "awaiting": 2,
2026-06-12T05:04:10.6073729+09:00     "polled": 0,
2026-06-12T05:04:10.6083729+09:00     "picks_applied": 0,
2026-06-12T05:04:10.6103724+09:00     "pick_errors": 0,
2026-06-12T05:04:10.6123732+09:00     "timeouts": 0,
2026-06-12T05:04:10.6133757+09:00     "skipped": 0,
2026-06-12T05:04:10.6164236+09:00     "results": [
2026-06-12T05:04:10.6184530+09:00       {
2026-06-12T05:04:10.6184530+09:00         "task_id": "daily-20260611-r02",
2026-06-12T05:04:10.6184530+09:00         "result": {
2026-06-12T05:04:10.6184530+09:00           "outcome": "no_new_messages"
2026-06-12T05:04:10.6234667+09:00         }
2026-06-12T05:04:10.6234667+09:00       },
2026-06-12T05:04:10.6234667+09:00       {
2026-06-12T05:04:10.6295391+09:00         "task_id": "daily-20260611-r03",
2026-06-12T05:04:10.6308434+09:00         "result": {
2026-06-12T05:04:10.6328868+09:00           "outcome": "no_new_messages"
2026-06-12T05:04:10.6338550+09:00         }
2026-06-12T05:04:10.6358834+09:00       }
2026-06-12T05:04:10.6368504+09:00     ]
2026-06-12T05:04:10.6385328+09:00   },
2026-06-12T05:04:10.6385328+09:00   "step7_retry_poll": {
2026-06-12T05:04:10.6385328+09:00     "scanned": 7,
2026-06-12T05:04:10.6385328+09:00     "eligible": 4,
2026-06-12T05:04:10.6431099+09:00     "polled": 0,
2026-06-12T05:04:10.6431099+09:00     "retries_triggered": 0,
2026-06-12T05:04:10.6482244+09:00     "retry_errors": 0,
2026-06-12T05:04:10.6482244+09:00     "skipped": 0,
2026-06-12T05:04:10.6482244+09:00     "results": []
2026-06-12T05:04:10.6535662+09:00   }
2026-06-12T05:04:10.6535662+09:00 }
2026-06-12T05:04:10.6535662+09:00 OK run-once finished
2026-06-12T05:08:53.4344227+09:00 START dispatch-run-once
2026-06-12T05:08:53.9187694+09:00 
2026-06-12T05:08:53.9217681+09:00 > orchestrator
2026-06-12T05:08:53.9237347+09:00 > tsx src/cli/orchestrator.ts run-once --limit 10
2026-06-12T05:08:53.9247341+09:00 
2026-06-12T05:08:57.4092969+09:00 {
2026-06-12T05:08:57.4092969+09:00   "ensure_daily": {
2026-06-12T05:08:57.4135145+09:00     "runs": [
2026-06-12T05:08:57.4155221+09:00       {
2026-06-12T05:08:57.4175288+09:00         "run_id": "r01",
2026-06-12T05:08:57.4191210+09:00         "action": "not_due",
2026-06-12T05:08:57.4211225+09:00         "taskId": "daily-20260612-r01",
2026-06-12T05:08:57.4231228+09:00         "reason": "jst_hour=5"
2026-06-12T05:08:57.4259417+09:00       },
2026-06-12T05:08:57.4474900+09:00       {
2026-06-12T05:08:57.4494915+09:00         "run_id": "r02",
2026-06-12T05:08:57.4520759+09:00         "action": "not_due",
2026-06-12T05:08:57.4540791+09:00         "taskId": "daily-20260612-r02",
2026-06-12T05:08:57.4570772+09:00         "reason": "jst_hour=5"
2026-06-12T05:08:57.4592918+09:00       },
2026-06-12T05:08:57.4612943+09:00       {
2026-06-12T05:08:57.4632944+09:00         "run_id": "r03",
2026-06-12T05:08:57.4652951+09:00         "action": "not_due",
2026-06-12T05:08:57.4672950+09:00         "taskId": "daily-20260612-r03",
2026-06-12T05:08:57.4672950+09:00         "reason": "jst_hour=5"
2026-06-12T05:08:57.4726378+09:00       }
2026-06-12T05:08:57.4726378+09:00     ]
2026-06-12T05:08:57.4726378+09:00   },
2026-06-12T05:08:57.4787477+09:00   "reconcile": {
2026-06-12T05:08:57.4808130+09:00     "resetProcessing": 0,
2026-06-12T05:08:57.4818140+09:00     "inserted": 2,
2026-06-12T05:08:57.4842663+09:00     "scanned": 7,
2026-06-12T05:08:57.4863438+09:00     "stale": {
2026-06-12T05:08:57.4883440+09:00       "scanned": 7,
2026-06-12T05:08:57.4903409+09:00       "staleDetected": 0,
2026-06-12T05:08:57.4923435+09:00       "rolledBack": 0,
2026-06-12T05:08:57.4923435+09:00       "skippedCap": 0,
2026-06-12T05:08:57.4978380+09:00       "dryRun": false,
2026-06-12T05:08:57.4978380+09:00       "actions": []
2026-06-12T05:08:57.4978380+09:00     }
2026-06-12T05:08:57.5032938+09:00   },
2026-06-12T05:08:57.5032938+09:00   "dispatch": {
2026-06-12T05:08:57.5032938+09:00     "claimed": 2,
2026-06-12T05:08:57.5100364+09:00     "done": 2,
2026-06-12T05:08:57.5120371+09:00     "failed": 0
2026-06-12T05:08:57.5150342+09:00   },
2026-06-12T05:08:57.5160340+09:00   "step4_poll": {
2026-06-12T05:08:57.5180343+09:00     "scanned": 7,
2026-06-12T05:08:57.5202997+09:00     "awaiting": 2,
2026-06-12T05:08:57.5213001+09:00     "polled": 0,
2026-06-12T05:08:57.5232968+09:00     "picks_applied": 0,
2026-06-12T05:08:57.5259056+09:00     "pick_errors": 0,
2026-06-12T05:08:57.5279283+09:00     "timeouts": 0,
2026-06-12T05:08:57.5279283+09:00     "skipped": 0,
2026-06-12T05:08:57.5279283+09:00     "results": [
2026-06-12T05:08:57.5279283+09:00       {
2026-06-12T05:08:57.5330862+09:00         "task_id": "daily-20260611-r02",
2026-06-12T05:08:57.5330862+09:00         "result": {
2026-06-12T05:08:57.5380981+09:00           "outcome": "no_new_messages"
2026-06-12T05:08:57.5400336+09:00         }
2026-06-12T05:08:57.5410323+09:00       },
2026-06-12T05:08:57.5425580+09:00       {
2026-06-12T05:08:57.5446323+09:00         "task_id": "daily-20260611-r03",
2026-06-12T05:08:57.5466319+09:00         "result": {
2026-06-12T05:08:57.5476317+09:00           "outcome": "no_new_messages"
2026-06-12T05:08:57.5496326+09:00         }
2026-06-12T05:08:57.5506310+09:00       }
2026-06-12T05:08:57.5506310+09:00     ]
2026-06-12T05:08:57.5506310+09:00   },
2026-06-12T05:08:57.5557737+09:00   "step7_retry_poll": {
2026-06-12T05:08:57.5557737+09:00     "scanned": 7,
2026-06-12T05:08:57.5557737+09:00     "eligible": 4,
2026-06-12T05:08:57.5612688+09:00     "polled": 0,
2026-06-12T05:08:57.5612688+09:00     "retries_triggered": 0,
2026-06-12T05:08:57.5612688+09:00     "retry_errors": 0,
2026-06-12T05:08:57.5678511+09:00     "skipped": 0,
2026-06-12T05:08:57.5698596+09:00     "results": []
2026-06-12T05:08:57.5718656+09:00   }
2026-06-12T05:08:57.5738588+09:00 }
2026-06-12T05:08:57.5758576+09:00 OK run-once finished
2026-06-12T05:13:52.9464995+09:00 START dispatch-run-once
2026-06-12T05:13:53.3862084+09:00 
2026-06-12T05:13:53.3881755+09:00 > orchestrator
2026-06-12T05:13:53.3881755+09:00 > tsx src/cli/orchestrator.ts run-once --limit 10
2026-06-12T05:13:53.3923596+09:00 
2026-06-12T05:13:56.7367604+09:00 {
2026-06-12T05:13:56.7381709+09:00   "ensure_daily": {
2026-06-12T05:13:56.7381709+09:00     "runs": [
2026-06-12T05:13:56.7429983+09:00       {
2026-06-12T05:13:56.7429983+09:00         "run_id": "r01",
2026-06-12T05:13:56.7469222+09:00         "action": "not_due",
2026-06-12T05:13:56.7489749+09:00         "taskId": "daily-20260612-r01",
2026-06-12T05:13:56.7514864+09:00         "reason": "jst_hour=5"
2026-06-12T05:13:56.7534874+09:00       },
2026-06-12T05:13:56.7731204+09:00       {
2026-06-12T05:13:56.7751185+09:00         "run_id": "r02",
2026-06-12T05:13:56.7771182+09:00         "action": "not_due",
2026-06-12T05:13:56.7791188+09:00         "taskId": "daily-20260612-r02",
2026-06-12T05:13:56.7816463+09:00         "reason": "jst_hour=5"
2026-06-12T05:13:56.7832981+09:00       },
2026-06-12T05:13:56.7863325+09:00       {
2026-06-12T05:13:56.7881246+09:00         "run_id": "r03",
2026-06-12T05:13:56.7902048+09:00         "action": "not_due",
2026-06-12T05:13:56.7912009+09:00         "taskId": "daily-20260612-r03",
2026-06-12T05:13:56.7932032+09:00         "reason": "jst_hour=5"
2026-06-12T05:13:56.7942053+09:00       }
2026-06-12T05:13:56.7962031+09:00     ]
2026-06-12T05:13:56.7970987+09:00   },
2026-06-12T05:13:56.7970987+09:00   "reconcile": {
2026-06-12T05:13:56.7970987+09:00     "resetProcessing": 0,
2026-06-12T05:13:56.8015566+09:00     "inserted": 2,
2026-06-12T05:13:56.8015566+09:00     "scanned": 7,
2026-06-12T05:13:56.8015566+09:00     "stale": {
2026-06-12T05:13:56.8067239+09:00       "scanned": 7,
2026-06-12T05:13:56.8067239+09:00       "staleDetected": 0,
2026-06-12T05:13:56.8106288+09:00       "rolledBack": 0,
2026-06-12T05:13:56.8116273+09:00       "skippedCap": 0,
2026-06-12T05:13:56.8131643+09:00       "dryRun": false,
2026-06-12T05:13:56.8152669+09:00       "actions": []
2026-06-12T05:13:56.8172326+09:00     }
2026-06-12T05:13:56.8182321+09:00   },
2026-06-12T05:13:56.8202322+09:00   "dispatch": {
2026-06-12T05:13:56.8212325+09:00     "claimed": 2,
2026-06-12T05:13:56.8212325+09:00     "done": 2,
2026-06-12T05:13:56.8212325+09:00     "failed": 0
2026-06-12T05:13:56.8264914+09:00   },
2026-06-12T05:13:56.8264914+09:00   "step4_poll": {
2026-06-12T05:13:56.8264914+09:00     "scanned": 7,
2026-06-12T05:13:56.8316624+09:00     "awaiting": 2,
2026-06-12T05:13:56.8316624+09:00     "polled": 0,
2026-06-12T05:13:56.8316624+09:00     "picks_applied": 0,
2026-06-12T05:13:56.8316624+09:00     "pick_errors": 0,
2026-06-12T05:13:56.8375984+09:00     "timeouts": 0,
2026-06-12T05:13:56.8396072+09:00     "skipped": 0,
2026-06-12T05:13:56.8416072+09:00     "results": [
2026-06-12T05:13:56.8436059+09:00       {
2026-06-12T05:13:56.8446056+09:00         "task_id": "daily-20260611-r02",
2026-06-12T05:13:56.8466061+09:00         "result": {
2026-06-12T05:13:56.8476057+09:00           "outcome": "no_new_messages"
2026-06-12T05:13:56.8487191+09:00         }
2026-06-12T05:13:56.8502595+09:00       },
2026-06-12T05:13:56.8523022+09:00       {
2026-06-12T05:13:56.8543028+09:00         "task_id": "daily-20260611-r03",
2026-06-12T05:13:56.8559999+09:00         "result": {
2026-06-12T05:13:56.8569986+09:00           "outcome": "no_new_messages"
2026-06-12T05:13:56.8591565+09:00         }
2026-06-12T05:13:56.8601225+09:00       }
2026-06-12T05:13:56.8621542+09:00     ]
2026-06-12T05:13:56.8631150+09:00   },
2026-06-12T05:13:56.8631150+09:00   "step7_retry_poll": {
2026-06-12T05:13:56.8631150+09:00     "scanned": 7,
2026-06-12T05:13:56.8671817+09:00     "eligible": 4,
2026-06-12T05:13:56.8671817+09:00     "polled": 0,
2026-06-12T05:13:56.8671817+09:00     "retries_triggered": 0,
2026-06-12T05:13:56.8726164+09:00     "retry_errors": 0,
2026-06-12T05:13:56.8733294+09:00     "skipped": 0,
2026-06-12T05:13:56.8754138+09:00     "results": []
2026-06-12T05:13:56.8763838+09:00   }
2026-06-12T05:13:56.8784128+09:00 }
2026-06-12T05:13:56.8798168+09:00 OK run-once finished
2026-06-12T05:18:53.2551207+09:00 START dispatch-run-once
2026-06-12T05:18:55.7987662+09:00 
2026-06-12T05:18:55.8014561+09:00 > orchestrator
2026-06-12T05:18:55.8034568+09:00 > tsx src/cli/orchestrator.ts run-once --limit 10
2026-06-12T05:18:55.8054556+09:00 
2026-06-12T05:19:02.9349618+09:00 {
2026-06-12T05:19:02.9371030+09:00   "ensure_daily": {
2026-06-12T05:19:02.9391037+09:00     "runs": [
2026-06-12T05:19:02.9401044+09:00       {
2026-06-12T05:19:02.9429146+09:00         "run_id": "r01",
2026-06-12T05:19:02.9439145+09:00         "action": "not_due",
2026-06-12T05:19:02.9459146+09:00         "taskId": "daily-20260612-r01",
2026-06-12T05:19:02.9469138+09:00         "reason": "jst_hour=5"
2026-06-12T05:19:02.9495152+09:00       },
2026-06-12T05:19:02.9542190+09:00       {
2026-06-12T05:19:02.9572227+09:00         "run_id": "r02",
2026-06-12T05:19:02.9585902+09:00         "action": "not_due",
2026-06-12T05:19:02.9585902+09:00         "taskId": "daily-20260612-r02",
2026-06-12T05:19:02.9636107+09:00         "reason": "jst_hour=5"
2026-06-12T05:19:02.9636107+09:00       },
2026-06-12T05:19:02.9636107+09:00       {
2026-06-12T05:19:02.9698874+09:00         "run_id": "r03",
2026-06-12T05:19:02.9719624+09:00         "action": "not_due",
2026-06-12T05:19:02.9749595+09:00         "taskId": "daily-20260612-r03",
2026-06-12T05:19:02.9762503+09:00         "reason": "jst_hour=5"
2026-06-12T05:19:02.9782501+09:00       }
2026-06-12T05:19:02.9802514+09:00     ]
2026-06-12T05:19:02.9822517+09:00   },
2026-06-12T05:19:02.9832510+09:00   "reconcile": {
2026-06-12T05:19:02.9832510+09:00     "resetProcessing": 0,
2026-06-12T05:19:02.9832510+09:00     "inserted": 2,
2026-06-12T05:19:02.9885767+09:00     "scanned": 7,
2026-06-12T05:19:02.9897521+09:00     "stale": {
2026-06-12T05:19:02.9897521+09:00       "scanned": 7,
2026-06-12T05:19:02.9938972+09:00       "staleDetected": 0,
2026-06-12T05:19:02.9938972+09:00       "rolledBack": 0,
2026-06-12T05:19:02.9938972+09:00       "skippedCap": 0,
2026-06-12T05:19:02.9998901+09:00       "dryRun": false,
2026-06-12T05:19:03.0009501+09:00       "actions": []
2026-06-12T05:19:03.0029509+09:00     }
2026-06-12T05:19:03.0039519+09:00   },
2026-06-12T05:19:03.0059503+09:00   "dispatch": {
2026-06-12T05:19:03.0069523+09:00     "claimed": 2,
2026-06-12T05:19:03.0079510+09:00     "done": 2,
2026-06-12T05:19:03.0099509+09:00     "failed": 0
2026-06-12T05:19:03.0111430+09:00   },
2026-06-12T05:19:03.0131437+09:00   "step4_poll": {
2026-06-12T05:19:03.0151424+09:00     "scanned": 7,
2026-06-12T05:19:03.0168466+09:00     "awaiting": 2,
2026-06-12T05:19:03.0178731+09:00     "polled": 0,
2026-06-12T05:19:03.0188739+09:00     "picks_applied": 0,
2026-06-12T05:19:03.0188739+09:00     "pick_errors": 0,
2026-06-12T05:19:03.0188739+09:00     "timeouts": 0,
2026-06-12T05:19:03.0240226+09:00     "skipped": 0,
2026-06-12T05:19:03.0240226+09:00     "results": [
2026-06-12T05:19:03.0240226+09:00       {
2026-06-12T05:19:03.0240226+09:00         "task_id": "daily-20260611-r02",
2026-06-12T05:19:03.0303421+09:00         "result": {
2026-06-12T05:19:03.0324146+09:00           "outcome": "no_new_messages"
2026-06-12T05:19:03.0346074+09:00         }
2026-06-12T05:19:03.0361148+09:00       },
2026-06-12T05:19:03.0371266+09:00       {
2026-06-12T05:19:03.0391262+09:00         "task_id": "daily-20260611-r03",
2026-06-12T05:19:03.0401223+09:00         "result": {
2026-06-12T05:19:03.0418422+09:00           "outcome": "no_new_messages"
2026-06-12T05:19:03.0418422+09:00         }
2026-06-12T05:19:03.0418422+09:00       }
2026-06-12T05:19:03.0462041+09:00     ]
2026-06-12T05:19:03.0462041+09:00   },
2026-06-12T05:19:03.0462041+09:00   "step7_retry_poll": {
2026-06-12T05:19:03.0462041+09:00     "scanned": 7,
2026-06-12T05:19:03.0512206+09:00     "eligible": 4,
2026-06-12T05:19:03.0512206+09:00     "polled": 0,
2026-06-12T05:19:03.0512206+09:00     "retries_triggered": 0,
2026-06-12T05:19:03.0570586+09:00     "retry_errors": 0,
2026-06-12T05:19:03.0584903+09:00     "skipped": 0,
2026-06-12T05:19:03.0595522+09:00     "results": []
2026-06-12T05:19:03.0615542+09:00   }
2026-06-12T05:19:03.0635547+09:00 }
2026-06-12T05:19:03.0655539+09:00 OK run-once finished
2026-06-12T05:23:53.5214617+09:00 START dispatch-run-once
2026-06-12T05:23:53.9508944+09:00 
2026-06-12T05:23:53.9528958+09:00 > orchestrator
2026-06-12T05:23:53.9542232+09:00 > tsx src/cli/orchestrator.ts run-once --limit 10
2026-06-12T05:23:53.9591614+09:00 
2026-06-12T05:23:57.2806402+09:00 {
2026-06-12T05:23:57.2826410+09:00   "ensure_daily": {
2026-06-12T05:23:57.2856492+09:00     "runs": [
2026-06-12T05:23:57.2885288+09:00       {
2026-06-12T05:23:57.2906569+09:00         "run_id": "r01",
2026-06-12T05:23:57.2926560+09:00         "action": "not_due",
2026-06-12T05:23:57.2946556+09:00         "taskId": "daily-20260612-r01",
2026-06-12T05:23:57.2956552+09:00         "reason": "jst_hour=5"
2026-06-12T05:23:57.2987865+09:00       },
2026-06-12T05:23:57.3196721+09:00       {
2026-06-12T05:23:57.3206715+09:00         "run_id": "r02",
2026-06-12T05:23:57.3206715+09:00         "action": "not_due",
2026-06-12T05:23:57.3260917+09:00         "taskId": "daily-20260612-r02",
2026-06-12T05:23:57.3260917+09:00         "reason": "jst_hour=5"
2026-06-12T05:23:57.3296782+09:00       },
2026-06-12T05:23:57.3317419+09:00       {
2026-06-12T05:23:57.3337397+09:00         "run_id": "r03",
2026-06-12T05:23:57.3354969+09:00         "action": "not_due",
2026-06-12T05:23:57.3374416+09:00         "taskId": "daily-20260612-r03",
2026-06-12T05:23:57.3385065+09:00         "reason": "jst_hour=5"
2026-06-12T05:23:57.3395072+09:00       }
2026-06-12T05:23:57.3415072+09:00     ]
2026-06-12T05:23:57.3435061+09:00   },
2026-06-12T05:23:57.3445062+09:00   "reconcile": {
2026-06-12T05:23:57.3455069+09:00     "resetProcessing": 0,
2026-06-12T05:23:57.3455069+09:00     "inserted": 2,
2026-06-12T05:23:57.3455069+09:00     "scanned": 7,
2026-06-12T05:23:57.3506725+09:00     "stale": {
2026-06-12T05:23:57.3506725+09:00       "scanned": 7,
2026-06-12T05:23:57.3506725+09:00       "staleDetected": 0,
2026-06-12T05:23:57.3558330+09:00       "rolledBack": 0,
2026-06-12T05:23:57.3581965+09:00       "skippedCap": 0,
2026-06-12T05:23:57.3611962+09:00       "dryRun": false,
2026-06-12T05:23:57.3625458+09:00       "actions": []
2026-06-12T05:23:57.3645457+09:00     }
2026-06-12T05:23:57.3665462+09:00   },
2026-06-12T05:23:57.3675456+09:00   "dispatch": {
2026-06-12T05:23:57.3685453+09:00     "claimed": 2,
2026-06-12T05:23:57.3705468+09:00     "done": 2,
2026-06-12T05:23:57.3705468+09:00     "failed": 0
2026-06-12T05:23:57.3705468+09:00   },
2026-06-12T05:23:57.3756578+09:00   "step4_poll": {
2026-06-12T05:23:57.3756578+09:00     "scanned": 7,
2026-06-12T05:23:57.3756578+09:00     "awaiting": 2,
2026-06-12T05:23:57.3756578+09:00     "polled": 0,
2026-06-12T05:23:57.3809963+09:00     "picks_applied": 0,
2026-06-12T05:23:57.3809963+09:00     "pick_errors": 0,
2026-06-12T05:23:57.3809963+09:00     "timeouts": 0,
2026-06-12T05:23:57.3809963+09:00     "skipped": 0,
2026-06-12T05:23:57.3869898+09:00     "results": [
2026-06-12T05:23:57.3890370+09:00       {
2026-06-12T05:23:57.3900362+09:00         "task_id": "daily-20260611-r02",
2026-06-12T05:23:57.3920367+09:00         "result": {
2026-06-12T05:23:57.3930366+09:00           "outcome": "no_new_messages"
2026-06-12T05:23:57.3940362+09:00         }
2026-06-12T05:23:57.3960358+09:00       },
2026-06-12T05:23:57.3973460+09:00       {
2026-06-12T05:23:57.3989266+09:00         "task_id": "daily-20260611-r03",
2026-06-12T05:23:57.3999338+09:00         "result": {
2026-06-12T05:23:57.4019376+09:00           "outcome": "no_new_messages"
2026-06-12T05:23:57.4029718+09:00         }
2026-06-12T05:23:57.4051373+09:00       }
2026-06-12T05:23:57.4061353+09:00     ]
2026-06-12T05:23:57.4061353+09:00   },
2026-06-12T05:23:57.4061353+09:00   "step7_retry_poll": {
2026-06-12T05:23:57.4061353+09:00     "scanned": 7,
2026-06-12T05:23:57.4114122+09:00     "eligible": 4,
2026-06-12T05:23:57.4114122+09:00     "polled": 0,
2026-06-12T05:23:57.4114122+09:00     "retries_triggered": 0,
2026-06-12T05:23:57.4114122+09:00     "retry_errors": 0,
2026-06-12T05:23:57.4187889+09:00     "skipped": 0,
2026-06-12T05:23:57.4197865+09:00     "results": []
2026-06-12T05:23:57.4218332+09:00   }
2026-06-12T05:23:57.4228320+09:00 }
2026-06-12T05:23:57.4248384+09:00 OK run-once finished
2026-06-12T05:28:53.0466983+09:00 START dispatch-run-once
2026-06-12T05:28:53.4418674+09:00 
2026-06-12T05:28:53.4449122+09:00 > orchestrator
2026-06-12T05:28:53.4469125+09:00 > tsx src/cli/orchestrator.ts run-once --limit 10
2026-06-12T05:28:53.4489129+09:00 
2026-06-12T05:28:56.7991635+09:00 {
2026-06-12T05:28:56.8007933+09:00   "ensure_daily": {
2026-06-12T05:28:56.8027965+09:00     "runs": [
2026-06-12T05:28:56.8047936+09:00       {
2026-06-12T05:28:56.8067922+09:00         "run_id": "r01",
2026-06-12T05:28:56.8077952+09:00         "action": "not_due",
2026-06-12T05:28:56.8077952+09:00         "taskId": "daily-20260612-r01",
2026-06-12T05:28:56.8131537+09:00         "reason": "jst_hour=5"
2026-06-12T05:28:56.8131537+09:00       },
2026-06-12T05:28:56.8329016+09:00       {
2026-06-12T05:28:56.8329016+09:00         "run_id": "r02",
2026-06-12T05:28:56.8380226+09:00         "action": "not_due",
2026-06-12T05:28:56.8417610+09:00         "taskId": "daily-20260612-r02",
2026-06-12T05:28:56.8438104+09:00         "reason": "jst_hour=5"
2026-06-12T05:28:56.8458119+09:00       },
2026-06-12T05:28:56.8478106+09:00       {
2026-06-12T05:28:56.8496463+09:00         "run_id": "r03",
2026-06-12T05:28:56.8517510+09:00         "action": "not_due",
2026-06-12T05:28:56.8537187+09:00         "taskId": "daily-20260612-r03",
2026-06-12T05:28:56.8557185+09:00         "reason": "jst_hour=5"
2026-06-12T05:28:56.8577180+09:00       }
2026-06-12T05:28:56.8588995+09:00     ]
2026-06-12T05:28:56.8588995+09:00   },
2026-06-12T05:28:56.8588995+09:00   "reconcile": {
2026-06-12T05:28:56.8627602+09:00     "resetProcessing": 0,
2026-06-12T05:28:56.8627602+09:00     "inserted": 2,
2026-06-12T05:28:56.8627602+09:00     "scanned": 7,
2026-06-12T05:28:56.8682044+09:00     "stale": {
2026-06-12T05:28:56.8691977+09:00       "scanned": 7,
2026-06-12T05:28:56.8712547+09:00       "staleDetected": 0,
2026-06-12T05:28:56.8732558+09:00       "rolledBack": 0,
2026-06-12T05:28:56.8756809+09:00       "skippedCap": 0,
2026-06-12T05:28:56.8766806+09:00       "dryRun": false,
2026-06-12T05:28:56.8786802+09:00       "actions": []
2026-06-12T05:28:56.8796818+09:00     }
2026-06-12T05:28:56.8816801+09:00   },
2026-06-12T05:28:56.8830107+09:00   "dispatch": {
2026-06-12T05:28:56.8830107+09:00     "claimed": 2,
2026-06-12T05:28:56.8830107+09:00     "done": 2,
2026-06-12T05:28:56.8890909+09:00     "failed": 0
2026-06-12T05:28:56.8913730+09:00   },
2026-06-12T05:28:56.8930085+09:00   "step4_poll": {
2026-06-12T05:28:56.8950059+09:00     "scanned": 7,
2026-06-12T05:28:56.8970405+09:00     "awaiting": 2,
2026-06-12T05:28:56.8980058+09:00     "polled": 0,
2026-06-12T05:28:56.8996492+09:00     "picks_applied": 0,
2026-06-12T05:28:56.9017970+09:00     "pick_errors": 0,
2026-06-12T05:28:56.9027960+09:00     "timeouts": 0,
2026-06-12T05:28:56.9037961+09:00     "skipped": 0,
2026-06-12T05:28:56.9053376+09:00     "results": [
2026-06-12T05:28:56.9073666+09:00       {
2026-06-12T05:28:56.9089923+09:00         "task_id": "daily-20260611-r02",
2026-06-12T05:28:56.9099918+09:00         "result": {
2026-06-12T05:28:56.9109919+09:00           "outcome": "no_new_messages"
2026-06-12T05:28:56.9129922+09:00         }
2026-06-12T05:28:56.9139912+09:00       },
2026-06-12T05:28:56.9163117+09:00       {
2026-06-12T05:28:56.9163117+09:00         "task_id": "daily-20260611-r03",
2026-06-12T05:28:56.9163117+09:00         "result": {
2026-06-12T05:28:56.9163117+09:00           "outcome": "no_new_messages"
2026-06-12T05:28:56.9213348+09:00         }
2026-06-12T05:28:56.9213348+09:00       }
2026-06-12T05:28:56.9213348+09:00     ]
2026-06-12T05:28:56.9213348+09:00   },
2026-06-12T05:28:56.9274593+09:00   "step7_retry_poll": {
2026-06-12T05:28:56.9295170+09:00     "scanned": 7,
2026-06-12T05:28:56.9305161+09:00     "eligible": 4,
2026-06-12T05:28:56.9325164+09:00     "polled": 0,
2026-06-12T05:28:56.9340037+09:00     "retries_triggered": 0,
2026-06-12T05:28:56.9350032+09:00     "retry_errors": 0,
2026-06-12T05:28:56.9360015+09:00     "skipped": 0,
2026-06-12T05:28:56.9380025+09:00     "results": []
2026-06-12T05:28:56.9390041+09:00   }
2026-06-12T05:28:56.9400022+09:00 }
2026-06-12T05:28:56.9410041+09:00 OK run-once finished
2026-06-12T05:33:53.7837002+09:00 START dispatch-run-once
2026-06-12T05:33:54.1925414+09:00 
2026-06-12T05:33:54.1945405+09:00 > orchestrator
2026-06-12T05:33:54.1952163+09:00 > tsx src/cli/orchestrator.ts run-once --limit 10
2026-06-12T05:33:54.1972251+09:00 
2026-06-12T05:33:57.5500219+09:00 {
2026-06-12T05:33:57.5553639+09:00   "ensure_daily": {
2026-06-12T05:33:57.5589012+09:00     "runs": [
2026-06-12T05:33:57.5608964+09:00       {
2026-06-12T05:33:57.5628659+09:00         "run_id": "r01",
2026-06-12T05:33:57.5649875+09:00         "action": "not_due",
2026-06-12T05:33:57.5669873+09:00         "taskId": "daily-20260612-r01",
2026-06-12T05:33:57.5689872+09:00         "reason": "jst_hour=5"
2026-06-12T05:33:57.5699925+09:00       },
2026-06-12T05:33:57.5903623+09:00       {
2026-06-12T05:33:57.5933599+09:00         "run_id": "r02",
2026-06-12T05:33:57.5953598+09:00         "action": "not_due",
2026-06-12T05:33:57.5963602+09:00         "taskId": "daily-20260612-r02",
2026-06-12T05:33:57.5995826+09:00         "reason": "jst_hour=5"
2026-06-12T05:33:57.6015829+09:00       },
2026-06-12T05:33:57.6035085+09:00       {
2026-06-12T05:33:57.6055374+09:00         "run_id": "r03",
2026-06-12T05:33:57.6073929+09:00         "action": "not_due",
2026-06-12T05:33:57.6073929+09:00         "taskId": "daily-20260612-r03",
2026-06-12T05:33:57.6107187+09:00         "reason": "jst_hour=5"
2026-06-12T05:33:57.6133180+09:00       }
2026-06-12T05:33:57.6143906+09:00     ]
2026-06-12T05:33:57.6163904+09:00   },
2026-06-12T05:33:57.6173913+09:00   "reconcile": {
2026-06-12T05:33:57.6193898+09:00     "resetProcessing": 0,
2026-06-12T05:33:57.6212229+09:00     "inserted": 2,
2026-06-12T05:33:57.6222222+09:00     "scanned": 7,
2026-06-12T05:33:57.6232221+09:00     "stale": {
2026-06-12T05:33:57.6252227+09:00       "scanned": 7,
2026-06-12T05:33:57.6285870+09:00       "staleDetected": 0,
2026-06-12T05:33:57.6305952+09:00       "rolledBack": 0,
2026-06-12T05:33:57.6333645+09:00       "skippedCap": 0,
2026-06-12T05:33:57.6333645+09:00       "dryRun": false,
2026-06-12T05:33:57.6333645+09:00       "actions": []
2026-06-12T05:33:57.6333645+09:00     }
2026-06-12T05:33:57.6406341+09:00   },
2026-06-12T05:33:57.6424873+09:00   "dispatch": {
2026-06-12T05:33:57.6434563+09:00     "claimed": 2,
2026-06-12T05:33:57.6451435+09:00     "done": 2,
2026-06-12T05:33:57.6461997+09:00     "failed": 0
2026-06-12T05:33:57.6482340+09:00   },
2026-06-12T05:33:57.6492021+09:00   "step4_poll": {
2026-06-12T05:33:57.6512345+09:00     "scanned": 7,
2026-06-12T05:33:57.6522024+09:00     "awaiting": 2,
2026-06-12T05:33:57.6532346+09:00     "polled": 0,
2026-06-12T05:33:57.6532346+09:00     "picks_applied": 0,
2026-06-12T05:33:57.6532346+09:00     "pick_errors": 0,
2026-06-12T05:33:57.6584054+09:00     "timeouts": 0,
2026-06-12T05:33:57.6584054+09:00     "skipped": 0,
2026-06-12T05:33:57.6584054+09:00     "results": [
2026-06-12T05:33:57.6584054+09:00       {
2026-06-12T05:33:57.6637040+09:00         "task_id": "daily-20260611-r02",
2026-06-12T05:33:57.6637040+09:00         "result": {
2026-06-12T05:33:57.6637040+09:00           "outcome": "no_new_messages"
2026-06-12T05:33:57.6637040+09:00         }
2026-06-12T05:33:57.6697660+09:00       },
2026-06-12T05:33:57.6718603+09:00       {
2026-06-12T05:33:57.6728271+09:00         "task_id": "daily-20260611-r03",
2026-06-12T05:33:57.6748626+09:00         "result": {
2026-06-12T05:33:57.6758275+09:00           "outcome": "no_new_messages"
2026-06-12T05:33:57.6778607+09:00         }
2026-06-12T05:33:57.6788282+09:00       }
2026-06-12T05:33:57.6798622+09:00     ]
2026-06-12T05:33:57.6820478+09:00   },
2026-06-12T05:33:57.6830469+09:00   "step7_retry_poll": {
2026-06-12T05:33:57.6860479+09:00     "scanned": 7,
2026-06-12T05:33:57.6879197+09:00     "eligible": 4,
2026-06-12T05:33:57.6889090+09:00     "polled": 0,
2026-06-12T05:33:57.6889090+09:00     "retries_triggered": 0,
2026-06-12T05:33:57.6889090+09:00     "retry_errors": 0,
2026-06-12T05:33:57.6939626+09:00     "skipped": 0,
2026-06-12T05:33:57.6939626+09:00     "results": []
2026-06-12T05:33:57.6939626+09:00   }
2026-06-12T05:33:57.6994973+09:00 }
2026-06-12T05:33:57.7019897+09:00 OK run-once finished
2026-06-12T05:38:54.0855800+09:00 START dispatch-run-once
2026-06-12T05:38:54.4838043+09:00 
2026-06-12T05:38:54.4848031+09:00 > orchestrator
2026-06-12T05:38:54.4878046+09:00 > tsx src/cli/orchestrator.ts run-once --limit 10
2026-06-12T05:38:54.4888023+09:00 
2026-06-12T05:38:57.8458976+09:00 {
2026-06-12T05:38:57.8519157+09:00   "ensure_daily": {
2026-06-12T05:38:57.8540059+09:00     "runs": [
2026-06-12T05:38:57.8560058+09:00       {
2026-06-12T05:38:57.8584669+09:00         "run_id": "r01",
2026-06-12T05:38:57.8599740+09:00         "action": "not_due",
2026-06-12T05:38:57.8619819+09:00         "taskId": "daily-20260612-r01",
2026-06-12T05:38:57.8636269+09:00         "reason": "jst_hour=5"
2026-06-12T05:38:57.8657018+09:00       },
2026-06-12T05:38:57.8874282+09:00       {
2026-06-12T05:38:57.8894287+09:00         "run_id": "r02",
2026-06-12T05:38:57.8904285+09:00         "action": "not_due",
2026-06-12T05:38:57.8904285+09:00         "taskId": "daily-20260612-r02",
2026-06-12T05:38:57.8958478+09:00         "reason": "jst_hour=5"
2026-06-12T05:38:57.8990345+09:00       },
2026-06-12T05:38:57.9005770+09:00       {
2026-06-12T05:38:57.9025747+09:00         "run_id": "r03",
2026-06-12T05:38:57.9035737+09:00         "action": "not_due",
2026-06-12T05:38:57.9055742+09:00         "taskId": "daily-20260612-r03",
2026-06-12T05:38:57.9065742+09:00         "reason": "jst_hour=5"
2026-06-12T05:38:57.9083945+09:00       }
2026-06-12T05:38:57.9104043+09:00     ]
2026-06-12T05:38:57.9114025+09:00   },
2026-06-12T05:38:57.9134041+09:00   "reconcile": {
2026-06-12T05:38:57.9144019+09:00     "resetProcessing": 0,
2026-06-12T05:38:57.9154349+09:00     "inserted": 2,
2026-06-12T05:38:57.9154349+09:00     "scanned": 7,
2026-06-12T05:38:57.9154349+09:00     "stale": {
2026-06-12T05:38:57.9207526+09:00       "scanned": 7,
2026-06-12T05:38:57.9207526+09:00       "staleDetected": 0,
2026-06-12T05:38:57.9244182+09:00       "rolledBack": 0,
2026-06-12T05:38:57.9264742+09:00       "skippedCap": 0,
2026-06-12T05:38:57.9284772+09:00       "dryRun": false,
2026-06-12T05:38:57.9294762+09:00       "actions": []
2026-06-12T05:38:57.9314730+09:00     }
2026-06-12T05:38:57.9334381+09:00   },
2026-06-12T05:38:57.9354383+09:00   "dispatch": {
2026-06-12T05:38:57.9364350+09:00     "claimed": 2,
2026-06-12T05:38:57.9384354+09:00     "done": 2,
2026-06-12T05:38:57.9394673+09:00     "failed": 0
2026-06-12T05:38:57.9404704+09:00   },
2026-06-12T05:38:57.9404704+09:00   "step4_poll": {
2026-06-12T05:38:57.9404704+09:00     "scanned": 7,
2026-06-12T05:38:57.9404704+09:00     "awaiting": 2,
2026-06-12T05:38:57.9459417+09:00     "polled": 0,
2026-06-12T05:38:57.9494374+09:00     "picks_applied": 0,
2026-06-12T05:38:57.9504811+09:00     "pick_errors": 0,
2026-06-12T05:38:57.9515159+09:00     "timeouts": 0,
2026-06-12T05:38:57.9535152+09:00     "skipped": 0,
2026-06-12T05:38:57.9545019+09:00     "results": [
2026-06-12T05:38:57.9564837+09:00       {
2026-06-12T05:38:57.9573483+09:00         "task_id": "daily-20260611-r02",
2026-06-12T05:38:57.9584617+09:00         "result": {
2026-06-12T05:38:57.9600102+09:00           "outcome": "no_new_messages"
2026-06-12T05:38:57.9620540+09:00         }
2026-06-12T05:38:57.9650252+09:00       },
2026-06-12T05:38:57.9656753+09:00       {
2026-06-12T05:38:57.9656753+09:00         "task_id": "daily-20260611-r03",
2026-06-12T05:38:57.9702916+09:00         "result": {
2026-06-12T05:38:57.9702916+09:00           "outcome": "no_new_messages"
2026-06-12T05:38:57.9702916+09:00         }
2026-06-12T05:38:57.9702916+09:00       }
2026-06-12T05:38:57.9761920+09:00     ]
2026-06-12T05:38:57.9772805+09:00   },
2026-06-12T05:38:57.9792795+09:00   "step7_retry_poll": {
2026-06-12T05:38:57.9802730+09:00     "scanned": 7,
2026-06-12T05:38:57.9822477+09:00     "eligible": 4,
2026-06-12T05:38:57.9834102+09:00     "polled": 0,
2026-06-12T05:38:57.9844112+09:00     "retries_triggered": 0,
2026-06-12T05:38:57.9864115+09:00     "retry_errors": 0,
2026-06-12T05:38:57.9873809+09:00     "skipped": 0,
2026-06-12T05:38:57.9893824+09:00     "results": []
2026-06-12T05:38:57.9903778+09:00   }
2026-06-12T05:38:57.9903778+09:00 }
2026-06-12T05:38:57.9903778+09:00 OK run-once finished
2026-06-12T05:43:52.9276287+09:00 START dispatch-run-once
2026-06-12T05:43:53.3196240+09:00 
2026-06-12T05:43:53.3243973+09:00 > orchestrator
2026-06-12T05:43:53.3243973+09:00 > tsx src/cli/orchestrator.ts run-once --limit 10
2026-06-12T05:43:53.3294110+09:00 
2026-06-12T05:43:56.6438710+09:00 {
2026-06-12T05:43:56.6438710+09:00   "ensure_daily": {
2026-06-12T05:43:56.6487112+09:00     "runs": [
2026-06-12T05:43:56.6518095+09:00       {
2026-06-12T05:43:56.6528095+09:00         "run_id": "r01",
2026-06-12T05:43:56.6549831+09:00         "action": "not_due",
2026-06-12T05:43:56.6569842+09:00         "taskId": "daily-20260612-r01",
2026-06-12T05:43:56.6589851+09:00         "reason": "jst_hour=5"
2026-06-12T05:43:56.6609844+09:00       },
2026-06-12T05:43:56.6809726+09:00       {
2026-06-12T05:43:56.6839715+09:00         "run_id": "r02",
2026-06-12T05:43:56.6862748+09:00         "action": "not_due",
2026-06-12T05:43:56.6862748+09:00         "taskId": "daily-20260612-r02",
2026-06-12T05:43:56.6905782+09:00         "reason": "jst_hour=5"
2026-06-12T05:43:56.6925853+09:00       },
2026-06-12T05:43:56.6959095+09:00       {
2026-06-12T05:43:56.6980266+09:00         "run_id": "r03",
2026-06-12T05:43:56.7000327+09:00         "action": "not_due",
2026-06-12T05:43:56.7010387+09:00         "taskId": "daily-20260612-r03",
2026-06-12T05:43:56.7049627+09:00         "reason": "jst_hour=5"
2026-06-12T05:43:56.7069631+09:00       }
2026-06-12T05:43:56.7089626+09:00     ]
2026-06-12T05:43:56.7112725+09:00   },
2026-06-12T05:43:56.7122779+09:00   "reconcile": {
2026-06-12T05:43:56.7142758+09:00     "resetProcessing": 0,
2026-06-12T05:43:56.7162753+09:00     "inserted": 2,
2026-06-12T05:43:56.7182768+09:00     "scanned": 7,
2026-06-12T05:43:56.7195831+09:00     "stale": {
2026-06-12T05:43:56.7195831+09:00       "scanned": 7,
2026-06-12T05:43:56.7242858+09:00       "staleDetected": 0,
2026-06-12T05:43:56.7242858+09:00       "rolledBack": 0,
2026-06-12T05:43:56.7242858+09:00       "skippedCap": 0,
2026-06-12T05:43:56.7297650+09:00       "dryRun": false,
2026-06-12T05:43:56.7297650+09:00       "actions": []
2026-06-12T05:43:56.7360231+09:00     }
2026-06-12T05:43:56.7381159+09:00   },
2026-06-12T05:43:56.7401166+09:00   "dispatch": {
2026-06-12T05:43:56.7421151+09:00     "claimed": 2,
2026-06-12T05:43:56.7441155+09:00     "done": 2,
2026-06-12T05:43:56.7451144+09:00     "failed": 0
2026-06-12T05:43:56.7473155+09:00   },
2026-06-12T05:43:56.7483156+09:00   "step4_poll": {
2026-06-12T05:43:56.7513178+09:00     "scanned": 7,
2026-06-12T05:43:56.7528954+09:00     "awaiting": 2,
2026-06-12T05:43:56.7549280+09:00     "polled": 0,
2026-06-12T05:43:56.7549280+09:00     "picks_applied": 0,
2026-06-12T05:43:56.7549280+09:00     "pick_errors": 0,
2026-06-12T05:43:56.7600215+09:00     "timeouts": 0,
2026-06-12T05:43:56.7600215+09:00     "skipped": 0,
2026-06-12T05:43:56.7600215+09:00     "results": [
2026-06-12T05:43:56.7661724+09:00       {
2026-06-12T05:43:56.7682214+09:00         "task_id": "daily-20260611-r02",
2026-06-12T05:43:56.7695756+09:00         "result": {
2026-06-12T05:43:56.7705745+09:00           "outcome": "no_new_messages"
2026-06-12T05:43:56.7725747+09:00         }
2026-06-12T05:43:56.7745759+09:00       },
2026-06-12T05:43:56.7755769+09:00       {
2026-06-12T05:43:56.7775743+09:00         "task_id": "daily-20260611-r03",
2026-06-12T05:43:56.7793667+09:00         "result": {
2026-06-12T05:43:56.7793667+09:00           "outcome": "no_new_messages"
2026-06-12T05:43:56.7826170+09:00         }
2026-06-12T05:43:56.7826170+09:00       }
2026-06-12T05:43:56.7826170+09:00     ]
2026-06-12T05:43:56.7876504+09:00   },
2026-06-12T05:43:56.7876504+09:00   "step7_retry_poll": {
2026-06-12T05:43:56.7876504+09:00     "scanned": 7,
2026-06-12T05:43:56.7876504+09:00     "eligible": 4,
2026-06-12T05:43:56.7945264+09:00     "polled": 0,
2026-06-12T05:43:56.7965844+09:00     "retries_triggered": 0,
2026-06-12T05:43:56.7975845+09:00     "retry_errors": 0,
2026-06-12T05:43:56.7995835+09:00     "skipped": 0,
2026-06-12T05:43:56.8015840+09:00     "results": []
2026-06-12T05:43:56.8025861+09:00   }
2026-06-12T05:43:56.8025861+09:00 }
2026-06-12T05:43:56.8025861+09:00 OK run-once finished
2026-06-12T05:48:55.9204244+09:00 START dispatch-run-once
2026-06-12T05:48:56.3134220+09:00 
2026-06-12T05:48:56.3150646+09:00 > orchestrator
2026-06-12T05:48:56.3171430+09:00 > tsx src/cli/orchestrator.ts run-once --limit 10
2026-06-12T05:48:56.3191444+09:00 
2026-06-12T05:48:59.6988195+09:00 {
2026-06-12T05:48:59.7098010+09:00   "ensure_daily": {
2026-06-12T05:48:59.7188622+09:00     "runs": [
2026-06-12T05:48:59.7280929+09:00       {
2026-06-12T05:48:59.7375022+09:00         "run_id": "r01",
2026-06-12T05:48:59.7445671+09:00         "action": "not_due",
2026-06-12T05:48:59.7484774+09:00         "taskId": "daily-20260612-r01",
2026-06-12T05:48:59.7530012+09:00         "reason": "jst_hour=5"
2026-06-12T05:48:59.7584868+09:00       },
2026-06-12T05:48:59.7819375+09:00       {
2026-06-12T05:48:59.7836166+09:00         "run_id": "r02",
2026-06-12T05:48:59.7866160+09:00         "action": "not_due",
2026-06-12T05:48:59.7876128+09:00         "taskId": "daily-20260612-r02",
2026-06-12T05:48:59.7900603+09:00         "reason": "jst_hour=5"
2026-06-12T05:48:59.7932306+09:00       },
2026-06-12T05:48:59.7952302+09:00       {
2026-06-12T05:48:59.7972294+09:00         "run_id": "r03",
2026-06-12T05:48:59.7982272+09:00         "action": "not_due",
2026-06-12T05:48:59.7999208+09:00         "taskId": "daily-20260612-r03",
2026-06-12T05:48:59.7999208+09:00         "reason": "jst_hour=5"
2026-06-12T05:48:59.8034212+09:00       }
2026-06-12T05:48:59.8066754+09:00     ]
2026-06-12T05:48:59.8080712+09:00   },
2026-06-12T05:48:59.8100707+09:00   "reconcile": {
2026-06-12T05:48:59.8110699+09:00     "resetProcessing": 0,
2026-06-12T05:48:59.8120696+09:00     "inserted": 2,
2026-06-12T05:48:59.8140701+09:00     "scanned": 7,
2026-06-12T05:48:59.8161279+09:00     "stale": {
2026-06-12T05:48:59.8181276+09:00       "scanned": 7,
2026-06-12T05:48:59.8211296+09:00       "staleDetected": 0,
2026-06-12T05:48:59.8221267+09:00       "rolledBack": 0,
2026-06-12T05:48:59.8231645+09:00       "skippedCap": 0,
2026-06-12T05:48:59.8231645+09:00       "dryRun": false,
2026-06-12T05:48:59.8231645+09:00       "actions": []
2026-06-12T05:48:59.8283779+09:00     }
2026-06-12T05:48:59.8314839+09:00   },
2026-06-12T05:48:59.8331386+09:00   "dispatch": {
2026-06-12T05:48:59.8347093+09:00     "claimed": 2,
2026-06-12T05:48:59.8362880+09:00     "done": 2,
2026-06-12T05:48:59.8373302+09:00     "failed": 0
2026-06-12T05:48:59.8389033+09:00   },
2026-06-12T05:48:59.8405503+09:00   "step4_poll": {
2026-06-12T05:48:59.8415951+09:00     "scanned": 7,
2026-06-12T05:48:59.8426017+09:00     "awaiting": 2,
2026-06-12T05:48:59.8446028+09:00     "polled": 0,
2026-06-12T05:48:59.8456009+09:00     "picks_applied": 0,
2026-06-12T05:48:59.8476023+09:00     "pick_errors": 0,
2026-06-12T05:48:59.8483252+09:00     "timeouts": 0,
2026-06-12T05:48:59.8483252+09:00     "skipped": 0,
2026-06-12T05:48:59.8511597+09:00     "results": [
2026-06-12T05:48:59.8529061+09:00       {
2026-06-12T05:48:59.8529061+09:00         "task_id": "daily-20260611-r02",
2026-06-12T05:48:59.8529061+09:00         "result": {
2026-06-12T05:48:59.8529061+09:00           "outcome": "no_new_messages"
2026-06-12T05:48:59.8591007+09:00         }
2026-06-12T05:48:59.8601602+09:00       },
2026-06-12T05:48:59.8621571+09:00       {
2026-06-12T05:48:59.8631558+09:00         "task_id": "daily-20260611-r03",
2026-06-12T05:48:59.8649683+09:00         "result": {
2026-06-12T05:48:59.8660304+09:00           "outcome": "no_new_messages"
2026-06-12T05:48:59.8680299+09:00         }
2026-06-12T05:48:59.8690308+09:00       }
2026-06-12T05:48:59.8710313+09:00     ]
2026-06-12T05:48:59.8720304+09:00   },
2026-06-12T05:48:59.8734245+09:00   "step7_retry_poll": {
2026-06-12T05:48:59.8734245+09:00     "scanned": 7,
2026-06-12T05:48:59.8783034+09:00     "eligible": 4,
2026-06-12T05:48:59.8783034+09:00     "polled": 0,
2026-06-12T05:48:59.8816784+09:00     "retries_triggered": 0,
2026-06-12T05:48:59.8830932+09:00     "retry_errors": 0,
2026-06-12T05:48:59.8840908+09:00     "skipped": 0,
2026-06-12T05:48:59.8860918+09:00     "results": []
2026-06-12T05:48:59.8870931+09:00   }
2026-06-12T05:48:59.8900190+09:00 }
2026-06-12T05:48:59.8920913+09:00 OK run-once finished
2026-06-12T05:53:53.8485926+09:00 START dispatch-run-once
2026-06-12T05:53:54.2689251+09:00 
2026-06-12T05:53:54.2720019+09:00 > orchestrator
2026-06-12T05:53:54.2735080+09:00 > tsx src/cli/orchestrator.ts run-once --limit 10
2026-06-12T05:53:54.2755161+09:00 
2026-06-12T05:53:57.6330816+09:00 {
2026-06-12T05:53:57.6356151+09:00   "ensure_daily": {
2026-06-12T05:53:57.6376817+09:00     "runs": [
2026-06-12T05:53:57.6406811+09:00       {
2026-06-12T05:53:57.6426831+09:00         "run_id": "r01",
2026-06-12T05:53:57.6436818+09:00         "action": "not_due",
2026-06-12T05:53:57.6436818+09:00         "taskId": "daily-20260612-r01",
2026-06-12T05:53:57.6436818+09:00         "reason": "jst_hour=5"
2026-06-12T05:53:57.6490602+09:00       },
2026-06-12T05:53:57.6686332+09:00       {
2026-06-12T05:53:57.6720067+09:00         "run_id": "r02",
2026-06-12T05:53:57.6737463+09:00         "action": "not_due",
2026-06-12T05:53:57.6757540+09:00         "taskId": "daily-20260612-r02",
2026-06-12T05:53:57.6787696+09:00         "reason": "jst_hour=5"
2026-06-12T05:53:57.6787696+09:00       },
2026-06-12T05:53:57.6839497+09:00       {
2026-06-12T05:53:57.6866784+09:00         "run_id": "r03",
2026-06-12T05:53:57.6896754+09:00         "action": "not_due",
2026-06-12T05:53:57.6921812+09:00         "taskId": "daily-20260612-r03",
2026-06-12T05:53:57.6939017+09:00         "reason": "jst_hour=5"
2026-06-12T05:53:57.6939017+09:00       }
2026-06-12T05:53:57.6939017+09:00     ]
2026-06-12T05:53:57.6982168+09:00   },
2026-06-12T05:53:57.6982168+09:00   "reconcile": {
2026-06-12T05:53:57.7035950+09:00     "resetProcessing": 0,
2026-06-12T05:53:57.7035950+09:00     "inserted": 2,
2026-06-12T05:53:57.7035950+09:00     "scanned": 7,
2026-06-12T05:53:57.7035950+09:00     "stale": {
2026-06-12T05:53:57.7089028+09:00       "scanned": 7,
2026-06-12T05:53:57.7130127+09:00       "staleDetected": 0,
2026-06-12T05:53:57.7156889+09:00       "rolledBack": 0,
2026-06-12T05:53:57.7178374+09:00       "skippedCap": 0,
2026-06-12T05:53:57.7200555+09:00       "dryRun": false,
2026-06-12T05:53:57.7222322+09:00       "actions": []
2026-06-12T05:53:57.7237820+09:00     }
2026-06-12T05:53:57.7267814+09:00   },
2026-06-12T05:53:57.7272900+09:00   "dispatch": {
2026-06-12T05:53:57.7292977+09:00     "claimed": 2,
2026-06-12T05:53:57.7313040+09:00     "done": 2,
2026-06-12T05:53:57.7333113+09:00     "failed": 0
2026-06-12T05:53:57.7333113+09:00   },
2026-06-12T05:53:57.7363318+09:00   "step4_poll": {
2026-06-12T05:53:57.7363318+09:00     "scanned": 7,
2026-06-12T05:53:57.7363318+09:00     "awaiting": 2,
2026-06-12T05:53:57.7445397+09:00     "polled": 0,
2026-06-12T05:53:57.7466270+09:00     "picks_applied": 0,
2026-06-12T05:53:57.7486256+09:00     "pick_errors": 0,
2026-06-12T05:53:57.7496269+09:00     "timeouts": 0,
2026-06-12T05:53:57.7516251+09:00     "skipped": 0,
2026-06-12T05:53:57.7532551+09:00     "results": [
2026-06-12T05:53:57.7532551+09:00       {
2026-06-12T05:53:57.7532551+09:00         "task_id": "daily-20260611-r02",
2026-06-12T05:53:57.7584887+09:00         "result": {
2026-06-12T05:53:57.7609450+09:00           "outcome": "no_new_messages"
2026-06-12T05:53:57.7629931+09:00         }
2026-06-12T05:53:57.7639904+09:00       },
2026-06-12T05:53:57.7659910+09:00       {
2026-06-12T05:53:57.7679918+09:00         "task_id": "daily-20260611-r03",
2026-06-12T05:53:57.7688698+09:00         "result": {
2026-06-12T05:53:57.7709383+09:00           "outcome": "no_new_messages"
2026-06-12T05:53:57.7729399+09:00         }
2026-06-12T05:53:57.7739391+09:00       }
2026-06-12T05:53:57.7759387+09:00     ]
2026-06-12T05:53:57.7769458+09:00   },
2026-06-12T05:53:57.7769458+09:00   "step7_retry_poll": {
2026-06-12T05:53:57.7769458+09:00     "scanned": 7,
2026-06-12T05:53:57.7821414+09:00     "eligible": 4,
2026-06-12T05:53:57.7821414+09:00     "polled": 0,
2026-06-12T05:53:57.7821414+09:00     "retries_triggered": 0,
2026-06-12T05:53:57.7879464+09:00     "retry_errors": 0,
2026-06-12T05:53:57.7894280+09:00     "skipped": 0,
2026-06-12T05:53:57.7904284+09:00     "results": []
2026-06-12T05:53:57.7929435+09:00   }
2026-06-12T05:53:57.7938814+09:00 }
2026-06-12T05:53:57.7959588+09:00 OK run-once finished
2026-06-12T05:58:53.2500571+09:00 START dispatch-run-once
2026-06-12T05:58:53.7439371+09:00 
2026-06-12T05:58:53.7459360+09:00 > orchestrator
2026-06-12T05:58:53.7478385+09:00 > tsx src/cli/orchestrator.ts run-once --limit 10
2026-06-12T05:58:53.7488770+09:00 
2026-06-12T05:58:57.1025918+09:00 {
2026-06-12T05:58:57.1094966+09:00   "ensure_daily": {
2026-06-12T05:58:57.1114919+09:00     "runs": [
2026-06-12T05:58:57.1134924+09:00       {
2026-06-12T05:58:57.1143819+09:00         "run_id": "r01",
2026-06-12T05:58:57.1165142+09:00         "action": "not_due",
2026-06-12T05:58:57.1185131+09:00         "taskId": "daily-20260612-r01",
2026-06-12T05:58:57.1195118+09:00         "reason": "jst_hour=5"
2026-06-12T05:58:57.1215135+09:00       },
2026-06-12T05:58:57.1404609+09:00       {
2026-06-12T05:58:57.1434631+09:00         "run_id": "r02",
2026-06-12T05:58:57.1454617+09:00         "action": "not_due",
2026-06-12T05:58:57.1477673+09:00         "taskId": "daily-20260612-r02",
2026-06-12T05:58:57.1477673+09:00         "reason": "jst_hour=5"
2026-06-12T05:58:57.1477673+09:00       },
2026-06-12T05:58:57.1525241+09:00       {
2026-06-12T05:58:57.1525241+09:00         "run_id": "r03",
2026-06-12T05:58:57.1575355+09:00         "action": "not_due",
2026-06-12T05:58:57.1575355+09:00         "taskId": "daily-20260612-r03",
2026-06-12T05:58:57.1575355+09:00         "reason": "jst_hour=5"
2026-06-12T05:58:57.1626737+09:00       }
2026-06-12T05:58:57.1626737+09:00     ]
2026-06-12T05:58:57.1668418+09:00   },
2026-06-12T05:58:57.1688496+09:00   "reconcile": {
2026-06-12T05:58:57.1698509+09:00     "resetProcessing": 0,
2026-06-12T05:58:57.1718514+09:00     "inserted": 2,
2026-06-12T05:58:57.1727091+09:00     "scanned": 7,
2026-06-12T05:58:57.1747760+09:00     "stale": {
2026-06-12T05:58:57.1767773+09:00       "scanned": 7,
2026-06-12T05:58:57.1777766+09:00       "staleDetected": 0,
2026-06-12T05:58:57.1797766+09:00       "rolledBack": 0,
2026-06-12T05:58:57.1810994+09:00       "skippedCap": 0,
2026-06-12T05:58:57.1810994+09:00       "dryRun": false,
2026-06-12T05:58:57.1810994+09:00       "actions": []
2026-06-12T05:58:57.1861320+09:00     }
2026-06-12T05:58:57.1861320+09:00   },
2026-06-12T05:58:57.1861320+09:00   "dispatch": {
2026-06-12T05:58:57.1861320+09:00     "claimed": 2,
2026-06-12T05:58:57.1916368+09:00     "done": 2,
2026-06-12T05:58:57.1916368+09:00     "failed": 0
2026-06-12T05:58:57.1916368+09:00   },
2026-06-12T05:58:57.1976250+09:00   "step4_poll": {
2026-06-12T05:58:57.1997192+09:00     "scanned": 7,
2026-06-12T05:58:57.2006862+09:00     "awaiting": 2,
2026-06-12T05:58:57.2027175+09:00     "polled": 0,
2026-06-12T05:58:57.2036823+09:00     "picks_applied": 0,
2026-06-12T05:58:57.2046819+09:00     "pick_errors": 0,
2026-06-12T05:58:57.2067181+09:00     "timeouts": 0,
2026-06-12T05:58:57.2079733+09:00     "skipped": 0,
2026-06-12T05:58:57.2100071+09:00     "results": [
2026-06-12T05:58:57.2109727+09:00       {
2026-06-12T05:58:57.2139747+09:00         "task_id": "daily-20260611-r02",
2026-06-12T05:58:57.2154362+09:00         "result": {
2026-06-12T05:58:57.2154362+09:00           "outcome": "no_new_messages"
2026-06-12T05:58:57.2154362+09:00         }
2026-06-12T05:58:57.2206521+09:00       },
2026-06-12T05:58:57.2206521+09:00       {
2026-06-12T05:58:57.2206521+09:00         "task_id": "daily-20260611-r03",
2026-06-12T05:58:57.2206521+09:00         "result": {
2026-06-12T05:58:57.2266027+09:00           "outcome": "no_new_messages"
2026-06-12T05:58:57.2286830+09:00         }
2026-06-12T05:58:57.2296505+09:00       }
2026-06-12T05:58:57.2310633+09:00     ]
2026-06-12T05:58:57.2321568+09:00   },
2026-06-12T05:58:57.2341227+09:00   "step7_retry_poll": {
2026-06-12T05:58:57.2351223+09:00     "scanned": 7,
2026-06-12T05:58:57.2371603+09:00     "eligible": 4,
2026-06-12T05:58:57.2381220+09:00     "polled": 0,
2026-06-12T05:58:57.2391561+09:00     "retries_triggered": 0,
2026-06-12T05:58:57.2391561+09:00     "retry_errors": 0,
2026-06-12T05:58:57.2391561+09:00     "skipped": 0,
2026-06-12T05:58:57.2444477+09:00     "results": []
2026-06-12T05:58:57.2444477+09:00   }
2026-06-12T05:58:57.2444477+09:00 }
2026-06-12T05:58:57.2498468+09:00 OK run-once finished
2026-06-12T06:03:54.7136985+09:00 START dispatch-run-once
2026-06-12T06:03:55.1099088+09:00 
2026-06-12T06:03:55.1109671+09:00 > orchestrator
2026-06-12T06:03:55.1139670+09:00 > tsx src/cli/orchestrator.ts run-once --limit 10
2026-06-12T06:03:55.1159669+09:00 
2026-06-12T06:03:58.5186152+09:00 {
2026-06-12T06:03:58.5289236+09:00   "ensure_daily": {
2026-06-12T06:03:58.5385607+09:00     "runs": [
2026-06-12T06:03:58.5489062+09:00       {
2026-06-12T06:03:58.5602123+09:00         "run_id": "r01",
2026-06-12T06:03:58.5664042+09:00         "action": "not_due",
2026-06-12T06:03:58.5684005+09:00         "taskId": "daily-20260612-r01",
2026-06-12T06:03:58.5736932+09:00         "reason": "jst_hour=6"
2026-06-12T06:03:58.5736932+09:00       },
2026-06-12T06:03:58.5970266+09:00       {
2026-06-12T06:03:58.6015807+09:00         "run_id": "r02",
2026-06-12T06:03:58.6036101+09:00         "action": "not_due",
2026-06-12T06:03:58.6056690+09:00         "taskId": "daily-20260612-r02",
2026-06-12T06:03:58.6088759+09:00         "reason": "jst_hour=6"
2026-06-12T06:03:58.6118340+09:00       },
2026-06-12T06:03:58.6148962+09:00       {
2026-06-12T06:03:58.6158955+09:00         "run_id": "r03",
2026-06-12T06:03:58.6182641+09:00         "action": "not_due",
2026-06-12T06:03:58.6213343+09:00         "taskId": "daily-20260612-r03",
2026-06-12T06:03:58.6223339+09:00         "reason": "jst_hour=6"
2026-06-12T06:03:58.6243315+09:00       }
2026-06-12T06:03:58.6263313+09:00     ]
2026-06-12T06:03:58.6263313+09:00   },
2026-06-12T06:03:58.6315375+09:00   "reconcile": {
2026-06-12T06:03:58.6315375+09:00     "resetProcessing": 0,
2026-06-12T06:03:58.6315375+09:00     "inserted": 2,
2026-06-12T06:03:58.6365578+09:00     "scanned": 7,
2026-06-12T06:03:58.6365578+09:00     "stale": {
2026-06-12T06:03:58.6365578+09:00       "scanned": 7,
2026-06-12T06:03:58.6418896+09:00       "staleDetected": 0,
2026-06-12T06:03:58.6439599+09:00       "rolledBack": 0,
2026-06-12T06:03:58.6459625+09:00       "skippedCap": 0,
2026-06-12T06:03:58.6479599+09:00       "dryRun": false,
2026-06-12T06:03:58.6499628+09:00       "actions": []
2026-06-12T06:03:58.6520642+09:00     }
2026-06-12T06:03:58.6530632+09:00   },
2026-06-12T06:03:58.6553095+09:00   "dispatch": {
2026-06-12T06:03:58.6563052+09:00     "claimed": 2,
2026-06-12T06:03:58.6593107+09:00     "done": 2,
2026-06-12T06:03:58.6609603+09:00     "failed": 0
2026-06-12T06:03:58.6619612+09:00   },
2026-06-12T06:03:58.6619612+09:00   "step4_poll": {
2026-06-12T06:03:58.6619612+09:00     "scanned": 7,
2026-06-12T06:03:58.6670010+09:00     "awaiting": 2,
2026-06-12T06:03:58.6670010+09:00     "polled": 0,
2026-06-12T06:03:58.6670010+09:00     "picks_applied": 0,
2026-06-12T06:03:58.6732569+09:00     "pick_errors": 0,
2026-06-12T06:03:58.6765665+09:00     "timeouts": 0,
2026-06-12T06:03:58.6786385+09:00     "skipped": 0,
2026-06-12T06:03:58.6806387+09:00     "results": [
2026-06-12T06:03:58.6826495+09:00       {
2026-06-12T06:03:58.6836502+09:00         "task_id": "daily-20260611-r02",
2026-06-12T06:03:58.6846496+09:00         "result": {
2026-06-12T06:03:58.6846496+09:00           "outcome": "no_new_messages"
2026-06-12T06:03:58.6846496+09:00         }
2026-06-12T06:03:58.6897434+09:00       },
2026-06-12T06:03:58.6897434+09:00       {
2026-06-12T06:03:58.6897434+09:00         "task_id": "daily-20260611-r03",
2026-06-12T06:03:58.6956850+09:00         "result": {
2026-06-12T06:03:58.6977425+09:00           "outcome": "no_new_messages"
2026-06-12T06:03:58.6987434+09:00         }
2026-06-12T06:03:58.7015488+09:00       }
2026-06-12T06:03:58.7026175+09:00     ]
2026-06-12T06:03:58.7046196+09:00   },
2026-06-12T06:03:58.7056197+09:00   "step7_retry_poll": {
2026-06-12T06:03:58.7076166+09:00     "scanned": 7,
2026-06-12T06:03:58.7086184+09:00     "eligible": 4,
2026-06-12T06:03:58.7096191+09:00     "polled": 0,
2026-06-12T06:03:58.7096191+09:00     "retries_triggered": 0,
2026-06-12T06:03:58.7096191+09:00     "retry_errors": 0,
2026-06-12T06:03:58.7150285+09:00     "skipped": 0,
2026-06-12T06:03:58.7150285+09:00     "results": []
2026-06-12T06:03:58.7196904+09:00   }
2026-06-12T06:03:58.7206885+09:00 }
2026-06-12T06:03:58.7226909+09:00 OK run-once finished
2026-06-12T06:08:53.2364416+09:00 START dispatch-run-once
2026-06-12T06:08:53.6303414+09:00 
2026-06-12T06:08:53.6303414+09:00 > orchestrator
2026-06-12T06:08:53.6303414+09:00 > tsx src/cli/orchestrator.ts run-once --limit 10
2026-06-12T06:08:53.6354620+09:00 
2026-06-12T06:08:56.8529495+09:00 {
2026-06-12T06:08:56.8554742+09:00   "ensure_daily": {
2026-06-12T06:08:56.8585419+09:00     "runs": [
2026-06-12T06:08:56.8605392+09:00       {
2026-06-12T06:08:56.8635403+09:00         "run_id": "r01",
2026-06-12T06:08:56.8635403+09:00         "action": "not_due",
2026-06-12T06:08:56.8671132+09:00         "taskId": "daily-20260612-r01",
2026-06-12T06:08:56.8688526+09:00         "reason": "jst_hour=6"
2026-06-12T06:08:56.8708586+09:00       },
2026-06-12T06:08:56.8888459+09:00       {
2026-06-12T06:08:56.8935794+09:00         "run_id": "r02",
2026-06-12T06:08:56.8935794+09:00         "action": "not_due",
2026-06-12T06:08:56.8935794+09:00         "taskId": "daily-20260612-r02",
2026-06-12T06:08:56.8987006+09:00         "reason": "jst_hour=6"
2026-06-12T06:08:56.8987006+09:00       },
2026-06-12T06:08:56.8987006+09:00       {
2026-06-12T06:08:56.9049311+09:00         "run_id": "r03",
2026-06-12T06:08:56.9062202+09:00         "action": "not_due",
2026-06-12T06:08:56.9083009+09:00         "taskId": "daily-20260612-r03",
2026-06-12T06:08:56.9092658+09:00         "reason": "jst_hour=6"
2026-06-12T06:08:56.9112672+09:00       }
2026-06-12T06:08:56.9122658+09:00     ]
2026-06-12T06:08:56.9142658+09:00   },
2026-06-12T06:08:56.9152663+09:00   "reconcile": {
2026-06-12T06:08:56.9164406+09:00     "resetProcessing": 0,
2026-06-12T06:08:56.9184404+09:00     "inserted": 2,
2026-06-12T06:08:56.9204445+09:00     "scanned": 7,
2026-06-12T06:08:56.9221068+09:00     "stale": {
2026-06-12T06:08:56.9247707+09:00       "scanned": 7,
2026-06-12T06:08:56.9247707+09:00       "staleDetected": 0,
2026-06-12T06:08:56.9267776+09:00       "rolledBack": 0,
2026-06-12T06:08:56.9293191+09:00       "skippedCap": 0,
2026-06-12T06:08:56.9293191+09:00       "dryRun": false,
2026-06-12T06:08:56.9293191+09:00       "actions": []
2026-06-12T06:08:56.9349775+09:00     }
2026-06-12T06:08:56.9376968+09:00   },
2026-06-12T06:08:56.9398497+09:00   "dispatch": {
2026-06-12T06:08:56.9408483+09:00     "claimed": 2,
2026-06-12T06:08:56.9428473+09:00     "done": 2,
2026-06-12T06:08:56.9438492+09:00     "failed": 0
2026-06-12T06:08:56.9458469+09:00   },
2026-06-12T06:08:56.9471504+09:00   "step4_poll": {
2026-06-12T06:08:56.9471504+09:00     "scanned": 7,
2026-06-12T06:08:56.9471504+09:00     "awaiting": 2,
2026-06-12T06:08:56.9471504+09:00     "polled": 0,
2026-06-12T06:08:56.9523424+09:00     "picks_applied": 0,
2026-06-12T06:08:56.9523424+09:00     "pick_errors": 0,
2026-06-12T06:08:56.9523424+09:00     "timeouts": 0,
2026-06-12T06:08:56.9573939+09:00     "skipped": 0,
2026-06-12T06:08:56.9573939+09:00     "results": [
2026-06-12T06:08:56.9573939+09:00       {
2026-06-12T06:08:56.9573939+09:00         "task_id": "daily-20260611-r02",
2026-06-12T06:08:56.9630935+09:00         "result": {
2026-06-12T06:08:56.9646772+09:00           "outcome": "no_new_messages"
2026-06-12T06:08:56.9666766+09:00         }
2026-06-12T06:08:56.9676749+09:00       },
2026-06-12T06:08:56.9696761+09:00       {
2026-06-12T06:08:56.9706766+09:00         "task_id": "daily-20260611-r03",
2026-06-12T06:08:56.9716767+09:00         "result": {
2026-06-12T06:08:56.9736751+09:00           "outcome": "no_new_messages"
2026-06-12T06:08:56.9748572+09:00         }
2026-06-12T06:08:56.9758569+09:00       }
2026-06-12T06:08:56.9778563+09:00     ]
2026-06-12T06:08:56.9804077+09:00   },
2026-06-12T06:08:56.9816677+09:00   "step7_retry_poll": {
2026-06-12T06:08:56.9837622+09:00     "scanned": 7,
2026-06-12T06:08:56.9857637+09:00     "eligible": 4,
2026-06-12T06:08:56.9867641+09:00     "polled": 0,
2026-06-12T06:08:56.9887628+09:00     "retries_triggered": 0,
2026-06-12T06:08:56.9887628+09:00     "retry_errors": 0,
2026-06-12T06:08:56.9887628+09:00     "skipped": 0,
2026-06-12T06:08:56.9937791+09:00     "results": []
2026-06-12T06:08:56.9937791+09:00   }
2026-06-12T06:08:56.9937791+09:00 }
2026-06-12T06:08:56.9988539+09:00 OK run-once finished
2026-06-12T06:13:53.3389079+09:00 START dispatch-run-once
2026-06-12T06:13:53.7354455+09:00 
2026-06-12T06:13:53.7384107+09:00 > orchestrator
2026-06-12T06:13:53.7414152+09:00 > tsx src/cli/orchestrator.ts run-once --limit 10
2026-06-12T06:13:53.7424108+09:00 
2026-06-12T06:13:57.0699209+09:00 {
2026-06-12T06:13:57.0722715+09:00   "ensure_daily": {
2026-06-12T06:13:57.0799455+09:00     "runs": [
2026-06-12T06:13:57.0819393+09:00       {
2026-06-12T06:13:57.0854056+09:00         "run_id": "r01",
2026-06-12T06:13:57.0874054+09:00         "action": "not_due",
2026-06-12T06:13:57.0894054+09:00         "taskId": "daily-20260612-r01",
2026-06-12T06:13:57.0909929+09:00         "reason": "jst_hour=6"
2026-06-12T06:13:57.0925929+09:00       },
2026-06-12T06:13:57.1096773+09:00       {
2026-06-12T06:13:57.1111875+09:00         "run_id": "r02",
2026-06-12T06:13:57.1111875+09:00         "action": "not_due",
2026-06-12T06:13:57.1111875+09:00         "taskId": "daily-20260612-r02",
2026-06-12T06:13:57.1175325+09:00         "reason": "jst_hour=6"
2026-06-12T06:13:57.1195792+09:00       },
2026-06-12T06:13:57.1225778+09:00       {
2026-06-12T06:13:57.1245777+09:00         "run_id": "r03",
2026-06-12T06:13:57.1255764+09:00         "action": "not_due",
2026-06-12T06:13:57.1275783+09:00         "taskId": "daily-20260612-r03",
2026-06-12T06:13:57.1287715+09:00         "reason": "jst_hour=6"
2026-06-12T06:13:57.1307701+09:00       }
2026-06-12T06:13:57.1327737+09:00     ]
2026-06-12T06:13:57.1343072+09:00   },
2026-06-12T06:13:57.1363372+09:00   "reconcile": {
2026-06-12T06:13:57.1363372+09:00     "resetProcessing": 0,
2026-06-12T06:13:57.1363372+09:00     "inserted": 2,
2026-06-12T06:13:57.1363372+09:00     "scanned": 7,
2026-06-12T06:13:57.1413660+09:00     "stale": {
2026-06-12T06:13:57.1413660+09:00       "scanned": 7,
2026-06-12T06:13:57.1413660+09:00       "staleDetected": 0,
2026-06-12T06:13:57.1474580+09:00       "rolledBack": 0,
2026-06-12T06:13:57.1495231+09:00       "skippedCap": 0,
2026-06-12T06:13:57.1509417+09:00       "dryRun": false,
2026-06-12T06:13:57.1530152+09:00       "actions": []
2026-06-12T06:13:57.1540140+09:00     }
2026-06-12T06:13:57.1560132+09:00   },
2026-06-12T06:13:57.1570126+09:00   "dispatch": {
2026-06-12T06:13:57.1580127+09:00     "claimed": 2,
2026-06-12T06:13:57.1590127+09:00     "done": 2,
2026-06-12T06:13:57.1590127+09:00     "failed": 0
2026-06-12T06:13:57.1590127+09:00   },
2026-06-12T06:13:57.1641991+09:00   "step4_poll": {
2026-06-12T06:13:57.1641991+09:00     "scanned": 7,
2026-06-12T06:13:57.1641991+09:00     "awaiting": 2,
2026-06-12T06:13:57.1693360+09:00     "polled": 0,
2026-06-12T06:13:57.1693360+09:00     "picks_applied": 0,
2026-06-12T06:13:57.1693360+09:00     "pick_errors": 0,
2026-06-12T06:13:57.1693360+09:00     "timeouts": 0,
2026-06-12T06:13:57.1754263+09:00     "skipped": 0,
2026-06-12T06:13:57.1764804+09:00     "results": [
2026-06-12T06:13:57.1784790+09:00       {
2026-06-12T06:13:57.1794853+09:00         "task_id": "daily-20260611-r02",
2026-06-12T06:13:57.1804850+09:00         "result": {
2026-06-12T06:13:57.1824853+09:00           "outcome": "no_new_messages"
2026-06-12T06:13:57.1834848+09:00         }
2026-06-12T06:13:57.1854847+09:00       },
2026-06-12T06:13:57.1867389+09:00       {
2026-06-12T06:13:57.1877381+09:00         "task_id": "daily-20260611-r03",
2026-06-12T06:13:57.1897373+09:00         "result": {
2026-06-12T06:13:57.1917395+09:00           "outcome": "no_new_messages"
2026-06-12T06:13:57.1936574+09:00         }
2026-06-12T06:13:57.1953409+09:00       }
2026-06-12T06:13:57.1969896+09:00     ]
2026-06-12T06:13:57.1981056+09:00   },
2026-06-12T06:13:57.1997789+09:00   "step7_retry_poll": {
2026-06-12T06:13:57.2014281+09:00     "scanned": 7,
2026-06-12T06:13:57.2025510+09:00     "eligible": 4,
2026-06-12T06:13:57.2042072+09:00     "polled": 0,
2026-06-12T06:13:57.2085381+09:00     "retries_triggered": 0,
2026-06-12T06:13:57.2099250+09:00     "retry_errors": 0,
2026-06-12T06:13:57.2119681+09:00     "skipped": 0,
2026-06-12T06:13:57.2129351+09:00     "results": []
2026-06-12T06:13:57.2149719+09:00   }
2026-06-12T06:13:57.2159356+09:00 }
2026-06-12T06:13:57.2176244+09:00 OK run-once finished
2026-06-12T06:19:22.3756016+09:00 START dispatch-run-once
2026-06-12T06:19:22.7845138+09:00 
2026-06-12T06:19:22.7882187+09:00 > orchestrator
2026-06-12T06:19:22.7902729+09:00 > tsx src/cli/orchestrator.ts run-once --limit 10
2026-06-12T06:19:22.7922725+09:00 
2026-06-12T06:19:26.1601011+09:00 {
2026-06-12T06:19:26.1682513+09:00   "ensure_daily": {
2026-06-12T06:19:26.1812903+09:00     "runs": [
2026-06-12T06:19:26.1924747+09:00       {
2026-06-12T06:19:26.2031170+09:00         "run_id": "r01",
2026-06-12T06:19:26.2112471+09:00         "action": "not_due",
2026-06-12T06:19:26.2129555+09:00         "taskId": "daily-20260612-r01",
2026-06-12T06:19:26.2192751+09:00         "reason": "jst_hour=6"
2026-06-12T06:19:26.2214921+09:00       },
2026-06-12T06:19:26.2410547+09:00       {
2026-06-12T06:19:26.2447998+09:00         "run_id": "r02",
2026-06-12T06:19:26.2479506+09:00         "action": "not_due",
2026-06-12T06:19:26.2510252+09:00         "taskId": "daily-20260612-r02",
2026-06-12T06:19:26.2530256+09:00         "reason": "jst_hour=6"
2026-06-12T06:19:26.2543882+09:00       },
2026-06-12T06:19:26.2574652+09:00       {
2026-06-12T06:19:26.2594648+09:00         "run_id": "r03",
2026-06-12T06:19:26.2614635+09:00         "action": "not_due",
2026-06-12T06:19:26.2647761+09:00         "taskId": "daily-20260612-r03",
2026-06-12T06:19:26.2676343+09:00         "reason": "jst_hour=6"
2026-06-12T06:19:26.2676343+09:00       }
2026-06-12T06:19:26.2715565+09:00     ]
2026-06-12T06:19:26.2736256+09:00   },
2026-06-12T06:19:26.2756258+09:00   "reconcile": {
2026-06-12T06:19:26.2766229+09:00     "resetProcessing": 0,
2026-06-12T06:19:26.2793560+09:00     "inserted": 2,
2026-06-12T06:19:26.2814329+09:00     "scanned": 7,
2026-06-12T06:19:26.2824298+09:00     "stale": {
2026-06-12T06:19:26.2844341+09:00       "scanned": 7,
2026-06-12T06:19:26.2864322+09:00       "staleDetected": 0,
2026-06-12T06:19:26.2874330+09:00       "rolledBack": 0,
2026-06-12T06:19:26.2874330+09:00       "skippedCap": 0,
2026-06-12T06:19:26.2925104+09:00       "dryRun": false,
2026-06-12T06:19:26.2961130+09:00       "actions": []
2026-06-12T06:19:26.2975956+09:00     }
2026-06-12T06:19:26.2995963+09:00   },
2026-06-12T06:19:26.3015968+09:00   "dispatch": {
2026-06-12T06:19:26.3025924+09:00     "claimed": 2,
2026-06-12T06:19:26.3043955+09:00     "done": 2,
2026-06-12T06:19:26.3075567+09:00     "failed": 0
2026-06-12T06:19:26.3095240+09:00   },
2026-06-12T06:19:26.3113283+09:00   "step4_poll": {
2026-06-12T06:19:26.3126947+09:00     "scanned": 7,
2026-06-12T06:19:26.3147561+09:00     "awaiting": 2,
2026-06-12T06:19:26.3167568+09:00     "polled": 0,
2026-06-12T06:19:26.3177568+09:00     "picks_applied": 0,
2026-06-12T06:19:26.3192640+09:00     "pick_errors": 0,
2026-06-12T06:19:26.3210622+09:00     "timeouts": 0,
2026-06-12T06:19:26.3254926+09:00     "skipped": 0,
2026-06-12T06:19:26.3254926+09:00     "results": [
2026-06-12T06:19:26.3254926+09:00       {
2026-06-12T06:19:26.3311934+09:00         "task_id": "daily-20260611-r02",
2026-06-12T06:19:26.3322425+09:00         "result": {
2026-06-12T06:19:26.3342427+09:00           "outcome": "no_new_messages"
2026-06-12T06:19:26.3362413+09:00         }
2026-06-12T06:19:26.3398301+09:00       },
2026-06-12T06:19:26.3418297+09:00       {
2026-06-12T06:19:26.3438291+09:00         "task_id": "daily-20260611-r03",
2026-06-12T06:19:26.3448294+09:00         "result": {
2026-06-12T06:19:26.3458295+09:00           "outcome": "no_new_messages"
2026-06-12T06:19:26.3458295+09:00         }
2026-06-12T06:19:26.3458295+09:00       }
2026-06-12T06:19:26.3512448+09:00     ]
2026-06-12T06:19:26.3512448+09:00   },
2026-06-12T06:19:26.3558788+09:00   "step7_retry_poll": {
2026-06-12T06:19:26.3568788+09:00     "scanned": 7,
2026-06-12T06:19:26.3588794+09:00     "eligible": 4,
2026-06-12T06:19:26.3598787+09:00     "polled": 0,
2026-06-12T06:19:26.3618779+09:00     "retries_triggered": 0,
2026-06-12T06:19:26.3638012+09:00     "retry_errors": 0,
2026-06-12T06:19:26.3648016+09:00     "skipped": 0,
2026-06-12T06:19:26.3667985+09:00     "results": []
2026-06-12T06:19:26.3688012+09:00   }
2026-06-12T06:19:26.3697983+09:00 }
2026-06-12T06:19:26.3708000+09:00 OK run-once finished
2026-06-12T06:23:54.1132062+09:00 START dispatch-run-once
2026-06-12T06:23:54.5069599+09:00 
2026-06-12T06:23:54.5086774+09:00 > orchestrator
2026-06-12T06:23:54.5107471+09:00 > tsx src/cli/orchestrator.ts run-once --limit 10
2026-06-12T06:23:54.5127823+09:00 
2026-06-12T06:23:57.8299516+09:00 {
2026-06-12T06:23:57.8299516+09:00   "ensure_daily": {
2026-06-12T06:23:57.8349706+09:00     "runs": [
2026-06-12T06:23:57.8349706+09:00       {
2026-06-12T06:23:57.8349706+09:00         "run_id": "r01",
2026-06-12T06:23:57.8411222+09:00         "action": "not_due",
2026-06-12T06:23:57.8440703+09:00         "taskId": "daily-20260612-r01",
2026-06-12T06:23:57.8450711+09:00         "reason": "jst_hour=6"
2026-06-12T06:23:57.8470700+09:00       },
2026-06-12T06:23:57.8686721+09:00       {
2026-06-12T06:23:57.8704130+09:00         "run_id": "r02",
2026-06-12T06:23:57.8725243+09:00         "action": "not_due",
2026-06-12T06:23:57.8736252+09:00         "taskId": "daily-20260612-r02",
2026-06-12T06:23:57.8753320+09:00         "reason": "jst_hour=6"
2026-06-12T06:23:57.8753320+09:00       },
2026-06-12T06:23:57.8796543+09:00       {
2026-06-12T06:23:57.8796543+09:00         "run_id": "r03",
2026-06-12T06:23:57.8796543+09:00         "action": "not_due",
2026-06-12T06:23:57.8851748+09:00         "taskId": "daily-20260612-r03",
2026-06-12T06:23:57.8865620+09:00         "reason": "jst_hour=6"
2026-06-12T06:23:57.8875600+09:00       }
2026-06-12T06:23:57.8895596+09:00     ]
2026-06-12T06:23:57.8905598+09:00   },
2026-06-12T06:23:57.8919569+09:00   "reconcile": {
2026-06-12T06:23:57.8940644+09:00     "resetProcessing": 0,
2026-06-12T06:23:57.8950638+09:00     "inserted": 2,
2026-06-12T06:23:57.8970631+09:00     "scanned": 7,
2026-06-12T06:23:57.8980642+09:00     "stale": {
2026-06-12T06:23:57.9000652+09:00       "scanned": 7,
2026-06-12T06:23:57.9000652+09:00       "staleDetected": 0,
2026-06-12T06:23:57.9000652+09:00       "rolledBack": 0,
2026-06-12T06:23:57.9000652+09:00       "skippedCap": 0,
2026-06-12T06:23:57.9052028+09:00       "dryRun": false,
2026-06-12T06:23:57.9052028+09:00       "actions": []
2026-06-12T06:23:57.9100936+09:00     }
2026-06-12T06:23:57.9110934+09:00   },
2026-06-12T06:23:57.9130938+09:00   "dispatch": {
2026-06-12T06:23:57.9140925+09:00     "claimed": 2,
2026-06-12T06:23:57.9150928+09:00     "done": 2,
2026-06-12T06:23:57.9169443+09:00     "failed": 0
2026-06-12T06:23:57.9190897+09:00   },
2026-06-12T06:23:57.9210894+09:00   "step4_poll": {
2026-06-12T06:23:57.9220879+09:00     "scanned": 7,
2026-06-12T06:23:57.9240894+09:00     "awaiting": 2,
2026-06-12T06:23:57.9250899+09:00     "polled": 0,
2026-06-12T06:23:57.9250899+09:00     "picks_applied": 0,
2026-06-12T06:23:57.9250899+09:00     "pick_errors": 0,
2026-06-12T06:23:57.9250899+09:00     "timeouts": 0,
2026-06-12T06:23:57.9304604+09:00     "skipped": 0,
2026-06-12T06:23:57.9342471+09:00     "results": [
2026-06-12T06:23:57.9362970+09:00       {
2026-06-12T06:23:57.9373030+09:00         "task_id": "daily-20260611-r02",
2026-06-12T06:23:57.9383016+09:00         "result": {
2026-06-12T06:23:57.9403036+09:00           "outcome": "no_new_messages"
2026-06-12T06:23:57.9413034+09:00         }
2026-06-12T06:23:57.9430077+09:00       },
2026-06-12T06:23:57.9440074+09:00       {
2026-06-12T06:23:57.9460070+09:00         "task_id": "daily-20260611-r03",
2026-06-12T06:23:57.9480077+09:00         "result": {
2026-06-12T06:23:57.9490073+09:00           "outcome": "no_new_messages"
2026-06-12T06:23:57.9503138+09:00         }
2026-06-12T06:23:57.9518208+09:00       }
2026-06-12T06:23:57.9518208+09:00     ]
2026-06-12T06:23:57.9551350+09:00   },
2026-06-12T06:23:57.9551350+09:00   "step7_retry_poll": {
2026-06-12T06:23:57.9551350+09:00     "scanned": 7,
2026-06-12T06:23:57.9551350+09:00     "eligible": 4,
2026-06-12T06:23:57.9607087+09:00     "polled": 0,
2026-06-12T06:23:57.9621173+09:00     "retries_triggered": 0,
2026-06-12T06:23:57.9631141+09:00     "retry_errors": 0,
2026-06-12T06:23:57.9651154+09:00     "skipped": 0,
2026-06-12T06:23:57.9661153+09:00     "results": []
2026-06-12T06:23:57.9679824+09:00   }
2026-06-12T06:23:57.9689818+09:00 }
2026-06-12T06:23:57.9709826+09:00 OK run-once finished
2026-06-12T06:28:54.1183345+09:00 START dispatch-run-once
2026-06-12T06:28:54.5071177+09:00 
2026-06-12T06:28:54.5091256+09:00 > orchestrator
2026-06-12T06:28:54.5111330+09:00 > tsx src/cli/orchestrator.ts run-once --limit 10
2026-06-12T06:28:54.5111330+09:00 
2026-06-12T06:28:57.8099545+09:00 {
2026-06-12T06:28:57.8119549+09:00   "ensure_daily": {
2026-06-12T06:28:57.8135268+09:00     "runs": [
2026-06-12T06:28:57.8135268+09:00       {
2026-06-12T06:28:57.8135268+09:00         "run_id": "r01",
2026-06-12T06:28:57.8186993+09:00         "action": "not_due",
2026-06-12T06:28:57.8223341+09:00         "taskId": "daily-20260612-r01",
2026-06-12T06:28:57.8243311+09:00         "reason": "jst_hour=6"
2026-06-12T06:28:57.8263325+09:00       },
2026-06-12T06:28:57.8427406+09:00       {
2026-06-12T06:28:57.8496178+09:00         "run_id": "r02",
2026-06-12T06:28:57.8526880+09:00         "action": "not_due",
2026-06-12T06:28:57.8542165+09:00         "taskId": "daily-20260612-r02",
2026-06-12T06:28:57.8573142+09:00         "reason": "jst_hour=6"
2026-06-12T06:28:57.8593107+09:00       },
2026-06-12T06:28:57.8623144+09:00       {
2026-06-12T06:28:57.8645068+09:00         "run_id": "r03",
2026-06-12T06:28:57.8675920+09:00         "action": "not_due",
2026-06-12T06:28:57.8695981+09:00         "taskId": "daily-20260612-r03",
2026-06-12T06:28:57.8726185+09:00         "reason": "jst_hour=6"
2026-06-12T06:28:57.8726185+09:00       }
2026-06-12T06:28:57.8726185+09:00     ]
2026-06-12T06:28:57.8777185+09:00   },
2026-06-12T06:28:57.8800673+09:00   "reconcile": {
2026-06-12T06:28:57.8822229+09:00     "resetProcessing": 0,
2026-06-12T06:28:57.8841943+09:00     "inserted": 2,
2026-06-12T06:28:57.8851953+09:00     "scanned": 7,
2026-06-12T06:28:57.8875461+09:00     "stale": {
2026-06-12T06:28:57.8875461+09:00       "scanned": 7,
2026-06-12T06:28:57.8875461+09:00       "staleDetected": 0,
2026-06-12T06:28:57.8924396+09:00       "rolledBack": 0,
2026-06-12T06:28:57.8924396+09:00       "skippedCap": 0,
2026-06-12T06:28:57.8986838+09:00       "dryRun": false,
2026-06-12T06:28:57.9007468+09:00       "actions": []
2026-06-12T06:28:57.9017478+09:00     }
2026-06-12T06:28:57.9041781+09:00   },
2026-06-12T06:28:57.9063200+09:00   "dispatch": {
2026-06-12T06:28:57.9083250+09:00     "claimed": 2,
2026-06-12T06:28:57.9093204+09:00     "done": 2,
2026-06-12T06:28:57.9113532+09:00     "failed": 0
2026-06-12T06:28:57.9123287+09:00   },
2026-06-12T06:28:57.9143414+09:00   "step4_poll": {
2026-06-12T06:28:57.9163485+09:00     "scanned": 7,
2026-06-12T06:28:57.9173585+09:00     "awaiting": 2,
2026-06-12T06:28:57.9213898+09:00     "polled": 0,
2026-06-12T06:28:57.9234622+09:00     "picks_applied": 0,
2026-06-12T06:28:57.9244583+09:00     "pick_errors": 0,
2026-06-12T06:28:57.9264580+09:00     "timeouts": 0,
2026-06-12T06:28:57.9284581+09:00     "skipped": 0,
2026-06-12T06:28:57.9302634+09:00     "results": [
2026-06-12T06:28:57.9322675+09:00       {
2026-06-12T06:28:57.9342646+09:00         "task_id": "daily-20260611-r02",
2026-06-12T06:28:57.9352654+09:00         "result": {
2026-06-12T06:28:57.9372656+09:00           "outcome": "no_new_messages"
2026-06-12T06:28:57.9372656+09:00         }
2026-06-12T06:28:57.9372656+09:00       },
2026-06-12T06:28:57.9372656+09:00       {
2026-06-12T06:28:57.9425063+09:00         "task_id": "daily-20260611-r03",
2026-06-12T06:28:57.9425063+09:00         "result": {
2026-06-12T06:28:57.9472758+09:00           "outcome": "no_new_messages"
2026-06-12T06:28:57.9482776+09:00         }
2026-06-12T06:28:57.9502750+09:00       }
2026-06-12T06:28:57.9522755+09:00     ]
2026-06-12T06:28:57.9532751+09:00   },
2026-06-12T06:28:57.9551906+09:00   "step7_retry_poll": {
2026-06-12T06:28:57.9561903+09:00     "scanned": 7,
2026-06-12T06:28:57.9581899+09:00     "eligible": 4,
2026-06-12T06:28:57.9601895+09:00     "polled": 0,
2026-06-12T06:28:57.9621910+09:00     "retries_triggered": 0,
2026-06-12T06:28:57.9625061+09:00     "retry_errors": 0,
2026-06-12T06:28:57.9625061+09:00     "skipped": 0,
2026-06-12T06:28:57.9625061+09:00     "results": []
2026-06-12T06:28:57.9675688+09:00   }
2026-06-12T06:28:57.9675688+09:00 }
2026-06-12T06:28:57.9675688+09:00 OK run-once finished
2026-06-12T06:33:54.8524748+09:00 START dispatch-run-once
2026-06-12T06:33:55.8141059+09:00 
2026-06-12T06:33:55.8161087+09:00 > orchestrator
2026-06-12T06:33:55.8161087+09:00 > tsx src/cli/orchestrator.ts run-once --limit 10
2026-06-12T06:33:55.8215294+09:00 
2026-06-12T06:34:01.4453392+09:00 {
2026-06-12T06:34:01.5130330+09:00   "ensure_daily": {
2026-06-12T06:34:01.5675083+09:00     "runs": [
2026-06-12T06:34:01.6086995+09:00       {
2026-06-12T06:34:01.6423958+09:00         "run_id": "r01",
2026-06-12T06:34:01.7021719+09:00         "action": "not_due",
2026-06-12T06:34:01.7214095+09:00         "taskId": "daily-20260612-r01",
2026-06-12T06:34:01.7491507+09:00         "reason": "jst_hour=6"
2026-06-12T06:34:01.7994563+09:00       },
2026-06-12T06:34:01.8340461+09:00       {
2026-06-12T06:34:01.8370477+09:00         "run_id": "r02",
2026-06-12T06:34:01.8410462+09:00         "action": "not_due",
2026-06-12T06:34:01.8458497+09:00         "taskId": "daily-20260612-r02",
2026-06-12T06:34:01.8478582+09:00         "reason": "jst_hour=6"
2026-06-12T06:34:01.8533179+09:00       },
2026-06-12T06:34:01.8563944+09:00       {
2026-06-12T06:34:01.8600454+09:00         "run_id": "r03",
2026-06-12T06:34:01.8900369+09:00         "action": "not_due",
2026-06-12T06:34:01.9174304+09:00         "taskId": "daily-20260612-r03",
2026-06-12T06:34:01.9463730+09:00         "reason": "jst_hour=6"
2026-06-12T06:34:01.9796757+09:00       }
2026-06-12T06:34:02.0016632+09:00     ]
2026-06-12T06:34:02.0291683+09:00   },
2026-06-12T06:34:02.0741307+09:00   "reconcile": {
2026-06-12T06:34:02.0854368+09:00     "resetProcessing": 0,
2026-06-12T06:34:02.0884374+09:00     "inserted": 2,
2026-06-12T06:34:02.1120616+09:00     "scanned": 7,
2026-06-12T06:34:02.1400464+09:00     "stale": {
2026-06-12T06:34:02.1590380+09:00       "scanned": 7,
2026-06-12T06:34:02.1983580+09:00       "staleDetected": 0,
2026-06-12T06:34:02.2064099+09:00       "rolledBack": 0,
2026-06-12T06:34:02.2243852+09:00       "skippedCap": 0,
2026-06-12T06:34:02.2271582+09:00       "dryRun": false,
2026-06-12T06:34:02.2443759+09:00       "actions": []
2026-06-12T06:34:02.2586095+09:00     }
2026-06-12T06:34:02.2616842+09:00   },
2026-06-12T06:34:02.2703858+09:00   "dispatch": {
2026-06-12T06:34:02.2733908+09:00     "claimed": 2,
2026-06-12T06:34:02.2743863+09:00     "done": 2,
2026-06-12T06:34:02.2771658+09:00     "failed": 0
2026-06-12T06:34:02.2811841+09:00   },
2026-06-12T06:34:02.2850007+09:00   "step4_poll": {
2026-06-12T06:34:02.2869993+09:00     "scanned": 7,
2026-06-12T06:34:02.2890025+09:00     "awaiting": 2,
2026-06-12T06:34:02.2913267+09:00     "polled": 0,
2026-06-12T06:34:02.2913267+09:00     "picks_applied": 0,
2026-06-12T06:34:02.2913267+09:00     "pick_errors": 0,
2026-06-12T06:34:02.2961903+09:00     "timeouts": 0,
2026-06-12T06:34:02.2996916+09:00     "skipped": 0,
2026-06-12T06:34:02.3011352+09:00     "results": [
2026-06-12T06:34:02.3031349+09:00       {
2026-06-12T06:34:02.3051348+09:00         "task_id": "daily-20260611-r02",
2026-06-12T06:34:02.3071355+09:00         "result": {
2026-06-12T06:34:02.3091068+09:00           "outcome": "no_new_messages"
2026-06-12T06:34:02.3111059+09:00         }
2026-06-12T06:34:02.3141040+09:00       },
2026-06-12T06:34:02.3161097+09:00       {
2026-06-12T06:34:02.3183218+09:00         "task_id": "daily-20260611-r03",
2026-06-12T06:34:02.3274829+09:00         "result": {
2026-06-12T06:34:02.3381359+09:00           "outcome": "no_new_messages"
2026-06-12T06:34:02.3493759+09:00         }
2026-06-12T06:34:02.3591896+09:00       }
2026-06-12T06:34:02.3811838+09:00     ]
2026-06-12T06:34:02.4061800+09:00   },
2026-06-12T06:34:02.4091969+09:00   "step7_retry_poll": {
2026-06-12T06:34:02.4144772+09:00     "scanned": 7,
2026-06-12T06:34:02.4193885+09:00     "eligible": 4,
2026-06-12T06:34:02.4233877+09:00     "polled": 0,
2026-06-12T06:34:02.4300441+09:00     "retries_triggered": 0,
2026-06-12T06:34:02.4483826+09:00     "retry_errors": 0,
2026-06-12T06:34:02.4493803+09:00     "skipped": 0,
2026-06-12T06:34:02.4592154+09:00     "results": []
2026-06-12T06:34:02.4632361+09:00   }
2026-06-12T06:34:02.4670944+09:00 }
2026-06-12T06:34:02.4730955+09:00 OK run-once finished
2026-06-12T06:38:54.3138280+09:00 START dispatch-run-once
2026-06-12T06:38:54.8045798+09:00 
2026-06-12T06:38:54.8065800+09:00 > orchestrator
2026-06-12T06:38:54.8085878+09:00 > tsx src/cli/orchestrator.ts run-once --limit 10
2026-06-12T06:38:54.8105858+09:00 
2026-06-12T06:38:58.2443873+09:00 {
2026-06-12T06:38:58.2453398+09:00   "ensure_daily": {
2026-06-12T06:38:58.2491921+09:00     "runs": [
2026-06-12T06:38:58.2491921+09:00       {
2026-06-12T06:38:58.2563117+09:00         "run_id": "r01",
2026-06-12T06:38:58.2583116+09:00         "action": "not_due",
2026-06-12T06:38:58.2603099+09:00         "taskId": "daily-20260612-r01",
2026-06-12T06:38:58.2618385+09:00         "reason": "jst_hour=6"
2026-06-12T06:38:58.2649781+09:00       },
2026-06-12T06:38:58.2833882+09:00       {
2026-06-12T06:38:58.2833882+09:00         "run_id": "r02",
2026-06-12T06:38:58.2833882+09:00         "action": "not_due",
2026-06-12T06:38:58.2884316+09:00         "taskId": "daily-20260612-r02",
2026-06-12T06:38:58.2884316+09:00         "reason": "jst_hour=6"
2026-06-12T06:38:58.2947416+09:00       },
2026-06-12T06:38:58.2968054+09:00       {
2026-06-12T06:38:58.2988052+09:00         "run_id": "r03",
2026-06-12T06:38:58.3008055+09:00         "action": "not_due",
2026-06-12T06:38:58.3028431+09:00         "taskId": "daily-20260612-r03",
2026-06-12T06:38:58.3048020+09:00         "reason": "jst_hour=6"
2026-06-12T06:38:58.3070714+09:00       }
2026-06-12T06:38:58.3090705+09:00     ]
2026-06-12T06:38:58.3118529+09:00   },
2026-06-12T06:38:58.3138797+09:00   "reconcile": {
2026-06-12T06:38:58.3138797+09:00     "resetProcessing": 0,
2026-06-12T06:38:58.3138797+09:00     "inserted": 2,
2026-06-12T06:38:58.3191983+09:00     "scanned": 7,
2026-06-12T06:38:58.3191983+09:00     "stale": {
2026-06-12T06:38:58.3256017+09:00       "scanned": 7,
2026-06-12T06:38:58.3295974+09:00       "staleDetected": 0,
2026-06-12T06:38:58.3316931+09:00       "rolledBack": 0,
2026-06-12T06:38:58.3342730+09:00       "skippedCap": 0,
2026-06-12T06:38:58.3362824+09:00       "dryRun": false,
2026-06-12T06:38:58.3368729+09:00       "actions": []
2026-06-12T06:38:58.3368729+09:00     }
2026-06-12T06:38:58.3414955+09:00   },
2026-06-12T06:38:58.3414955+09:00   "dispatch": {
2026-06-12T06:38:58.3414955+09:00     "claimed": 2,
2026-06-12T06:38:58.3467066+09:00     "done": 2,
2026-06-12T06:38:58.3467066+09:00     "failed": 0
2026-06-12T06:38:58.3512461+09:00   },
2026-06-12T06:38:58.3532463+09:00   "step4_poll": {
2026-06-12T06:38:58.3545722+09:00     "scanned": 7,
2026-06-12T06:38:58.3565722+09:00     "awaiting": 2,
2026-06-12T06:38:58.3575722+09:00     "polled": 0,
2026-06-12T06:38:58.3595709+09:00     "picks_applied": 0,
2026-06-12T06:38:58.3605711+09:00     "pick_errors": 0,
2026-06-12T06:38:58.3615728+09:00     "timeouts": 0,
2026-06-12T06:38:58.3615728+09:00     "skipped": 0,
2026-06-12T06:38:58.3666391+09:00     "results": [
2026-06-12T06:38:58.3666391+09:00       {
2026-06-12T06:38:58.3666391+09:00         "task_id": "daily-20260611-r02",
2026-06-12T06:38:58.3666391+09:00         "result": {
2026-06-12T06:38:58.3718416+09:00           "outcome": "no_new_messages"
2026-06-12T06:38:58.3718416+09:00         }
2026-06-12T06:38:58.3718416+09:00       },
2026-06-12T06:38:58.3781349+09:00       {
2026-06-12T06:38:58.3812048+09:00         "task_id": "daily-20260611-r03",
2026-06-12T06:38:58.3832048+09:00         "result": {
2026-06-12T06:38:58.3842043+09:00           "outcome": "no_new_messages"
2026-06-12T06:38:58.3862039+09:00         }
2026-06-12T06:38:58.3882035+09:00       }
2026-06-12T06:38:58.3894105+09:00     ]
2026-06-12T06:38:58.3914095+09:00   },
2026-06-12T06:38:58.3934085+09:00   "step7_retry_poll": {
2026-06-12T06:38:58.3953125+09:00     "scanned": 7,
2026-06-12T06:38:58.3973417+09:00     "eligible": 4,
2026-06-12T06:38:58.3973417+09:00     "polled": 0,
2026-06-12T06:38:58.3973417+09:00     "retries_triggered": 0,
2026-06-12T06:38:58.4025851+09:00     "retry_errors": 0,
2026-06-12T06:38:58.4025851+09:00     "skipped": 0,
2026-06-12T06:38:58.4025851+09:00     "results": []
2026-06-12T06:38:58.4025851+09:00   }
2026-06-12T06:38:58.4094568+09:00 }
2026-06-12T06:38:58.4118250+09:00 OK run-once finished
2026-06-12T06:43:53.7640535+09:00 START dispatch-run-once
2026-06-12T06:43:54.1601629+09:00 
2026-06-12T06:43:54.1639439+09:00 > orchestrator
2026-06-12T06:43:54.1639439+09:00 > tsx src/cli/orchestrator.ts run-once --limit 10
2026-06-12T06:43:54.1639439+09:00 
2026-06-12T06:43:57.4605654+09:00 {
2026-06-12T06:43:57.4625671+09:00   "ensure_daily": {
2026-06-12T06:43:57.4652146+09:00     "runs": [
2026-06-12T06:43:57.4668034+09:00       {
2026-06-12T06:43:57.4688064+09:00         "run_id": "r01",
2026-06-12T06:43:57.4698068+09:00         "action": "not_due",
2026-06-12T06:43:57.4718037+09:00         "taskId": "daily-20260612-r01",
2026-06-12T06:43:57.4738036+09:00         "reason": "jst_hour=6"
2026-06-12T06:43:57.4738036+09:00       },
2026-06-12T06:43:57.4938416+09:00       {
2026-06-12T06:43:57.4958390+09:00         "run_id": "r02",
2026-06-12T06:43:57.4978385+09:00         "action": "not_due",
2026-06-12T06:43:57.4988413+09:00         "taskId": "daily-20260612-r02",
2026-06-12T06:43:57.4988413+09:00         "reason": "jst_hour=6"
2026-06-12T06:43:57.5039411+09:00       },
2026-06-12T06:43:57.5074278+09:00       {
2026-06-12T06:43:57.5088751+09:00         "run_id": "r03",
2026-06-12T06:43:57.5108760+09:00         "action": "not_due",
2026-06-12T06:43:57.5128748+09:00         "taskId": "daily-20260612-r03",
2026-06-12T06:43:57.5157438+09:00         "reason": "jst_hour=6"
2026-06-12T06:43:57.5178274+09:00       }
2026-06-12T06:43:57.5198294+09:00     ]
2026-06-12T06:43:57.5208306+09:00   },
2026-06-12T06:43:57.5228287+09:00   "reconcile": {
2026-06-12T06:43:57.5238306+09:00     "resetProcessing": 0,
2026-06-12T06:43:57.5238306+09:00     "inserted": 2,
2026-06-12T06:43:57.5238306+09:00     "scanned": 7,
2026-06-12T06:43:57.5290324+09:00     "stale": {
2026-06-12T06:43:57.5290324+09:00       "scanned": 7,
2026-06-12T06:43:57.5329626+09:00       "staleDetected": 0,
2026-06-12T06:43:57.5350214+09:00       "rolledBack": 0,
2026-06-12T06:43:57.5360215+09:00       "skippedCap": 0,
2026-06-12T06:43:57.5380220+09:00       "dryRun": false,
2026-06-12T06:43:57.5400214+09:00       "actions": []
2026-06-12T06:43:57.5417862+09:00     }
2026-06-12T06:43:57.5427969+09:00   },
2026-06-12T06:43:57.5447944+09:00   "dispatch": {
2026-06-12T06:43:57.5470358+09:00     "claimed": 2,
2026-06-12T06:43:57.5490451+09:00     "done": 2,
2026-06-12T06:43:57.5490451+09:00     "failed": 0
2026-06-12T06:43:57.5490451+09:00   },
2026-06-12T06:43:57.5490451+09:00   "step4_poll": {
2026-06-12T06:43:57.5540681+09:00     "scanned": 7,
2026-06-12T06:43:57.5540681+09:00     "awaiting": 2,
2026-06-12T06:43:57.5579147+09:00     "polled": 0,
2026-06-12T06:43:57.5589608+09:00     "picks_applied": 0,
2026-06-12T06:43:57.5609612+09:00     "pick_errors": 0,
2026-06-12T06:43:57.5619611+09:00     "timeouts": 0,
2026-06-12T06:43:57.5639608+09:00     "skipped": 0,
2026-06-12T06:43:57.5649603+09:00     "results": [
2026-06-12T06:43:57.5667381+09:00       {
2026-06-12T06:43:57.5677341+09:00         "task_id": "daily-20260611-r02",
2026-06-12T06:43:57.5687341+09:00         "result": {
2026-06-12T06:43:57.5707338+09:00           "outcome": "no_new_messages"
2026-06-12T06:43:57.5717348+09:00         }
2026-06-12T06:43:57.5741819+09:00       },
2026-06-12T06:43:57.5741819+09:00       {
2026-06-12T06:43:57.5788327+09:00         "task_id": "daily-20260611-r03",
2026-06-12T06:43:57.5788327+09:00         "result": {
2026-06-12T06:43:57.5788327+09:00           "outcome": "no_new_messages"
2026-06-12T06:43:57.5788327+09:00         }
2026-06-12T06:43:57.5838732+09:00       }
2026-06-12T06:43:57.5838732+09:00     ]
2026-06-12T06:43:57.5838732+09:00   },
2026-06-12T06:43:57.5895135+09:00   "step7_retry_poll": {
2026-06-12T06:43:57.5906387+09:00     "scanned": 7,
2026-06-12T06:43:57.5926913+09:00     "eligible": 4,
2026-06-12T06:43:57.5936924+09:00     "polled": 0,
2026-06-12T06:43:57.5956896+09:00     "retries_triggered": 0,
2026-06-12T06:43:57.5966928+09:00     "retry_errors": 0,
2026-06-12T06:43:57.5976928+09:00     "skipped": 0,
2026-06-12T06:43:57.5990265+09:00     "results": []
2026-06-12T06:43:57.6011533+09:00   }
2026-06-12T06:43:57.6027442+09:00 }
2026-06-12T06:43:57.6049133+09:00 OK run-once finished
2026-06-12T06:48:55.2196975+09:00 START dispatch-run-once
2026-06-12T06:48:55.6907313+09:00 
2026-06-12T06:48:55.6927389+09:00 > orchestrator
2026-06-12T06:48:55.6927389+09:00 > tsx src/cli/orchestrator.ts run-once --limit 10
2026-06-12T06:48:55.6961073+09:00 
2026-06-12T06:48:59.0479848+09:00 {
2026-06-12T06:48:59.0581983+09:00   "ensure_daily": {
2026-06-12T06:48:59.0712322+09:00     "runs": [
2026-06-12T06:48:59.0782305+09:00       {
2026-06-12T06:48:59.0891210+09:00         "run_id": "r01",
2026-06-12T06:48:59.0961295+09:00         "action": "not_due",
2026-06-12T06:48:59.1021222+09:00         "taskId": "daily-20260612-r01",
2026-06-12T06:48:59.1069770+09:00         "reason": "jst_hour=6"
2026-06-12T06:48:59.1121279+09:00       },
2026-06-12T06:48:59.1360192+09:00       {
2026-06-12T06:48:59.1410765+09:00         "run_id": "r02",
2026-06-12T06:48:59.1410765+09:00         "action": "not_due",
2026-06-12T06:48:59.1448322+09:00         "taskId": "daily-20260612-r02",
2026-06-12T06:48:59.1485046+09:00         "reason": "jst_hour=6"
2026-06-12T06:48:59.1505053+09:00       },
2026-06-12T06:48:59.1528847+09:00       {
2026-06-12T06:48:59.1550066+09:00         "run_id": "r03",
2026-06-12T06:48:59.1569794+09:00         "action": "not_due",
2026-06-12T06:48:59.1579795+09:00         "taskId": "daily-20260612-r03",
2026-06-12T06:48:59.1600147+09:00         "reason": "jst_hour=6"
2026-06-12T06:48:59.1609817+09:00       }
2026-06-12T06:48:59.1609817+09:00     ]
2026-06-12T06:48:59.1609817+09:00   },
2026-06-12T06:48:59.1663011+09:00   "reconcile": {
2026-06-12T06:48:59.1663011+09:00     "resetProcessing": 0,
2026-06-12T06:48:59.1663011+09:00     "inserted": 2,
2026-06-12T06:48:59.1714730+09:00     "scanned": 7,
2026-06-12T06:48:59.1714730+09:00     "stale": {
2026-06-12T06:48:59.1714730+09:00       "scanned": 7,
2026-06-12T06:48:59.1768147+09:00       "staleDetected": 0,
2026-06-12T06:48:59.1795922+09:00       "rolledBack": 0,
2026-06-12T06:48:59.1816022+09:00       "skippedCap": 0,
2026-06-12T06:48:59.1836342+09:00       "dryRun": false,
2026-06-12T06:48:59.1856361+09:00       "actions": []
2026-06-12T06:48:59.1875992+09:00     }
2026-06-12T06:48:59.1888216+09:00   },
2026-06-12T06:48:59.1908554+09:00   "dispatch": {
2026-06-12T06:48:59.1918207+09:00     "claimed": 2,
2026-06-12T06:48:59.1938200+09:00     "done": 2,
2026-06-12T06:48:59.1950607+09:00     "failed": 0
2026-06-12T06:48:59.1970681+09:00   },
2026-06-12T06:48:59.1982921+09:00   "step4_poll": {
2026-06-12T06:48:59.1982921+09:00     "scanned": 7,
2026-06-12T06:48:59.1982921+09:00     "awaiting": 2,
2026-06-12T06:48:59.2025629+09:00     "polled": 0,
2026-06-12T06:48:59.2025629+09:00     "picks_applied": 0,
2026-06-12T06:48:59.2025629+09:00     "pick_errors": 0,
2026-06-12T06:48:59.2025629+09:00     "timeouts": 0,
2026-06-12T06:48:59.2088959+09:00     "skipped": 0,
2026-06-12T06:48:59.2099870+09:00     "results": [
2026-06-12T06:48:59.2122432+09:00       {
2026-06-12T06:48:59.2132440+09:00         "task_id": "daily-20260611-r02",
2026-06-12T06:48:59.2152758+09:00         "result": {
2026-06-12T06:48:59.2162432+09:00           "outcome": "no_new_messages"
2026-06-12T06:48:59.2172793+09:00         }
2026-06-12T06:48:59.2192780+09:00       },
2026-06-12T06:48:59.2192780+09:00       {
2026-06-12T06:48:59.2192780+09:00         "task_id": "daily-20260611-r03",
2026-06-12T06:48:59.2192780+09:00         "result": {
2026-06-12T06:48:59.2247385+09:00           "outcome": "no_new_messages"
2026-06-12T06:48:59.2247385+09:00         }
2026-06-12T06:48:59.2247385+09:00       }
2026-06-12T06:48:59.2247385+09:00     ]
2026-06-12T06:48:59.2297892+09:00   },
2026-06-12T06:48:59.2297892+09:00   "step7_retry_poll": {
2026-06-12T06:48:59.2297892+09:00     "scanned": 7,
2026-06-12T06:48:59.2297892+09:00     "eligible": 4,
2026-06-12T06:48:59.2367595+09:00     "polled": 0,
2026-06-12T06:48:59.2387928+09:00     "retries_triggered": 0,
2026-06-12T06:48:59.2397894+09:00     "retry_errors": 0,
2026-06-12T06:48:59.2417898+09:00     "skipped": 0,
2026-06-12T06:48:59.2427897+09:00     "results": []
2026-06-12T06:48:59.2447920+09:00   }
2026-06-12T06:48:59.2458320+09:00 }
2026-06-12T06:48:59.2480697+09:00 OK run-once finished
2026-06-12T06:53:54.4902552+09:00 START dispatch-run-once
2026-06-12T06:53:54.9151988+09:00 
2026-06-12T06:53:54.9151988+09:00 > orchestrator
2026-06-12T06:53:54.9199512+09:00 > tsx src/cli/orchestrator.ts run-once --limit 10
2026-06-12T06:53:54.9199512+09:00 
2026-06-12T06:53:58.2970462+09:00 {
2026-06-12T06:53:58.3091678+09:00   "ensure_daily": {
2026-06-12T06:53:58.3176481+09:00     "runs": [
2026-06-12T06:53:58.3297884+09:00       {
2026-06-12T06:53:58.3363735+09:00         "run_id": "r01",
2026-06-12T06:53:58.3402129+09:00         "action": "not_due",
2026-06-12T06:53:58.3444809+09:00         "taskId": "daily-20260612-r01",
2026-06-12T06:53:58.3511640+09:00         "reason": "jst_hour=6"
2026-06-12T06:53:58.3552660+09:00       },
2026-06-12T06:53:58.3791585+09:00       {
2026-06-12T06:53:58.3829121+09:00         "run_id": "r02",
2026-06-12T06:53:58.3859122+09:00         "action": "not_due",
2026-06-12T06:53:58.3879086+09:00         "taskId": "daily-20260612-r02",
2026-06-12T06:53:58.3905936+09:00         "reason": "jst_hour=6"
2026-06-12T06:53:58.3926030+09:00       },
2026-06-12T06:53:58.3946026+09:00       {
2026-06-12T06:53:58.3966018+09:00         "run_id": "r03",
2026-06-12T06:53:58.3985141+09:00         "action": "not_due",
2026-06-12T06:53:58.4001456+09:00         "taskId": "daily-20260612-r03",
2026-06-12T06:53:58.4001456+09:00         "reason": "jst_hour=6"
2026-06-12T06:53:58.4030274+09:00       }
2026-06-12T06:53:58.4030274+09:00     ]
2026-06-12T06:53:58.4030274+09:00   },
2026-06-12T06:53:58.4030274+09:00   "reconcile": {
2026-06-12T06:53:58.4090377+09:00     "resetProcessing": 0,
2026-06-12T06:53:58.4110915+09:00     "inserted": 2,
2026-06-12T06:53:58.4120902+09:00     "scanned": 7,
2026-06-12T06:53:58.4140889+09:00     "stale": {
2026-06-12T06:53:58.4150729+09:00       "scanned": 7,
2026-06-12T06:53:58.4171452+09:00       "staleDetected": 0,
2026-06-12T06:53:58.4191462+09:00       "rolledBack": 0,
2026-06-12T06:53:58.4201446+09:00       "skippedCap": 0,
2026-06-12T06:53:58.4221446+09:00       "dryRun": false,
2026-06-12T06:53:58.4231448+09:00       "actions": []
2026-06-12T06:53:58.4231448+09:00     }
2026-06-12T06:53:58.4231448+09:00   },
2026-06-12T06:53:58.4282660+09:00   "dispatch": {
2026-06-12T06:53:58.4282660+09:00     "claimed": 2,
2026-06-12T06:53:58.4282660+09:00     "done": 2,
2026-06-12T06:53:58.4335232+09:00     "failed": 0
2026-06-12T06:53:58.4335232+09:00   },
2026-06-12T06:53:58.4335232+09:00   "step4_poll": {
2026-06-12T06:53:58.4335232+09:00     "scanned": 7,
2026-06-12T06:53:58.4398317+09:00     "awaiting": 2,
2026-06-12T06:53:58.4419545+09:00     "polled": 0,
2026-06-12T06:53:58.4439530+09:00     "picks_applied": 0,
2026-06-12T06:53:58.4449532+09:00     "pick_errors": 0,
2026-06-12T06:53:58.4469529+09:00     "timeouts": 0,
2026-06-12T06:53:58.4479529+09:00     "skipped": 0,
2026-06-12T06:53:58.4499524+09:00     "results": [
2026-06-12T06:53:58.4512031+09:00       {
2026-06-12T06:53:58.4522030+09:00         "task_id": "daily-20260611-r02",
2026-06-12T06:53:58.4542035+09:00         "result": {
2026-06-12T06:53:58.4552039+09:00           "outcome": "no_new_messages"
2026-06-12T06:53:58.4570211+09:00         }
2026-06-12T06:53:58.4590654+09:00       },
2026-06-12T06:53:58.4590654+09:00       {
2026-06-12T06:53:58.4590654+09:00         "task_id": "daily-20260611-r03",
2026-06-12T06:53:58.4590654+09:00         "result": {
2026-06-12T06:53:58.4645763+09:00           "outcome": "no_new_messages"
2026-06-12T06:53:58.4645763+09:00         }
2026-06-12T06:53:58.4645763+09:00       }
2026-06-12T06:53:58.4645763+09:00     ]
2026-06-12T06:53:58.4705051+09:00   },
2026-06-12T06:53:58.4719360+09:00   "step7_retry_poll": {
2026-06-12T06:53:58.4733790+09:00     "scanned": 7,
2026-06-12T06:53:58.4744404+09:00     "eligible": 4,
2026-06-12T06:53:58.4765197+09:00     "polled": 0,
2026-06-12T06:53:58.4775228+09:00     "retries_triggered": 0,
2026-06-12T06:53:58.4795218+09:00     "retry_errors": 0,
2026-06-12T06:53:58.4804890+09:00     "skipped": 0,
2026-06-12T06:53:58.4815218+09:00     "results": []
2026-06-12T06:53:58.4815218+09:00   }
2026-06-12T06:53:58.4815218+09:00 }
2026-06-12T06:53:58.4870183+09:00 OK run-once finished
2026-06-12T06:58:54.7357467+09:00 START dispatch-run-once
2026-06-12T06:58:55.1320019+09:00 
2026-06-12T06:58:55.1340737+09:00 > orchestrator
2026-06-12T06:58:55.1367681+09:00 > tsx src/cli/orchestrator.ts run-once --limit 10
2026-06-12T06:58:55.1387676+09:00 
2026-06-12T06:58:58.4726932+09:00 {
2026-06-12T06:58:58.4756579+09:00   "ensure_daily": {
2026-06-12T06:58:58.4783370+09:00     "runs": [
2026-06-12T06:58:58.4793396+09:00       {
2026-06-12T06:58:58.4813378+09:00         "run_id": "r01",
2026-06-12T06:58:58.4833368+09:00         "action": "not_due",
2026-06-12T06:58:58.4853401+09:00         "taskId": "daily-20260612-r01",
2026-06-12T06:58:58.4853401+09:00         "reason": "jst_hour=6"
2026-06-12T06:58:58.4853401+09:00       },
2026-06-12T06:58:58.5103199+09:00       {
2026-06-12T06:58:58.5136122+09:00         "run_id": "r02",
2026-06-12T06:58:58.5153514+09:00         "action": "not_due",
2026-06-12T06:58:58.5153514+09:00         "taskId": "daily-20260612-r02",
2026-06-12T06:58:58.5190911+09:00         "reason": "jst_hour=6"
2026-06-12T06:58:58.5228755+09:00       },
2026-06-12T06:58:58.5248795+09:00       {
2026-06-12T06:58:58.5272870+09:00         "run_id": "r03",
2026-06-12T06:58:58.5294419+09:00         "action": "not_due",
2026-06-12T06:58:58.5314427+09:00         "taskId": "daily-20260612-r03",
2026-06-12T06:58:58.5334422+09:00         "reason": "jst_hour=6"
2026-06-12T06:58:58.5354408+09:00       }
2026-06-12T06:58:58.5376210+09:00     ]
2026-06-12T06:58:58.5406340+09:00   },
2026-06-12T06:58:58.5406340+09:00   "reconcile": {
2026-06-12T06:58:58.5426408+09:00     "resetProcessing": 0,
2026-06-12T06:58:58.5456524+09:00     "inserted": 2,
2026-06-12T06:58:58.5456524+09:00     "scanned": 7,
2026-06-12T06:58:58.5494930+09:00     "stale": {
2026-06-12T06:58:58.5514952+09:00       "scanned": 7,
2026-06-12T06:58:58.5533128+09:00       "staleDetected": 0,
2026-06-12T06:58:58.5553139+09:00       "rolledBack": 0,
2026-06-12T06:58:58.5573126+09:00       "skippedCap": 0,
2026-06-12T06:58:58.5583134+09:00       "dryRun": false,
2026-06-12T06:58:58.5603137+09:00       "actions": []
2026-06-12T06:58:58.5603137+09:00     }
2026-06-12T06:58:58.5603137+09:00   },
2026-06-12T06:58:58.5655077+09:00   "dispatch": {
2026-06-12T06:58:58.5706482+09:00     "claimed": 2,
2026-06-12T06:58:58.5726786+09:00     "done": 2,
2026-06-12T06:58:58.5746454+09:00     "failed": 0
2026-06-12T06:58:58.5756447+09:00   },
2026-06-12T06:58:58.5772586+09:00   "step4_poll": {
2026-06-12T06:58:58.5793824+09:00     "scanned": 7,
2026-06-12T06:58:58.5813825+09:00     "awaiting": 2,
2026-06-12T06:58:58.5854169+09:00     "polled": 0,
2026-06-12T06:58:58.5854169+09:00     "picks_applied": 0,
2026-06-12T06:58:58.5854169+09:00     "pick_errors": 0,
2026-06-12T06:58:58.5854169+09:00     "timeouts": 0,
2026-06-12T06:58:58.5904292+09:00     "skipped": 0,
2026-06-12T06:58:58.5943349+09:00     "results": [
2026-06-12T06:58:58.5953909+09:00       {
2026-06-12T06:58:58.5973922+09:00         "task_id": "daily-20260611-r02",
2026-06-12T06:58:58.5993907+09:00         "result": {
2026-06-12T06:58:58.6003908+09:00           "outcome": "no_new_messages"
2026-06-12T06:58:58.6022124+09:00         }
2026-06-12T06:58:58.6043464+09:00       },
2026-06-12T06:58:58.6063431+09:00       {
2026-06-12T06:58:58.6073429+09:00         "task_id": "daily-20260611-r03",
2026-06-12T06:58:58.6093432+09:00         "result": {
2026-06-12T06:58:58.6103422+09:00           "outcome": "no_new_messages"
2026-06-12T06:58:58.6103422+09:00         }
2026-06-12T06:58:58.6103422+09:00       }
2026-06-12T06:58:58.6156688+09:00     ]
2026-06-12T06:58:58.6156688+09:00   },
2026-06-12T06:58:58.6193654+09:00   "step7_retry_poll": {
2026-06-12T06:58:58.6214327+09:00     "scanned": 7,
2026-06-12T06:58:58.6224307+09:00     "eligible": 4,
2026-06-12T06:58:58.6244311+09:00     "polled": 0,
2026-06-12T06:58:58.6254311+09:00     "retries_triggered": 0,
2026-06-12T06:58:58.6272291+09:00     "retry_errors": 0,
2026-06-12T06:58:58.6293001+09:00     "skipped": 0,
2026-06-12T06:58:58.6303006+09:00     "results": []
2026-06-12T06:58:58.6323017+09:00   }
2026-06-12T06:58:58.6353004+09:00 }
2026-06-12T06:58:58.6353004+09:00 OK run-once finished
2026-06-12T07:03:54.1633536+09:00 START dispatch-run-once
2026-06-12T07:03:54.5659307+09:00 
2026-06-12T07:03:54.5693801+09:00 > orchestrator
2026-06-12T07:03:54.5693801+09:00 > tsx src/cli/orchestrator.ts run-once --limit 10
2026-06-12T07:03:54.5744896+09:00 
2026-06-12T07:03:57.9393124+09:00 {
2026-06-12T07:03:57.9393124+09:00   "ensure_daily": {
2026-06-12T07:03:57.9447843+09:00     "runs": [
2026-06-12T07:03:57.9467912+09:00       {
2026-06-12T07:03:57.9487980+09:00         "run_id": "r01",
2026-06-12T07:03:57.9498042+09:00         "action": "not_due",
2026-06-12T07:03:57.9531148+09:00         "taskId": "daily-20260612-r01",
2026-06-12T07:03:57.9561115+09:00         "reason": "jst_hour=7"
2026-06-12T07:03:57.9581888+09:00       },
2026-06-12T07:03:57.9743876+09:00       {
2026-06-12T07:03:57.9804457+09:00         "run_id": "r02",
2026-06-12T07:03:57.9831457+09:00         "action": "not_due",
2026-06-12T07:03:57.9851434+09:00         "taskId": "daily-20260612-r02",
2026-06-12T07:03:57.9871454+09:00         "reason": "jst_hour=7"
2026-06-12T07:03:57.9894584+09:00       },
2026-06-12T07:03:57.9914655+09:00       {
2026-06-12T07:03:57.9944773+09:00         "run_id": "r03",
2026-06-12T07:03:57.9964833+09:00         "action": "not_due",
2026-06-12T07:03:57.9984890+09:00         "taskId": "daily-20260612-r03",
2026-06-12T07:03:57.9994941+09:00         "reason": "jst_hour=7"
2026-06-12T07:03:58.0015012+09:00       }
2026-06-12T07:03:58.0055438+09:00     ]
2026-06-12T07:03:58.0081812+09:00   },
2026-06-12T07:03:58.0091817+09:00   "reconcile": {
2026-06-12T07:03:58.0111811+09:00     "resetProcessing": 0,
2026-06-12T07:03:58.0136910+09:00     "inserted": 2,
2026-06-12T07:03:58.0144924+09:00     "scanned": 7,
2026-06-12T07:03:58.0164983+09:00     "stale": {
2026-06-12T07:03:58.0191690+09:00       "scanned": 7,
2026-06-12T07:03:58.0191690+09:00       "staleDetected": 0,
2026-06-12T07:03:58.0242655+09:00       "rolledBack": 0,
2026-06-12T07:03:58.0242655+09:00       "skippedCap": 0,
2026-06-12T07:03:58.0305096+09:00       "dryRun": false,
2026-06-12T07:03:58.0331583+09:00       "actions": []
2026-06-12T07:03:58.0351243+09:00     }
2026-06-12T07:03:58.0361597+09:00   },
2026-06-12T07:03:58.0381243+09:00   "dispatch": {
2026-06-12T07:03:58.0394658+09:00     "claimed": 2,
2026-06-12T07:03:58.0394658+09:00     "done": 2,
2026-06-12T07:03:58.0394658+09:00     "failed": 0
2026-06-12T07:03:58.0445278+09:00   },
2026-06-12T07:03:58.0445278+09:00   "step4_poll": {
2026-06-12T07:03:58.0495520+09:00     "scanned": 7,
2026-06-12T07:03:58.0495520+09:00     "awaiting": 2,
2026-06-12T07:03:58.0495520+09:00     "polled": 0,
2026-06-12T07:03:58.0550273+09:00     "picks_applied": 0,
2026-06-12T07:03:58.0550273+09:00     "pick_errors": 0,
2026-06-12T07:03:58.0550273+09:00     "timeouts": 0,
2026-06-12T07:03:58.0550273+09:00     "skipped": 0,
2026-06-12T07:03:58.0613117+09:00     "results": [
2026-06-12T07:03:58.0633698+09:00       {
2026-06-12T07:03:58.0654672+09:00         "task_id": "daily-20260611-r02",
2026-06-12T07:03:58.0674670+09:00         "result": {
2026-06-12T07:03:58.0684670+09:00           "outcome": "no_new_messages"
2026-06-12T07:03:58.0704664+09:00         }
2026-06-12T07:03:58.0714659+09:00       },
2026-06-12T07:03:58.0724682+09:00       {
2026-06-12T07:03:58.0724682+09:00         "task_id": "daily-20260611-r03",
2026-06-12T07:03:58.0724682+09:00         "result": {
2026-06-12T07:03:58.0778240+09:00           "outcome": "no_new_messages"
2026-06-12T07:03:58.0778240+09:00         }
2026-06-12T07:03:58.0778240+09:00       }
2026-06-12T07:03:58.0828860+09:00     ]
2026-06-12T07:03:58.0828860+09:00   },
2026-06-12T07:03:58.0828860+09:00   "step7_retry_poll": {
2026-06-12T07:03:58.0896948+09:00     "scanned": 7,
2026-06-12T07:03:58.0916938+09:00     "eligible": 4,
2026-06-12T07:03:58.0936906+09:00     "polled": 0,
2026-06-12T07:03:58.0946914+09:00     "retries_triggered": 0,
2026-06-12T07:03:58.0966905+09:00     "retry_errors": 0,
2026-06-12T07:03:58.0976966+09:00     "skipped": 0,
2026-06-12T07:03:58.0998900+09:00     "results": []
2026-06-12T07:03:58.1008893+09:00   }
2026-06-12T07:03:58.1028901+09:00 }
2026-06-12T07:03:58.1058916+09:00 OK run-once finished
2026-06-12T07:08:54.3954651+09:00 START dispatch-run-once
2026-06-12T07:08:54.7898770+09:00 
2026-06-12T07:08:54.7937611+09:00 > orchestrator
2026-06-12T07:08:54.7958064+09:00 > tsx src/cli/orchestrator.ts run-once --limit 10
2026-06-12T07:08:54.7978043+09:00 
2026-06-12T07:08:58.2820294+09:00 {
2026-06-12T07:08:58.2850334+09:00   "ensure_daily": {
2026-06-12T07:08:58.2877056+09:00     "runs": [
2026-06-12T07:08:58.2897054+09:00       {
2026-06-12T07:08:58.2927074+09:00         "run_id": "r01",
2026-06-12T07:08:58.2953726+09:00         "action": "not_due",
2026-06-12T07:08:58.2973735+09:00         "taskId": "daily-20260612-r01",
2026-06-12T07:08:58.2993733+09:00         "reason": "jst_hour=7"
2026-06-12T07:08:58.3016139+09:00       },
2026-06-12T07:08:58.3219184+09:00       {
2026-06-12T07:08:58.3238916+09:00         "run_id": "r02",
2026-06-12T07:08:58.3265939+09:00         "action": "not_due",
2026-06-12T07:08:58.3286653+09:00         "taskId": "daily-20260612-r02",
2026-06-12T07:08:58.3306663+09:00         "reason": "jst_hour=7"
2026-06-12T07:08:58.3326636+09:00       },
2026-06-12T07:08:58.3336632+09:00       {
2026-06-12T07:08:58.3346636+09:00         "run_id": "r03",
2026-06-12T07:08:58.3346636+09:00         "action": "not_due",
2026-06-12T07:08:58.3346636+09:00         "taskId": "daily-20260612-r03",
2026-06-12T07:08:58.3400822+09:00         "reason": "jst_hour=7"
2026-06-12T07:08:58.3400822+09:00       }
2026-06-12T07:08:58.3400822+09:00     ]
2026-06-12T07:08:58.3449307+09:00   },
2026-06-12T07:08:58.3449307+09:00   "reconcile": {
2026-06-12T07:08:58.3449307+09:00     "resetProcessing": 0,
2026-06-12T07:08:58.3449307+09:00     "inserted": 2,
2026-06-12T07:08:58.3513508+09:00     "scanned": 7,
2026-06-12T07:08:58.3534230+09:00     "stale": {
2026-06-12T07:08:58.3554260+09:00       "scanned": 7,
2026-06-12T07:08:58.3564255+09:00       "staleDetected": 0,
2026-06-12T07:08:58.3584248+09:00       "rolledBack": 0,
2026-06-12T07:08:58.3604260+09:00       "skippedCap": 0,
2026-06-12T07:08:58.3621452+09:00       "dryRun": false,
2026-06-12T07:08:58.3631450+09:00       "actions": []
2026-06-12T07:08:58.3651485+09:00     }
2026-06-12T07:08:58.3681435+09:00   },
2026-06-12T07:08:58.3703464+09:00   "dispatch": {
2026-06-12T07:08:58.3703464+09:00     "claimed": 2,
2026-06-12T07:08:58.3703464+09:00     "done": 2,
2026-06-12T07:08:58.3757855+09:00     "failed": 0
2026-06-12T07:08:58.3757855+09:00   },
2026-06-12T07:08:58.3757855+09:00   "step4_poll": {
2026-06-12T07:08:58.3757855+09:00     "scanned": 7,
2026-06-12T07:08:58.3817770+09:00     "awaiting": 2,
2026-06-12T07:08:58.3832132+09:00     "polled": 0,
2026-06-12T07:08:58.3849200+09:00     "picks_applied": 0,
2026-06-12T07:08:58.3860111+09:00     "pick_errors": 0,
2026-06-12T07:08:58.3880109+09:00     "timeouts": 0,
2026-06-12T07:08:58.3889778+09:00     "skipped": 0,
2026-06-12T07:08:58.3910113+09:00     "results": [
2026-06-12T07:08:58.3919782+09:00       {
2026-06-12T07:08:58.3930111+09:00         "task_id": "daily-20260611-r02",
2026-06-12T07:08:58.3930111+09:00         "result": {
2026-06-12T07:08:58.3930111+09:00           "outcome": "no_new_messages"
2026-06-12T07:08:58.3983341+09:00         }
2026-06-12T07:08:58.3983341+09:00       },
2026-06-12T07:08:58.3983341+09:00       {
2026-06-12T07:08:58.3983341+09:00         "task_id": "daily-20260611-r03",
2026-06-12T07:08:58.4037329+09:00         "result": {
2026-06-12T07:08:58.4037329+09:00           "outcome": "no_new_messages"
2026-06-12T07:08:58.4037329+09:00         }
2026-06-12T07:08:58.4037329+09:00       }
2026-06-12T07:08:58.4107091+09:00     ]
2026-06-12T07:08:58.4116713+09:00   },
2026-06-12T07:08:58.4137049+09:00   "step7_retry_poll": {
2026-06-12T07:08:58.4146718+09:00     "scanned": 7,
2026-06-12T07:08:58.4157101+09:00     "eligible": 4,
2026-06-12T07:08:58.4177058+09:00     "polled": 0,
2026-06-12T07:08:58.4186709+09:00     "retries_triggered": 0,
2026-06-12T07:08:58.4197068+09:00     "retry_errors": 0,
2026-06-12T07:08:58.4219866+09:00     "skipped": 0,
2026-06-12T07:08:58.4229524+09:00     "results": []
2026-06-12T07:08:58.4249861+09:00   }
2026-06-12T07:08:58.4276876+09:00 }
2026-06-12T07:08:58.4287209+09:00 OK run-once finished
2026-06-12T07:13:54.4469867+09:00 START dispatch-run-once
2026-06-12T07:13:54.8438752+09:00 
2026-06-12T07:13:54.8468763+09:00 > orchestrator
2026-06-12T07:13:54.8468763+09:00 > tsx src/cli/orchestrator.ts run-once --limit 10
2026-06-12T07:13:54.8468763+09:00 
2026-06-12T07:13:58.1714606+09:00 {
2026-06-12T07:13:58.1811517+09:00   "ensure_daily": {
2026-06-12T07:13:58.1908959+09:00     "runs": [
2026-06-12T07:13:58.1986881+09:00       {
2026-06-12T07:13:58.2006753+09:00         "run_id": "r01",
2026-06-12T07:13:58.2036767+09:00         "action": "not_due",
2026-06-12T07:13:58.2054749+09:00         "taskId": "daily-20260612-r01",
2026-06-12T07:13:58.2054749+09:00         "reason": "jst_hour=7"
2026-06-12T07:13:58.2099898+09:00       },
2026-06-12T07:13:58.2282119+09:00       {
2026-06-12T07:13:58.2302075+09:00         "run_id": "r02",
2026-06-12T07:13:58.2302075+09:00         "action": "not_due",
2026-06-12T07:13:58.2302075+09:00         "taskId": "daily-20260612-r02",
2026-06-12T07:13:58.2372450+09:00         "reason": "jst_hour=7"
2026-06-12T07:13:58.2392716+09:00       },
2026-06-12T07:13:58.2423300+09:00       {
2026-06-12T07:13:58.2443366+09:00         "run_id": "r03",
2026-06-12T07:13:58.2453375+09:00         "action": "not_due",
2026-06-12T07:13:58.2471162+09:00         "taskId": "daily-20260612-r03",
2026-06-12T07:13:58.2494451+09:00         "reason": "jst_hour=7"
2026-06-12T07:13:58.2514533+09:00       }
2026-06-12T07:13:58.2524533+09:00     ]
2026-06-12T07:13:58.2534517+09:00   },
2026-06-12T07:13:58.2554437+09:00   "reconcile": {
2026-06-12T07:13:58.2554437+09:00     "resetProcessing": 0,
2026-06-12T07:13:58.2588061+09:00     "inserted": 2,
2026-06-12T07:13:58.2609455+09:00     "scanned": 7,
2026-06-12T07:13:58.2625228+09:00     "stale": {
2026-06-12T07:13:58.2641880+09:00       "scanned": 7,
2026-06-12T07:13:58.2658117+09:00       "staleDetected": 0,
2026-06-12T07:13:58.2674210+09:00       "rolledBack": 0,
2026-06-12T07:13:58.2690155+09:00       "skippedCap": 0,
2026-06-12T07:13:58.2705577+09:00       "dryRun": false,
2026-06-12T07:13:58.2720928+09:00       "actions": []
2026-06-12T07:13:58.2743887+09:00     }
2026-06-12T07:13:58.2754285+09:00   },
2026-06-12T07:13:58.2774284+09:00   "dispatch": {
2026-06-12T07:13:58.2783960+09:00     "claimed": 2,
2026-06-12T07:13:58.2803957+09:00     "done": 2,
2026-06-12T07:13:58.2803957+09:00     "failed": 0
2026-06-12T07:13:58.2803957+09:00   },
2026-06-12T07:13:58.2803957+09:00   "step4_poll": {
2026-06-12T07:13:58.2855487+09:00     "scanned": 7,
2026-06-12T07:13:58.2887836+09:00     "awaiting": 2,
2026-06-12T07:13:58.2901977+09:00     "polled": 0,
2026-06-12T07:13:58.2911965+09:00     "picks_applied": 0,
2026-06-12T07:13:58.2931969+09:00     "pick_errors": 0,
2026-06-12T07:13:58.2941967+09:00     "timeouts": 0,
2026-06-12T07:13:58.2951968+09:00     "skipped": 0,
2026-06-12T07:13:58.2970915+09:00     "results": [
2026-06-12T07:13:58.2991606+09:00       {
2026-06-12T07:13:58.3001582+09:00         "task_id": "daily-20260611-r02",
2026-06-12T07:13:58.3021639+09:00         "result": {
2026-06-12T07:13:58.3051596+09:00           "outcome": "no_new_messages"
2026-06-12T07:13:58.3054642+09:00         }
2026-06-12T07:13:58.3054642+09:00       },
2026-06-12T07:13:58.3054642+09:00       {
2026-06-12T07:13:58.3103000+09:00         "task_id": "daily-20260611-r03",
2026-06-12T07:13:58.3103000+09:00         "result": {
2026-06-12T07:13:58.3103000+09:00           "outcome": "no_new_messages"
2026-06-12T07:13:58.3103000+09:00         }
2026-06-12T07:13:58.3177496+09:00       }
2026-06-12T07:13:58.3187502+09:00     ]
2026-06-12T07:13:58.3207488+09:00   },
2026-06-12T07:13:58.3221403+09:00   "step7_retry_poll": {
2026-06-12T07:13:58.3242125+09:00     "scanned": 7,
2026-06-12T07:13:58.3252104+09:00     "eligible": 4,
2026-06-12T07:13:58.3272121+09:00     "polled": 0,
2026-06-12T07:13:58.3277093+09:00     "retries_triggered": 0,
2026-06-12T07:13:58.3297165+09:00     "retry_errors": 0,
2026-06-12T07:13:58.3304487+09:00     "skipped": 0,
2026-06-12T07:13:58.3304487+09:00     "results": []
2026-06-12T07:13:58.3304487+09:00   }
2026-06-12T07:13:58.3351835+09:00 }
2026-06-12T07:13:58.3351835+09:00 OK run-once finished
2026-06-12T07:18:53.8005841+09:00 START dispatch-run-once
2026-06-12T07:18:54.2875002+09:00 
2026-06-12T07:18:54.2895275+09:00 > orchestrator
2026-06-12T07:18:54.2914939+09:00 > tsx src/cli/orchestrator.ts run-once --limit 10
2026-06-12T07:18:54.2958704+09:00 
2026-06-12T07:18:57.6560803+09:00 {
2026-06-12T07:18:57.6593513+09:00   "ensure_daily": {
2026-06-12T07:18:57.6623607+09:00     "runs": [
2026-06-12T07:18:57.6643928+09:00       {
2026-06-12T07:18:57.6663642+09:00         "run_id": "r01",
2026-06-12T07:18:57.6674082+09:00         "action": "not_due",
2026-06-12T07:18:57.6674082+09:00         "taskId": "daily-20260612-r01",
2026-06-12T07:18:57.6726656+09:00         "reason": "jst_hour=7"
2026-06-12T07:18:57.6726656+09:00       },
2026-06-12T07:18:57.6924818+09:00       {
2026-06-12T07:18:57.6924818+09:00         "run_id": "r02",
2026-06-12T07:18:57.6975570+09:00         "action": "not_due",
2026-06-12T07:18:57.6975570+09:00         "taskId": "daily-20260612-r02",
2026-06-12T07:18:57.7029228+09:00         "reason": "jst_hour=7"
2026-06-12T07:18:57.7029228+09:00       },
2026-06-12T07:18:57.7090990+09:00       {
2026-06-12T07:18:57.7111786+09:00         "run_id": "r03",
2026-06-12T07:18:57.7131749+09:00         "action": "not_due",
2026-06-12T07:18:57.7151782+09:00         "taskId": "daily-20260612-r03",
2026-06-12T07:18:57.7181785+09:00         "reason": "jst_hour=7"
2026-06-12T07:18:57.7191752+09:00       }
2026-06-12T07:18:57.7214002+09:00     ]
2026-06-12T07:18:57.7234042+09:00   },
2026-06-12T07:18:57.7254051+09:00   "reconcile": {
2026-06-12T07:18:57.7270355+09:00     "resetProcessing": 0,
2026-06-12T07:18:57.7280338+09:00     "inserted": 2,
2026-06-12T07:18:57.7280338+09:00     "scanned": 7,
2026-06-12T07:18:57.7280338+09:00     "stale": {
2026-06-12T07:18:57.7332839+09:00       "scanned": 7,
2026-06-12T07:18:57.7332839+09:00       "staleDetected": 0,
2026-06-12T07:18:57.7394728+09:00       "rolledBack": 0,
2026-06-12T07:18:57.7415393+09:00       "skippedCap": 0,
2026-06-12T07:18:57.7447489+09:00       "dryRun": false,
2026-06-12T07:18:57.7467464+09:00       "actions": []
2026-06-12T07:18:57.7487475+09:00     }
2026-06-12T07:18:57.7497504+09:00   },
2026-06-12T07:18:57.7507476+09:00   "dispatch": {
2026-06-12T07:18:57.7507476+09:00     "claimed": 2,
2026-06-12T07:18:57.7558442+09:00     "done": 2,
2026-06-12T07:18:57.7558442+09:00     "failed": 0
2026-06-12T07:18:57.7558442+09:00   },
2026-06-12T07:18:57.7611507+09:00   "step4_poll": {
2026-06-12T07:18:57.7611507+09:00     "scanned": 7,
2026-06-12T07:18:57.7611507+09:00     "awaiting": 2,
2026-06-12T07:18:57.7664241+09:00     "polled": 0,
2026-06-12T07:18:57.7689755+09:00     "picks_applied": 0,
2026-06-12T07:18:57.7709741+09:00     "pick_errors": 0,
2026-06-12T07:18:57.7729736+09:00     "timeouts": 0,
2026-06-12T07:18:57.7749758+09:00     "skipped": 0,
2026-06-12T07:18:57.7759765+09:00     "results": [
2026-06-12T07:18:57.7781747+09:00       {
2026-06-12T07:18:57.7791721+09:00         "task_id": "daily-20260611-r02",
2026-06-12T07:18:57.7811719+09:00         "result": {
2026-06-12T07:18:57.7826911+09:00           "outcome": "no_new_messages"
2026-06-12T07:18:57.7843201+09:00         }
2026-06-12T07:18:57.7863511+09:00       },
2026-06-12T07:18:57.7863511+09:00       {
2026-06-12T07:18:57.7863511+09:00         "task_id": "daily-20260611-r03",
2026-06-12T07:18:57.7917409+09:00         "result": {
2026-06-12T07:18:57.7917409+09:00           "outcome": "no_new_messages"
2026-06-12T07:18:57.7917409+09:00         }
2026-06-12T07:18:57.7917409+09:00       }
2026-06-12T07:18:57.7987746+09:00     ]
2026-06-12T07:18:57.7997742+09:00   },
2026-06-12T07:18:57.8020453+09:00   "step7_retry_poll": {
2026-06-12T07:18:57.8040464+09:00     "scanned": 7,
2026-06-12T07:18:57.8050487+09:00     "eligible": 4,
2026-06-12T07:18:57.8070455+09:00     "polled": 0,
2026-06-12T07:18:57.8090467+09:00     "retries_triggered": 0,
2026-06-12T07:18:57.8093525+09:00     "retry_errors": 0,
2026-06-12T07:18:57.8093525+09:00     "skipped": 0,
2026-06-12T07:18:57.8141198+09:00     "results": []
2026-06-12T07:18:57.8141198+09:00   }
2026-06-12T07:18:57.8141198+09:00 }
2026-06-12T07:18:57.8195278+09:00 OK run-once finished
2026-06-12T07:23:55.1431171+09:00 START dispatch-run-once
2026-06-12T07:23:55.5396018+09:00 
2026-06-12T07:23:55.5416001+09:00 > orchestrator
2026-06-12T07:23:55.5436022+09:00 > tsx src/cli/orchestrator.ts run-once --limit 10
2026-06-12T07:23:55.5456010+09:00 
2026-06-12T07:23:58.8901603+09:00 {
2026-06-12T07:23:58.9032190+09:00   "ensure_daily": {
2026-06-12T07:23:58.9134811+09:00     "runs": [
2026-06-12T07:23:58.9187989+09:00       {
2026-06-12T07:23:58.9313989+09:00         "run_id": "r01",
2026-06-12T07:23:58.9383754+09:00         "action": "not_due",
2026-06-12T07:23:58.9426585+09:00         "taskId": "daily-20260612-r01",
2026-06-12T07:23:58.9481364+09:00         "reason": "jst_hour=7"
2026-06-12T07:23:58.9526901+09:00       },
2026-06-12T07:23:58.9790396+09:00       {
2026-06-12T07:23:58.9819535+09:00         "run_id": "r02",
2026-06-12T07:23:58.9829533+09:00         "action": "not_due",
2026-06-12T07:23:58.9849550+09:00         "taskId": "daily-20260612-r02",
2026-06-12T07:23:58.9869563+09:00         "reason": "jst_hour=7"
2026-06-12T07:23:58.9879548+09:00       },
2026-06-12T07:23:58.9907091+09:00       {
2026-06-12T07:23:58.9929826+09:00         "run_id": "r03",
2026-06-12T07:23:58.9929826+09:00         "action": "not_due",
2026-06-12T07:23:58.9929826+09:00         "taskId": "daily-20260612-r03",
2026-06-12T07:23:58.9929826+09:00         "reason": "jst_hour=7"
2026-06-12T07:23:58.9991208+09:00       }
2026-06-12T07:23:59.0004875+09:00     ]
2026-06-12T07:23:59.0024945+09:00   },
2026-06-12T07:23:59.0034939+09:00   "reconcile": {
2026-06-12T07:23:59.0059187+09:00     "resetProcessing": 0,
2026-06-12T07:23:59.0079167+09:00     "inserted": 2,
2026-06-12T07:23:59.0089151+09:00     "scanned": 7,
2026-06-12T07:23:59.0109481+09:00     "stale": {
2026-06-12T07:23:59.0129167+09:00       "scanned": 7,
2026-06-12T07:23:59.0129167+09:00       "staleDetected": 0,
2026-06-12T07:23:59.0129167+09:00       "rolledBack": 0,
2026-06-12T07:23:59.0184165+09:00       "skippedCap": 0,
2026-06-12T07:23:59.0184165+09:00       "dryRun": false,
2026-06-12T07:23:59.0234247+09:00       "actions": []
2026-06-12T07:23:59.0254554+09:00     }
2026-06-12T07:23:59.0264236+09:00   },
2026-06-12T07:23:59.0284552+09:00   "dispatch": {
2026-06-12T07:23:59.0298309+09:00     "claimed": 2,
2026-06-12T07:23:59.0308590+09:00     "done": 2,
2026-06-12T07:23:59.0330314+09:00     "failed": 0
2026-06-12T07:23:59.0350014+09:00   },
2026-06-12T07:23:59.0359997+09:00   "step4_poll": {
2026-06-12T07:23:59.0379985+09:00     "scanned": 7,
2026-06-12T07:23:59.0379985+09:00     "awaiting": 2,
2026-06-12T07:23:59.0379985+09:00     "polled": 0,
2026-06-12T07:23:59.0379985+09:00     "picks_applied": 0,
2026-06-12T07:23:59.0432518+09:00     "pick_errors": 0,
2026-06-12T07:23:59.0432518+09:00     "timeouts": 0,
2026-06-12T07:23:59.0432518+09:00     "skipped": 0,
2026-06-12T07:23:59.0483560+09:00     "results": [
2026-06-12T07:23:59.0502543+09:00       {
2026-06-12T07:23:59.0512507+09:00         "task_id": "daily-20260611-r02",
2026-06-12T07:23:59.0532524+09:00         "result": {
2026-06-12T07:23:59.0547740+09:00           "outcome": "no_new_messages"
2026-06-12T07:23:59.0558311+09:00         }
2026-06-12T07:23:59.0568309+09:00       },
2026-06-12T07:23:59.0588316+09:00       {
2026-06-12T07:23:59.0598305+09:00         "task_id": "daily-20260611-r03",
2026-06-12T07:23:59.0618307+09:00         "result": {
2026-06-12T07:23:59.0628312+09:00           "outcome": "no_new_messages"
2026-06-12T07:23:59.0628312+09:00         }
2026-06-12T07:23:59.0628312+09:00       }
2026-06-12T07:23:59.0628312+09:00     ]
2026-06-12T07:23:59.0683195+09:00   },
2026-06-12T07:23:59.0683195+09:00   "step7_retry_poll": {
2026-06-12T07:23:59.0683195+09:00     "scanned": 7,
2026-06-12T07:23:59.0734670+09:00     "eligible": 4,
2026-06-12T07:23:59.0734670+09:00     "polled": 0,
2026-06-12T07:23:59.0734670+09:00     "retries_triggered": 0,
2026-06-12T07:23:59.0734670+09:00     "retry_errors": 0,
2026-06-12T07:23:59.0795568+09:00     "skipped": 0,
2026-06-12T07:23:59.0816301+09:00     "results": []
2026-06-12T07:23:59.0826302+09:00   }
2026-06-12T07:23:59.0846309+09:00 }
2026-06-12T07:23:59.0866302+09:00 OK run-once finished
2026-06-12T07:28:54.2501972+09:00 START dispatch-run-once
2026-06-12T07:28:54.6464089+09:00 
2026-06-12T07:28:54.6484085+09:00 > orchestrator
2026-06-12T07:28:54.6503559+09:00 > tsx src/cli/orchestrator.ts run-once --limit 10
2026-06-12T07:28:54.6524233+09:00 
2026-06-12T07:28:57.9410880+09:00 {
2026-06-12T07:28:57.9440187+09:00   "ensure_daily": {
2026-06-12T07:28:57.9460271+09:00     "runs": [
2026-06-12T07:28:57.9505045+09:00       {
2026-06-12T07:28:57.9529279+09:00         "run_id": "r01",
2026-06-12T07:28:57.9549260+09:00         "action": "not_due",
2026-06-12T07:28:57.9569256+09:00         "taskId": "daily-20260612-r01",
2026-06-12T07:28:57.9598120+09:00         "reason": "jst_hour=7"
2026-06-12T07:28:57.9618122+09:00       },
2026-06-12T07:28:57.9809179+09:00       {
2026-06-12T07:28:57.9829179+09:00         "run_id": "r02",
2026-06-12T07:28:57.9847686+09:00         "action": "not_due",
2026-06-12T07:28:57.9867679+09:00         "taskId": "daily-20260612-r02",
2026-06-12T07:28:57.9897685+09:00         "reason": "jst_hour=7"
2026-06-12T07:28:57.9917696+09:00       },
2026-06-12T07:28:57.9917696+09:00       {
2026-06-12T07:28:57.9917696+09:00         "run_id": "r03",
2026-06-12T07:28:57.9970240+09:00         "action": "not_due",
2026-06-12T07:28:57.9970240+09:00         "taskId": "daily-20260612-r03",
2026-06-12T07:28:57.9970240+09:00         "reason": "jst_hour=7"
2026-06-12T07:28:57.9970240+09:00       }
2026-06-12T07:28:58.0034056+09:00     ]
2026-06-12T07:28:58.0060197+09:00   },
2026-06-12T07:28:58.0069797+09:00   "reconcile": {
2026-06-12T07:28:58.0086629+09:00     "resetProcessing": 0,
2026-06-12T07:28:58.0107584+09:00     "inserted": 2,
2026-06-12T07:28:58.0117648+09:00     "scanned": 7,
2026-06-12T07:28:58.0137980+09:00     "stale": {
2026-06-12T07:28:58.0147671+09:00       "scanned": 7,
2026-06-12T07:28:58.0167668+09:00       "staleDetected": 0,
2026-06-12T07:28:58.0190226+09:00       "rolledBack": 0,
2026-06-12T07:28:58.0190226+09:00       "skippedCap": 0,
2026-06-12T07:28:58.0221932+09:00       "dryRun": false,
2026-06-12T07:28:58.0221932+09:00       "actions": []
2026-06-12T07:28:58.0260968+09:00     }
2026-06-12T07:28:58.0287485+09:00   },
2026-06-12T07:28:58.0311809+09:00   "dispatch": {
2026-06-12T07:28:58.0321808+09:00     "claimed": 2,
2026-06-12T07:28:58.0336603+09:00     "done": 2,
2026-06-12T07:28:58.0347228+09:00     "failed": 0
2026-06-12T07:28:58.0367229+09:00   },
2026-06-12T07:28:58.0377239+09:00   "step4_poll": {
2026-06-12T07:28:58.0397229+09:00     "scanned": 7,
2026-06-12T07:28:58.0407235+09:00     "awaiting": 2,
2026-06-12T07:28:58.0417227+09:00     "polled": 0,
2026-06-12T07:28:58.0417227+09:00     "picks_applied": 0,
2026-06-12T07:28:58.0470589+09:00     "pick_errors": 0,
2026-06-12T07:28:58.0470589+09:00     "timeouts": 0,
2026-06-12T07:28:58.0470589+09:00     "skipped": 0,
2026-06-12T07:28:58.0525217+09:00     "results": [
2026-06-12T07:28:58.0525217+09:00       {
2026-06-12T07:28:58.0576431+09:00         "task_id": "daily-20260611-r02",
2026-06-12T07:28:58.0586388+09:00         "result": {
2026-06-12T07:28:58.0607055+09:00           "outcome": "no_new_messages"
2026-06-12T07:28:58.0627052+09:00         }
2026-06-12T07:28:58.0637068+09:00       },
2026-06-12T07:28:58.0657049+09:00       {
2026-06-12T07:28:58.0667056+09:00         "task_id": "daily-20260611-r03",
2026-06-12T07:28:58.0667056+09:00         "result": {
2026-06-12T07:28:58.0667056+09:00           "outcome": "no_new_messages"
2026-06-12T07:28:58.0667056+09:00         }
2026-06-12T07:28:58.0717534+09:00       }
2026-06-12T07:28:58.0717534+09:00     ]
2026-06-12T07:28:58.0717534+09:00   },
2026-06-12T07:28:58.0770499+09:00   "step7_retry_poll": {
2026-06-12T07:28:58.0770499+09:00     "scanned": 7,
2026-06-12T07:28:58.0770499+09:00     "eligible": 4,
2026-06-12T07:28:58.0820664+09:00     "polled": 0,
2026-06-12T07:28:58.0820664+09:00     "retries_triggered": 0,
2026-06-12T07:28:58.0820664+09:00     "retry_errors": 0,
2026-06-12T07:28:58.0820664+09:00     "skipped": 0,
2026-06-12T07:28:58.0887862+09:00     "results": []
2026-06-12T07:28:58.0918563+09:00   }
2026-06-12T07:28:58.0930669+09:00 }
2026-06-12T07:28:58.0950676+09:00 OK run-once finished
2026-06-12T07:33:54.5292224+09:00 START dispatch-run-once
2026-06-12T07:33:54.9208657+09:00 
2026-06-12T07:33:54.9208657+09:00 > orchestrator
2026-06-12T07:33:54.9208657+09:00 > tsx src/cli/orchestrator.ts run-once --limit 10
2026-06-12T07:33:54.9262047+09:00 
2026-06-12T07:33:58.2652881+09:00 {
2026-06-12T07:33:58.2677387+09:00   "ensure_daily": {
2026-06-12T07:33:58.2677387+09:00     "runs": [
2026-06-12T07:33:58.2728296+09:00       {
2026-06-12T07:33:58.2760921+09:00         "run_id": "r01",
2026-06-12T07:33:58.2791655+09:00         "action": "not_due",
2026-06-12T07:33:58.2814067+09:00         "taskId": "daily-20260612-r01",
2026-06-12T07:33:58.2844041+09:00         "reason": "jst_hour=7"
2026-06-12T07:33:58.2864039+09:00       },
2026-06-12T07:33:58.3041775+09:00       {
2026-06-12T07:33:58.3072425+09:00         "run_id": "r02",
2026-06-12T07:33:58.3092425+09:00         "action": "not_due",
2026-06-12T07:33:58.3112437+09:00         "taskId": "daily-20260612-r02",
2026-06-12T07:33:58.3122437+09:00         "reason": "jst_hour=7"
2026-06-12T07:33:58.3122437+09:00       },
2026-06-12T07:33:58.3175506+09:00       {
2026-06-12T07:33:58.3175506+09:00         "run_id": "r03",
2026-06-12T07:33:58.3175506+09:00         "action": "not_due",
2026-06-12T07:33:58.3221006+09:00         "taskId": "daily-20260612-r03",
2026-06-12T07:33:58.3221006+09:00         "reason": "jst_hour=7"
2026-06-12T07:33:58.3221006+09:00       }
2026-06-12T07:33:58.3275614+09:00     ]
2026-06-12T07:33:58.3290299+09:00   },
2026-06-12T07:33:58.3307115+09:00   "reconcile": {
2026-06-12T07:33:58.3318133+09:00     "resetProcessing": 0,
2026-06-12T07:33:58.3338204+09:00     "inserted": 2,
2026-06-12T07:33:58.3348220+09:00     "scanned": 7,
2026-06-12T07:33:58.3368209+09:00     "stale": {
2026-06-12T07:33:58.3375321+09:00       "scanned": 7,
2026-06-12T07:33:58.3375321+09:00       "staleDetected": 0,
2026-06-12T07:33:58.3418659+09:00       "rolledBack": 0,
2026-06-12T07:33:58.3438766+09:00       "skippedCap": 0,
2026-06-12T07:33:58.3458851+09:00       "dryRun": false,
2026-06-12T07:33:58.3468917+09:00       "actions": []
2026-06-12T07:33:58.3488980+09:00     }
2026-06-12T07:33:58.3488980+09:00   },
2026-06-12T07:33:58.3521753+09:00   "dispatch": {
2026-06-12T07:33:58.3521753+09:00     "claimed": 2,
2026-06-12T07:33:58.3521753+09:00     "done": 2,
2026-06-12T07:33:58.3521753+09:00     "failed": 0
2026-06-12T07:33:58.3596198+09:00   },
2026-06-12T07:33:58.3616188+09:00   "step4_poll": {
2026-06-12T07:33:58.3630842+09:00     "scanned": 7,
2026-06-12T07:33:58.3650912+09:00     "awaiting": 2,
2026-06-12T07:33:58.3661008+09:00     "polled": 0,
2026-06-12T07:33:58.3682135+09:00     "picks_applied": 0,
2026-06-12T07:33:58.3692552+09:00     "pick_errors": 0,
2026-06-12T07:33:58.3708698+09:00     "timeouts": 0,
2026-06-12T07:33:58.3708698+09:00     "skipped": 0,
2026-06-12T07:33:58.3708698+09:00     "results": [
2026-06-12T07:33:58.3756985+09:00       {
2026-06-12T07:33:58.3756985+09:00         "task_id": "daily-20260611-r02",
2026-06-12T07:33:58.3756985+09:00         "result": {
2026-06-12T07:33:58.3756985+09:00           "outcome": "no_new_messages"
2026-06-12T07:33:58.3808678+09:00         }
2026-06-12T07:33:58.3808678+09:00       },
2026-06-12T07:33:58.3808678+09:00       {
2026-06-12T07:33:58.3859508+09:00         "task_id": "daily-20260611-r03",
2026-06-12T07:33:58.3875453+09:00         "result": {
2026-06-12T07:33:58.3886036+09:00           "outcome": "no_new_messages"
2026-06-12T07:33:58.3906022+09:00         }
2026-06-12T07:33:58.3916020+09:00       }
2026-06-12T07:33:58.3936028+09:00     ]
2026-06-12T07:33:58.3946027+09:00   },
2026-06-12T07:33:58.3956023+09:00   "step7_retry_poll": {
2026-06-12T07:33:58.3956023+09:00     "scanned": 7,
2026-06-12T07:33:58.3956023+09:00     "eligible": 4,
2026-06-12T07:33:58.3956023+09:00     "polled": 0,
2026-06-12T07:33:58.4008539+09:00     "retries_triggered": 0,
2026-06-12T07:33:58.4008539+09:00     "retry_errors": 0,
2026-06-12T07:33:58.4008539+09:00     "skipped": 0,
2026-06-12T07:33:58.4060542+09:00     "results": []
2026-06-12T07:33:58.4060542+09:00   }
2026-06-12T07:33:58.4060542+09:00 }
2026-06-12T07:33:58.4112652+09:00 OK run-once finished
2026-06-12T07:38:55.1253404+09:00 START dispatch-run-once
2026-06-12T07:38:55.5469564+09:00 
2026-06-12T07:38:55.5509485+09:00 > orchestrator
2026-06-12T07:38:55.5539469+09:00 > tsx src/cli/orchestrator.ts run-once --limit 10
2026-06-12T07:38:55.5560056+09:00 
2026-06-12T07:38:58.6400283+09:00 {
2026-06-12T07:38:58.6431408+09:00   "ensure_daily": {
2026-06-12T07:38:58.6451393+09:00     "runs": [
2026-06-12T07:38:58.6471388+09:00       {
2026-06-12T07:38:58.6497006+09:00         "run_id": "r01",
2026-06-12T07:38:58.6517754+09:00         "action": "not_due",
2026-06-12T07:38:58.6537751+09:00         "taskId": "daily-20260612-r01",
2026-06-12T07:38:58.6547747+09:00         "reason": "jst_hour=7"
2026-06-12T07:38:58.6567757+09:00       },
2026-06-12T07:38:58.6768913+09:00       {
2026-06-12T07:38:58.6798909+09:00         "run_id": "r02",
2026-06-12T07:38:58.6825517+09:00         "action": "not_due",
2026-06-12T07:38:58.6830468+09:00         "taskId": "daily-20260612-r02",
2026-06-12T07:38:58.6830468+09:00         "reason": "jst_hour=7"
2026-06-12T07:38:58.6876981+09:00       },
2026-06-12T07:38:58.6876981+09:00       {
2026-06-12T07:38:58.6918512+09:00         "run_id": "r03",
2026-06-12T07:38:58.6939043+09:00         "action": "not_due",
2026-06-12T07:38:58.6956183+09:00         "taskId": "daily-20260612-r03",
2026-06-12T07:38:58.6966292+09:00         "reason": "jst_hour=7"
2026-06-12T07:38:58.6986616+09:00       }
2026-06-12T07:38:58.7008072+09:00     ]
2026-06-12T07:38:58.7018061+09:00   },
2026-06-12T07:38:58.7038096+09:00   "reconcile": {
2026-06-12T07:38:58.7048064+09:00     "resetProcessing": 0,
2026-06-12T07:38:58.7058062+09:00     "inserted": 2,
2026-06-12T07:38:58.7080556+09:00     "scanned": 7,
2026-06-12T07:38:58.7080556+09:00     "stale": {
2026-06-12T07:38:58.7080556+09:00       "scanned": 7,
2026-06-12T07:38:58.7127465+09:00       "staleDetected": 0,
2026-06-12T07:38:58.7127465+09:00       "rolledBack": 0,
2026-06-12T07:38:58.7167745+09:00       "skippedCap": 0,
2026-06-12T07:38:58.7188198+09:00       "dryRun": false,
2026-06-12T07:38:58.7208215+09:00       "actions": []
2026-06-12T07:38:58.7218205+09:00     }
2026-06-12T07:38:58.7238188+09:00   },
2026-06-12T07:38:58.7257754+09:00   "dispatch": {
2026-06-12T07:38:58.7267735+09:00     "claimed": 2,
2026-06-12T07:38:58.7287723+09:00     "done": 2,
2026-06-12T07:38:58.7297740+09:00     "failed": 0
2026-06-12T07:38:58.7317725+09:00   },
2026-06-12T07:38:58.7327728+09:00   "step4_poll": {
2026-06-12T07:38:58.7327728+09:00     "scanned": 7,
2026-06-12T07:38:58.7327728+09:00     "awaiting": 2,
2026-06-12T07:38:58.7327728+09:00     "polled": 0,
2026-06-12T07:38:58.7377994+09:00     "picks_applied": 0,
2026-06-12T07:38:58.7413631+09:00     "pick_errors": 0,
2026-06-12T07:38:58.7427893+09:00     "timeouts": 0,
2026-06-12T07:38:58.7437892+09:00     "skipped": 0,
2026-06-12T07:38:58.7457871+09:00     "results": [
2026-06-12T07:38:58.7467870+09:00       {
2026-06-12T07:38:58.7487886+09:00         "task_id": "daily-20260611-r02",
2026-06-12T07:38:58.7508276+09:00         "result": {
2026-06-12T07:38:58.7538253+09:00           "outcome": "no_new_messages"
2026-06-12T07:38:58.7558263+09:00         }
2026-06-12T07:38:58.7568243+09:00       },
2026-06-12T07:38:58.7578252+09:00       {
2026-06-12T07:38:58.7578252+09:00         "task_id": "daily-20260611-r03",
2026-06-12T07:38:58.7578252+09:00         "result": {
2026-06-12T07:38:58.7578252+09:00           "outcome": "no_new_messages"
2026-06-12T07:38:58.7632590+09:00         }
2026-06-12T07:38:58.7664169+09:00       }
2026-06-12T07:38:58.7678792+09:00     ]
2026-06-12T07:38:58.7688791+09:00   },
2026-06-12T07:38:58.7708788+09:00   "step7_retry_poll": {
2026-06-12T07:38:58.7718781+09:00     "scanned": 7,
2026-06-12T07:38:58.7728793+09:00     "eligible": 4,
2026-06-12T07:38:58.7746807+09:00     "polled": 0,
2026-06-12T07:38:58.7767843+09:00     "retries_triggered": 0,
2026-06-12T07:38:58.7777833+09:00     "retry_errors": 0,
2026-06-12T07:38:58.7797862+09:00     "skipped": 0,
2026-06-12T07:38:58.7807852+09:00     "results": []
2026-06-12T07:38:58.7824280+09:00   }
2026-06-12T07:38:58.7840500+09:00 }
2026-06-12T07:38:58.7860503+09:00 OK run-once finished
2026-06-12T07:43:55.0453244+09:00 START dispatch-run-once
2026-06-12T07:43:55.4398335+09:00 
2026-06-12T07:43:55.4418317+09:00 > orchestrator
2026-06-12T07:43:55.4438304+09:00 > tsx src/cli/orchestrator.ts run-once --limit 10
2026-06-12T07:43:55.4458301+09:00 
2026-06-12T07:43:58.8585392+09:00 {
2026-06-12T07:43:58.8585392+09:00   "ensure_daily": {
2026-06-12T07:43:58.8636284+09:00     "runs": [
2026-06-12T07:43:58.8636284+09:00       {
2026-06-12T07:43:58.8636284+09:00         "run_id": "r01",
2026-06-12T07:43:58.8711321+09:00         "action": "not_due",
2026-06-12T07:43:58.8742488+09:00         "taskId": "daily-20260612-r01",
2026-06-12T07:43:58.8768112+09:00         "reason": "jst_hour=7"
2026-06-12T07:43:58.8788101+09:00       },
2026-06-12T07:43:58.8970585+09:00       {
2026-06-12T07:43:58.8991213+09:00         "run_id": "r02",
2026-06-12T07:43:58.9021187+09:00         "action": "not_due",
2026-06-12T07:43:58.9035695+09:00         "taskId": "daily-20260612-r02",
2026-06-12T07:43:58.9056401+09:00         "reason": "jst_hour=7"
2026-06-12T07:43:58.9076401+09:00       },
2026-06-12T07:43:58.9096392+09:00       {
2026-06-12T07:43:58.9116388+09:00         "run_id": "r03",
2026-06-12T07:43:58.9116388+09:00         "action": "not_due",
2026-06-12T07:43:58.9116388+09:00         "taskId": "daily-20260612-r03",
2026-06-12T07:43:58.9171368+09:00         "reason": "jst_hour=7"
2026-06-12T07:43:58.9171368+09:00       }
2026-06-12T07:43:58.9171368+09:00     ]
2026-06-12T07:43:58.9222633+09:00   },
2026-06-12T07:43:58.9222633+09:00   "reconcile": {
2026-06-12T07:43:58.9222633+09:00     "resetProcessing": 0,
2026-06-12T07:43:58.9222633+09:00     "inserted": 2,
2026-06-12T07:43:58.9281298+09:00     "scanned": 7,
2026-06-12T07:43:58.9301396+09:00     "stale": {
2026-06-12T07:43:58.9321395+09:00       "scanned": 7,
2026-06-12T07:43:58.9341386+09:00       "staleDetected": 0,
2026-06-12T07:43:58.9351392+09:00       "rolledBack": 0,
2026-06-12T07:43:58.9371387+09:00       "skippedCap": 0,
2026-06-12T07:43:58.9381387+09:00       "dryRun": false,
2026-06-12T07:43:58.9403439+09:00       "actions": []
2026-06-12T07:43:58.9423438+09:00     }
2026-06-12T07:43:58.9443462+09:00   },
2026-06-12T07:43:58.9472714+09:00   "dispatch": {
2026-06-12T07:43:58.9472714+09:00     "claimed": 2,
2026-06-12T07:43:58.9472714+09:00     "done": 2,
2026-06-12T07:43:58.9472714+09:00     "failed": 0
2026-06-12T07:43:58.9524769+09:00   },
2026-06-12T07:43:58.9544842+09:00   "step4_poll": {
2026-06-12T07:43:58.9544842+09:00     "scanned": 7,
2026-06-12T07:43:58.9581743+09:00     "awaiting": 2,
2026-06-12T07:43:58.9595960+09:00     "polled": 0,
2026-06-12T07:43:58.9605973+09:00     "picks_applied": 0,
2026-06-12T07:43:58.9629074+09:00     "pick_errors": 0,
2026-06-12T07:43:58.9639076+09:00     "timeouts": 0,
2026-06-12T07:43:58.9649088+09:00     "skipped": 0,
2026-06-12T07:43:58.9669077+09:00     "results": [
2026-06-12T07:43:58.9679090+09:00       {
2026-06-12T07:43:58.9699075+09:00         "task_id": "daily-20260611-r02",
2026-06-12T07:43:58.9699075+09:00         "result": {
2026-06-12T07:43:58.9699075+09:00           "outcome": "no_new_messages"
2026-06-12T07:43:58.9699075+09:00         }
2026-06-12T07:43:58.9750981+09:00       },
2026-06-12T07:43:58.9750981+09:00       {
2026-06-12T07:43:58.9750981+09:00         "task_id": "daily-20260611-r03",
2026-06-12T07:43:58.9750981+09:00         "result": {
2026-06-12T07:43:58.9803172+09:00           "outcome": "no_new_messages"
2026-06-12T07:43:58.9803172+09:00         }
2026-06-12T07:43:58.9803172+09:00       }
2026-06-12T07:43:58.9859139+09:00     ]
2026-06-12T07:43:58.9870761+09:00   },
2026-06-12T07:43:58.9891402+09:00   "step7_retry_poll": {
2026-06-12T07:43:58.9901402+09:00     "scanned": 7,
2026-06-12T07:43:58.9921392+09:00     "eligible": 4,
2026-06-12T07:43:58.9931392+09:00     "polled": 0,
2026-06-12T07:43:58.9951401+09:00     "retries_triggered": 0,
2026-06-12T07:43:58.9962267+09:00     "retry_errors": 0,
2026-06-12T07:43:58.9962267+09:00     "skipped": 0,
2026-06-12T07:43:58.9962267+09:00     "results": []
2026-06-12T07:43:58.9962267+09:00   }
2026-06-12T07:43:59.0013525+09:00 }
2026-06-12T07:43:59.0013525+09:00 OK run-once finished
2026-06-12T07:48:55.0339186+09:00 START dispatch-run-once
2026-06-12T07:48:55.4226350+09:00 
2026-06-12T07:48:55.4246343+09:00 > orchestrator
2026-06-12T07:48:55.4256352+09:00 > tsx src/cli/orchestrator.ts run-once --limit 10
2026-06-12T07:48:55.4278723+09:00 
2026-06-12T07:48:58.1639985+09:00 {
2026-06-12T07:48:58.1710501+09:00   "ensure_daily": {
2026-06-12T07:48:58.1844115+09:00     "runs": [
2026-06-12T07:48:58.1933919+09:00       {
2026-06-12T07:48:58.2034307+09:00         "run_id": "r01",
2026-06-12T07:48:58.2100271+09:00         "action": "not_due",
2026-06-12T07:48:58.2150098+09:00         "taskId": "daily-20260612-r01",
2026-06-12T07:48:58.2190085+09:00         "reason": "jst_hour=7"
2026-06-12T07:48:58.2220064+09:00       },
2026-06-12T07:48:58.2418145+09:00       {
2026-06-12T07:48:58.2438142+09:00         "run_id": "r02",
2026-06-12T07:48:58.2458148+09:00         "action": "not_due",
2026-06-12T07:48:58.2478153+09:00         "taskId": "daily-20260612-r02",
2026-06-12T07:48:58.2488134+09:00         "reason": "jst_hour=7"
2026-06-12T07:48:58.2488134+09:00       },
2026-06-12T07:48:58.2488134+09:00       {
2026-06-12T07:48:58.2542783+09:00         "run_id": "r03",
2026-06-12T07:48:58.2542783+09:00         "action": "not_due",
2026-06-12T07:48:58.2542783+09:00         "taskId": "daily-20260612-r03",
2026-06-12T07:48:58.2597632+09:00         "reason": "jst_hour=7"
2026-06-12T07:48:58.2613695+09:00       }
2026-06-12T07:48:58.2613695+09:00     ]
2026-06-12T07:48:58.2648126+09:00   },
2026-06-12T07:48:58.2648126+09:00   "reconcile": {
2026-06-12T07:48:58.2648126+09:00     "resetProcessing": 0,
2026-06-12T07:48:58.2648126+09:00     "inserted": 2,
2026-06-12T07:48:58.2724830+09:00     "scanned": 7,
2026-06-12T07:48:58.2741373+09:00     "stale": {
2026-06-12T07:48:58.2772271+09:00       "scanned": 7,
2026-06-12T07:48:58.2782280+09:00       "staleDetected": 0,
2026-06-12T07:48:58.2802267+09:00       "rolledBack": 0,
2026-06-12T07:48:58.2822300+09:00       "skippedCap": 0,
2026-06-12T07:48:58.2822300+09:00       "dryRun": false,
2026-06-12T07:48:58.2822300+09:00       "actions": []
2026-06-12T07:48:58.2872661+09:00     }
2026-06-12T07:48:58.2872661+09:00   },
2026-06-12T07:48:58.2907514+09:00   "dispatch": {
2026-06-12T07:48:58.2921562+09:00     "claimed": 2,
2026-06-12T07:48:58.2931569+09:00     "done": 2,
2026-06-12T07:48:58.2951556+09:00     "failed": 0
2026-06-12T07:48:58.2961565+09:00   },
2026-06-12T07:48:58.2971560+09:00   "step4_poll": {
2026-06-12T07:48:58.2990362+09:00     "scanned": 7,
2026-06-12T07:48:58.3010983+09:00     "awaiting": 2,
2026-06-12T07:48:58.3020989+09:00     "polled": 0,
2026-06-12T07:48:58.3030987+09:00     "picks_applied": 0,
2026-06-12T07:48:58.3050997+09:00     "pick_errors": 0,
2026-06-12T07:48:58.3060988+09:00     "timeouts": 0,
2026-06-12T07:48:58.3070986+09:00     "skipped": 0,
2026-06-12T07:48:58.3070986+09:00     "results": [
2026-06-12T07:48:58.3070986+09:00       {
2026-06-12T07:48:58.3123238+09:00         "task_id": "daily-20260611-r02",
2026-06-12T07:48:58.3123238+09:00         "result": {
2026-06-12T07:48:58.3123238+09:00           "outcome": "no_new_messages"
2026-06-12T07:48:58.3160676+09:00         }
2026-06-12T07:48:58.3181078+09:00       },
2026-06-12T07:48:58.3191136+09:00       {
2026-06-12T07:48:58.3211141+09:00         "task_id": "daily-20260611-r03",
2026-06-12T07:48:58.3221145+09:00         "result": {
2026-06-12T07:48:58.3240160+09:00           "outcome": "no_new_messages"
2026-06-12T07:48:58.3261187+09:00         }
2026-06-12T07:48:58.3271174+09:00       }
2026-06-12T07:48:58.3291167+09:00     ]
2026-06-12T07:48:58.3301172+09:00   },
2026-06-12T07:48:58.3311167+09:00   "step7_retry_poll": {
2026-06-12T07:48:58.3321166+09:00     "scanned": 7,
2026-06-12T07:48:58.3338846+09:00     "eligible": 4,
2026-06-12T07:48:58.3338846+09:00     "polled": 0,
2026-06-12T07:48:58.3374002+09:00     "retries_triggered": 0,
2026-06-12T07:48:58.3374002+09:00     "retry_errors": 0,
2026-06-12T07:48:58.3422203+09:00     "skipped": 0,
2026-06-12T07:48:58.3432195+09:00     "results": []
2026-06-12T07:48:58.3452188+09:00   }
2026-06-12T07:48:58.3462179+09:00 }
2026-06-12T07:48:58.3490536+09:00 OK run-once finished
2026-06-12T07:53:54.0899902+09:00 START dispatch-run-once
2026-06-12T07:53:54.4800377+09:00 
2026-06-12T07:53:54.4820384+09:00 > orchestrator
2026-06-12T07:53:54.4840433+09:00 > tsx src/cli/orchestrator.ts run-once --limit 10
2026-06-12T07:53:54.4860407+09:00 
2026-06-12T07:53:57.7894057+09:00 {
2026-06-12T07:53:57.7924061+09:00   "ensure_daily": {
2026-06-12T07:53:57.7944137+09:00     "runs": [
2026-06-12T07:53:57.7944137+09:00       {
2026-06-12T07:53:57.7994755+09:00         "run_id": "r01",
2026-06-12T07:53:57.7994755+09:00         "action": "not_due",
2026-06-12T07:53:57.7994755+09:00         "taskId": "daily-20260612-r01",
2026-06-12T07:53:57.8071112+09:00         "reason": "jst_hour=7"
2026-06-12T07:53:57.8091112+09:00       },
2026-06-12T07:53:57.8297402+09:00       {
2026-06-12T07:53:57.8297402+09:00         "run_id": "r02",
2026-06-12T07:53:57.8297402+09:00         "action": "not_due",
2026-06-12T07:53:57.8356138+09:00         "taskId": "daily-20260612-r02",
2026-06-12T07:53:57.8372432+09:00         "reason": "jst_hour=7"
2026-06-12T07:53:57.8392468+09:00       },
2026-06-12T07:53:57.8412614+09:00       {
2026-06-12T07:53:57.8427532+09:00         "run_id": "r03",
2026-06-12T07:53:57.8446167+09:00         "action": "not_due",
2026-06-12T07:53:57.8446167+09:00         "taskId": "daily-20260612-r03",
2026-06-12T07:53:57.8491795+09:00         "reason": "jst_hour=7"
2026-06-12T07:53:57.8491795+09:00       }
2026-06-12T07:53:57.8491795+09:00     ]
2026-06-12T07:53:57.8543966+09:00   },
2026-06-12T07:53:57.8543966+09:00   "reconcile": {
2026-06-12T07:53:57.8543966+09:00     "resetProcessing": 0,
2026-06-12T07:53:57.8543966+09:00     "inserted": 2,
2026-06-12T07:53:57.8595942+09:00     "scanned": 7,
2026-06-12T07:53:57.8595942+09:00     "stale": {
2026-06-12T07:53:57.8595942+09:00       "scanned": 7,
2026-06-12T07:53:57.8657505+09:00       "staleDetected": 0,
2026-06-12T07:53:57.8695705+09:00       "rolledBack": 0,
2026-06-12T07:53:57.8716554+09:00       "skippedCap": 0,
2026-06-12T07:53:57.8736423+09:00       "dryRun": false,
2026-06-12T07:53:57.8746426+09:00       "actions": []
2026-06-12T07:53:57.8766439+09:00     }
2026-06-12T07:53:57.8776422+09:00   },
2026-06-12T07:53:57.8776422+09:00   "dispatch": {
2026-06-12T07:53:57.8776422+09:00     "claimed": 2,
2026-06-12T07:53:57.8829898+09:00     "done": 2,
2026-06-12T07:53:57.8829898+09:00     "failed": 0
2026-06-12T07:53:57.8867494+09:00   },
2026-06-12T07:53:57.8877968+09:00   "step4_poll": {
2026-06-12T07:53:57.8897966+09:00     "scanned": 7,
2026-06-12T07:53:57.8908028+09:00     "awaiting": 2,
2026-06-12T07:53:57.8928028+09:00     "polled": 0,
2026-06-12T07:53:57.8945464+09:00     "picks_applied": 0,
2026-06-12T07:53:57.8956029+09:00     "pick_errors": 0,
2026-06-12T07:53:57.8976032+09:00     "timeouts": 0,
2026-06-12T07:53:57.8986027+09:00     "skipped": 0,
2026-06-12T07:53:57.9006027+09:00     "results": [
2026-06-12T07:53:57.9022370+09:00       {
2026-06-12T07:53:57.9029140+09:00         "task_id": "daily-20260611-r02",
2026-06-12T07:53:57.9049672+09:00         "result": {
2026-06-12T07:53:57.9060906+09:00           "outcome": "no_new_messages"
2026-06-12T07:53:57.9080976+09:00         }
2026-06-12T07:53:57.9090974+09:00       },
2026-06-12T07:53:57.9111009+09:00       {
2026-06-12T07:53:57.9111009+09:00         "task_id": "daily-20260611-r03",
2026-06-12T07:53:57.9111009+09:00         "result": {
2026-06-12T07:53:57.9111009+09:00           "outcome": "no_new_messages"
2026-06-12T07:53:57.9165794+09:00         }
2026-06-12T07:53:57.9165794+09:00       }
2026-06-12T07:53:57.9165794+09:00     ]
2026-06-12T07:53:57.9165794+09:00   },
2026-06-12T07:53:57.9227512+09:00   "step7_retry_poll": {
2026-06-12T07:53:57.9248206+09:00     "scanned": 7,
2026-06-12T07:53:57.9268208+09:00     "eligible": 4,
2026-06-12T07:53:57.9278273+09:00     "polled": 0,
2026-06-12T07:53:57.9289566+09:00     "retries_triggered": 0,
2026-06-12T07:53:57.9309563+09:00     "retry_errors": 0,
2026-06-12T07:53:57.9319553+09:00     "skipped": 0,
2026-06-12T07:53:57.9339564+09:00     "results": []
2026-06-12T07:53:57.9349566+09:00   }
2026-06-12T07:53:57.9362561+09:00 }
2026-06-12T07:53:57.9362561+09:00 OK run-once finished
2026-06-12T07:58:55.3620413+09:00 START dispatch-run-once
2026-06-12T07:58:55.7561333+09:00 
2026-06-12T07:58:55.7578187+09:00 > orchestrator
2026-06-12T07:58:55.7588180+09:00 > tsx src/cli/orchestrator.ts run-once --limit 10
2026-06-12T07:58:55.7588180+09:00 
2026-06-12T07:58:58.2198617+09:00 {
2026-06-12T07:58:58.2284619+09:00   "ensure_daily": {
2026-06-12T07:58:58.2373449+09:00     "runs": [
2026-06-12T07:58:58.2454364+09:00       {
2026-06-12T07:58:58.2499015+09:00         "run_id": "r01",
2026-06-12T07:58:58.2519027+09:00         "action": "not_due",
2026-06-12T07:58:58.2528999+09:00         "taskId": "daily-20260612-r01",
2026-06-12T07:58:58.2549005+09:00         "reason": "jst_hour=7"
2026-06-12T07:58:58.2579361+09:00       },
2026-06-12T07:58:58.2783597+09:00       {
2026-06-12T07:58:58.2783597+09:00         "run_id": "r02",
2026-06-12T07:58:58.2833059+09:00         "action": "not_due",
2026-06-12T07:58:58.2858894+09:00         "taskId": "daily-20260612-r02",
2026-06-12T07:58:58.2878872+09:00         "reason": "jst_hour=7"
2026-06-12T07:58:58.2888864+09:00       },
2026-06-12T07:58:58.2911639+09:00       {
2026-06-12T07:58:58.2931627+09:00         "run_id": "r03",
2026-06-12T07:58:58.2941689+09:00         "action": "not_due",
2026-06-12T07:58:58.2961640+09:00         "taskId": "daily-20260612-r03",
2026-06-12T07:58:58.2981642+09:00         "reason": "jst_hour=7"
2026-06-12T07:58:58.3002642+09:00       }
2026-06-12T07:58:58.3002642+09:00     ]
2026-06-12T07:58:58.3033166+09:00   },
2026-06-12T07:58:58.3047206+09:00   "reconcile": {
2026-06-12T07:58:58.3071399+09:00     "resetProcessing": 0,
2026-06-12T07:58:58.3081882+09:00     "inserted": 2,
2026-06-12T07:58:58.3101881+09:00     "scanned": 7,
2026-06-12T07:58:58.3111874+09:00     "stale": {
2026-06-12T07:58:58.3131872+09:00       "scanned": 7,
2026-06-12T07:58:58.3151064+09:00       "staleDetected": 0,
2026-06-12T07:58:58.3171963+09:00       "rolledBack": 0,
2026-06-12T07:58:58.3191979+09:00       "skippedCap": 0,
2026-06-12T07:58:58.3211968+09:00       "dryRun": false,
2026-06-12T07:58:58.3221965+09:00       "actions": []
2026-06-12T07:58:58.3231976+09:00     }
2026-06-12T07:58:58.3231976+09:00   },
2026-06-12T07:58:58.3231976+09:00   "dispatch": {
2026-06-12T07:58:58.3284365+09:00     "claimed": 2,
2026-06-12T07:58:58.3284365+09:00     "done": 2,
2026-06-12T07:58:58.3332663+09:00     "failed": 0
2026-06-12T07:58:58.3342646+09:00   },
2026-06-12T07:58:58.3362654+09:00   "step4_poll": {
2026-06-12T07:58:58.3372645+09:00     "scanned": 7,
2026-06-12T07:58:58.3382633+09:00     "awaiting": 2,
2026-06-12T07:58:58.3400823+09:00     "polled": 0,
2026-06-12T07:58:58.3432040+09:00     "picks_applied": 0,
2026-06-12T07:58:58.3452052+09:00     "pick_errors": 0,
2026-06-12T07:58:58.3467823+09:00     "timeouts": 0,
2026-06-12T07:58:58.3484428+09:00     "skipped": 0,
2026-06-12T07:58:58.3494130+09:00     "results": [
2026-06-12T07:58:58.3514526+09:00       {
2026-06-12T07:58:58.3524206+09:00         "task_id": "daily-20260611-r02",
2026-06-12T07:58:58.3534576+09:00         "result": {
2026-06-12T07:58:58.3554556+09:00           "outcome": "no_new_messages"
2026-06-12T07:58:58.3564613+09:00         }
2026-06-12T07:58:58.3564613+09:00       },
2026-06-12T07:58:58.3564613+09:00       {
2026-06-12T07:58:58.3616475+09:00         "task_id": "daily-20260611-r03",
2026-06-12T07:58:58.3616475+09:00         "result": {
2026-06-12T07:58:58.3616475+09:00           "outcome": "no_new_messages"
2026-06-12T07:58:58.3616475+09:00         }
2026-06-12T07:58:58.3676385+09:00       }
2026-06-12T07:58:58.3686923+09:00     ]
2026-06-12T07:58:58.3707660+09:00   },
2026-06-12T07:58:58.3723012+09:00   "step7_retry_poll": {
2026-06-12T07:58:58.3739778+09:00     "scanned": 7,
2026-06-12T07:58:58.3750704+09:00     "eligible": 4,
2026-06-12T07:58:58.3760760+09:00     "polled": 0,
2026-06-12T07:58:58.3780773+09:00     "retries_triggered": 0,
2026-06-12T07:58:58.3790770+09:00     "retry_errors": 0,
2026-06-12T07:58:58.3810778+09:00     "skipped": 0,
2026-06-12T07:58:58.3817486+09:00     "results": []
2026-06-12T07:58:58.3817486+09:00   }
2026-06-12T07:58:58.3817486+09:00 }
2026-06-12T07:58:58.3863060+09:00 OK run-once finished
2026-06-12T08:03:54.6773333+09:00 START dispatch-run-once
2026-06-12T08:03:55.1786219+09:00 
2026-06-12T08:03:55.1786219+09:00 > orchestrator
2026-06-12T08:03:55.1786219+09:00 > tsx src/cli/orchestrator.ts run-once --limit 10
2026-06-12T08:03:55.1867486+09:00 
2026-06-12T08:03:58.4273653+09:00 {
2026-06-12T08:03:58.4273653+09:00   "ensure_daily": {
2026-06-12T08:03:58.4321030+09:00     "runs": [
2026-06-12T08:03:58.4321030+09:00       {
2026-06-12T08:03:58.4321030+09:00         "run_id": "r01",
2026-06-12T08:03:58.4377806+09:00         "action": "not_due",
2026-06-12T08:03:58.4398383+09:00         "taskId": "daily-20260612-r01",
2026-06-12T08:03:58.4418378+09:00         "reason": "jst_hour=8"
2026-06-12T08:03:58.4438401+09:00       },
2026-06-12T08:03:58.4621565+09:00       {
2026-06-12T08:03:58.4621565+09:00         "run_id": "r02",
2026-06-12T08:03:58.4621565+09:00         "action": "not_due",
2026-06-12T08:03:58.4697712+09:00         "taskId": "daily-20260612-r02",
2026-06-12T08:03:58.4727678+09:00         "reason": "jst_hour=8"
2026-06-12T08:03:58.4752847+09:00       },
2026-06-12T08:03:58.4772838+09:00       {
2026-06-12T08:03:58.4795646+09:00         "run_id": "r03",
2026-06-12T08:03:58.4815629+09:00         "action": "not_due",
2026-06-12T08:03:58.4835632+09:00         "taskId": "daily-20260612-r03",
2026-06-12T08:03:58.4855604+09:00         "reason": "jst_hour=8"
2026-06-12T08:03:58.4876455+09:00       }
2026-06-12T08:03:58.4881644+09:00     ]
2026-06-12T08:03:58.4881644+09:00   },
2026-06-12T08:03:58.4881644+09:00   "reconcile": {
2026-06-12T08:03:58.4931383+09:00     "resetProcessing": 0,
2026-06-12T08:03:58.4931383+09:00     "inserted": 2,
2026-06-12T08:03:58.4931383+09:00     "scanned": 7,
2026-06-12T08:03:58.4931383+09:00     "stale": {
2026-06-12T08:03:58.4994875+09:00       "scanned": 7,
2026-06-12T08:03:58.5022707+09:00       "staleDetected": 0,
2026-06-12T08:03:58.5043439+09:00       "rolledBack": 0,
2026-06-12T08:03:58.5053446+09:00       "skippedCap": 0,
2026-06-12T08:03:58.5073433+09:00       "dryRun": false,
2026-06-12T08:03:58.5093457+09:00       "actions": []
2026-06-12T08:03:58.5103424+09:00     }
2026-06-12T08:03:58.5103424+09:00   },
2026-06-12T08:03:58.5103424+09:00   "dispatch": {
2026-06-12T08:03:58.5154611+09:00     "claimed": 2,
2026-06-12T08:03:58.5154611+09:00     "done": 2,
2026-06-12T08:03:58.5154611+09:00     "failed": 0
2026-06-12T08:03:58.5206619+09:00   },
2026-06-12T08:03:58.5206619+09:00   "step4_poll": {
2026-06-12T08:03:58.5206619+09:00     "scanned": 7,
2026-06-12T08:03:58.5206619+09:00     "awaiting": 2,
2026-06-12T08:03:58.5270060+09:00     "polled": 0,
2026-06-12T08:03:58.5290790+09:00     "picks_applied": 0,
2026-06-12T08:03:58.5310764+09:00     "pick_errors": 0,
2026-06-12T08:03:58.5330770+09:00     "timeouts": 0,
2026-06-12T08:03:58.5340758+09:00     "skipped": 0,
2026-06-12T08:03:58.5360752+09:00     "results": [
2026-06-12T08:03:58.5370756+09:00       {
2026-06-12T08:03:58.5382561+09:00         "task_id": "daily-20260611-r02",
2026-06-12T08:03:58.5402581+09:00         "result": {
2026-06-12T08:03:58.5412572+09:00           "outcome": "no_new_messages"
2026-06-12T08:03:58.5439203+09:00         }
2026-06-12T08:03:58.5449424+09:00       },
2026-06-12T08:03:58.5459418+09:00       {
2026-06-12T08:03:58.5459418+09:00         "task_id": "daily-20260611-r03",
2026-06-12T08:03:58.5459418+09:00         "result": {
2026-06-12T08:03:58.5510934+09:00           "outcome": "no_new_messages"
2026-06-12T08:03:58.5510934+09:00         }
2026-06-12T08:03:58.5510934+09:00       }
2026-06-12T08:03:58.5510934+09:00     ]
2026-06-12T08:03:58.5568250+09:00   },
2026-06-12T08:03:58.5572074+09:00   "step7_retry_poll": {
2026-06-12T08:03:58.5598584+09:00     "scanned": 7,
2026-06-12T08:03:58.5616264+09:00     "eligible": 4,
2026-06-12T08:03:58.5626250+09:00     "polled": 0,
2026-06-12T08:03:58.5636261+09:00     "retries_triggered": 0,
2026-06-12T08:03:58.5656253+09:00     "retry_errors": 0,
2026-06-12T08:03:58.5666262+09:00     "skipped": 0,
2026-06-12T08:03:58.5686258+09:00     "results": []
2026-06-12T08:03:58.5686258+09:00   }
2026-06-12T08:03:58.5686258+09:00 }
2026-06-12T08:03:58.5737127+09:00 OK run-once finished
2026-06-12T08:08:55.4610227+09:00 START dispatch-run-once
2026-06-12T08:08:55.8665233+09:00 
2026-06-12T08:08:55.8685241+09:00 > orchestrator
2026-06-12T08:08:55.8705255+09:00 > tsx src/cli/orchestrator.ts run-once --limit 10
2026-06-12T08:08:55.8728493+09:00 
2026-06-12T08:08:59.5969659+09:00 {
2026-06-12T08:08:59.6096065+09:00   "ensure_daily": {
2026-06-12T08:08:59.6179510+09:00     "runs": [
2026-06-12T08:08:59.6229494+09:00       {
2026-06-12T08:08:59.6229494+09:00         "run_id": "r01",
2026-06-12T08:08:59.6280389+09:00         "action": "not_due",
2026-06-12T08:08:59.6344509+09:00         "taskId": "daily-20260612-r01",
2026-06-12T08:08:59.6365001+09:00         "reason": "jst_hour=8"
2026-06-12T08:08:59.6385059+09:00       },
2026-06-12T08:08:59.6572751+09:00       {
2026-06-12T08:08:59.6572751+09:00         "run_id": "r02",
2026-06-12T08:08:59.6596245+09:00         "action": "not_due",
2026-06-12T08:08:59.6643946+09:00         "taskId": "daily-20260612-r02",
2026-06-12T08:08:59.6675121+09:00         "reason": "jst_hour=8"
2026-06-12T08:08:59.6695112+09:00       },
2026-06-12T08:08:59.6716662+09:00       {
2026-06-12T08:08:59.6726743+09:00         "run_id": "r03",
2026-06-12T08:08:59.6726743+09:00         "action": "not_due",
2026-06-12T08:08:59.6726743+09:00         "taskId": "daily-20260612-r03",
2026-06-12T08:08:59.6777360+09:00         "reason": "jst_hour=8"
2026-06-12T08:08:59.6777360+09:00       }
2026-06-12T08:08:59.6777360+09:00     ]
2026-06-12T08:08:59.6827656+09:00   },
2026-06-12T08:08:59.6827656+09:00   "reconcile": {
2026-06-12T08:08:59.6827656+09:00     "resetProcessing": 0,
2026-06-12T08:08:59.6827656+09:00     "inserted": 2,
2026-06-12T08:08:59.6878433+09:00     "scanned": 7,
2026-06-12T08:08:59.6878433+09:00     "stale": {
2026-06-12T08:08:59.6878433+09:00       "scanned": 7,
2026-06-12T08:08:59.6938912+09:00       "staleDetected": 0,
2026-06-12T08:08:59.6959499+09:00       "rolledBack": 0,
2026-06-12T08:08:59.6977644+09:00       "skippedCap": 0,
2026-06-12T08:08:59.6998342+09:00       "dryRun": false,
2026-06-12T08:08:59.7018336+09:00       "actions": []
2026-06-12T08:08:59.7029751+09:00     }
2026-06-12T08:08:59.7049840+09:00   },
2026-06-12T08:08:59.7059825+09:00   "dispatch": {
2026-06-12T08:08:59.7059825+09:00     "claimed": 2,
2026-06-12T08:08:59.7059825+09:00     "done": 2,
2026-06-12T08:08:59.7111184+09:00     "failed": 0
2026-06-12T08:08:59.7111184+09:00   },
2026-06-12T08:08:59.7111184+09:00   "step4_poll": {
2026-06-12T08:08:59.7111184+09:00     "scanned": 7,
2026-06-12T08:08:59.7161409+09:00     "awaiting": 2,
2026-06-12T08:08:59.7182339+09:00     "polled": 0,
2026-06-12T08:08:59.7182339+09:00     "picks_applied": 0,
2026-06-12T08:08:59.7212702+09:00     "pick_errors": 0,
2026-06-12T08:08:59.7233747+09:00     "timeouts": 0,
2026-06-12T08:08:59.7253728+09:00     "skipped": 0,
2026-06-12T08:08:59.7263729+09:00     "results": [
2026-06-12T08:08:59.7273713+09:00       {
2026-06-12T08:08:59.7293728+09:00         "task_id": "daily-20260611-r02",
2026-06-12T08:08:59.7303800+09:00         "result": {
2026-06-12T08:08:59.7323789+09:00           "outcome": "no_new_messages"
2026-06-12T08:08:59.7335649+09:00         }
2026-06-12T08:08:59.7345641+09:00       },
2026-06-12T08:08:59.7365656+09:00       {
2026-06-12T08:08:59.7394872+09:00         "task_id": "daily-20260611-r03",
2026-06-12T08:08:59.7405213+09:00         "result": {
2026-06-12T08:08:59.7415211+09:00           "outcome": "no_new_messages"
2026-06-12T08:08:59.7415211+09:00         }
2026-06-12T08:08:59.7446260+09:00       }
2026-06-12T08:08:59.7466321+09:00     ]
2026-06-12T08:08:59.7466321+09:00   },
2026-06-12T08:08:59.7466321+09:00   "step7_retry_poll": {
2026-06-12T08:08:59.7466321+09:00     "scanned": 7,
2026-06-12T08:08:59.7527727+09:00     "eligible": 4,
2026-06-12T08:08:59.7548241+09:00     "polled": 0,
2026-06-12T08:08:59.7558242+09:00     "retries_triggered": 0,
2026-06-12T08:08:59.7571041+09:00     "retry_errors": 0,
2026-06-12T08:08:59.7591044+09:00     "skipped": 0,
2026-06-12T08:08:59.7601039+09:00     "results": []
2026-06-12T08:08:59.7611045+09:00   }
2026-06-12T08:08:59.7631030+09:00 }
2026-06-12T08:08:59.7644063+09:00 OK run-once finished
2026-06-12T08:13:54.5434904+09:00 START dispatch-run-once
2026-06-12T08:13:54.9420957+09:00 
2026-06-12T08:13:54.9434057+09:00 > orchestrator
2026-06-12T08:13:54.9434057+09:00 > tsx src/cli/orchestrator.ts run-once --limit 10
2026-06-12T08:13:54.9476793+09:00 
2026-06-12T08:13:57.3537688+09:00 {
2026-06-12T08:13:57.3567831+09:00   "ensure_daily": {
2026-06-12T08:13:57.3604809+09:00     "runs": [
2026-06-12T08:13:57.3625265+09:00       {
2026-06-12T08:13:57.3645630+09:00         "run_id": "r01",
2026-06-12T08:13:57.3665270+09:00         "action": "not_due",
2026-06-12T08:13:57.3683143+09:00         "taskId": "daily-20260612-r01",
2026-06-12T08:13:57.3704533+09:00         "reason": "jst_hour=8"
2026-06-12T08:13:57.3724560+09:00       },
2026-06-12T08:13:57.3964740+09:00       {
2026-06-12T08:13:57.3994727+09:00         "run_id": "r02",
2026-06-12T08:13:57.4014732+09:00         "action": "not_due",
2026-06-12T08:13:57.4014732+09:00         "taskId": "daily-20260612-r02",
2026-06-12T08:13:57.4067681+09:00         "reason": "jst_hour=8"
2026-06-12T08:13:57.4067681+09:00       },
2026-06-12T08:13:57.4123850+09:00       {
2026-06-12T08:13:57.4148385+09:00         "run_id": "r03",
2026-06-12T08:13:57.4168431+09:00         "action": "not_due",
2026-06-12T08:13:57.4183188+09:00         "taskId": "daily-20260612-r03",
2026-06-12T08:13:57.4213926+09:00         "reason": "jst_hour=8"
2026-06-12T08:13:57.4233932+09:00       }
2026-06-12T08:13:57.4243918+09:00     ]
2026-06-12T08:13:57.4263913+09:00   },
2026-06-12T08:13:57.4263913+09:00   "reconcile": {
2026-06-12T08:13:57.4263913+09:00     "resetProcessing": 0,
2026-06-12T08:13:57.4317264+09:00     "inserted": 2,
2026-06-12T08:13:57.4317264+09:00     "scanned": 7,
2026-06-12T08:13:57.4317264+09:00     "stale": {
2026-06-12T08:13:57.4370051+09:00       "scanned": 7,
2026-06-12T08:13:57.4370051+09:00       "staleDetected": 0,
2026-06-12T08:13:57.4370051+09:00       "rolledBack": 0,
2026-06-12T08:13:57.4423720+09:00       "skippedCap": 0,
2026-06-12T08:13:57.4423720+09:00       "dryRun": false,
2026-06-12T08:13:57.4476059+09:00       "actions": []
2026-06-12T08:13:57.4476059+09:00     }
2026-06-12T08:13:57.4520793+09:00   },
2026-06-12T08:13:57.4541310+09:00   "dispatch": {
2026-06-12T08:13:57.4551294+09:00     "claimed": 2,
2026-06-12T08:13:57.4561308+09:00     "done": 2,
2026-06-12T08:13:57.4594485+09:00     "failed": 0
2026-06-12T08:13:57.4610579+09:00   },
2026-06-12T08:13:57.4630586+09:00   "step4_poll": {
2026-06-12T08:13:57.4650581+09:00     "scanned": 7,
2026-06-12T08:13:57.4670571+09:00     "awaiting": 2,
2026-06-12T08:13:57.4680573+09:00     "polled": 0,
2026-06-12T08:13:57.4680573+09:00     "picks_applied": 0,
2026-06-12T08:13:57.4680573+09:00     "pick_errors": 0,
2026-06-12T08:13:57.4732961+09:00     "timeouts": 0,
2026-06-12T08:13:57.4732961+09:00     "skipped": 0,
2026-06-12T08:13:57.4770898+09:00     "results": [
2026-06-12T08:13:57.4781364+09:00       {
2026-06-12T08:13:57.4801350+09:00         "task_id": "daily-20260611-r02",
2026-06-12T08:13:57.4821361+09:00         "result": {
2026-06-12T08:13:57.4831344+09:00           "outcome": "no_new_messages"
2026-06-12T08:13:57.4849587+09:00         }
2026-06-12T08:13:57.4870971+09:00       },
2026-06-12T08:13:57.4880955+09:00       {
2026-06-12T08:13:57.4901025+09:00         "task_id": "daily-20260611-r03",
2026-06-12T08:13:57.4911034+09:00         "result": {
2026-06-12T08:13:57.4931016+09:00           "outcome": "no_new_messages"
2026-06-12T08:13:57.4931016+09:00         }
2026-06-12T08:13:57.4931016+09:00       }
2026-06-12T08:13:57.4984310+09:00     ]
2026-06-12T08:13:57.5004423+09:00   },
2026-06-12T08:13:57.5020914+09:00   "step7_retry_poll": {
2026-06-12T08:13:57.5041436+09:00     "scanned": 7,
2026-06-12T08:13:57.5057089+09:00     "eligible": 4,
2026-06-12T08:13:57.5072417+09:00     "polled": 0,
2026-06-12T08:13:57.5092411+09:00     "retries_triggered": 0,
2026-06-12T08:13:57.5111006+09:00     "retry_errors": 0,
2026-06-12T08:13:57.5140985+09:00     "skipped": 0,
2026-06-12T08:13:57.5150983+09:00     "results": []
2026-06-12T08:13:57.5170965+09:00   }
2026-06-12T08:13:57.5180992+09:00 }
2026-06-12T08:13:57.5180992+09:00 OK run-once finished
2026-06-12T08:18:54.8956765+09:00 START dispatch-run-once
2026-06-12T08:18:55.2929717+09:00 
2026-06-12T08:18:55.2949718+09:00 > orchestrator
2026-06-12T08:18:55.2969737+09:00 > tsx src/cli/orchestrator.ts run-once --limit 10
2026-06-12T08:18:55.2969737+09:00 
2026-06-12T08:18:57.7603575+09:00 {
2026-06-12T08:18:57.7704917+09:00   "ensure_daily": {
2026-06-12T08:18:57.7809865+09:00     "runs": [
2026-06-12T08:18:57.7914144+09:00       {
2026-06-12T08:18:57.8017608+09:00         "run_id": "r01",
2026-06-12T08:18:57.8068432+09:00         "action": "not_due",
2026-06-12T08:18:57.8098825+09:00         "taskId": "daily-20260612-r01",
2026-06-12T08:18:57.8118384+09:00         "reason": "jst_hour=8"
2026-06-12T08:18:57.8138369+09:00       },
2026-06-12T08:18:57.8335673+09:00       {
2026-06-12T08:18:57.8355655+09:00         "run_id": "r02",
2026-06-12T08:18:57.8375672+09:00         "action": "not_due",
2026-06-12T08:18:57.8388749+09:00         "taskId": "daily-20260612-r02",
2026-06-12T08:18:57.8406850+09:00         "reason": "jst_hour=8"
2026-06-12T08:18:57.8437039+09:00       },
2026-06-12T08:18:57.8437039+09:00       {
2026-06-12T08:18:57.8437039+09:00         "run_id": "r03",
2026-06-12T08:18:57.8498969+09:00         "action": "not_due",
2026-06-12T08:18:57.8498969+09:00         "taskId": "daily-20260612-r03",
2026-06-12T08:18:57.8498969+09:00         "reason": "jst_hour=8"
2026-06-12T08:18:57.8549393+09:00       }
2026-06-12T08:18:57.8579403+09:00     ]
2026-06-12T08:18:57.8599372+09:00   },
2026-06-12T08:18:57.8609374+09:00   "reconcile": {
2026-06-12T08:18:57.8629368+09:00     "resetProcessing": 0,
2026-06-12T08:18:57.8639392+09:00     "inserted": 2,
2026-06-12T08:18:57.8655725+09:00     "scanned": 7,
2026-06-12T08:18:57.8666149+09:00     "stale": {
2026-06-12T08:18:57.8685842+09:00       "scanned": 7,
2026-06-12T08:18:57.8705820+09:00       "staleDetected": 0,
2026-06-12T08:18:57.8721487+09:00       "rolledBack": 0,
2026-06-12T08:18:57.8743410+09:00       "skippedCap": 0,
2026-06-12T08:18:57.8764683+09:00       "dryRun": false,
2026-06-12T08:18:57.8774670+09:00       "actions": []
2026-06-12T08:18:57.8794692+09:00     }
2026-06-12T08:18:57.8804646+09:00   },
2026-06-12T08:18:57.8804646+09:00   "dispatch": {
2026-06-12T08:18:57.8804646+09:00     "claimed": 2,
2026-06-12T08:18:57.8804646+09:00     "done": 2,
2026-06-12T08:18:57.8859675+09:00     "failed": 0
2026-06-12T08:18:57.8859675+09:00   },
2026-06-12T08:18:57.8859675+09:00   "step4_poll": {
2026-06-12T08:18:57.8912088+09:00     "scanned": 7,
2026-06-12T08:18:57.8912088+09:00     "awaiting": 2,
2026-06-12T08:18:57.8912088+09:00     "polled": 0,
2026-06-12T08:18:57.8965378+09:00     "picks_applied": 0,
2026-06-12T08:18:57.8965378+09:00     "pick_errors": 0,
2026-06-12T08:18:57.8965378+09:00     "timeouts": 0,
2026-06-12T08:18:57.8965378+09:00     "skipped": 0,
2026-06-12T08:18:57.9024559+09:00     "results": [
2026-06-12T08:18:57.9045114+09:00       {
2026-06-12T08:18:57.9054479+09:00         "task_id": "daily-20260611-r02",
2026-06-12T08:18:57.9075067+09:00         "result": {
2026-06-12T08:18:57.9085066+09:00           "outcome": "no_new_messages"
2026-06-12T08:18:57.9105059+09:00         }
2026-06-12T08:18:57.9115063+09:00       },
2026-06-12T08:18:57.9125068+09:00       {
2026-06-12T08:18:57.9135068+09:00         "task_id": "daily-20260611-r03",
2026-06-12T08:18:57.9135068+09:00         "result": {
2026-06-12T08:18:57.9135068+09:00           "outcome": "no_new_messages"
2026-06-12T08:18:57.9190013+09:00         }
2026-06-12T08:18:57.9190013+09:00       }
2026-06-12T08:18:57.9190013+09:00     ]
2026-06-12T08:18:57.9241202+09:00   },
2026-06-12T08:18:57.9241202+09:00   "step7_retry_poll": {
2026-06-12T08:18:57.9241202+09:00     "scanned": 7,
2026-06-12T08:18:57.9241202+09:00     "eligible": 4,
2026-06-12T08:18:57.9303599+09:00     "polled": 0,
2026-06-12T08:18:57.9323710+09:00     "retries_triggered": 0,
2026-06-12T08:18:57.9343691+09:00     "retry_errors": 0,
2026-06-12T08:18:57.9353690+09:00     "skipped": 0,
2026-06-12T08:18:57.9373694+09:00     "results": []
2026-06-12T08:18:57.9383686+09:00   }
2026-06-12T08:18:57.9403676+09:00 }
2026-06-12T08:18:57.9425577+09:00 OK run-once finished
2026-06-12T08:23:54.6717861+09:00 START dispatch-run-once
2026-06-12T08:23:55.1393980+09:00 
2026-06-12T08:23:55.1413979+09:00 > orchestrator
2026-06-12T08:23:55.1427252+09:00 > tsx src/cli/orchestrator.ts run-once --limit 10
2026-06-12T08:23:55.1427252+09:00 
2026-06-12T08:23:57.6760627+09:00 {
2026-06-12T08:23:57.6760627+09:00   "ensure_daily": {
2026-06-12T08:23:57.6802134+09:00     "runs": [
2026-06-12T08:23:57.6802134+09:00       {
2026-06-12T08:23:57.6861855+09:00         "run_id": "r01",
2026-06-12T08:23:57.6892727+09:00         "action": "not_due",
2026-06-12T08:23:57.6908121+09:00         "taskId": "daily-20260612-r01",
2026-06-12T08:23:57.6926875+09:00         "reason": "jst_hour=8"
2026-06-12T08:23:57.6952823+09:00       },
2026-06-12T08:23:57.7155435+09:00       {
2026-06-12T08:23:57.7175434+09:00         "run_id": "r02",
2026-06-12T08:23:57.7175434+09:00         "action": "not_due",
2026-06-12T08:23:57.7225748+09:00         "taskId": "daily-20260612-r02",
2026-06-12T08:23:57.7225748+09:00         "reason": "jst_hour=8"
2026-06-12T08:23:57.7286989+09:00       },
2026-06-12T08:23:57.7317579+09:00       {
2026-06-12T08:23:57.7337598+09:00         "run_id": "r03",
2026-06-12T08:23:57.7354157+09:00         "action": "not_due",
2026-06-12T08:23:57.7374154+09:00         "taskId": "daily-20260612-r03",
2026-06-12T08:23:57.7394155+09:00         "reason": "jst_hour=8"
2026-06-12T08:23:57.7404146+09:00       }
2026-06-12T08:23:57.7424159+09:00     ]
2026-06-12T08:23:57.7424159+09:00   },
2026-06-12T08:23:57.7424159+09:00   "reconcile": {
2026-06-12T08:23:57.7475332+09:00     "resetProcessing": 0,
2026-06-12T08:23:57.7475332+09:00     "inserted": 2,
2026-06-12T08:23:57.7475332+09:00     "scanned": 7,
2026-06-12T08:23:57.7527390+09:00     "stale": {
2026-06-12T08:23:57.7527390+09:00       "scanned": 7,
2026-06-12T08:23:57.7527390+09:00       "staleDetected": 0,
2026-06-12T08:23:57.7593159+09:00       "rolledBack": 0,
2026-06-12T08:23:57.7613956+09:00       "skippedCap": 0,
2026-06-12T08:23:57.7633964+09:00       "dryRun": false,
2026-06-12T08:23:57.7653965+09:00       "actions": []
2026-06-12T08:23:57.7673961+09:00     }
2026-06-12T08:23:57.7673961+09:00   },
2026-06-12T08:23:57.7673961+09:00   "dispatch": {
2026-06-12T08:23:57.7727275+09:00     "claimed": 2,
2026-06-12T08:23:57.7761720+09:00     "done": 2,
2026-06-12T08:23:57.7779204+09:00     "failed": 0
2026-06-12T08:23:57.7779204+09:00   },
2026-06-12T08:23:57.7779204+09:00   "step4_poll": {
2026-06-12T08:23:57.7779204+09:00     "scanned": 7,
2026-06-12T08:23:57.7831081+09:00     "awaiting": 2,
2026-06-12T08:23:57.7831081+09:00     "polled": 0,
2026-06-12T08:23:57.7831081+09:00     "picks_applied": 0,
2026-06-12T08:23:57.7906023+09:00     "pick_errors": 0,
2026-06-12T08:23:57.7925997+09:00     "timeouts": 0,
2026-06-12T08:23:57.7947407+09:00     "skipped": 0,
2026-06-12T08:23:57.7957398+09:00     "results": [
2026-06-12T08:23:57.7977395+09:00       {
2026-06-12T08:23:57.7997405+09:00         "task_id": "daily-20260611-r02",
2026-06-12T08:23:57.8007396+09:00         "result": {
2026-06-12T08:23:57.8007396+09:00           "outcome": "no_new_messages"
2026-06-12T08:23:57.8007396+09:00         }
2026-06-12T08:23:57.8061381+09:00       },
2026-06-12T08:23:57.8061381+09:00       {
2026-06-12T08:23:57.8061381+09:00         "task_id": "daily-20260611-r03",
2026-06-12T08:23:57.8112085+09:00         "result": {
2026-06-12T08:23:57.8112085+09:00           "outcome": "no_new_messages"
2026-06-12T08:23:57.8112085+09:00         }
2026-06-12T08:23:57.8112085+09:00       }
2026-06-12T08:23:57.8181092+09:00     ]
2026-06-12T08:23:57.8201069+09:00   },
2026-06-12T08:23:57.8211073+09:00   "step7_retry_poll": {
2026-06-12T08:23:57.8231078+09:00     "scanned": 7,
2026-06-12T08:23:57.8241073+09:00     "eligible": 4,
2026-06-12T08:23:57.8261069+09:00     "polled": 0,
2026-06-12T08:23:57.8283361+09:00     "retries_triggered": 0,
2026-06-12T08:23:57.8303338+09:00     "retry_errors": 0,
2026-06-12T08:23:57.8323341+09:00     "skipped": 0,
2026-06-12T08:23:57.8343341+09:00     "results": []
2026-06-12T08:23:57.8353760+09:00   }
2026-06-12T08:23:57.8363768+09:00 }
2026-06-12T08:23:57.8363768+09:00 OK run-once finished
2026-06-12T08:28:54.9344455+09:00 START dispatch-run-once
2026-06-12T08:28:55.3298926+09:00 
2026-06-12T08:28:55.3319625+09:00 > orchestrator
2026-06-12T08:28:55.3339630+09:00 > tsx src/cli/orchestrator.ts run-once --limit 10
2026-06-12T08:28:55.3359623+09:00 
2026-06-12T08:28:57.7502511+09:00 {
2026-06-12T08:28:57.7597919+09:00   "ensure_daily": {
2026-06-12T08:28:57.7681191+09:00     "runs": [
2026-06-12T08:28:57.7717981+09:00       {
2026-06-12T08:28:57.7809930+09:00         "run_id": "r01",
2026-06-12T08:28:57.7871814+09:00         "action": "not_due",
2026-06-12T08:28:57.7923835+09:00         "taskId": "daily-20260612-r01",
2026-06-12T08:28:57.7955820+09:00         "reason": "jst_hour=8"
2026-06-12T08:28:57.7965373+09:00       },
2026-06-12T08:28:57.8157746+09:00       {
2026-06-12T08:28:57.8177730+09:00         "run_id": "r02",
2026-06-12T08:28:57.8197725+09:00         "action": "not_due",
2026-06-12T08:28:57.8215626+09:00         "taskId": "daily-20260612-r02",
2026-06-12T08:28:57.8235319+09:00         "reason": "jst_hour=8"
2026-06-12T08:28:57.8255395+09:00       },
2026-06-12T08:28:57.8275463+09:00       {
2026-06-12T08:28:57.8275463+09:00         "run_id": "r03",
2026-06-12T08:28:57.8306447+09:00         "action": "not_due",
2026-06-12T08:28:57.8306447+09:00         "taskId": "daily-20260612-r03",
2026-06-12T08:28:57.8306447+09:00         "reason": "jst_hour=8"
2026-06-12T08:28:57.8357473+09:00       }
2026-06-12T08:28:57.8381258+09:00     ]
2026-06-12T08:28:57.8402467+09:00   },
2026-06-12T08:28:57.8412474+09:00   "reconcile": {
2026-06-12T08:28:57.8432466+09:00     "resetProcessing": 0,
2026-06-12T08:28:57.8442467+09:00     "inserted": 2,
2026-06-12T08:28:57.8452478+09:00     "scanned": 7,
2026-06-12T08:28:57.8462478+09:00     "stale": {
2026-06-12T08:28:57.8462478+09:00       "scanned": 7,
2026-06-12T08:28:57.8462478+09:00       "staleDetected": 0,
2026-06-12T08:28:57.8532835+09:00       "rolledBack": 0,
2026-06-12T08:28:57.8532835+09:00       "skippedCap": 0,
2026-06-12T08:28:57.8563611+09:00       "dryRun": false,
2026-06-12T08:28:57.8563611+09:00       "actions": []
2026-06-12T08:28:57.8563611+09:00     }
2026-06-12T08:28:57.8616743+09:00   },
2026-06-12T08:28:57.8616743+09:00   "dispatch": {
2026-06-12T08:28:57.8616743+09:00     "claimed": 2,
2026-06-12T08:28:57.8675706+09:00     "done": 2,
2026-06-12T08:28:57.8686816+09:00     "failed": 0
2026-06-12T08:28:57.8707238+09:00   },
2026-06-12T08:28:57.8714988+09:00   "step4_poll": {
2026-06-12T08:28:57.8736116+09:00     "scanned": 7,
2026-06-12T08:28:57.8745789+09:00     "awaiting": 2,
2026-06-12T08:28:57.8766176+09:00     "polled": 0,
2026-06-12T08:28:57.8775812+09:00     "picks_applied": 0,
2026-06-12T08:28:57.8796128+09:00     "pick_errors": 0,
2026-06-12T08:28:57.8796128+09:00     "timeouts": 0,
2026-06-12T08:28:57.8796128+09:00     "skipped": 0,
2026-06-12T08:28:57.8796128+09:00     "results": [
2026-06-12T08:28:57.8848970+09:00       {
2026-06-12T08:28:57.8848970+09:00         "task_id": "daily-20260611-r02",
2026-06-12T08:28:57.8885771+09:00         "result": {
2026-06-12T08:28:57.8896590+09:00           "outcome": "no_new_messages"
2026-06-12T08:28:57.8916571+09:00         }
2026-06-12T08:28:57.8926246+09:00       },
2026-06-12T08:28:57.8946600+09:00       {
2026-06-12T08:28:57.8956244+09:00         "task_id": "daily-20260611-r03",
2026-06-12T08:28:57.8976015+09:00         "result": {
2026-06-12T08:28:57.8985744+09:00           "outcome": "no_new_messages"
2026-06-12T08:28:57.9005986+09:00         }
2026-06-12T08:28:57.9015675+09:00       }
2026-06-12T08:28:57.9035994+09:00     ]
2026-06-12T08:28:57.9046009+09:00   },
2026-06-12T08:28:57.9046009+09:00   "step7_retry_poll": {
2026-06-12T08:28:57.9046009+09:00     "scanned": 7,
2026-06-12T08:28:57.9046009+09:00     "eligible": 4,
2026-06-12T08:28:57.9098870+09:00     "polled": 0,
2026-06-12T08:28:57.9098870+09:00     "retries_triggered": 0,
2026-06-12T08:28:57.9147045+09:00     "retry_errors": 0,
2026-06-12T08:28:57.9156701+09:00     "skipped": 0,
2026-06-12T08:28:57.9177060+09:00     "results": []
2026-06-12T08:28:57.9186704+09:00   }
2026-06-12T08:28:57.9196784+09:00 }
2026-06-12T08:28:57.9226853+09:00 OK run-once finished
2026-06-12T08:33:54.4764807+09:00 START dispatch-run-once
2026-06-12T08:33:54.8691274+09:00 
2026-06-12T08:33:54.8691274+09:00 > orchestrator
2026-06-12T08:33:54.8691274+09:00 > tsx src/cli/orchestrator.ts run-once --limit 10
2026-06-12T08:33:54.8742615+09:00 
2026-06-12T08:33:57.3112357+09:00 {
2026-06-12T08:33:57.3162057+09:00   "ensure_daily": {
2026-06-12T08:33:57.3181978+09:00     "runs": [
2026-06-12T08:33:57.3224091+09:00       {
2026-06-12T08:33:57.3234147+09:00         "run_id": "r01",
2026-06-12T08:33:57.3234147+09:00         "action": "not_due",
2026-06-12T08:33:57.3306500+09:00         "taskId": "daily-20260612-r01",
2026-06-12T08:33:57.3326508+09:00         "reason": "jst_hour=8"
2026-06-12T08:33:57.3347852+09:00       },
2026-06-12T08:33:57.3528966+09:00       {
2026-06-12T08:33:57.3556047+09:00         "run_id": "r02",
2026-06-12T08:33:57.3576638+09:00         "action": "not_due",
2026-06-12T08:33:57.3598336+09:00         "taskId": "daily-20260612-r02",
2026-06-12T08:33:57.3608327+09:00         "reason": "jst_hour=8"
2026-06-12T08:33:57.3628332+09:00       },
2026-06-12T08:33:57.3644140+09:00       {
2026-06-12T08:33:57.3668175+09:00         "run_id": "r03",
2026-06-12T08:33:57.3668175+09:00         "action": "not_due",
2026-06-12T08:33:57.3668175+09:00         "taskId": "daily-20260612-r03",
2026-06-12T08:33:57.3718786+09:00         "reason": "jst_hour=8"
2026-06-12T08:33:57.3718786+09:00       }
2026-06-12T08:33:57.3718786+09:00     ]
2026-06-12T08:33:57.3718786+09:00   },
2026-06-12T08:33:57.3770852+09:00   "reconcile": {
2026-06-12T08:33:57.3770852+09:00     "resetProcessing": 0,
2026-06-12T08:33:57.3770852+09:00     "inserted": 2,
2026-06-12T08:33:57.3821407+09:00     "scanned": 7,
2026-06-12T08:33:57.3841425+09:00     "stale": {
2026-06-12T08:33:57.3871389+09:00       "scanned": 7,
2026-06-12T08:33:57.3891374+09:00       "staleDetected": 0,
2026-06-12T08:33:57.3901408+09:00       "rolledBack": 0,
2026-06-12T08:33:57.3921359+09:00       "skippedCap": 0,
2026-06-12T08:33:57.3943325+09:00       "dryRun": false,
2026-06-12T08:33:57.3953312+09:00       "actions": []
2026-06-12T08:33:57.3973293+09:00     }
2026-06-12T08:33:57.3994258+09:00   },
2026-06-12T08:33:57.4014211+09:00   "dispatch": {
2026-06-12T08:33:57.4024213+09:00     "claimed": 2,
2026-06-12T08:33:57.4024213+09:00     "done": 2,
2026-06-12T08:33:57.4024213+09:00     "failed": 0
2026-06-12T08:33:57.4024213+09:00   },
2026-06-12T08:33:57.4075822+09:00   "step4_poll": {
2026-06-12T08:33:57.4075822+09:00     "scanned": 7,
2026-06-12T08:33:57.4075822+09:00     "awaiting": 2,
2026-06-12T08:33:57.4075822+09:00     "polled": 0,
2026-06-12T08:33:57.4138900+09:00     "picks_applied": 0,
2026-06-12T08:33:57.4159492+09:00     "pick_errors": 0,
2026-06-12T08:33:57.4181300+09:00     "timeouts": 0,
2026-06-12T08:33:57.4191270+09:00     "skipped": 0,
2026-06-12T08:33:57.4211275+09:00     "results": [
2026-06-12T08:33:57.4221297+09:00       {
2026-06-12T08:33:57.4241279+09:00         "task_id": "daily-20260611-r02",
2026-06-12T08:33:57.4251285+09:00         "result": {
2026-06-12T08:33:57.4266302+09:00           "outcome": "no_new_messages"
2026-06-12T08:33:57.4266302+09:00         }
2026-06-12T08:33:57.4302488+09:00       },
2026-06-12T08:33:57.4302488+09:00       {
2026-06-12T08:33:57.4302488+09:00         "task_id": "daily-20260611-r03",
2026-06-12T08:33:57.4302488+09:00         "result": {
2026-06-12T08:33:57.4353988+09:00           "outcome": "no_new_messages"
2026-06-12T08:33:57.4353988+09:00         }
2026-06-12T08:33:57.4353988+09:00       }
2026-06-12T08:33:57.4353988+09:00     ]
2026-06-12T08:33:57.4429985+09:00   },
2026-06-12T08:33:57.4440260+09:00   "step7_retry_poll": {
2026-06-12T08:33:57.4460287+09:00     "scanned": 7,
2026-06-12T08:33:57.4469990+09:00     "eligible": 4,
2026-06-12T08:33:57.4480318+09:00     "polled": 0,
2026-06-12T08:33:57.4500293+09:00     "retries_triggered": 0,
2026-06-12T08:33:57.4510276+09:00     "retry_errors": 0,
2026-06-12T08:33:57.4533114+09:00     "skipped": 0,
2026-06-12T08:33:57.4542759+09:00     "results": []
2026-06-12T08:33:57.4563091+09:00   }
2026-06-12T08:33:57.4587242+09:00 }
2026-06-12T08:33:57.4597489+09:00 OK run-once finished
2026-06-12T08:38:54.2544203+09:00 START dispatch-run-once
2026-06-12T08:38:54.6770177+09:00 
2026-06-12T08:38:54.6793435+09:00 > orchestrator
2026-06-12T08:38:54.6793435+09:00 > tsx src/cli/orchestrator.ts run-once --limit 10
2026-06-12T08:38:54.6840360+09:00 
2026-06-12T08:38:57.3970521+09:00 {
2026-06-12T08:38:57.3990513+09:00   "ensure_daily": {
2026-06-12T08:38:57.4010522+09:00     "runs": [
2026-06-12T08:38:57.4040511+09:00       {
2026-06-12T08:38:57.4040511+09:00         "run_id": "r01",
2026-06-12T08:38:57.4040511+09:00         "action": "not_due",
2026-06-12T08:38:57.4092224+09:00         "taskId": "daily-20260612-r01",
2026-06-12T08:38:57.4092224+09:00         "reason": "jst_hour=8"
2026-06-12T08:38:57.4156597+09:00       },
2026-06-12T08:38:57.4339681+09:00       {
2026-06-12T08:38:57.4339681+09:00         "run_id": "r02",
2026-06-12T08:38:57.4391396+09:00         "action": "not_due",
2026-06-12T08:38:57.4391396+09:00         "taskId": "daily-20260612-r02",
2026-06-12T08:38:57.4391396+09:00         "reason": "jst_hour=8"
2026-06-12T08:38:57.4458926+09:00       },
2026-06-12T08:38:57.4489506+09:00       {
2026-06-12T08:38:57.4509507+09:00         "run_id": "r03",
2026-06-12T08:38:57.4519483+09:00         "action": "not_due",
2026-06-12T08:38:57.4542633+09:00         "taskId": "daily-20260612-r03",
2026-06-12T08:38:57.4542633+09:00         "reason": "jst_hour=8"
2026-06-12T08:38:57.4542633+09:00       }
2026-06-12T08:38:57.4581032+09:00     ]
2026-06-12T08:38:57.4581032+09:00   },
2026-06-12T08:38:57.4581032+09:00   "reconcile": {
2026-06-12T08:38:57.4636327+09:00     "resetProcessing": 0,
2026-06-12T08:38:57.4636327+09:00     "inserted": 2,
2026-06-12T08:38:57.4636327+09:00     "scanned": 7,
2026-06-12T08:38:57.4686796+09:00     "stale": {
2026-06-12T08:38:57.4686796+09:00       "scanned": 7,
2026-06-12T08:38:57.4686796+09:00       "staleDetected": 0,
2026-06-12T08:38:57.4686796+09:00       "rolledBack": 0,
2026-06-12T08:38:57.4762670+09:00       "skippedCap": 0,
2026-06-12T08:38:57.4782651+09:00       "dryRun": false,
2026-06-12T08:38:57.4792186+09:00       "actions": []
2026-06-12T08:38:57.4812875+09:00     }
2026-06-12T08:38:57.4832867+09:00   },
2026-06-12T08:38:57.4842880+09:00   "dispatch": {
2026-06-12T08:38:57.4862868+09:00     "claimed": 2,
2026-06-12T08:38:57.4876227+09:00     "done": 2,
2026-06-12T08:38:57.4898676+09:00     "failed": 0
2026-06-12T08:38:57.4914406+09:00   },
2026-06-12T08:38:57.4930095+09:00   "step4_poll": {
2026-06-12T08:38:57.4945847+09:00     "scanned": 7,
2026-06-12T08:38:57.4962360+09:00     "awaiting": 2,
2026-06-12T08:38:57.4978449+09:00     "polled": 0,
2026-06-12T08:38:57.4988965+09:00     "picks_applied": 0,
2026-06-12T08:38:57.5004731+09:00     "pick_errors": 0,
2026-06-12T08:38:57.5020025+09:00     "timeouts": 0,
2026-06-12T08:38:57.5040052+09:00     "skipped": 0,
2026-06-12T08:38:57.5053188+09:00     "results": [
2026-06-12T08:38:57.5073257+09:00       {
2026-06-12T08:38:57.5083246+09:00         "task_id": "daily-20260611-r02",
2026-06-12T08:38:57.5103252+09:00         "result": {
2026-06-12T08:38:57.5113259+09:00           "outcome": "no_new_messages"
2026-06-12T08:38:57.5123251+09:00         }
2026-06-12T08:38:57.5123251+09:00       },
2026-06-12T08:38:57.5123251+09:00       {
2026-06-12T08:38:57.5174223+09:00         "task_id": "daily-20260611-r03",
2026-06-12T08:38:57.5209651+09:00         "result": {
2026-06-12T08:38:57.5225290+09:00           "outcome": "no_new_messages"
2026-06-12T08:38:57.5245280+09:00         }
2026-06-12T08:38:57.5255284+09:00       }
2026-06-12T08:38:57.5265277+09:00     ]
2026-06-12T08:38:57.5285280+09:00   },
2026-06-12T08:38:57.5297480+09:00   "step7_retry_poll": {
2026-06-12T08:38:57.5317891+09:00     "scanned": 7,
2026-06-12T08:38:57.5327553+09:00     "eligible": 4,
2026-06-12T08:38:57.5347890+09:00     "polled": 0,
2026-06-12T08:38:57.5357899+09:00     "retries_triggered": 0,
2026-06-12T08:38:57.5375951+09:00     "retry_errors": 0,
2026-06-12T08:38:57.5375951+09:00     "skipped": 0,
2026-06-12T08:38:57.5375951+09:00     "results": []
2026-06-12T08:38:57.5419360+09:00   }
2026-06-12T08:38:57.5419360+09:00 }
2026-06-12T08:38:57.5419360+09:00 OK run-once finished
2026-06-12T08:43:55.3010440+09:00 START dispatch-run-once
2026-06-12T08:43:55.7248020+09:00 
2026-06-12T08:43:55.7248020+09:00 > orchestrator
2026-06-12T08:43:55.7298454+09:00 > tsx src/cli/orchestrator.ts run-once --limit 10
2026-06-12T08:43:55.7298454+09:00 
2026-06-12T08:43:58.1883677+09:00 {
2026-06-12T08:43:58.1967323+09:00   "ensure_daily": {
2026-06-12T08:43:58.2065906+09:00     "runs": [
2026-06-12T08:43:58.2137309+09:00       {
2026-06-12T08:43:58.2166442+09:00         "run_id": "r01",
2026-06-12T08:43:58.2207665+09:00         "action": "not_due",
2026-06-12T08:43:58.2297357+09:00         "taskId": "daily-20260612-r01",
2026-06-12T08:43:58.2342617+09:00         "reason": "jst_hour=8"
2026-06-12T08:43:58.2372198+09:00       },
2026-06-12T08:43:58.2573684+09:00       {
2026-06-12T08:43:58.2597909+09:00         "run_id": "r02",
2026-06-12T08:43:58.2617867+09:00         "action": "not_due",
2026-06-12T08:43:58.2637890+09:00         "taskId": "daily-20260612-r02",
2026-06-12T08:43:58.2657883+09:00         "reason": "jst_hour=8"
2026-06-12T08:43:58.2677875+09:00       },
2026-06-12T08:43:58.2690628+09:00       {
2026-06-12T08:43:58.2710696+09:00         "run_id": "r03",
2026-06-12T08:43:58.2720689+09:00         "action": "not_due",
2026-06-12T08:43:58.2747728+09:00         "taskId": "daily-20260612-r03",
2026-06-12T08:43:58.2758016+09:00         "reason": "jst_hour=8"
2026-06-12T08:43:58.2768345+09:00       }
2026-06-12T08:43:58.2768345+09:00     ]
2026-06-12T08:43:58.2768345+09:00   },
2026-06-12T08:43:58.2819236+09:00   "reconcile": {
2026-06-12T08:43:58.2819236+09:00     "resetProcessing": 0,
2026-06-12T08:43:58.2852448+09:00     "inserted": 2,
2026-06-12T08:43:58.2872919+09:00     "scanned": 7,
2026-06-12T08:43:58.2882919+09:00     "stale": {
2026-06-12T08:43:58.2902926+09:00       "scanned": 7,
2026-06-12T08:43:58.2912916+09:00       "staleDetected": 0,
2026-06-12T08:43:58.2934955+09:00       "rolledBack": 0,
2026-06-12T08:43:58.2944932+09:00       "skippedCap": 0,
2026-06-12T08:43:58.2964934+09:00       "dryRun": false,
2026-06-12T08:43:58.2984927+09:00       "actions": []
2026-06-12T08:43:58.2994930+09:00     }
2026-06-12T08:43:58.2994930+09:00   },
2026-06-12T08:43:58.2994930+09:00   "dispatch": {
2026-06-12T08:43:58.3046104+09:00     "claimed": 2,
2026-06-12T08:43:58.3046104+09:00     "done": 2,
2026-06-12T08:43:58.3046104+09:00     "failed": 0
2026-06-12T08:43:58.3096647+09:00   },
2026-06-12T08:43:58.3096647+09:00   "step4_poll": {
2026-06-12T08:43:58.3096647+09:00     "scanned": 7,
2026-06-12T08:43:58.3096647+09:00     "awaiting": 2,
2026-06-12T08:43:58.3162552+09:00     "polled": 0,
2026-06-12T08:43:58.3183045+09:00     "picks_applied": 0,
2026-06-12T08:43:58.3203021+09:00     "pick_errors": 0,
2026-06-12T08:43:58.3213022+09:00     "timeouts": 0,
2026-06-12T08:43:58.3233034+09:00     "skipped": 0,
2026-06-12T08:43:58.3243033+09:00     "results": [
2026-06-12T08:43:58.3263033+09:00       {
2026-06-12T08:43:58.3275492+09:00         "task_id": "daily-20260611-r02",
2026-06-12T08:43:58.3285501+09:00         "result": {
2026-06-12T08:43:58.3305504+09:00           "outcome": "no_new_messages"
2026-06-12T08:43:58.3317157+09:00         }
2026-06-12T08:43:58.3330988+09:00       },
2026-06-12T08:43:58.3351551+09:00       {
2026-06-12T08:43:58.3351551+09:00         "task_id": "daily-20260611-r03",
2026-06-12T08:43:58.3351551+09:00         "result": {
2026-06-12T08:43:58.3351551+09:00           "outcome": "no_new_messages"
2026-06-12T08:43:58.3402263+09:00         }
2026-06-12T08:43:58.3402263+09:00       }
2026-06-12T08:43:58.3402263+09:00     ]
2026-06-12T08:43:58.3402263+09:00   },
2026-06-12T08:43:58.3461269+09:00   "step7_retry_poll": {
2026-06-12T08:43:58.3482112+09:00     "scanned": 7,
2026-06-12T08:43:58.3497680+09:00     "eligible": 4,
2026-06-12T08:43:58.3508315+09:00     "polled": 0,
2026-06-12T08:43:58.3528670+09:00     "retries_triggered": 0,
2026-06-12T08:43:58.3538304+09:00     "retry_errors": 0,
2026-06-12T08:43:58.3548663+09:00     "skipped": 0,
2026-06-12T08:43:58.3568655+09:00     "results": []
2026-06-12T08:43:58.3578300+09:00   }
2026-06-12T08:43:58.3578300+09:00 }
2026-06-12T08:43:58.3629038+09:00 OK run-once finished
2026-06-12T08:48:55.8284532+09:00 START dispatch-run-once
2026-06-12T08:48:56.2190056+09:00 
2026-06-12T08:48:56.2254557+09:00 > orchestrator
2026-06-12T08:48:56.2275316+09:00 > tsx src/cli/orchestrator.ts run-once --limit 10
2026-06-12T08:48:56.2296716+09:00 
2026-06-12T08:48:58.6707124+09:00 {
2026-06-12T08:48:58.6816826+09:00   "ensure_daily": {
2026-06-12T08:48:58.6925856+09:00     "runs": [
2026-06-12T08:48:58.7026683+09:00       {
2026-06-12T08:48:58.7123200+09:00         "run_id": "r01",
2026-06-12T08:48:58.7174596+09:00         "action": "not_due",
2026-06-12T08:48:58.7238439+09:00         "taskId": "daily-20260612-r01",
2026-06-12T08:48:58.7248575+09:00         "reason": "jst_hour=8"
2026-06-12T08:48:58.7303263+09:00       },
2026-06-12T08:48:58.7503365+09:00       {
2026-06-12T08:48:58.7554686+09:00         "run_id": "r02",
2026-06-12T08:48:58.7554686+09:00         "action": "not_due",
2026-06-12T08:48:58.7554686+09:00         "taskId": "daily-20260612-r02",
2026-06-12T08:48:58.7605406+09:00         "reason": "jst_hour=8"
2026-06-12T08:48:58.7605406+09:00       },
2026-06-12T08:48:58.7605406+09:00       {
2026-06-12T08:48:58.7691270+09:00         "run_id": "r03",
2026-06-12T08:48:58.7721112+09:00         "action": "not_due",
2026-06-12T08:48:58.7738241+09:00         "taskId": "daily-20260612-r03",
2026-06-12T08:48:58.7748321+09:00         "reason": "jst_hour=8"
2026-06-12T08:48:58.7768324+09:00       }
2026-06-12T08:48:58.7785954+09:00     ]
2026-06-12T08:48:58.7785954+09:00   },
2026-06-12T08:48:58.7785954+09:00   "reconcile": {
2026-06-12T08:48:58.7830662+09:00     "resetProcessing": 0,
2026-06-12T08:48:58.7830662+09:00     "inserted": 2,
2026-06-12T08:48:58.7830662+09:00     "scanned": 7,
2026-06-12T08:48:58.7830662+09:00     "stale": {
2026-06-12T08:48:58.7880798+09:00       "scanned": 7,
2026-06-12T08:48:58.7900888+09:00       "staleDetected": 0,
2026-06-12T08:48:58.7920960+09:00       "rolledBack": 0,
2026-06-12T08:48:58.7940064+09:00       "skippedCap": 0,
2026-06-12T08:48:58.7962378+09:00       "dryRun": false,
2026-06-12T08:48:58.7972368+09:00       "actions": []
2026-06-12T08:48:58.7992365+09:00     }
2026-06-12T08:48:58.8002391+09:00   },
2026-06-12T08:48:58.8022397+09:00   "dispatch": {
2026-06-12T08:48:58.8035521+09:00     "claimed": 2,
2026-06-12T08:48:58.8035521+09:00     "done": 2,
2026-06-12T08:48:58.8035521+09:00     "failed": 0
2026-06-12T08:48:58.8035521+09:00   },
2026-06-12T08:48:58.8083666+09:00   "step4_poll": {
2026-06-12T08:48:58.8083666+09:00     "scanned": 7,
2026-06-12T08:48:58.8083666+09:00     "awaiting": 2,
2026-06-12T08:48:58.8133957+09:00     "polled": 0,
2026-06-12T08:48:58.8133957+09:00     "picks_applied": 0,
2026-06-12T08:48:58.8133957+09:00     "pick_errors": 0,
2026-06-12T08:48:58.8186411+09:00     "timeouts": 0,
2026-06-12T08:48:58.8186411+09:00     "skipped": 0,
2026-06-12T08:48:58.8186411+09:00     "results": [
2026-06-12T08:48:58.8186411+09:00       {
2026-06-12T08:48:58.8251044+09:00         "task_id": "daily-20260611-r02",
2026-06-12T08:48:58.8271773+09:00         "result": {
2026-06-12T08:48:58.8285704+09:00           "outcome": "no_new_messages"
2026-06-12T08:48:58.8306417+09:00         }
2026-06-12T08:48:58.8316432+09:00       },
2026-06-12T08:48:58.8336434+09:00       {
2026-06-12T08:48:58.8356417+09:00         "task_id": "daily-20260611-r03",
2026-06-12T08:48:58.8369230+09:00         "result": {
2026-06-12T08:48:58.8369230+09:00           "outcome": "no_new_messages"
2026-06-12T08:48:58.8427611+09:00         }
2026-06-12T08:48:58.8427611+09:00       }
2026-06-12T08:48:58.8462459+09:00     ]
2026-06-12T08:48:58.8462459+09:00   },
2026-06-12T08:48:58.8462459+09:00   "step7_retry_poll": {
2026-06-12T08:48:58.8518878+09:00     "scanned": 7,
2026-06-12T08:48:58.8533080+09:00     "eligible": 4,
2026-06-12T08:48:58.8545740+09:00     "polled": 0,
2026-06-12T08:48:58.8565724+09:00     "retries_triggered": 0,
2026-06-12T08:48:58.8575724+09:00     "retry_errors": 0,
2026-06-12T08:48:58.8595727+09:00     "skipped": 0,
2026-06-12T08:48:58.8605736+09:00     "results": []
2026-06-12T08:48:58.8619298+09:00   }
2026-06-12T08:48:58.8619298+09:00 }
2026-06-12T08:48:58.8619298+09:00 OK run-once finished
2026-06-12T08:53:54.2972265+09:00 START dispatch-run-once
2026-06-12T08:53:54.6875807+09:00 
2026-06-12T08:53:54.6936825+09:00 > orchestrator
2026-06-12T08:53:54.6957356+09:00 > tsx src/cli/orchestrator.ts run-once --limit 10
2026-06-12T08:53:54.6977360+09:00 
2026-06-12T08:53:57.1046561+09:00 {
2026-06-12T08:53:57.1161200+09:00   "ensure_daily": {
2026-06-12T08:53:57.1243841+09:00     "runs": [
2026-06-12T08:53:57.1343242+09:00       {
2026-06-12T08:53:57.1411906+09:00         "run_id": "r01",
2026-06-12T08:53:57.1461911+09:00         "action": "not_due",
2026-06-12T08:53:57.1491458+09:00         "taskId": "daily-20260612-r01",
2026-06-12T08:53:57.1491458+09:00         "reason": "jst_hour=8"
2026-06-12T08:53:57.1491458+09:00       },
2026-06-12T08:53:57.1708855+09:00       {
2026-06-12T08:53:57.1728837+09:00         "run_id": "r02",
2026-06-12T08:53:57.1738843+09:00         "action": "not_due",
2026-06-12T08:53:57.1791465+09:00         "taskId": "daily-20260612-r02",
2026-06-12T08:53:57.1791465+09:00         "reason": "jst_hour=8"
2026-06-12T08:53:57.1791465+09:00       },
2026-06-12T08:53:57.1842822+09:00       {
2026-06-12T08:53:57.1842822+09:00         "run_id": "r03",
2026-06-12T08:53:57.1842822+09:00         "action": "not_due",
2026-06-12T08:53:57.1904611+09:00         "taskId": "daily-20260612-r03",
2026-06-12T08:53:57.1925204+09:00         "reason": "jst_hour=8"
2026-06-12T08:53:57.1945201+09:00       }
2026-06-12T08:53:57.1955196+09:00     ]
2026-06-12T08:53:57.1975255+09:00   },
2026-06-12T08:53:57.1985197+09:00   "reconcile": {
2026-06-12T08:53:57.2005205+09:00     "resetProcessing": 0,
2026-06-12T08:53:57.2017741+09:00     "inserted": 2,
2026-06-12T08:53:57.2029396+09:00     "scanned": 7,
2026-06-12T08:53:57.2049502+09:00     "stale": {
2026-06-12T08:53:57.2059502+09:00       "scanned": 7,
2026-06-12T08:53:57.2085111+09:00       "staleDetected": 0,
2026-06-12T08:53:57.2095111+09:00       "rolledBack": 0,
2026-06-12T08:53:57.2095111+09:00       "skippedCap": 0,
2026-06-12T08:53:57.2095111+09:00       "dryRun": false,
2026-06-12T08:53:57.2148057+09:00       "actions": []
2026-06-12T08:53:57.2148057+09:00     }
2026-06-12T08:53:57.2148057+09:00   },
2026-06-12T08:53:57.2148057+09:00   "dispatch": {
2026-06-12T08:53:57.2220114+09:00     "claimed": 2,
2026-06-12T08:53:57.2230122+09:00     "done": 2,
2026-06-12T08:53:57.2251443+09:00     "failed": 0
2026-06-12T08:53:57.2261529+09:00   },
2026-06-12T08:53:57.2281509+09:00   "step4_poll": {
2026-06-12T08:53:57.2291528+09:00     "scanned": 7,
2026-06-12T08:53:57.2301514+09:00     "awaiting": 2,
2026-06-12T08:53:57.2321839+09:00     "polled": 0,
2026-06-12T08:53:57.2321839+09:00     "picks_applied": 0,
2026-06-12T08:53:57.2321839+09:00     "pick_errors": 0,
2026-06-12T08:53:57.2373967+09:00     "timeouts": 0,
2026-06-12T08:53:57.2373967+09:00     "skipped": 0,
2026-06-12T08:53:57.2412101+09:00     "results": [
2026-06-12T08:53:57.2432735+09:00       {
2026-06-12T08:53:57.2442751+09:00         "task_id": "daily-20260611-r02",
2026-06-12T08:53:57.2462734+09:00         "result": {
2026-06-12T08:53:57.2472738+09:00           "outcome": "no_new_messages"
2026-06-12T08:53:57.2490818+09:00         }
2026-06-12T08:53:57.2511494+09:00       },
2026-06-12T08:53:57.2521482+09:00       {
2026-06-12T08:53:57.2541484+09:00         "task_id": "daily-20260611-r03",
2026-06-12T08:53:57.2551489+09:00         "result": {
2026-06-12T08:53:57.2561493+09:00           "outcome": "no_new_messages"
2026-06-12T08:53:57.2571484+09:00         }
2026-06-12T08:53:57.2571484+09:00       }
2026-06-12T08:53:57.2571484+09:00     ]
2026-06-12T08:53:57.2622906+09:00   },
2026-06-12T08:53:57.2622906+09:00   "step7_retry_poll": {
2026-06-12T08:53:57.2658018+09:00     "scanned": 7,
2026-06-12T08:53:57.2672245+09:00     "eligible": 4,
2026-06-12T08:53:57.2682245+09:00     "polled": 0,
2026-06-12T08:53:57.2702236+09:00     "retries_triggered": 0,
2026-06-12T08:53:57.2712239+09:00     "retry_errors": 0,
2026-06-12T08:53:57.2722235+09:00     "skipped": 0,
2026-06-12T08:53:57.2740785+09:00     "results": []
2026-06-12T08:53:57.2761985+09:00   }
2026-06-12T08:53:57.2771996+09:00 }
2026-06-12T08:53:57.2791964+09:00 OK run-once finished
2026-06-12T08:58:54.5345891+09:00 START dispatch-run-once
2026-06-12T08:58:54.9427827+09:00 
2026-06-12T08:58:54.9446720+09:00 > orchestrator
2026-06-12T08:58:54.9472511+09:00 > tsx src/cli/orchestrator.ts run-once --limit 10
2026-06-12T08:58:54.9492597+09:00 
2026-06-12T08:58:58.6430034+09:00 2026-06-11T23:58:58.639Z [info] [Step5 research daily-20260611-r02/9583626c462bd423] [-] run_agent start {"timeout_ms":600000,"idempotency_key":"step5-research-daily-20260611-r02-r02-9583626c462bd423-1781222338638"}
2026-06-12T08:58:58.6460100+09:00 2026-06-11T23:58:58.641Z [info] [Step5 research daily-20260611-r02/9583626c462bd423] [-] rpc agent begin {"timeout_ms":600000}
2026-06-12T08:58:58.7193667+09:00 2026-06-11T23:58:58.717Z [info] [Step5 research daily-20260611-r02/9583626c462bd423] [-] rpc agent ok {"duration_ms":76}
2026-06-12T08:58:58.7193667+09:00 2026-06-11T23:58:58.717Z [info] [Step5 research daily-20260611-r02/9583626c462bd423] [-] rpc agent.wait begin {"timeout_ms":600000}
2026-06-12T08:59:07.8108160+09:00 2026-06-11T23:59:07.804Z [info] [Step5 research daily-20260611-r02/9583626c462bd423] [-] rpc agent.wait ok {"duration_ms":9087}
2026-06-12T08:59:07.8219664+09:00 2026-06-11T23:59:07.807Z [info] [Step5 research daily-20260611-r02/9583626c462bd423] [-] rpc chat.history begin {"timeout_ms":600000}
2026-06-12T08:59:07.8932661+09:00 2026-06-11T23:59:07.890Z [info] [Step5 research daily-20260611-r02/9583626c462bd423] [-] rpc chat.history ok {"duration_ms":83}
2026-06-12T08:59:07.8970995+09:00 2026-06-11T23:59:07.891Z [info] [Step5 research daily-20260611-r02/9583626c462bd423] [-] run_agent done {"duration_ms":9252,"gateway_run_id":"step5-research-daily-20260611-r02-r02-9583626c462bd423-1781222338638","content_chars":2713}
2026-06-12T08:59:08.1788179+09:00 2026-06-11T23:59:08.158Z [info] [Step5 research daily-20260611-r03/custom_ae963a0c251a5d76] [-] run_agent start {"timeout_ms":600000,"idempotency_key":"step5-research-daily-20260611-r03-r03-custom_ae963a0c251a5d76-1781222348158"}
2026-06-12T08:59:08.1788179+09:00 2026-06-11T23:59:08.159Z [info] [Step5 research daily-20260611-r03/custom_ae963a0c251a5d76] [-] rpc agent begin {"timeout_ms":600000}
2026-06-12T08:59:08.2082143+09:00 2026-06-11T23:59:08.207Z [info] [Step5 research daily-20260611-r03/custom_ae963a0c251a5d76] [-] rpc agent ok {"duration_ms":48}
2026-06-12T08:59:08.2116080+09:00 2026-06-11T23:59:08.208Z [info] [Step5 research daily-20260611-r03/custom_ae963a0c251a5d76] [-] rpc agent.wait begin {"timeout_ms":600000}
2026-06-12T08:59:18.4941251+09:00 2026-06-11T23:59:18.491Z [info] [Step5 research daily-20260611-r03/custom_ae963a0c251a5d76] [-] rpc agent.wait ok {"duration_ms":10283}
2026-06-12T08:59:18.4961332+09:00 2026-06-11T23:59:18.492Z [info] [Step5 research daily-20260611-r03/custom_ae963a0c251a5d76] [-] rpc chat.history begin {"timeout_ms":600000}
2026-06-12T08:59:18.5400981+09:00 2026-06-11T23:59:18.537Z [info] [Step5 research daily-20260611-r03/custom_ae963a0c251a5d76] [-] rpc chat.history ok {"duration_ms":45}
2026-06-12T08:59:18.5430956+09:00 2026-06-11T23:59:18.538Z [info] [Step5 research daily-20260611-r03/custom_ae963a0c251a5d76] [-] run_agent done {"duration_ms":10380,"gateway_run_id":"step5-research-daily-20260611-r03-r03-custom_ae963a0c251a5d76-1781222348158","content_chars":1360}
2026-06-12T08:59:18.8103820+09:00 2026-06-11T23:59:18.807Z [info] [Step6 copy daily-20260611-r02/9583626c462bd423 attempt=1] [-] run_agent start {"timeout_ms":600000,"idempotency_key":"step6-copy-daily-20260611-r02-r02-9583626c462bd423-1781222358806-1"}
2026-06-12T08:59:18.8137930+09:00 2026-06-11T23:59:18.808Z [info] [Step6 copy daily-20260611-r02/9583626c462bd423 attempt=1] [-] rpc agent begin {"timeout_ms":600000}
2026-06-12T08:59:18.8658035+09:00 2026-06-11T23:59:18.862Z [info] [Step6 copy daily-20260611-r02/9583626c462bd423 attempt=1] [-] rpc agent ok {"duration_ms":54}
2026-06-12T08:59:18.8678871+09:00 2026-06-11T23:59:18.863Z [info] [Step6 copy daily-20260611-r02/9583626c462bd423 attempt=1] [-] rpc agent.wait begin {"timeout_ms":600000}
2026-06-12T08:59:31.6315187+09:00 2026-06-11T23:59:31.628Z [info] [Step6 copy daily-20260611-r02/9583626c462bd423 attempt=1] [-] rpc agent.wait ok {"duration_ms":12765}
2026-06-12T08:59:31.6358507+09:00 2026-06-11T23:59:31.629Z [info] [Step6 copy daily-20260611-r02/9583626c462bd423 attempt=1] [-] rpc chat.history begin {"timeout_ms":600000}
2026-06-12T08:59:31.6794455+09:00 2026-06-11T23:59:31.680Z [info] [Step6 copy daily-20260611-r02/9583626c462bd423 attempt=1] [-] rpc chat.history ok {"duration_ms":51}
2026-06-12T08:59:31.6845283+09:00 2026-06-11T23:59:31.681Z [info] [Step6 copy daily-20260611-r02/9583626c462bd423 attempt=1] [-] run_agent done {"duration_ms":12874,"gateway_run_id":"step6-copy-daily-20260611-r02-r02-9583626c462bd423-1781222358806-1","content_chars":3033}
2026-06-12T08:59:31.6845283+09:00 [content-copy] daily-20260611-r02/9583626c462bd423: CONTENT_COPY_DRAFT_LIMIT: X (x) body: 294 chars, max 200 窶・retry 2/3
2026-06-12T08:59:31.6926714+09:00 2026-06-11T23:59:31.683Z [info] [Step6 copy daily-20260611-r02/9583626c462bd423 attempt=2] [-] run_agent start {"timeout_ms":600000,"idempotency_key":"step6-copy-daily-20260611-r02-r02-9583626c462bd423-1781222371682-2"}
2026-06-12T08:59:31.6972813+09:00 2026-06-11T23:59:31.683Z [info] [Step6 copy daily-20260611-r02/9583626c462bd423 attempt=2] [-] rpc agent begin {"timeout_ms":600000}
2026-06-12T08:59:31.7480357+09:00 2026-06-11T23:59:31.745Z [info] [Step6 copy daily-20260611-r02/9583626c462bd423 attempt=2] [-] rpc agent ok {"duration_ms":62}
2026-06-12T08:59:31.7550367+09:00 2026-06-11T23:59:31.745Z [info] [Step6 copy daily-20260611-r02/9583626c462bd423 attempt=2] [-] rpc agent.wait begin {"timeout_ms":600000}
2026-06-12T08:59:44.2609311+09:00 2026-06-11T23:59:44.258Z [info] [Step6 copy daily-20260611-r02/9583626c462bd423 attempt=2] [-] rpc agent.wait ok {"duration_ms":12513}
2026-06-12T08:59:44.2639802+09:00 2026-06-11T23:59:44.259Z [info] [Step6 copy daily-20260611-r02/9583626c462bd423 attempt=2] [-] rpc chat.history begin {"timeout_ms":600000}
2026-06-12T08:59:44.5395813+09:00 2026-06-11T23:59:44.536Z [info] [Step6 copy daily-20260611-r02/9583626c462bd423 attempt=2] [-] rpc chat.history ok {"duration_ms":277}
2026-06-12T08:59:44.5415780+09:00 2026-06-11T23:59:44.537Z [info] [Step6 copy daily-20260611-r02/9583626c462bd423 attempt=2] [-] run_agent done {"duration_ms":12854,"gateway_run_id":"step6-copy-daily-20260611-r02-r02-9583626c462bd423-1781222371682-2","content_chars":2901}
2026-06-12T08:59:44.5435811+09:00 [content-copy] daily-20260611-r02/9583626c462bd423: CONTENT_COPY_DRAFT_LIMIT: X (x) body: 255 chars, max 200 窶・retry 3/3
2026-06-12T08:59:44.5445827+09:00 2026-06-11T23:59:44.538Z [info] [Step6 copy daily-20260611-r02/9583626c462bd423 attempt=3] [-] run_agent start {"timeout_ms":600000,"idempotency_key":"step6-copy-daily-20260611-r02-r02-9583626c462bd423-1781222384538-3"}
2026-06-12T08:59:44.5445827+09:00 2026-06-11T23:59:44.538Z [info] [Step6 copy daily-20260611-r02/9583626c462bd423 attempt=3] [-] rpc agent begin {"timeout_ms":600000}
2026-06-12T08:59:44.6020843+09:00 2026-06-11T23:59:44.599Z [info] [Step6 copy daily-20260611-r02/9583626c462bd423 attempt=3] [-] rpc agent ok {"duration_ms":61}
2026-06-12T08:59:44.6020843+09:00 2026-06-11T23:59:44.600Z [info] [Step6 copy daily-20260611-r02/9583626c462bd423 attempt=3] [-] rpc agent.wait begin {"timeout_ms":600000}
2026-06-12T08:59:56.3744788+09:00 2026-06-11T23:59:56.371Z [info] [Step6 copy daily-20260611-r02/9583626c462bd423 attempt=3] [-] rpc agent.wait ok {"duration_ms":11771}
2026-06-12T08:59:56.3825423+09:00 2026-06-11T23:59:56.374Z [info] [Step6 copy daily-20260611-r02/9583626c462bd423 attempt=3] [-] rpc chat.history begin {"timeout_ms":600000}
2026-06-12T08:59:56.4517854+09:00 2026-06-11T23:59:56.452Z [info] [Step6 copy daily-20260611-r02/9583626c462bd423 attempt=3] [-] rpc chat.history ok {"duration_ms":78}
2026-06-12T08:59:56.4569475+09:00 2026-06-11T23:59:56.453Z [info] [Step6 copy daily-20260611-r02/9583626c462bd423 attempt=3] [-] run_agent done {"duration_ms":11915,"gateway_run_id":"step6-copy-daily-20260611-r02-r02-9583626c462bd423-1781222384538-3","content_chars":2888}
2026-06-12T08:59:56.4860690+09:00 [content-copy] daily-20260611-r02/9583626c462bd423: limits still exceeded after 3 attempts; applied local clamp (CONTENT_COPY_DRAFT_LIMIT: 蟆冗ｺ｢荵ｦ (xiaohongshu) title: 19 chars, max 16; X (x) body: 332 chars, max 200)
2026-06-12T09:00:15.3348901+09:00 2026-06-12T00:00:15.336Z [info] [Step6 copy daily-20260611-r03/custom_ae963a0c251a5d76 attempt=1] [-] run_agent start {"timeout_ms":600000,"idempotency_key":"step6-copy-daily-20260611-r03-r03-custom_ae963a0c251a5d76-1781222415336-1"}
2026-06-12T09:00:15.3348901+09:00 2026-06-12T00:00:15.336Z [info] [Step6 copy daily-20260611-r03/custom_ae963a0c251a5d76 attempt=1] [-] rpc agent begin {"timeout_ms":600000}
2026-06-12T09:00:15.3981545+09:00 2026-06-12T00:00:15.401Z [info] [Step6 copy daily-20260611-r03/custom_ae963a0c251a5d76 attempt=1] [-] rpc agent ok {"duration_ms":65}
2026-06-12T09:00:15.4035759+09:00 2026-06-12T00:00:15.401Z [info] [Step6 copy daily-20260611-r03/custom_ae963a0c251a5d76 attempt=1] [-] rpc agent.wait begin {"timeout_ms":600000}
2026-06-12T09:01:07.0938241+09:00 2026-06-12T00:01:07.090Z [info] [Step6 copy daily-20260611-r03/custom_ae963a0c251a5d76 attempt=1] [-] rpc agent.wait ok {"duration_ms":51689}
2026-06-12T09:01:07.0938241+09:00 2026-06-12T00:01:07.091Z [info] [Step6 copy daily-20260611-r03/custom_ae963a0c251a5d76 attempt=1] [-] rpc chat.history begin {"timeout_ms":600000}
2026-06-12T09:01:07.1392630+09:00 2026-06-12T00:01:07.136Z [info] [Step6 copy daily-20260611-r03/custom_ae963a0c251a5d76 attempt=1] [-] rpc chat.history ok {"duration_ms":45}
2026-06-12T09:01:07.1417766+09:00 2026-06-12T00:01:07.136Z [info] [Step6 copy daily-20260611-r03/custom_ae963a0c251a5d76 attempt=1] [-] run_agent done {"duration_ms":51800,"gateway_run_id":"step6-copy-daily-20260611-r03-r03-custom_ae963a0c251a5d76-1781222415336-1","content_chars":366}
2026-06-12T09:02:02.7032555+09:00 2026-06-12T00:02:02.699Z [info] [Step6 copy daily-20260611-r03/custom_ae963a0c251a5d76 attempt=1] [-] run_agent start {"timeout_ms":600000,"idempotency_key":"step6-copy-daily-20260611-r03-r03-custom_ae963a0c251a5d76-1781222522699-1"}
2026-06-12T09:02:02.7052549+09:00 2026-06-12T00:02:02.699Z [info] [Step6 copy daily-20260611-r03/custom_ae963a0c251a5d76 attempt=1] [-] rpc agent begin {"timeout_ms":600000}
2026-06-12T09:02:02.7634997+09:00 2026-06-12T00:02:02.760Z [info] [Step6 copy daily-20260611-r03/custom_ae963a0c251a5d76 attempt=1] [-] rpc agent ok {"duration_ms":61}
2026-06-12T09:02:02.7655094+09:00 2026-06-12T00:02:02.760Z [info] [Step6 copy daily-20260611-r03/custom_ae963a0c251a5d76 attempt=1] [-] rpc agent.wait begin {"timeout_ms":600000}
2026-06-12T09:02:15.2086361+09:00 2026-06-12T00:02:15.208Z [info] [Step6 copy daily-20260611-r03/custom_ae963a0c251a5d76 attempt=1] [-] rpc agent.wait ok {"duration_ms":12448}
2026-06-12T09:02:15.2232456+09:00 2026-06-12T00:02:15.210Z [info] [Step6 copy daily-20260611-r03/custom_ae963a0c251a5d76 attempt=1] [-] rpc chat.history begin {"timeout_ms":600000}
2026-06-12T09:02:15.2768278+09:00 2026-06-12T00:02:15.274Z [info] [Step6 copy daily-20260611-r03/custom_ae963a0c251a5d76 attempt=1] [-] rpc chat.history ok {"duration_ms":64}
2026-06-12T09:02:15.2789390+09:00 2026-06-12T00:02:15.275Z [info] [Step6 copy daily-20260611-r03/custom_ae963a0c251a5d76 attempt=1] [-] run_agent done {"duration_ms":12576,"gateway_run_id":"step6-copy-daily-20260611-r03-r03-custom_ae963a0c251a5d76-1781222522699-1","content_chars":3158}
2026-06-12T09:02:15.3376283+09:00 [content-copy] daily-20260611-r03/custom_ae963a0c251a5d76: CONTENT_COPY_DRAFT_LIMIT: X (x) body: 276 chars, max 200 窶・retry 2/3
2026-06-12T09:02:15.3396273+09:00 2026-06-12T00:02:15.336Z [info] [Step6 copy daily-20260611-r03/custom_ae963a0c251a5d76 attempt=2] [-] run_agent start {"timeout_ms":600000,"idempotency_key":"step6-copy-daily-20260611-r03-r03-custom_ae963a0c251a5d76-1781222535336-2"}
2026-06-12T09:02:15.3416282+09:00 2026-06-12T00:02:15.336Z [info] [Step6 copy daily-20260611-r03/custom_ae963a0c251a5d76 attempt=2] [-] rpc agent begin {"timeout_ms":600000}
2026-06-12T09:02:15.3755045+09:00 2026-06-12T00:02:15.373Z [info] [Step6 copy daily-20260611-r03/custom_ae963a0c251a5d76 attempt=2] [-] rpc agent ok {"duration_ms":37}
2026-06-12T09:02:15.3790218+09:00 2026-06-12T00:02:15.374Z [info] [Step6 copy daily-20260611-r03/custom_ae963a0c251a5d76 attempt=2] [-] rpc agent.wait begin {"timeout_ms":600000}
2026-06-12T09:02:36.7689445+09:00 2026-06-12T00:02:36.766Z [info] [Step6 copy daily-20260611-r03/custom_ae963a0c251a5d76 attempt=2] [-] rpc agent.wait ok {"duration_ms":21392}
2026-06-12T09:02:36.7710831+09:00 2026-06-12T00:02:36.767Z [info] [Step6 copy daily-20260611-r03/custom_ae963a0c251a5d76 attempt=2] [-] rpc chat.history begin {"timeout_ms":600000}
2026-06-12T09:02:37.1155898+09:00 2026-06-12T00:02:37.112Z [info] [Step6 copy daily-20260611-r03/custom_ae963a0c251a5d76 attempt=2] [-] rpc chat.history ok {"duration_ms":345}
2026-06-12T09:02:37.1196286+09:00 2026-06-12T00:02:37.113Z [info] [Step6 copy daily-20260611-r03/custom_ae963a0c251a5d76 attempt=2] [-] run_agent done {"duration_ms":21777,"gateway_run_id":"step6-copy-daily-20260611-r03-r03-custom_ae963a0c251a5d76-1781222535336-2","content_chars":3126}
2026-06-12T09:02:37.1236288+09:00 [content-copy] daily-20260611-r03/custom_ae963a0c251a5d76: CONTENT_COPY_DRAFT_LIMIT: X (x) body: 284 chars, max 200 窶・retry 3/3
2026-06-12T09:02:37.1268723+09:00 2026-06-12T00:02:37.115Z [info] [Step6 copy daily-20260611-r03/custom_ae963a0c251a5d76 attempt=3] [-] run_agent start {"timeout_ms":600000,"idempotency_key":"step6-copy-daily-20260611-r03-r03-custom_ae963a0c251a5d76-1781222557115-3"}
2026-06-12T09:02:37.1317768+09:00 2026-06-12T00:02:37.116Z [info] [Step6 copy daily-20260611-r03/custom_ae963a0c251a5d76 attempt=3] [-] rpc agent begin {"timeout_ms":600000}
2026-06-12T09:02:37.1897063+09:00 2026-06-12T00:02:37.187Z [info] [Step6 copy daily-20260611-r03/custom_ae963a0c251a5d76 attempt=3] [-] rpc agent ok {"duration_ms":71}
2026-06-12T09:02:37.1913903+09:00 2026-06-12T00:02:37.188Z [info] [Step6 copy daily-20260611-r03/custom_ae963a0c251a5d76 attempt=3] [-] rpc agent.wait begin {"timeout_ms":600000}
2026-06-12T09:02:49.8984320+09:00 2026-06-12T00:02:49.896Z [info] [Step6 copy daily-20260611-r03/custom_ae963a0c251a5d76 attempt=3] [-] rpc agent.wait ok {"duration_ms":12708}
2026-06-12T09:02:49.9010759+09:00 2026-06-12T00:02:49.897Z [info] [Step6 copy daily-20260611-r03/custom_ae963a0c251a5d76 attempt=3] [-] rpc chat.history begin {"timeout_ms":600000}
2026-06-12T09:02:49.9447071+09:00 2026-06-12T00:02:49.943Z [info] [Step6 copy daily-20260611-r03/custom_ae963a0c251a5d76 attempt=3] [-] rpc chat.history ok {"duration_ms":46}
2026-06-12T09:02:49.9477085+09:00 2026-06-12T00:02:49.943Z [info] [Step6 copy daily-20260611-r03/custom_ae963a0c251a5d76 attempt=3] [-] run_agent done {"duration_ms":12828,"gateway_run_id":"step6-copy-daily-20260611-r03-r03-custom_ae963a0c251a5d76-1781222557115-3","content_chars":2867}
2026-06-12T09:02:49.9516127+09:00 [content-copy] daily-20260611-r03/custom_ae963a0c251a5d76: limits still exceeded after 3 attempts; applied local clamp (CONTENT_COPY_DRAFT_LIMIT: X (x) body: 316 chars, max 200)
2026-06-12T09:03:24.1428027+09:00 [2026-06-12T00:03:24.143Z] 蠑蟋句書蟶・mode=post platform=xiaohongshu profile=default job=C:\Users\compu\.openclaw\publish-system\data\tasks\daily-20260611-r03\publish\publish_job_20260612_r03.json
2026-06-12T09:03:28.6129084+09:00 [2026-06-12T00:03:28.610Z] 逋ｻ蠖墓∝ｷｲ菫晏ｭ・ C:\Users\compu\.openclaw\publish-system\data\auth\xiaohongshu\default\state.json
2026-06-12T09:03:28.9786538+09:00 [2026-06-12T00:03:28.978Z] 扈捺棡蟾ｲ菫晏ｭ・ C:\Users\compu\.openclaw\publish-system\logs\task\daily-20260611-r03\xiaohongshu\default\result.json
2026-06-12T09:03:28.9816546+09:00 [2026-06-12T00:03:28.980Z] 蠑蟋句書蟶・mode=post platform=facebook profile=default job=C:\Users\compu\.openclaw\publish-system\data\tasks\daily-20260611-r03\publish\publish_job_20260612_r03.json
2026-06-12T09:03:55.6795950+09:00 START dispatch-run-once
2026-06-12T09:03:56.2018100+09:00 
2026-06-12T09:03:56.2035502+09:00 > orchestrator
2026-06-12T09:03:56.2035502+09:00 > tsx src/cli/orchestrator.ts run-once --limit 10
2026-06-12T09:03:56.2035502+09:00 
2026-06-12T09:04:35.1671301+09:00 [2026-06-12T00:04:35.159Z] 蠑蟋句書蟶・mode=post platform=xiaohongshu profile=default job=C:\Users\compu\.openclaw\publish-system\data\tasks\daily-20260611-r02\publish\publish_job_20260612_r02.json
2026-06-12T09:04:38.8507291+09:00 [2026-06-12T00:04:38.849Z] 逋ｻ蠖墓∝ｷｲ菫晏ｭ・ C:\Users\compu\.openclaw\publish-system\data\auth\xiaohongshu\default\state.json
2026-06-12T09:04:39.1733162+09:00 [2026-06-12T00:04:39.173Z] 扈捺棡蟾ｲ菫晏ｭ・ C:\Users\compu\.openclaw\publish-system\logs\task\daily-20260611-r02\xiaohongshu\default\result.json
2026-06-12T09:04:39.1773843+09:00 [2026-06-12T00:04:39.176Z] 蠑蟋句書蟶・mode=post platform=facebook profile=default job=C:\Users\compu\.openclaw\publish-system\data\tasks\daily-20260611-r02\publish\publish_job_20260612_r02.json
2026-06-12T09:04:42.5471240+09:00 [2026-06-12T00:04:42.545Z] 逋ｻ蠖墓∝ｷｲ菫晏ｭ・ C:\Users\compu\.openclaw\publish-system\data\auth\facebook\default\state.json
2026-06-12T09:04:43.0382290+09:00 [2026-06-12T00:04:43.038Z] 扈捺棡蟾ｲ菫晏ｭ・ C:\Users\compu\.openclaw\publish-system\logs\task\daily-20260611-r03\facebook\default\result.json
2026-06-12T09:04:43.0420122+09:00 [2026-06-12T00:04:43.040Z] 蠑蟋句書蟶・mode=post platform=x profile=default job=C:\Users\compu\.openclaw\publish-system\data\tasks\daily-20260611-r03\publish\publish_job_20260612_r03.json
2026-06-12T09:05:50.1132257+09:00 [2026-06-12T00:05:50.113Z] 逋ｻ蠖墓∝ｷｲ菫晏ｭ・ C:\Users\compu\.openclaw\publish-system\data\auth\x\default\state.json
2026-06-12T09:05:50.4626554+09:00 [2026-06-12T00:05:50.462Z] 扈捺棡蟾ｲ菫晏ｭ・ C:\Users\compu\.openclaw\publish-system\logs\task\daily-20260611-r03\x\default\result.json
2026-06-12T09:05:50.4652904+09:00 [2026-06-12T00:05:50.463Z] 蠑蟋句書蟶・mode=post platform=instagram profile=default job=C:\Users\compu\.openclaw\publish-system\data\tasks\daily-20260611-r03\publish\publish_job_20260612_r03.json
2026-06-12T09:06:09.1246867+09:00 [2026-06-12T00:06:09.119Z] 逋ｻ蠖墓∝ｷｲ菫晏ｭ・ C:\Users\compu\.openclaw\publish-system\data\auth\facebook\default\state.json
2026-06-12T09:06:09.5693151+09:00 [2026-06-12T00:06:09.565Z] 扈捺棡蟾ｲ菫晏ｭ・ C:\Users\compu\.openclaw\publish-system\logs\task\daily-20260611-r02\facebook\default\result.json
2026-06-12T09:06:09.5805197+09:00 [2026-06-12T00:06:09.577Z] 蠑蟋句書蟶・mode=post platform=x profile=default job=C:\Users\compu\.openclaw\publish-system\data\tasks\daily-20260611-r02\publish\publish_job_20260612_r02.json
2026-06-12T09:06:55.9759822+09:00 [2026-06-12T00:06:55.975Z] 逋ｻ蠖墓∝ｷｲ菫晏ｭ・ C:\Users\compu\.openclaw\publish-system\data\auth\instagram\default\state.json
2026-06-12T09:06:56.3024129+09:00 [2026-06-12T00:06:56.301Z] 扈捺棡蟾ｲ菫晏ｭ・ C:\Users\compu\.openclaw\publish-system\logs\task\daily-20260611-r03\instagram\default\result.json
2026-06-12T09:07:03.3891253+09:00 {
2026-06-12T09:07:03.4022461+09:00   "ensure_daily": {
2026-06-12T09:07:03.4097042+09:00     "runs": [
2026-06-12T09:07:03.4180553+09:00       {
2026-06-12T09:07:03.4233117+09:00         "run_id": "r01",
2026-06-12T09:07:03.4373158+09:00         "action": "not_due",
2026-06-12T09:07:03.4460394+09:00         "taskId": "daily-20260612-r01",
2026-06-12T09:07:03.4520965+09:00         "reason": "jst_hour=8"
2026-06-12T09:07:03.4590133+09:00       },
2026-06-12T09:07:03.4636663+09:00       {
2026-06-12T09:07:03.4676615+09:00         "run_id": "r02",
2026-06-12T09:07:03.4700582+09:00         "action": "not_due",
2026-06-12T09:07:03.4707007+09:00         "taskId": "daily-20260612-r02",
2026-06-12T09:07:03.4707007+09:00         "reason": "jst_hour=8"
2026-06-12T09:07:03.4751503+09:00       },
2026-06-12T09:07:03.4751503+09:00       {
2026-06-12T09:07:03.4806837+09:00         "run_id": "r03",
2026-06-12T09:07:03.4826900+09:00         "action": "not_due",
2026-06-12T09:07:03.4846896+09:00         "taskId": "daily-20260612-r03",
2026-06-12T09:07:03.4874371+09:00         "reason": "jst_hour=8"
2026-06-12T09:07:03.4905259+09:00       }
2026-06-12T09:07:03.4925219+09:00     ]
2026-06-12T09:07:03.4957316+09:00   },
2026-06-12T09:07:03.4957316+09:00   "reconcile": {
2026-06-12T09:07:03.4996192+09:00     "resetProcessing": 0,
2026-06-12T09:07:03.4996192+09:00     "inserted": 2,
2026-06-12T09:07:03.5045339+09:00     "scanned": 7,
2026-06-12T09:07:03.5065846+09:00     "stale": {
2026-06-12T09:07:03.5085838+09:00       "scanned": 7,
2026-06-12T09:07:03.5105862+09:00       "staleDetected": 0,
2026-06-12T09:07:03.5123580+09:00       "rolledBack": 0,
2026-06-12T09:07:03.5145079+09:00       "skippedCap": 0,
2026-06-12T09:07:03.5175056+09:00       "dryRun": false,
2026-06-12T09:07:03.5195042+09:00       "actions": []
2026-06-12T09:07:03.5205053+09:00     }
2026-06-12T09:07:03.5205053+09:00   },
2026-06-12T09:07:03.5205053+09:00   "dispatch": {
2026-06-12T09:07:03.5205053+09:00     "claimed": 14,
2026-06-12T09:07:03.5256155+09:00     "done": 9,
2026-06-12T09:07:03.5290338+09:00     "failed": 5
2026-06-12T09:07:03.5304600+09:00   },
2026-06-12T09:07:03.5314595+09:00   "step4_poll": {
2026-06-12T09:07:03.5334584+09:00     "scanned": 7,
2026-06-12T09:07:03.5344580+09:00     "awaiting": 2,
2026-06-12T09:07:03.5354582+09:00     "polled": 2,
2026-06-12T09:07:03.5373233+09:00     "picks_applied": 2,
2026-06-12T09:07:03.5394514+09:00     "pick_errors": 0,
2026-06-12T09:07:03.5404515+09:00     "timeouts": 0,
2026-06-12T09:07:03.5424519+09:00     "skipped": 0,
2026-06-12T09:07:03.5434484+09:00     "results": [
2026-06-12T09:07:03.5454495+09:00       {
2026-06-12T09:07:03.5454495+09:00         "task_id": "daily-20260611-r02",
2026-06-12T09:07:03.5454495+09:00         "result": {
2026-06-12T09:07:03.5454495+09:00           "outcome": "pick_applied",
2026-06-12T09:07:03.5508631+09:00           "task_id": "daily-20260611-r02"
2026-06-12T09:07:03.5508631+09:00         }
2026-06-12T09:07:03.5544111+09:00       },
2026-06-12T09:07:03.5564517+09:00       {
2026-06-12T09:07:03.5574535+09:00         "task_id": "daily-20260611-r03",
2026-06-12T09:07:03.5594548+09:00         "result": {
2026-06-12T09:07:03.5604542+09:00           "outcome": "pick_applied",
2026-06-12T09:07:03.5635475+09:00           "task_id": "daily-20260611-r03"
2026-06-12T09:07:03.5655476+09:00         }
2026-06-12T09:07:03.5675457+09:00       }
2026-06-12T09:07:03.5685456+09:00     ]
2026-06-12T09:07:03.5705458+09:00   },
2026-06-12T09:07:03.5705458+09:00   "step7_retry_poll": {
2026-06-12T09:07:03.5705458+09:00     "scanned": 8,
2026-06-12T09:07:03.5705458+09:00     "eligible": 5,
2026-06-12T09:07:03.5759890+09:00     "polled": 0,
2026-06-12T09:07:03.5759890+09:00     "retries_triggered": 0,
2026-06-12T09:07:03.5795126+09:00     "retry_errors": 0,
2026-06-12T09:07:03.5805575+09:00     "skipped": 0,
2026-06-12T09:07:03.5825630+09:00     "results": []
2026-06-12T09:07:03.5835631+09:00   }
2026-06-12T09:07:03.5845647+09:00 }
2026-06-12T09:07:03.5949398+09:00 FAIL run-once exit=1
2026-06-12T09:07:30.5557458+09:00 [2026-06-12T00:07:30.554Z] 逋ｻ蠖墓∝ｷｲ菫晏ｭ・ C:\Users\compu\.openclaw\publish-system\data\auth\x\default\state.json
2026-06-12T09:07:30.9199122+09:00 [2026-06-12T00:07:30.918Z] 扈捺棡蟾ｲ菫晏ｭ・ C:\Users\compu\.openclaw\publish-system\logs\task\daily-20260611-r02\x\default\result.json
2026-06-12T09:07:30.9405636+09:00 [2026-06-12T00:07:30.920Z] 蠑蟋句書蟶・mode=post platform=instagram profile=default job=C:\Users\compu\.openclaw\publish-system\data\tasks\daily-20260611-r02\publish\publish_job_20260612_r02.json
2026-06-12T09:08:39.5567888+09:00 [2026-06-12T00:08:39.555Z] 逋ｻ蠖墓∝ｷｲ菫晏ｭ・ C:\Users\compu\.openclaw\publish-system\data\auth\instagram\default\state.json
2026-06-12T09:08:39.9280858+09:00 [2026-06-12T00:08:39.931Z] 扈捺棡蟾ｲ菫晏ｭ・ C:\Users\compu\.openclaw\publish-system\logs\task\daily-20260611-r02\instagram\default\result.json
2026-06-12T09:08:41.5352618+09:00 {
2026-06-12T09:08:41.5378730+09:00   "ensure_daily": {
2026-06-12T09:08:41.5399071+09:00     "runs": [
2026-06-12T09:08:41.5418730+09:00       {
2026-06-12T09:08:41.5442424+09:00         "run_id": "r01",
2026-06-12T09:08:41.5442424+09:00         "action": "skipped_exists",
2026-06-12T09:08:41.5442424+09:00         "taskId": "daily-20260612-r01"
2026-06-12T09:08:41.5492663+09:00       },
2026-06-12T09:08:41.5492663+09:00       {
2026-06-12T09:08:41.5530026+09:00         "run_id": "r02",
2026-06-12T09:08:41.5550530+09:00         "action": "not_due",
2026-06-12T09:08:41.5570515+09:00         "taskId": "daily-20260612-r02",
2026-06-12T09:08:41.5590508+09:00         "reason": "jst_hour=9"
2026-06-12T09:08:41.5620209+09:00       },
2026-06-12T09:08:41.5640187+09:00       {
2026-06-12T09:08:41.5660165+09:00         "run_id": "r03",
2026-06-12T09:08:41.5670175+09:00         "action": "not_due",
2026-06-12T09:08:41.5740261+09:00         "taskId": "daily-20260612-r03",
2026-06-12T09:08:41.5781773+09:00         "reason": "jst_hour=9"
2026-06-12T09:08:41.5802385+09:00       }
2026-06-12T09:08:41.5822485+09:00     ]
2026-06-12T09:08:41.5852458+09:00   },
2026-06-12T09:08:41.5880377+09:00   "reconcile": {
2026-06-12T09:08:41.5900401+09:00     "resetProcessing": 0,
2026-06-12T09:08:41.5920744+09:00     "inserted": 0,
2026-06-12T09:08:41.5940361+09:00     "scanned": 8,
2026-06-12T09:08:41.5940361+09:00     "stale": {
2026-06-12T09:08:41.5967729+09:00       "scanned": 8,
2026-06-12T09:08:41.5991113+09:00       "staleDetected": 0,
2026-06-12T09:08:41.5991113+09:00       "rolledBack": 0,
2026-06-12T09:08:41.6029607+09:00       "skippedCap": 0,
2026-06-12T09:08:41.6040055+09:00       "dryRun": false,
2026-06-12T09:08:41.6060368+09:00       "actions": []
2026-06-12T09:08:41.6070030+09:00     }
2026-06-12T09:08:41.6090370+09:00   },
2026-06-12T09:08:41.6100036+09:00   "dispatch": {
2026-06-12T09:08:41.6120570+09:00     "claimed": 5,
2026-06-12T09:08:41.6140538+09:00     "done": 5,
2026-06-12T09:08:41.6160537+09:00     "failed": 0
2026-06-12T09:08:41.6170534+09:00   },
2026-06-12T09:08:41.6190533+09:00   "step4_poll": {
2026-06-12T09:08:41.6190533+09:00     "scanned": 8,
2026-06-12T09:08:41.6190533+09:00     "awaiting": 0,
2026-06-12T09:08:41.6190533+09:00     "polled": 0,
2026-06-12T09:08:41.6262956+09:00     "picks_applied": 0,
2026-06-12T09:08:41.6292621+09:00     "pick_errors": 0,
2026-06-12T09:08:41.6312625+09:00     "timeouts": 0,
2026-06-12T09:08:41.6322609+09:00     "skipped": 0,
2026-06-12T09:08:41.6342596+09:00     "results": []
2026-06-12T09:08:41.6352630+09:00   },
2026-06-12T09:08:41.6379885+09:00   "step7_retry_poll": {
2026-06-12T09:08:41.6389849+09:00     "scanned": 8,
2026-06-12T09:08:41.6409853+09:00     "eligible": 6,
2026-06-12T09:08:41.6429851+09:00     "polled": 0,
2026-06-12T09:08:41.6439830+09:00     "retries_triggered": 0,
2026-06-12T09:08:41.6459833+09:00     "retry_errors": 0,
2026-06-12T09:08:41.6465613+09:00     "skipped": 0,
2026-06-12T09:08:41.6465613+09:00     "results": []
2026-06-12T09:08:41.6513412+09:00   }
2026-06-12T09:08:41.6542447+09:00 }
2026-06-12T09:08:41.6562111+09:00 OK run-once finished
2026-06-12T09:08:54.6175607+09:00 START dispatch-run-once
2026-06-12T09:08:55.3156758+09:00 
2026-06-12T09:08:55.3186782+09:00 > orchestrator
2026-06-12T09:08:55.3213230+09:00 > tsx src/cli/orchestrator.ts run-once --limit 10
2026-06-12T09:08:55.3223238+09:00 
2026-06-12T09:08:58.7210872+09:00 {
2026-06-12T09:08:58.7234423+09:00   "ensure_daily": {
2026-06-12T09:08:58.7281255+09:00     "runs": [
2026-06-12T09:08:58.7460225+09:00       {
2026-06-12T09:08:58.7870771+09:00         "run_id": "r01",
2026-06-12T09:08:58.7930879+09:00         "action": "skipped_exists",
2026-06-12T09:08:58.8052085+09:00         "taskId": "daily-20260612-r01"
2026-06-12T09:08:58.8126546+09:00       },
2026-06-12T09:08:58.8254413+09:00       {
2026-06-12T09:08:58.8637530+09:00         "run_id": "r02",
2026-06-12T09:08:58.8667522+09:00         "action": "not_due",
2026-06-12T09:08:58.8708987+09:00         "taskId": "daily-20260612-r02",
2026-06-12T09:08:58.8729012+09:00         "reason": "jst_hour=9"
2026-06-12T09:08:58.8778984+09:00       },
2026-06-12T09:08:58.8820283+09:00       {
2026-06-12T09:08:58.8875877+09:00         "run_id": "r03",
2026-06-12T09:08:58.8905876+09:00         "action": "not_due",
2026-06-12T09:08:58.9105806+09:00         "taskId": "daily-20260612-r03",
2026-06-12T09:08:58.9143651+09:00         "reason": "jst_hour=9"
2026-06-12T09:08:58.9168840+09:00       }
2026-06-12T09:08:58.9230285+09:00     ]
2026-06-12T09:08:58.9313669+09:00   },
2026-06-12T09:08:58.9343686+09:00   "reconcile": {
2026-06-12T09:08:58.9372720+09:00     "resetProcessing": 0,
2026-06-12T09:08:58.9422721+09:00     "inserted": 0,
2026-06-12T09:08:58.9531888+09:00     "scanned": 8,
2026-06-12T09:08:58.9561885+09:00     "stale": {
2026-06-12T09:08:58.9591868+09:00       "scanned": 8,
2026-06-12T09:08:58.9658447+09:00       "staleDetected": 0,
2026-06-12T09:08:58.9688435+09:00       "rolledBack": 0,
2026-06-12T09:08:58.9746035+09:00       "skippedCap": 0,
2026-06-12T09:08:58.9793933+09:00       "dryRun": false,
2026-06-12T09:08:58.9823926+09:00       "actions": []
2026-06-12T09:08:58.9853933+09:00     }
2026-06-12T09:08:58.9994075+09:00   },
2026-06-12T09:08:59.0034132+09:00   "dispatch": {
2026-06-12T09:08:59.0074134+09:00     "claimed": 10,
2026-06-12T09:08:59.0442034+09:00     "done": 10,
2026-06-12T09:08:59.0584062+09:00     "failed": 0
2026-06-12T09:08:59.0957767+09:00   },
2026-06-12T09:08:59.1227429+09:00   "step4_poll": {
2026-06-12T09:08:59.1472327+09:00     "scanned": 8,
2026-06-12T09:08:59.1553519+09:00     "awaiting": 0,
2026-06-12T09:08:59.1718167+09:00     "polled": 0,
2026-06-12T09:08:59.1762486+09:00     "picks_applied": 0,
2026-06-12T09:08:59.1818821+09:00     "pick_errors": 0,
2026-06-12T09:08:59.1877437+09:00     "timeouts": 0,
2026-06-12T09:08:59.2106445+09:00     "skipped": 0,
2026-06-12T09:08:59.2427494+09:00     "results": []
2026-06-12T09:08:59.2663418+09:00   },
2026-06-12T09:08:59.3173643+09:00   "step7_retry_poll": {
2026-06-12T09:08:59.3440002+09:00     "scanned": 8,
2026-06-12T09:08:59.3577178+09:00     "eligible": 6,
2026-06-12T09:08:59.3666876+09:00     "polled": 0,
2026-06-12T09:08:59.3697032+09:00     "retries_triggered": 0,
2026-06-12T09:08:59.3759952+09:00     "retry_errors": 0,
2026-06-12T09:08:59.4054273+09:00     "skipped": 0,
2026-06-12T09:08:59.4505307+09:00     "results": []
2026-06-12T09:08:59.4740236+09:00   }
2026-06-12T09:08:59.4857490+09:00 }
2026-06-12T09:08:59.4960282+09:00 OK run-once finished
2026-06-12T09:13:56.0124970+09:00 START dispatch-run-once
2026-06-12T09:13:56.6697583+09:00 
2026-06-12T09:13:56.6734897+09:00 > orchestrator
2026-06-12T09:13:56.6771751+09:00 > tsx src/cli/orchestrator.ts run-once --limit 10
2026-06-12T09:13:56.6857655+09:00 
2026-06-12T09:14:00.5372591+09:00 {
2026-06-12T09:14:00.5440574+09:00   "ensure_daily": {
2026-06-12T09:14:00.5477917+09:00     "runs": [
2026-06-12T09:14:00.5508709+09:00       {
2026-06-12T09:14:00.5528729+09:00         "run_id": "r01",
2026-06-12T09:14:00.5558731+09:00         "action": "skipped_exists",
2026-06-12T09:14:00.5581865+09:00         "taskId": "daily-20260612-r01"
2026-06-12T09:14:00.5612033+09:00       },
2026-06-12T09:14:00.5632194+09:00       {
2026-06-12T09:14:00.5841808+09:00         "run_id": "r02",
2026-06-12T09:14:00.5861777+09:00         "action": "not_due",
2026-06-12T09:14:00.5891791+09:00         "taskId": "daily-20260612-r02",
2026-06-12T09:14:00.5905007+09:00         "reason": "jst_hour=9"
2026-06-12T09:14:00.5929101+09:00       },
2026-06-12T09:14:00.5958432+09:00       {
2026-06-12T09:14:00.5993217+09:00         "run_id": "r03",
2026-06-12T09:14:00.6020268+09:00         "action": "not_due",
2026-06-12T09:14:00.6040272+09:00         "taskId": "daily-20260612-r03",
2026-06-12T09:14:00.6072038+09:00         "reason": "jst_hour=9"
2026-06-12T09:14:00.6092035+09:00       }
2026-06-12T09:14:00.6122013+09:00     ]
2026-06-12T09:14:00.6152008+09:00   },
2026-06-12T09:14:00.6172159+09:00   "reconcile": {
2026-06-12T09:14:00.6192255+09:00     "resetProcessing": 0,
2026-06-12T09:14:00.6212346+09:00     "inserted": 0,
2026-06-12T09:14:00.6242525+09:00     "scanned": 8,
2026-06-12T09:14:00.6242525+09:00     "stale": {
2026-06-12T09:14:00.6311213+09:00       "scanned": 8,
2026-06-12T09:14:00.6352993+09:00       "staleDetected": 0,
2026-06-12T09:14:00.6372995+09:00       "rolledBack": 0,
2026-06-12T09:14:00.6393022+09:00       "skippedCap": 0,
2026-06-12T09:14:00.6393022+09:00       "dryRun": false,
2026-06-12T09:14:00.6447122+09:00       "actions": []
2026-06-12T09:14:00.6476094+09:00     }
2026-06-12T09:14:00.6501972+09:00   },
2026-06-12T09:14:00.6501972+09:00   "dispatch": {
2026-06-12T09:14:00.6501972+09:00     "claimed": 10,
2026-06-12T09:14:00.6552993+09:00     "done": 10,
2026-06-12T09:14:00.6552993+09:00     "failed": 0
2026-06-12T09:14:00.6552993+09:00   },
2026-06-12T09:14:00.6627200+09:00   "step4_poll": {
2026-06-12T09:14:00.6675487+09:00     "scanned": 8,
2026-06-12T09:14:00.6695503+09:00     "awaiting": 0,
2026-06-12T09:14:00.6715537+09:00     "polled": 0,
2026-06-12T09:14:00.6753834+09:00     "picks_applied": 0,
2026-06-12T09:14:00.6781336+09:00     "pick_errors": 0,
2026-06-12T09:14:00.6803046+09:00     "timeouts": 0,
2026-06-12T09:14:00.6828958+09:00     "skipped": 0,
2026-06-12T09:14:00.6851408+09:00     "results": []
2026-06-12T09:14:00.6867666+09:00   },
2026-06-12T09:14:00.6906068+09:00   "step7_retry_poll": {
2026-06-12T09:14:00.6926019+09:00     "scanned": 8,
2026-06-12T09:14:00.6946031+09:00     "eligible": 6,
2026-06-12T09:14:00.6966005+09:00     "polled": 0,
2026-06-12T09:14:00.6976125+09:00     "retries_triggered": 0,
2026-06-12T09:14:00.6998620+09:00     "retry_errors": 0,
2026-06-12T09:14:00.7028772+09:00     "skipped": 0,
2026-06-12T09:14:00.7046272+09:00     "results": []
2026-06-12T09:14:00.7066103+09:00   }
2026-06-12T09:14:00.7087584+09:00 }
2026-06-12T09:14:00.7108584+09:00 OK run-once finished
2026-06-12T09:18:54.7250693+09:00 START dispatch-run-once
2026-06-12T09:18:55.1613244+09:00 
2026-06-12T09:18:55.1613244+09:00 > orchestrator
2026-06-12T09:18:55.1664631+09:00 > tsx src/cli/orchestrator.ts run-once --limit 10
2026-06-12T09:18:55.1664631+09:00 
2026-06-12T09:18:57.6318533+09:00 {
2026-06-12T09:18:57.6318533+09:00   "ensure_daily": {
2026-06-12T09:18:57.6318533+09:00     "runs": [
2026-06-12T09:18:57.6370328+09:00       {
2026-06-12T09:18:57.6370328+09:00         "run_id": "r01",
2026-06-12T09:18:57.6424867+09:00         "action": "skipped_exists",
2026-06-12T09:18:57.6439450+09:00         "taskId": "daily-20260612-r01"
2026-06-12T09:18:57.6459436+09:00       },
2026-06-12T09:18:57.6479434+09:00       {
2026-06-12T09:18:57.6670643+09:00         "run_id": "r02",
2026-06-12T09:18:57.6670643+09:00         "action": "not_due",
2026-06-12T09:18:57.6670643+09:00         "taskId": "daily-20260612-r02",
2026-06-12T09:18:57.6734263+09:00         "reason": "jst_hour=9"
2026-06-12T09:18:57.6764935+09:00       },
2026-06-12T09:18:57.6787771+09:00       {
2026-06-12T09:18:57.6817719+09:00         "run_id": "r03",
2026-06-12T09:18:57.6837709+09:00         "action": "not_due",
2026-06-12T09:18:57.6847710+09:00         "taskId": "daily-20260612-r03",
2026-06-12T09:18:57.6898380+09:00         "reason": "jst_hour=9"
2026-06-12T09:18:57.6898380+09:00       }
2026-06-12T09:18:57.6898380+09:00     ]
2026-06-12T09:18:57.6950201+09:00   },
2026-06-12T09:18:57.6950201+09:00   "reconcile": {
2026-06-12T09:18:57.6950201+09:00     "resetProcessing": 0,
2026-06-12T09:18:57.7029100+09:00     "inserted": 0,
2026-06-12T09:18:57.7049111+09:00     "scanned": 8,
2026-06-12T09:18:57.7069402+09:00     "stale": {
2026-06-12T09:18:57.7089064+09:00       "scanned": 8,
2026-06-12T09:18:57.7099074+09:00       "staleDetected": 0,
2026-06-12T09:18:57.7129075+09:00       "rolledBack": 0,
2026-06-12T09:18:57.7149147+09:00       "skippedCap": 0,
2026-06-12T09:18:57.7149147+09:00       "dryRun": false,
2026-06-12T09:18:57.7195545+09:00       "actions": []
2026-06-12T09:18:57.7195545+09:00     }
2026-06-12T09:18:57.7195545+09:00   },
2026-06-12T09:18:57.7257839+09:00   "dispatch": {
2026-06-12T09:18:57.7277035+09:00     "claimed": 1,
2026-06-12T09:18:57.7297022+09:00     "done": 1,
2026-06-12T09:18:57.7317078+09:00     "failed": 0
2026-06-12T09:18:57.7327078+09:00   },
2026-06-12T09:18:57.7347105+09:00   "step4_poll": {
2026-06-12T09:18:57.7347105+09:00     "scanned": 8,
2026-06-12T09:18:57.7347105+09:00     "awaiting": 0,
2026-06-12T09:18:57.7347105+09:00     "polled": 0,
2026-06-12T09:18:57.7397242+09:00     "picks_applied": 0,
2026-06-12T09:18:57.7397242+09:00     "pick_errors": 0,
2026-06-12T09:18:57.7449694+09:00     "timeouts": 0,
2026-06-12T09:18:57.7471359+09:00     "skipped": 0,
2026-06-12T09:18:57.7471359+09:00     "results": []
2026-06-12T09:18:57.7501494+09:00   },
2026-06-12T09:18:57.7501494+09:00   "step7_retry_poll": {
2026-06-12T09:18:57.7501494+09:00     "scanned": 8,
2026-06-12T09:18:57.7501494+09:00     "eligible": 6,
2026-06-12T09:18:57.7576056+09:00     "polled": 0,
2026-06-12T09:18:57.7600170+09:00     "retries_triggered": 0,
2026-06-12T09:18:57.7620954+09:00     "retry_errors": 0,
2026-06-12T09:18:57.7640951+09:00     "skipped": 0,
2026-06-12T09:18:57.7660954+09:00     "results": []
2026-06-12T09:18:57.7670951+09:00   }
2026-06-12T09:18:57.7680951+09:00 }
2026-06-12T09:18:57.7680951+09:00 OK run-once finished
2026-06-12T09:23:55.2778977+09:00 START dispatch-run-once
2026-06-12T09:23:55.7293101+09:00 
2026-06-12T09:23:55.7293101+09:00 > orchestrator
2026-06-12T09:23:55.7363727+09:00 > tsx src/cli/orchestrator.ts run-once --limit 10
2026-06-12T09:23:55.7389025+09:00 
2026-06-12T09:23:58.4620486+09:00 {
2026-06-12T09:23:58.4650536+09:00   "ensure_daily": {
2026-06-12T09:23:58.4670507+09:00     "runs": [
2026-06-12T09:23:58.4680499+09:00       {
2026-06-12T09:23:58.4707441+09:00         "run_id": "r01",
2026-06-12T09:23:58.4755007+09:00         "action": "skipped_exists",
2026-06-12T09:23:58.4774990+09:00         "taskId": "daily-20260612-r01"
2026-06-12T09:23:58.4794964+09:00       },
2026-06-12T09:23:58.4826296+09:00       {
2026-06-12T09:23:58.5020832+09:00         "run_id": "r02",
2026-06-12T09:23:58.5040833+09:00         "action": "not_due",
2026-06-12T09:23:58.5066142+09:00         "taskId": "daily-20260612-r02",
2026-06-12T09:23:58.5086465+09:00         "reason": "jst_hour=9"
2026-06-12T09:23:58.5106555+09:00       },
2026-06-12T09:23:58.5126532+09:00       {
2026-06-12T09:23:58.5136530+09:00         "run_id": "r03",
2026-06-12T09:23:58.5136530+09:00         "action": "not_due",
2026-06-12T09:23:58.5189780+09:00         "taskId": "daily-20260612-r03",
2026-06-12T09:23:58.5189780+09:00         "reason": "jst_hour=9"
2026-06-12T09:23:58.5189780+09:00       }
2026-06-12T09:23:58.5237918+09:00     ]
2026-06-12T09:23:58.5237918+09:00   },
2026-06-12T09:23:58.5237918+09:00   "reconcile": {
2026-06-12T09:23:58.5237918+09:00     "resetProcessing": 0,
2026-06-12T09:23:58.5300275+09:00     "inserted": 0,
2026-06-12T09:23:58.5320860+09:00     "scanned": 8,
2026-06-12T09:23:58.5340870+09:00     "stale": {
2026-06-12T09:23:58.5360852+09:00       "scanned": 8,
2026-06-12T09:23:58.5370867+09:00       "staleDetected": 0,
2026-06-12T09:23:58.5400860+09:00       "rolledBack": 0,
2026-06-12T09:23:58.5423166+09:00       "skippedCap": 0,
2026-06-12T09:23:58.5433150+09:00       "dryRun": false,
2026-06-12T09:23:58.5463167+09:00       "actions": []
2026-06-12T09:23:58.5482648+09:00     }
2026-06-12T09:23:58.5492646+09:00   },
2026-06-12T09:23:58.5492646+09:00   "dispatch": {
2026-06-12T09:23:58.5492646+09:00     "claimed": 2,
2026-06-12T09:23:58.5543982+09:00     "done": 2,
2026-06-12T09:23:58.5573115+09:00     "failed": 0
2026-06-12T09:23:58.5593098+09:00   },
2026-06-12T09:23:58.5623090+09:00   "step4_poll": {
2026-06-12T09:23:58.5633081+09:00     "scanned": 8,
2026-06-12T09:23:58.5653078+09:00     "awaiting": 0,
2026-06-12T09:23:58.5663079+09:00     "polled": 0,
2026-06-12T09:23:58.5683085+09:00     "picks_applied": 0,
2026-06-12T09:23:58.5693070+09:00     "pick_errors": 0,
2026-06-12T09:23:58.5713075+09:00     "timeouts": 0,
2026-06-12T09:23:58.5733037+09:00     "skipped": 0,
2026-06-12T09:23:58.5753124+09:00     "results": []
2026-06-12T09:23:58.5763118+09:00   },
2026-06-12T09:23:58.5763118+09:00   "step7_retry_poll": {
2026-06-12T09:23:58.5763118+09:00     "scanned": 8,
2026-06-12T09:23:58.5810963+09:00     "eligible": 6,
2026-06-12T09:23:58.5810963+09:00     "polled": 0,
2026-06-12T09:23:58.5810963+09:00     "retries_triggered": 0,
2026-06-12T09:23:58.5861815+09:00     "retry_errors": 0,
2026-06-12T09:23:58.5877920+09:00     "skipped": 0,
2026-06-12T09:23:58.5899045+09:00     "results": []
2026-06-12T09:23:58.5909033+09:00   }
2026-06-12T09:23:58.5929030+09:00 }
2026-06-12T09:23:58.5949355+09:00 OK run-once finished
2026-06-12T10:30:59.6398137+09:00 START dispatch-run-once
2026-06-12T10:31:03.9020665+09:00 
2026-06-12T10:31:03.9103472+09:00 > orchestrator
2026-06-12T10:31:03.9103472+09:00 > tsx src/cli/orchestrator.ts run-once --limit 10
2026-06-12T10:31:03.9103472+09:00 
2026-06-12T10:31:13.9359322+09:00 {
2026-06-12T10:31:13.9359322+09:00   "ensure_daily": {
2026-06-12T10:31:13.9435227+09:00     "runs": [
2026-06-12T10:31:13.9473149+09:00       {
2026-06-12T10:31:13.9473149+09:00         "run_id": "r01",
2026-06-12T10:31:13.9518535+09:00         "action": "skipped_exists",
2026-06-12T10:31:13.9528369+09:00         "taskId": "daily-20260612-r01"
2026-06-12T10:31:13.9528369+09:00       },
2026-06-12T10:31:13.9528369+09:00       {
2026-06-12T10:31:13.9611019+09:00         "run_id": "r02",
2026-06-12T10:31:13.9611019+09:00         "action": "not_due",
2026-06-12T10:31:13.9687309+09:00         "taskId": "daily-20260612-r02",
2026-06-12T10:31:13.9699074+09:00         "reason": "jst_hour=10"
2026-06-12T10:31:13.9728188+09:00       },
2026-06-12T10:31:13.9762743+09:00       {
2026-06-12T10:31:13.9783613+09:00         "run_id": "r03",
2026-06-12T10:31:13.9783613+09:00         "action": "not_due",
2026-06-12T10:31:13.9783613+09:00         "taskId": "daily-20260612-r03",
2026-06-12T10:31:13.9783613+09:00         "reason": "jst_hour=10"
2026-06-12T10:31:13.9783613+09:00       }
2026-06-12T10:31:13.9783613+09:00     ]
2026-06-12T10:31:13.9783613+09:00   },
2026-06-12T10:31:13.9940487+09:00   "reconcile": {
2026-06-12T10:31:13.9940487+09:00     "resetProcessing": 0,
2026-06-12T10:31:13.9940487+09:00     "inserted": 0,
2026-06-12T10:31:13.9940487+09:00     "scanned": 8,
2026-06-12T10:31:13.9940487+09:00     "stale": {
2026-06-12T10:31:13.9940487+09:00       "scanned": 8,
2026-06-12T10:31:13.9940487+09:00       "staleDetected": 0,
2026-06-12T10:31:13.9940487+09:00       "rolledBack": 0,
2026-06-12T10:31:14.0119395+09:00       "skippedCap": 0,
2026-06-12T10:31:14.0119395+09:00       "dryRun": false,
2026-06-12T10:31:14.0119395+09:00       "actions": []
2026-06-12T10:31:14.0189682+09:00     }
2026-06-12T10:31:14.0199672+09:00   },
2026-06-12T10:31:14.0227380+09:00   "dispatch": {
2026-06-12T10:31:14.0237772+09:00     "claimed": 1,
2026-06-12T10:31:14.0261946+09:00     "done": 1,
2026-06-12T10:31:14.0272028+09:00     "failed": 0
2026-06-12T10:31:14.0286558+09:00   },
2026-06-12T10:31:14.0286558+09:00   "step4_poll": {
2026-06-12T10:31:14.0286558+09:00     "scanned": 8,
2026-06-12T10:31:14.0344975+09:00     "awaiting": 1,
2026-06-12T10:31:14.0368883+09:00     "polled": 0,
2026-06-12T10:31:14.0380724+09:00     "picks_applied": 0,
2026-06-12T10:31:14.0400781+09:00     "pick_errors": 0,
2026-06-12T10:31:14.0410782+09:00     "timeouts": 0,
2026-06-12T10:31:14.0427649+09:00     "skipped": 0,
2026-06-12T10:31:14.0442374+09:00     "results": [
2026-06-12T10:31:14.0462389+09:00       {
2026-06-12T10:31:14.0472383+09:00         "task_id": "daily-20260612-r01",
2026-06-12T10:31:14.0482395+09:00         "result": {
2026-06-12T10:31:14.0502398+09:00           "outcome": "no_new_messages"
2026-06-12T10:31:14.0514704+09:00         }
2026-06-12T10:31:14.0524995+09:00       }
2026-06-12T10:31:14.0524995+09:00     ]
2026-06-12T10:31:14.0524995+09:00   },
2026-06-12T10:31:14.0524995+09:00   "step7_retry_poll": {
2026-06-12T10:31:14.0595678+09:00     "scanned": 8,
2026-06-12T10:31:14.0608772+09:00     "eligible": 6,
2026-06-12T10:31:14.0618762+09:00     "polled": 0,
2026-06-12T10:31:14.0638763+09:00     "retries_triggered": 0,
2026-06-12T10:31:14.0648772+09:00     "retry_errors": 0,
2026-06-12T10:31:14.0668756+09:00     "skipped": 0,
2026-06-12T10:31:14.0678497+09:00     "results": []
2026-06-12T10:31:14.0690214+09:00   }
2026-06-12T10:31:14.0710216+09:00 }
2026-06-12T10:31:14.0730206+09:00 OK run-once finished
2026-06-12T10:35:58.9868002+09:00 START dispatch-run-once
2026-06-12T10:35:59.4871642+09:00 
2026-06-12T10:35:59.4950076+09:00 > orchestrator
2026-06-12T10:35:59.4955724+09:00 > tsx src/cli/orchestrator.ts run-once --limit 10
2026-06-12T10:35:59.4955724+09:00 
2026-06-12T10:36:02.3953519+09:00 {
2026-06-12T10:36:02.4036269+09:00   "ensure_daily": {
2026-06-12T10:36:02.4140755+09:00     "runs": [
2026-06-12T10:36:02.4140755+09:00       {
2026-06-12T10:36:02.4238638+09:00         "run_id": "r01",
2026-06-12T10:36:02.4307136+09:00         "action": "skipped_exists",
2026-06-12T10:36:02.4368578+09:00         "taskId": "daily-20260612-r01"
2026-06-12T10:36:02.4409358+09:00       },
2026-06-12T10:36:02.4449517+09:00       {
2026-06-12T10:36:02.4700571+09:00         "run_id": "r02",
2026-06-12T10:36:02.4700571+09:00         "action": "not_due",
2026-06-12T10:36:02.4700571+09:00         "taskId": "daily-20260612-r02",
2026-06-12T10:36:02.4700571+09:00         "reason": "jst_hour=10"
2026-06-12T10:36:02.4700571+09:00       },
2026-06-12T10:36:02.4700571+09:00       {
2026-06-12T10:36:02.4866658+09:00         "run_id": "r03",
2026-06-12T10:36:02.4866658+09:00         "action": "not_due",
2026-06-12T10:36:02.4866658+09:00         "taskId": "daily-20260612-r03",
2026-06-12T10:36:02.4866658+09:00         "reason": "jst_hour=10"
2026-06-12T10:36:02.4950499+09:00       }
2026-06-12T10:36:02.4950499+09:00     ]
2026-06-12T10:36:02.4950499+09:00   },
2026-06-12T10:36:02.4950499+09:00   "reconcile": {
2026-06-12T10:36:02.4950499+09:00     "resetProcessing": 0,
2026-06-12T10:36:02.4950499+09:00     "inserted": 1,
2026-06-12T10:36:02.4950499+09:00     "scanned": 8,
2026-06-12T10:36:02.4950499+09:00     "stale": {
2026-06-12T10:36:02.4950499+09:00       "scanned": 8,
2026-06-12T10:36:02.5116831+09:00       "staleDetected": 0,
2026-06-12T10:36:02.5116831+09:00       "rolledBack": 0,
2026-06-12T10:36:02.5116831+09:00       "skippedCap": 0,
2026-06-12T10:36:02.5116831+09:00       "dryRun": false,
2026-06-12T10:36:02.5116831+09:00       "actions": []
2026-06-12T10:36:02.5116831+09:00     }
2026-06-12T10:36:02.5116831+09:00   },
2026-06-12T10:36:02.5116831+09:00   "dispatch": {
2026-06-12T10:36:02.5116831+09:00     "claimed": 1,
2026-06-12T10:36:02.5278317+09:00     "done": 1,
2026-06-12T10:36:02.5278317+09:00     "failed": 0
2026-06-12T10:36:02.5278317+09:00   },
2026-06-12T10:36:02.5278317+09:00   "step4_poll": {
2026-06-12T10:36:02.5278317+09:00     "scanned": 8,
2026-06-12T10:36:02.5278317+09:00     "awaiting": 1,
2026-06-12T10:36:02.5278317+09:00     "polled": 0,
2026-06-12T10:36:02.5278317+09:00     "picks_applied": 0,
2026-06-12T10:36:02.5278317+09:00     "pick_errors": 0,
2026-06-12T10:36:02.5278317+09:00     "timeouts": 0,
2026-06-12T10:36:02.5436058+09:00     "skipped": 0,
2026-06-12T10:36:02.5436058+09:00     "results": [
2026-06-12T10:36:02.5436058+09:00       {
2026-06-12T10:36:02.5436058+09:00         "task_id": "daily-20260612-r01",
2026-06-12T10:36:02.5436058+09:00         "result": {
2026-06-12T10:36:02.5436058+09:00           "outcome": "no_new_messages"
2026-06-12T10:36:02.5540793+09:00         }
2026-06-12T10:36:02.5540793+09:00       }
2026-06-12T10:36:02.5540793+09:00     ]
2026-06-12T10:36:02.5540793+09:00   },
2026-06-12T10:36:02.5594599+09:00   "step7_retry_poll": {
2026-06-12T10:36:02.5617073+09:00     "scanned": 8,
2026-06-12T10:36:02.5617073+09:00     "eligible": 6,
2026-06-12T10:36:02.5617073+09:00     "polled": 0,
2026-06-12T10:36:02.5617073+09:00     "retries_triggered": 0,
2026-06-12T10:36:02.5617073+09:00     "retry_errors": 0,
2026-06-12T10:36:02.5617073+09:00     "skipped": 0,
2026-06-12T10:36:02.5617073+09:00     "results": []
2026-06-12T10:36:02.5617073+09:00   }
2026-06-12T10:36:02.5617073+09:00 }
2026-06-12T10:36:02.5617073+09:00 OK run-once finished
2026-06-12T10:40:58.6579250+09:00 START dispatch-run-once
2026-06-12T10:40:59.0393000+09:00 
2026-06-12T10:40:59.0393000+09:00 > orchestrator
2026-06-12T10:40:59.0393000+09:00 > tsx src/cli/orchestrator.ts run-once --limit 10
2026-06-12T10:40:59.0393000+09:00 
2026-06-12T10:41:01.6469084+09:00 {
2026-06-12T10:41:01.6469084+09:00   "ensure_daily": {
2026-06-12T10:41:01.6469084+09:00     "runs": [
2026-06-12T10:41:01.6469084+09:00       {
2026-06-12T10:41:01.6469084+09:00         "run_id": "r01",
2026-06-12T10:41:01.6469084+09:00         "action": "skipped_exists",
2026-06-12T10:41:01.6612252+09:00         "taskId": "daily-20260612-r01"
2026-06-12T10:41:01.6612252+09:00       },
2026-06-12T10:41:01.6612252+09:00       {
2026-06-12T10:41:01.6768910+09:00         "run_id": "r02",
2026-06-12T10:41:01.6768910+09:00         "action": "not_due",
2026-06-12T10:41:01.6768910+09:00         "taskId": "daily-20260612-r02",
2026-06-12T10:41:01.6768910+09:00         "reason": "jst_hour=10"
2026-06-12T10:41:01.6768910+09:00       },
2026-06-12T10:41:01.6927651+09:00       {
2026-06-12T10:41:01.6927651+09:00         "run_id": "r03",
2026-06-12T10:41:01.6957824+09:00         "action": "not_due",
2026-06-12T10:41:01.6977905+09:00         "taskId": "daily-20260612-r03",
2026-06-12T10:41:01.6997974+09:00         "reason": "jst_hour=10"
2026-06-12T10:41:01.6997974+09:00       }
2026-06-12T10:41:01.6997974+09:00     ]
2026-06-12T10:41:01.6997974+09:00   },
2026-06-12T10:41:01.6997974+09:00   "reconcile": {
2026-06-12T10:41:01.6997974+09:00     "resetProcessing": 0,
2026-06-12T10:41:01.6997974+09:00     "inserted": 1,
2026-06-12T10:41:01.7086903+09:00     "scanned": 8,
2026-06-12T10:41:01.7086903+09:00     "stale": {
2026-06-12T10:41:01.7086903+09:00       "scanned": 8,
2026-06-12T10:41:01.7086903+09:00       "staleDetected": 0,
2026-06-12T10:41:01.7086903+09:00       "rolledBack": 0,
2026-06-12T10:41:01.7168476+09:00       "skippedCap": 0,
2026-06-12T10:41:01.7168476+09:00       "dryRun": false,
2026-06-12T10:41:01.7168476+09:00       "actions": []
2026-06-12T10:41:01.7168476+09:00     }
2026-06-12T10:41:01.7168476+09:00   },
2026-06-12T10:41:01.7247798+09:00   "dispatch": {
2026-06-12T10:41:01.7247798+09:00     "claimed": 1,
2026-06-12T10:41:01.7247798+09:00     "done": 1,
2026-06-12T10:41:01.7247798+09:00     "failed": 0
2026-06-12T10:41:01.7247798+09:00   },
2026-06-12T10:41:01.7247798+09:00   "step4_poll": {
2026-06-12T10:41:01.7247798+09:00     "scanned": 8,
2026-06-12T10:41:01.7247798+09:00     "awaiting": 1,
2026-06-12T10:41:01.7247798+09:00     "polled": 0,
2026-06-12T10:41:01.7247798+09:00     "picks_applied": 0,
2026-06-12T10:41:01.7247798+09:00     "pick_errors": 0,
2026-06-12T10:41:01.7408005+09:00     "timeouts": 0,
2026-06-12T10:41:01.7408005+09:00     "skipped": 0,
2026-06-12T10:41:01.7408005+09:00     "results": [
2026-06-12T10:41:01.7408005+09:00       {
2026-06-12T10:41:01.7471706+09:00         "task_id": "daily-20260612-r01",
2026-06-12T10:41:01.7471706+09:00         "result": {
2026-06-12T10:41:01.7471706+09:00           "outcome": "no_new_messages"
2026-06-12T10:41:01.7471706+09:00         }
2026-06-12T10:41:01.7471706+09:00       }
2026-06-12T10:41:01.7471706+09:00     ]
2026-06-12T10:41:01.7471706+09:00   },
2026-06-12T10:41:01.7568330+09:00   "step7_retry_poll": {
2026-06-12T10:41:01.7568330+09:00     "scanned": 8,
2026-06-12T10:41:01.7568330+09:00     "eligible": 6,
2026-06-12T10:41:01.7568330+09:00     "polled": 0,
2026-06-12T10:41:01.7568330+09:00     "retries_triggered": 0,
2026-06-12T10:41:01.7568330+09:00     "retry_errors": 0,
2026-06-12T10:41:01.7568330+09:00     "skipped": 0,
2026-06-12T10:41:01.7568330+09:00     "results": []
2026-06-12T10:41:01.7568330+09:00   }
2026-06-12T10:41:01.7568330+09:00 }
2026-06-12T10:41:01.7568330+09:00 OK run-once finished
2026-06-12T10:45:58.0506673+09:00 START dispatch-run-once
2026-06-12T10:45:58.4318256+09:00 
2026-06-12T10:45:58.4318256+09:00 > orchestrator
2026-06-12T10:45:58.4318256+09:00 > tsx src/cli/orchestrator.ts run-once --limit 10
2026-06-12T10:45:58.4318256+09:00 
2026-06-12T10:46:01.0398255+09:00 {
2026-06-12T10:46:01.0398255+09:00   "ensure_daily": {
2026-06-12T10:46:01.0398255+09:00     "runs": [
2026-06-12T10:46:01.0398255+09:00       {
2026-06-12T10:46:01.0558066+09:00         "run_id": "r01",
2026-06-12T10:46:01.0568211+09:00         "action": "skipped_exists",
2026-06-12T10:46:01.0568211+09:00         "taskId": "daily-20260612-r01"
2026-06-12T10:46:01.0629210+09:00       },
2026-06-12T10:46:01.0629210+09:00       {
2026-06-12T10:46:01.0718280+09:00         "run_id": "r02",
2026-06-12T10:46:01.0718280+09:00         "action": "not_due",
2026-06-12T10:46:01.0875219+09:00         "taskId": "daily-20260612-r02",
2026-06-12T10:46:01.0875219+09:00         "reason": "jst_hour=10"
2026-06-12T10:46:01.0875219+09:00       },
2026-06-12T10:46:01.0934481+09:00       {
2026-06-12T10:46:01.0934481+09:00         "run_id": "r03",
2026-06-12T10:46:01.0934481+09:00         "action": "not_due",
2026-06-12T10:46:01.0934481+09:00         "taskId": "daily-20260612-r03",
2026-06-12T10:46:01.0934481+09:00         "reason": "jst_hour=10"
2026-06-12T10:46:01.0934481+09:00       }
2026-06-12T10:46:01.1035274+09:00     ]
2026-06-12T10:46:01.1035274+09:00   },
2026-06-12T10:46:01.1035274+09:00   "reconcile": {
2026-06-12T10:46:01.1035274+09:00     "resetProcessing": 0,
2026-06-12T10:46:01.1035274+09:00     "inserted": 1,
2026-06-12T10:46:01.1035274+09:00     "scanned": 8,
2026-06-12T10:46:01.1035274+09:00     "stale": {
2026-06-12T10:46:01.1035274+09:00       "scanned": 8,
2026-06-12T10:46:01.1035274+09:00       "staleDetected": 0,
2026-06-12T10:46:01.1035274+09:00       "rolledBack": 0,
2026-06-12T10:46:01.1035274+09:00       "skippedCap": 0,
2026-06-12T10:46:01.1193505+09:00       "dryRun": false,
2026-06-12T10:46:01.1193505+09:00       "actions": []
2026-06-12T10:46:01.1193505+09:00     }
2026-06-12T10:46:01.1193505+09:00   },
2026-06-12T10:46:01.1193505+09:00   "dispatch": {
2026-06-12T10:46:01.1193505+09:00     "claimed": 1,
2026-06-12T10:46:01.1193505+09:00     "done": 1,
2026-06-12T10:46:01.1193505+09:00     "failed": 0
2026-06-12T10:46:01.1193505+09:00   },
2026-06-12T10:46:01.1193505+09:00   "step4_poll": {
2026-06-12T10:46:01.1193505+09:00     "scanned": 8,
2026-06-12T10:46:01.1352799+09:00     "awaiting": 1,
2026-06-12T10:46:01.1352799+09:00     "polled": 0,
2026-06-12T10:46:01.1352799+09:00     "picks_applied": 0,
2026-06-12T10:46:01.1352799+09:00     "pick_errors": 0,
2026-06-12T10:46:01.1352799+09:00     "timeouts": 0,
2026-06-12T10:46:01.1352799+09:00     "skipped": 0,
2026-06-12T10:46:01.1352799+09:00     "results": [
2026-06-12T10:46:01.1352799+09:00       {
2026-06-12T10:46:01.1352799+09:00         "task_id": "daily-20260612-r01",
2026-06-12T10:46:01.1352799+09:00         "result": {
2026-06-12T10:46:01.1352799+09:00           "outcome": "no_new_messages"
2026-06-12T10:46:01.1511624+09:00         }
2026-06-12T10:46:01.1511624+09:00       }
2026-06-12T10:46:01.1511624+09:00     ]
2026-06-12T10:46:01.1511624+09:00   },
2026-06-12T10:46:01.1567534+09:00   "step7_retry_poll": {
2026-06-12T10:46:01.1567534+09:00     "scanned": 8,
2026-06-12T10:46:01.1567534+09:00     "eligible": 6,
2026-06-12T10:46:01.1567534+09:00     "polled": 0,
2026-06-12T10:46:01.1567534+09:00     "retries_triggered": 0,
2026-06-12T10:46:01.1567534+09:00     "retry_errors": 0,
2026-06-12T10:46:01.1567534+09:00     "skipped": 0,
2026-06-12T10:46:01.1672634+09:00     "results": []
2026-06-12T10:46:01.1672634+09:00   }
2026-06-12T10:46:01.1672634+09:00 }
2026-06-12T10:46:01.1672634+09:00 OK run-once finished
2026-06-12T10:50:57.8563329+09:00 START dispatch-run-once
2026-06-12T10:50:58.2451977+09:00 
2026-06-12T10:50:58.2451977+09:00 > orchestrator
2026-06-12T10:50:58.2451977+09:00 > tsx src/cli/orchestrator.ts run-once --limit 10
2026-06-12T10:50:58.2451977+09:00 
2026-06-12T10:51:00.7826666+09:00 {
2026-06-12T10:51:00.7826666+09:00   "ensure_daily": {
2026-06-12T10:51:00.7933448+09:00     "runs": [
2026-06-12T10:51:00.7933448+09:00       {
2026-06-12T10:51:00.8005097+09:00         "run_id": "r01",
2026-06-12T10:51:00.8005097+09:00         "action": "skipped_exists",
2026-06-12T10:51:00.8005097+09:00         "taskId": "daily-20260612-r01"
2026-06-12T10:51:00.8005097+09:00       },
2026-06-12T10:51:00.8005097+09:00       {
2026-06-12T10:51:00.8298799+09:00         "run_id": "r02",
2026-06-12T10:51:00.8318889+09:00         "action": "not_due",
2026-06-12T10:51:00.8318889+09:00         "taskId": "daily-20260612-r02",
2026-06-12T10:51:00.8363715+09:00         "reason": "jst_hour=10"
2026-06-12T10:51:00.8383781+09:00       },
2026-06-12T10:51:00.8383781+09:00       {
2026-06-12T10:51:00.8403837+09:00         "run_id": "r03",
2026-06-12T10:51:00.8403837+09:00         "action": "not_due",
2026-06-12T10:51:00.8403837+09:00         "taskId": "daily-20260612-r03",
2026-06-12T10:51:00.8455465+09:00         "reason": "jst_hour=10"
2026-06-12T10:51:00.8455465+09:00       }
2026-06-12T10:51:00.8455465+09:00     ]
2026-06-12T10:51:00.8455465+09:00   },
2026-06-12T10:51:00.8455465+09:00   "reconcile": {
2026-06-12T10:51:00.8455465+09:00     "resetProcessing": 0,
2026-06-12T10:51:00.8455465+09:00     "inserted": 1,
2026-06-12T10:51:00.8455465+09:00     "scanned": 8,
2026-06-12T10:51:00.8455465+09:00     "stale": {
2026-06-12T10:51:00.8455465+09:00       "scanned": 8,
2026-06-12T10:51:00.8612774+09:00       "staleDetected": 0,
2026-06-12T10:51:00.8632865+09:00       "rolledBack": 0,
2026-06-12T10:51:00.8652926+09:00       "skippedCap": 0,
2026-06-12T10:51:00.8672998+09:00       "dryRun": false,
2026-06-12T10:51:00.8672998+09:00       "actions": []
2026-06-12T10:51:00.8693074+09:00     }
2026-06-12T10:51:00.8713148+09:00   },
2026-06-12T10:51:00.8713148+09:00   "dispatch": {
2026-06-12T10:51:00.8713148+09:00     "claimed": 1,
2026-06-12T10:51:00.8713148+09:00     "done": 1,
2026-06-12T10:51:00.8769781+09:00     "failed": 0
2026-06-12T10:51:00.8769781+09:00   },
2026-06-12T10:51:00.8769781+09:00   "step4_poll": {
2026-06-12T10:51:00.8769781+09:00     "scanned": 8,
2026-06-12T10:51:00.8769781+09:00     "awaiting": 1,
2026-06-12T10:51:00.8769781+09:00     "polled": 0,
2026-06-12T10:51:00.8769781+09:00     "picks_applied": 0,
2026-06-12T10:51:00.8769781+09:00     "pick_errors": 0,
2026-06-12T10:51:00.8769781+09:00     "timeouts": 0,
2026-06-12T10:51:00.8769781+09:00     "skipped": 0,
2026-06-12T10:51:00.8769781+09:00     "results": [
2026-06-12T10:51:00.8936149+09:00       {
2026-06-12T10:51:00.8936149+09:00         "task_id": "daily-20260612-r01",
2026-06-12T10:51:00.8936149+09:00         "result": {
2026-06-12T10:51:00.8936149+09:00           "outcome": "no_new_messages"
2026-06-12T10:51:00.8936149+09:00         }
2026-06-12T10:51:00.8936149+09:00       }
2026-06-12T10:51:00.8936149+09:00     ]
2026-06-12T10:51:00.8936149+09:00   },
2026-06-12T10:51:00.8936149+09:00   "step7_retry_poll": {
2026-06-12T10:51:00.8936149+09:00     "scanned": 8,
2026-06-12T10:51:00.8936149+09:00     "eligible": 6,
2026-06-12T10:51:00.9088750+09:00     "polled": 0,
2026-06-12T10:51:00.9088750+09:00     "retries_triggered": 0,
2026-06-12T10:51:00.9088750+09:00     "retry_errors": 0,
2026-06-12T10:51:00.9088750+09:00     "skipped": 0,
2026-06-12T10:51:00.9088750+09:00     "results": []
2026-06-12T10:51:00.9088750+09:00   }
2026-06-12T10:51:00.9088750+09:00 }
2026-06-12T10:51:00.9088750+09:00 OK run-once finished
2026-06-12T10:56:41.6505618+09:00 START dispatch-run-once
2026-06-12T10:56:42.1056285+09:00 
2026-06-12T10:56:42.1096464+09:00 > orchestrator
2026-06-12T10:56:42.1116552+09:00 > tsx src/cli/orchestrator.ts run-once --limit 10
2026-06-12T10:56:42.1156579+09:00 
2026-06-12T10:56:54.0715069+09:00 TypeError: fetch failed
2026-06-12T10:56:54.0715069+09:00     at node:internal/deps/undici/undici:15845:13
2026-06-12T10:56:54.0715069+09:00     at process.processTicksAndRejections (node:internal/process/task_queues:105:5)
2026-06-12T10:56:54.0715069+09:00     at async slackApiGet (C:\Users\compu\.openclaw\publish-system\node\src\step4-approval\slackClient.ts:22:15)
2026-06-12T10:56:54.0715069+09:00     at async slackConversationsReplies (C:\Users\compu\.openclaw\publish-system\node\src\step4-approval\slackClient.ts:87:18)
2026-06-12T10:56:54.0715069+09:00     at async fetchThreadReplies (C:\Users\compu\.openclaw\publish-system\node\src\step4-approval\slackPickPoll.ts:23:18)
2026-06-12T10:56:54.0875817+09:00     at async pollTaskSlackPick (C:\Users\compu\.openclaw\publish-system\node\src\step4-approval\slackPickHandler.ts:293:19)
2026-06-12T10:56:54.0875817+09:00     at async step4PollPendingPicks (C:\Users\compu\.openclaw\publish-system\node\src\orchestrator\step4PollPendingPicks.ts:52:20)
2026-06-12T10:56:54.1118740+09:00     at async main (C:\Users\compu\.openclaw\publish-system\node\src\cli\orchestrator.ts:141:23)
2026-06-12T10:56:54.1225477+09:00 FAIL run-once exit=1
2026-06-12T11:01:14.4238075+09:00 START dispatch-run-once
2026-06-12T11:01:14.8660713+09:00 
2026-06-12T11:01:14.8660713+09:00 > orchestrator
2026-06-12T11:01:14.8660713+09:00 > tsx src/cli/orchestrator.ts run-once --limit 10
2026-06-12T11:01:14.8660713+09:00 
2026-06-12T11:01:17.5184362+09:00 {
2026-06-12T11:01:17.5184362+09:00   "ensure_daily": {
2026-06-12T11:01:17.5357028+09:00     "runs": [
2026-06-12T11:01:17.5437765+09:00       {
2026-06-12T11:01:17.5437765+09:00         "run_id": "r01",
2026-06-12T11:01:17.5523711+09:00         "action": "skipped_exists",
2026-06-12T11:01:17.5523711+09:00         "taskId": "daily-20260612-r01"
2026-06-12T11:01:17.5597759+09:00       },
2026-06-12T11:01:17.5597759+09:00       {
2026-06-12T11:01:17.5835397+09:00         "run_id": "r02",
2026-06-12T11:01:17.5855454+09:00         "action": "not_due",
2026-06-12T11:01:17.5855454+09:00         "taskId": "daily-20260612-r02",
2026-06-12T11:01:17.5883465+09:00         "reason": "jst_hour=11"
2026-06-12T11:01:17.5907108+09:00       },
2026-06-12T11:01:17.5907108+09:00       {
2026-06-12T11:01:17.5907108+09:00         "run_id": "r03",
2026-06-12T11:01:17.5907108+09:00         "action": "not_due",
2026-06-12T11:01:17.5907108+09:00         "taskId": "daily-20260612-r03",
2026-06-12T11:01:17.5907108+09:00         "reason": "jst_hour=11"
2026-06-12T11:01:17.5907108+09:00       }
2026-06-12T11:01:17.5907108+09:00     ]
2026-06-12T11:01:17.5907108+09:00   },
2026-06-12T11:01:17.6064619+09:00   "reconcile": {
2026-06-12T11:01:17.6064619+09:00     "resetProcessing": 0,
2026-06-12T11:01:17.6064619+09:00     "inserted": 0,
2026-06-12T11:01:17.6064619+09:00     "scanned": 8,
2026-06-12T11:01:17.6064619+09:00     "stale": {
2026-06-12T11:01:17.6064619+09:00       "scanned": 8,
2026-06-12T11:01:17.6064619+09:00       "staleDetected": 0,
2026-06-12T11:01:17.6064619+09:00       "rolledBack": 0,
2026-06-12T11:01:17.6064619+09:00       "skippedCap": 0,
2026-06-12T11:01:17.6220968+09:00       "dryRun": false,
2026-06-12T11:01:17.6220968+09:00       "actions": []
2026-06-12T11:01:17.6220968+09:00     }
2026-06-12T11:01:17.6220968+09:00   },
2026-06-12T11:01:17.6220968+09:00   "dispatch": {
2026-06-12T11:01:17.6220968+09:00     "claimed": 1,
2026-06-12T11:01:17.6220968+09:00     "done": 1,
2026-06-12T11:01:17.6220968+09:00     "failed": 0
2026-06-12T11:01:17.6220968+09:00   },
2026-06-12T11:01:17.6220968+09:00   "step4_poll": {
2026-06-12T11:01:17.6378090+09:00     "scanned": 8,
2026-06-12T11:01:17.6378090+09:00     "awaiting": 1,
2026-06-12T11:01:17.6378090+09:00     "polled": 0,
2026-06-12T11:01:17.6378090+09:00     "picks_applied": 0,
2026-06-12T11:01:17.6378090+09:00     "pick_errors": 0,
2026-06-12T11:01:17.6378090+09:00     "timeouts": 0,
2026-06-12T11:01:17.6378090+09:00     "skipped": 0,
2026-06-12T11:01:17.6378090+09:00     "results": [
2026-06-12T11:01:17.6378090+09:00       {
2026-06-12T11:01:17.6378090+09:00         "task_id": "daily-20260612-r01",
2026-06-12T11:01:17.6524345+09:00         "result": {
2026-06-12T11:01:17.6534419+09:00           "outcome": "no_new_messages"
2026-06-12T11:01:17.6534419+09:00         }
2026-06-12T11:01:17.6534419+09:00       }
2026-06-12T11:01:17.6534419+09:00     ]
2026-06-12T11:01:17.6534419+09:00   },
2026-06-12T11:01:17.6534419+09:00   "step7_retry_poll": {
2026-06-12T11:01:17.6534419+09:00     "scanned": 8,
2026-06-12T11:01:17.6534419+09:00     "eligible": 6,
2026-06-12T11:01:17.6534419+09:00     "polled": 0,
2026-06-12T11:01:17.6534419+09:00     "retries_triggered": 0,
2026-06-12T11:01:17.6691707+09:00     "retry_errors": 0,
2026-06-12T11:01:17.6691707+09:00     "skipped": 0,
2026-06-12T11:01:17.6691707+09:00     "results": []
2026-06-12T11:01:17.6691707+09:00   }
2026-06-12T11:01:17.6691707+09:00 }
2026-06-12T11:01:17.6691707+09:00 OK run-once finished
2026-06-12T11:05:58.1159066+09:00 START dispatch-run-once
2026-06-12T11:05:58.4875146+09:00 
2026-06-12T11:05:58.4875146+09:00 > orchestrator
2026-06-12T11:05:58.4875146+09:00 > tsx src/cli/orchestrator.ts run-once --limit 10
2026-06-12T11:05:58.4875146+09:00 
2026-06-12T11:06:01.0487610+09:00 {
2026-06-12T11:06:01.0487610+09:00   "ensure_daily": {
2026-06-12T11:06:01.0587644+09:00     "runs": [
2026-06-12T11:06:01.0607724+09:00       {
2026-06-12T11:06:01.0627792+09:00         "run_id": "r01",
2026-06-12T11:06:01.0645267+09:00         "action": "skipped_exists",
2026-06-12T11:06:01.0645267+09:00         "taskId": "daily-20260612-r01"
2026-06-12T11:06:01.0645267+09:00       },
2026-06-12T11:06:01.0645267+09:00       {
2026-06-12T11:06:01.0805554+09:00         "run_id": "r02",
2026-06-12T11:06:01.0805554+09:00         "action": "not_due",
2026-06-12T11:06:01.0805554+09:00         "taskId": "daily-20260612-r02",
2026-06-12T11:06:01.0984731+09:00         "reason": "jst_hour=11"
2026-06-12T11:06:01.1004807+09:00       },
2026-06-12T11:06:01.1024893+09:00       {
2026-06-12T11:06:01.1024893+09:00         "run_id": "r03",
2026-06-12T11:06:01.1081673+09:00         "action": "not_due",
2026-06-12T11:06:01.1101741+09:00         "taskId": "daily-20260612-r03",
2026-06-12T11:06:01.1121804+09:00         "reason": "jst_hour=11"
2026-06-12T11:06:01.1121804+09:00       }
2026-06-12T11:06:01.1121804+09:00     ]
2026-06-12T11:06:01.1121804+09:00   },
2026-06-12T11:06:01.1121804+09:00   "reconcile": {
2026-06-12T11:06:01.1218110+09:00     "resetProcessing": 0,
2026-06-12T11:06:01.1218110+09:00     "inserted": 1,
2026-06-12T11:06:01.1218110+09:00     "scanned": 8,
2026-06-12T11:06:01.1279990+09:00     "stale": {
2026-06-12T11:06:01.1279990+09:00       "scanned": 8,
2026-06-12T11:06:01.1279990+09:00       "staleDetected": 0,
2026-06-12T11:06:01.1335775+09:00       "rolledBack": 0,
2026-06-12T11:06:01.1335775+09:00       "skippedCap": 0,
2026-06-12T11:06:01.1335775+09:00       "dryRun": false,
2026-06-12T11:06:01.1335775+09:00       "actions": []
2026-06-12T11:06:01.1335775+09:00     }
2026-06-12T11:06:01.1436749+09:00   },
2026-06-12T11:06:01.1436749+09:00   "dispatch": {
2026-06-12T11:06:01.1436749+09:00     "claimed": 1,
2026-06-12T11:06:01.1436749+09:00     "done": 1,
2026-06-12T11:06:01.1436749+09:00     "failed": 0
2026-06-12T11:06:01.1436749+09:00   },
2026-06-12T11:06:01.1436749+09:00   "step4_poll": {
2026-06-12T11:06:01.1436749+09:00     "scanned": 8,
2026-06-12T11:06:01.1596065+09:00     "awaiting": 1,
2026-06-12T11:06:01.1596065+09:00     "polled": 0,
2026-06-12T11:06:01.1596065+09:00     "picks_applied": 0,
2026-06-12T11:06:01.1596065+09:00     "pick_errors": 0,
2026-06-12T11:06:01.1596065+09:00     "timeouts": 0,
2026-06-12T11:06:01.1596065+09:00     "skipped": 0,
2026-06-12T11:06:01.1596065+09:00     "results": [
2026-06-12T11:06:01.1596065+09:00       {
2026-06-12T11:06:01.1596065+09:00         "task_id": "daily-20260612-r01",
2026-06-12T11:06:01.1596065+09:00         "result": {
2026-06-12T11:06:01.1752527+09:00           "outcome": "no_new_messages"
2026-06-12T11:06:01.1752527+09:00         }
2026-06-12T11:06:01.1752527+09:00       }
2026-06-12T11:06:01.1752527+09:00     ]
2026-06-12T11:06:01.1752527+09:00   },
2026-06-12T11:06:01.1752527+09:00   "step7_retry_poll": {
2026-06-12T11:06:01.1752527+09:00     "scanned": 8,
2026-06-12T11:06:01.1752527+09:00     "eligible": 6,
2026-06-12T11:06:01.1752527+09:00     "polled": 0,
2026-06-12T11:06:01.1911278+09:00     "retries_triggered": 0,
2026-06-12T11:06:01.1911278+09:00     "retry_errors": 0,
2026-06-12T11:06:01.1911278+09:00     "skipped": 0,
2026-06-12T11:06:01.1911278+09:00     "results": []
2026-06-12T11:06:01.1911278+09:00   }
2026-06-12T11:06:01.1911278+09:00 }
2026-06-12T11:06:01.1911278+09:00 OK run-once finished
2026-06-12T11:10:59.1866570+09:00 START dispatch-run-once
2026-06-12T11:10:59.5671397+09:00 
2026-06-12T11:10:59.5671397+09:00 > orchestrator
2026-06-12T11:10:59.5671397+09:00 > tsx src/cli/orchestrator.ts run-once --limit 10
2026-06-12T11:10:59.5740541+09:00 
2026-06-12T11:11:02.1268668+09:00 {
2026-06-12T11:11:02.1305926+09:00   "ensure_daily": {
2026-06-12T11:11:02.1379965+09:00     "runs": [
2026-06-12T11:11:02.1400031+09:00       {
2026-06-12T11:11:02.1420090+09:00         "run_id": "r01",
2026-06-12T11:11:02.1440162+09:00         "action": "skipped_exists",
2026-06-12T11:11:02.1460221+09:00         "taskId": "daily-20260612-r01"
2026-06-12T11:11:02.1480273+09:00       },
2026-06-12T11:11:02.1500342+09:00       {
2026-06-12T11:11:02.1633480+09:00         "run_id": "r02",
2026-06-12T11:11:02.1633480+09:00         "action": "not_due",
2026-06-12T11:11:02.1737359+09:00         "taskId": "daily-20260612-r02",
2026-06-12T11:11:02.1737359+09:00         "reason": "jst_hour=11"
2026-06-12T11:11:02.1737359+09:00       },
2026-06-12T11:11:02.1737359+09:00       {
2026-06-12T11:11:02.1737359+09:00         "run_id": "r03",
2026-06-12T11:11:02.1737359+09:00         "action": "not_due",
2026-06-12T11:11:02.1737359+09:00         "taskId": "daily-20260612-r03",
2026-06-12T11:11:02.1737359+09:00         "reason": "jst_hour=11"
2026-06-12T11:11:02.1896214+09:00       }
2026-06-12T11:11:02.1896214+09:00     ]
2026-06-12T11:11:02.1896214+09:00   },
2026-06-12T11:11:02.1896214+09:00   "reconcile": {
2026-06-12T11:11:02.1896214+09:00     "resetProcessing": 0,
2026-06-12T11:11:02.1896214+09:00     "inserted": 1,
2026-06-12T11:11:02.1896214+09:00     "scanned": 8,
2026-06-12T11:11:02.1896214+09:00     "stale": {
2026-06-12T11:11:02.1896214+09:00       "scanned": 8,
2026-06-12T11:11:02.1896214+09:00       "staleDetected": 0,
2026-06-12T11:11:02.1896214+09:00       "rolledBack": 0,
2026-06-12T11:11:02.2057036+09:00       "skippedCap": 0,
2026-06-12T11:11:02.2057036+09:00       "dryRun": false,
2026-06-12T11:11:02.2057036+09:00       "actions": []
2026-06-12T11:11:02.2057036+09:00     }
2026-06-12T11:11:02.2057036+09:00   },
2026-06-12T11:11:02.2057036+09:00   "dispatch": {
2026-06-12T11:11:02.2057036+09:00     "claimed": 1,
2026-06-12T11:11:02.2057036+09:00     "done": 1,
2026-06-12T11:11:02.2057036+09:00     "failed": 0
2026-06-12T11:11:02.2057036+09:00   },
2026-06-12T11:11:02.2215230+09:00   "step4_poll": {
2026-06-12T11:11:02.2215230+09:00     "scanned": 8,
2026-06-12T11:11:02.2215230+09:00     "awaiting": 1,
2026-06-12T11:11:02.2215230+09:00     "polled": 0,
2026-06-12T11:11:02.2215230+09:00     "picks_applied": 0,
2026-06-12T11:11:02.2215230+09:00     "pick_errors": 0,
2026-06-12T11:11:02.2215230+09:00     "timeouts": 0,
2026-06-12T11:11:02.2215230+09:00     "skipped": 0,
2026-06-12T11:11:02.2215230+09:00     "results": [
2026-06-12T11:11:02.2215230+09:00       {
2026-06-12T11:11:02.2371885+09:00         "task_id": "daily-20260612-r01",
2026-06-12T11:11:02.2371885+09:00         "result": {
2026-06-12T11:11:02.2371885+09:00           "outcome": "no_new_messages"
2026-06-12T11:11:02.2371885+09:00         }
2026-06-12T11:11:02.2371885+09:00       }
2026-06-12T11:11:02.2371885+09:00     ]
2026-06-12T11:11:02.2371885+09:00   },
2026-06-12T11:11:02.2371885+09:00   "step7_retry_poll": {
2026-06-12T11:11:02.2371885+09:00     "scanned": 8,
2026-06-12T11:11:02.2371885+09:00     "eligible": 6,
2026-06-12T11:11:02.2371885+09:00     "polled": 0,
2026-06-12T11:11:02.2529637+09:00     "retries_triggered": 0,
2026-06-12T11:11:02.2529637+09:00     "retry_errors": 0,
2026-06-12T11:11:02.2529637+09:00     "skipped": 0,
2026-06-12T11:11:02.2529637+09:00     "results": []
2026-06-12T11:11:02.2529637+09:00   }
2026-06-12T11:11:02.2529637+09:00 }
2026-06-12T11:11:02.2529637+09:00 OK run-once finished
2026-06-12T11:15:58.0099695+09:00 START dispatch-run-once
2026-06-12T11:15:58.4037512+09:00 
2026-06-12T11:15:58.4057583+09:00 > orchestrator
2026-06-12T11:15:58.4057583+09:00 > tsx src/cli/orchestrator.ts run-once --limit 10
2026-06-12T11:15:58.4057583+09:00 
2026-06-12T11:16:00.9782629+09:00 {
2026-06-12T11:16:00.9930731+09:00   "ensure_daily": {
2026-06-12T11:16:01.0028905+09:00     "runs": [
2026-06-12T11:16:01.0096612+09:00       {
2026-06-12T11:16:01.0106929+09:00         "run_id": "r01",
2026-06-12T11:16:01.0106929+09:00         "action": "skipped_exists",
2026-06-12T11:16:01.0106929+09:00         "taskId": "daily-20260612-r01"
2026-06-12T11:16:01.0265831+09:00       },
2026-06-12T11:16:01.0301833+09:00       {
2026-06-12T11:16:01.0486598+09:00         "run_id": "r02",
2026-06-12T11:16:01.0506751+09:00         "action": "not_due",
2026-06-12T11:16:01.0535667+09:00         "taskId": "daily-20260612-r02",
2026-06-12T11:16:01.0535667+09:00         "reason": "jst_hour=11"
2026-06-12T11:16:01.0583269+09:00       },
2026-06-12T11:16:01.0583269+09:00       {
2026-06-12T11:16:01.0583269+09:00         "run_id": "r03",
2026-06-12T11:16:01.0583269+09:00         "action": "not_due",
2026-06-12T11:16:01.0583269+09:00         "taskId": "daily-20260612-r03",
2026-06-12T11:16:01.0583269+09:00         "reason": "jst_hour=11"
2026-06-12T11:16:01.0583269+09:00       }
2026-06-12T11:16:01.0583269+09:00     ]
2026-06-12T11:16:01.0583269+09:00   },
2026-06-12T11:16:01.0747132+09:00   "reconcile": {
2026-06-12T11:16:01.0747132+09:00     "resetProcessing": 0,
2026-06-12T11:16:01.0747132+09:00     "inserted": 1,
2026-06-12T11:16:01.0747132+09:00     "scanned": 8,
2026-06-12T11:16:01.0747132+09:00     "stale": {
2026-06-12T11:16:01.0747132+09:00       "scanned": 8,
2026-06-12T11:16:01.0747132+09:00       "staleDetected": 0,
2026-06-12T11:16:01.0747132+09:00       "rolledBack": 0,
2026-06-12T11:16:01.0747132+09:00       "skippedCap": 0,
2026-06-12T11:16:01.0899897+09:00       "dryRun": false,
2026-06-12T11:16:01.0899897+09:00       "actions": []
2026-06-12T11:16:01.0899897+09:00     }
2026-06-12T11:16:01.0899897+09:00   },
2026-06-12T11:16:01.0899897+09:00   "dispatch": {
2026-06-12T11:16:01.0899897+09:00     "claimed": 1,
2026-06-12T11:16:01.0899897+09:00     "done": 1,
2026-06-12T11:16:01.0899897+09:00     "failed": 0
2026-06-12T11:16:01.0899897+09:00   },
2026-06-12T11:16:01.0899897+09:00   "step4_poll": {
2026-06-12T11:16:01.1057746+09:00     "scanned": 8,
2026-06-12T11:16:01.1057746+09:00     "awaiting": 1,
2026-06-12T11:16:01.1057746+09:00     "polled": 0,
2026-06-12T11:16:01.1057746+09:00     "picks_applied": 0,
2026-06-12T11:16:01.1057746+09:00     "pick_errors": 0,
2026-06-12T11:16:01.1057746+09:00     "timeouts": 0,
2026-06-12T11:16:01.1057746+09:00     "skipped": 0,
2026-06-12T11:16:01.1057746+09:00     "results": [
2026-06-12T11:16:01.1057746+09:00       {
2026-06-12T11:16:01.1057746+09:00         "task_id": "daily-20260612-r01",
2026-06-12T11:16:01.1057746+09:00         "result": {
2026-06-12T11:16:01.1218159+09:00           "outcome": "no_new_messages"
2026-06-12T11:16:01.1218159+09:00         }
2026-06-12T11:16:01.1218159+09:00       }
2026-06-12T11:16:01.1218159+09:00     ]
2026-06-12T11:16:01.1218159+09:00   },
2026-06-12T11:16:01.1218159+09:00   "step7_retry_poll": {
2026-06-12T11:16:01.1218159+09:00     "scanned": 8,
2026-06-12T11:16:01.1218159+09:00     "eligible": 6,
2026-06-12T11:16:01.1218159+09:00     "polled": 0,
2026-06-12T11:16:01.1218159+09:00     "retries_triggered": 0,
2026-06-12T11:16:01.1218159+09:00     "retry_errors": 0,
2026-06-12T11:16:01.1218159+09:00     "skipped": 0,
2026-06-12T11:16:01.1379232+09:00     "results": []
2026-06-12T11:16:01.1379232+09:00   }
2026-06-12T11:16:01.1379232+09:00 }
2026-06-12T11:16:01.1379232+09:00 OK run-once finished
2026-06-12T11:20:58.2500593+09:00 START dispatch-run-once
2026-06-12T11:21:01.3709168+09:00 
2026-06-12T11:21:01.3807985+09:00 > orchestrator
2026-06-12T11:21:01.3828061+09:00 > tsx src/cli/orchestrator.ts run-once --limit 10
2026-06-12T11:21:01.3828061+09:00 
2026-06-12T11:21:10.4264852+09:00 {
2026-06-12T11:21:10.4264852+09:00   "ensure_daily": {
2026-06-12T11:21:10.4264852+09:00     "runs": [
2026-06-12T11:21:10.4424515+09:00       {
2026-06-12T11:21:10.4424515+09:00         "run_id": "r01",
2026-06-12T11:21:10.4424515+09:00         "action": "skipped_exists",
2026-06-12T11:21:10.4424515+09:00         "taskId": "daily-20260612-r01"
2026-06-12T11:21:10.4424515+09:00       },
2026-06-12T11:21:10.4541380+09:00       {
2026-06-12T11:21:10.4603459+09:00         "run_id": "r02",
2026-06-12T11:21:10.4603459+09:00         "action": "not_due",
2026-06-12T11:21:10.4603459+09:00         "taskId": "daily-20260612-r02",
2026-06-12T11:21:10.4603459+09:00         "reason": "jst_hour=11"
2026-06-12T11:21:10.4603459+09:00       },
2026-06-12T11:21:10.4711077+09:00       {
2026-06-12T11:21:10.4711077+09:00         "run_id": "r03",
2026-06-12T11:21:10.4737999+09:00         "action": "not_due",
2026-06-12T11:21:10.4758079+09:00         "taskId": "daily-20260612-r03",
2026-06-12T11:21:10.4758079+09:00         "reason": "jst_hour=11"
2026-06-12T11:21:10.4758079+09:00       }
2026-06-12T11:21:10.4758079+09:00     ]
2026-06-12T11:21:10.4758079+09:00   },
2026-06-12T11:21:10.4758079+09:00   "reconcile": {
2026-06-12T11:21:10.4758079+09:00     "resetProcessing": 0,
2026-06-12T11:21:10.4758079+09:00     "inserted": 1,
2026-06-12T11:21:10.4896244+09:00     "scanned": 8,
2026-06-12T11:21:10.4896244+09:00     "stale": {
2026-06-12T11:21:10.4896244+09:00       "scanned": 8,
2026-06-12T11:21:10.4896244+09:00       "staleDetected": 0,
2026-06-12T11:21:10.4896244+09:00       "rolledBack": 0,
2026-06-12T11:21:10.4896244+09:00       "skippedCap": 0,
2026-06-12T11:21:10.4896244+09:00       "dryRun": false,
2026-06-12T11:21:10.4896244+09:00       "actions": []
2026-06-12T11:21:10.4896244+09:00     }
2026-06-12T11:21:10.4896244+09:00   },
2026-06-12T11:21:10.5054361+09:00   "dispatch": {
2026-06-12T11:21:10.5054361+09:00     "claimed": 1,
2026-06-12T11:21:10.5054361+09:00     "done": 1,
2026-06-12T11:21:10.5054361+09:00     "failed": 0
2026-06-12T11:21:10.5054361+09:00   },
2026-06-12T11:21:10.5054361+09:00   "step4_poll": {
2026-06-12T11:21:10.5054361+09:00     "scanned": 8,
2026-06-12T11:21:10.5054361+09:00     "awaiting": 1,
2026-06-12T11:21:10.5054361+09:00     "polled": 0,
2026-06-12T11:21:10.5054361+09:00     "picks_applied": 0,
2026-06-12T11:21:10.5054361+09:00     "pick_errors": 0,
2026-06-12T11:21:10.5211933+09:00     "timeouts": 0,
2026-06-12T11:21:10.5211933+09:00     "skipped": 0,
2026-06-12T11:21:10.5211933+09:00     "results": [
2026-06-12T11:21:10.5211933+09:00       {
2026-06-12T11:21:10.5211933+09:00         "task_id": "daily-20260612-r01",
2026-06-12T11:21:10.5211933+09:00         "result": {
2026-06-12T11:21:10.5211933+09:00           "outcome": "no_new_messages"
2026-06-12T11:21:10.5211933+09:00         }
2026-06-12T11:21:10.5211933+09:00       }
2026-06-12T11:21:10.5370295+09:00     ]
2026-06-12T11:21:10.5370295+09:00   },
2026-06-12T11:21:10.5370295+09:00   "step7_retry_poll": {
2026-06-12T11:21:10.5370295+09:00     "scanned": 8,
2026-06-12T11:21:10.5370295+09:00     "eligible": 6,
2026-06-12T11:21:10.5458029+09:00     "polled": 0,
2026-06-12T11:21:10.5458029+09:00     "retries_triggered": 0,
2026-06-12T11:21:10.5478103+09:00     "retry_errors": 0,
2026-06-12T11:21:10.5498177+09:00     "skipped": 0,
2026-06-12T11:21:10.5498177+09:00     "results": []
2026-06-12T11:21:10.5528366+09:00   }
2026-06-12T11:21:10.5528366+09:00 }
2026-06-12T11:21:10.5528366+09:00 OK run-once finished
2026-06-12T11:25:58.4999291+09:00 START dispatch-run-once
2026-06-12T11:25:58.8782294+09:00 
2026-06-12T11:25:58.8808417+09:00 > orchestrator
2026-06-12T11:25:58.8830066+09:00 > tsx src/cli/orchestrator.ts run-once --limit 10
2026-06-12T11:25:58.8846572+09:00 
2026-06-12T11:26:02.6893997+09:00 {
2026-06-12T11:26:02.6912004+09:00   "ensure_daily": {
2026-06-12T11:26:02.6945989+09:00     "runs": [
2026-06-12T11:26:02.6945989+09:00       {
2026-06-12T11:26:02.6945989+09:00         "run_id": "r01",
2026-06-12T11:26:02.6945989+09:00         "action": "skipped_exists",
2026-06-12T11:26:02.6945989+09:00         "taskId": "daily-20260612-r01"
2026-06-12T11:26:02.6945989+09:00       },
2026-06-12T11:26:02.6945989+09:00       {
2026-06-12T11:26:02.7246436+09:00         "run_id": "r02",
2026-06-12T11:26:02.7263831+09:00         "action": "not_due",
2026-06-12T11:26:02.7263831+09:00         "taskId": "daily-20260612-r02",
2026-06-12T11:26:02.7263831+09:00         "reason": "jst_hour=11"
2026-06-12T11:26:02.7263831+09:00       },
2026-06-12T11:26:02.7263831+09:00       {
2026-06-12T11:26:02.7263831+09:00         "run_id": "r03",
2026-06-12T11:26:02.7263831+09:00         "action": "not_due",
2026-06-12T11:26:02.7263831+09:00         "taskId": "daily-20260612-r03",
2026-06-12T11:26:02.7263831+09:00         "reason": "jst_hour=11"
2026-06-12T11:26:02.7424128+09:00       }
2026-06-12T11:26:02.7424128+09:00     ]
2026-06-12T11:26:02.7424128+09:00   },
2026-06-12T11:26:02.7424128+09:00   "reconcile": {
2026-06-12T11:26:02.7424128+09:00     "resetProcessing": 0,
2026-06-12T11:26:02.7424128+09:00     "inserted": 1,
2026-06-12T11:26:02.7424128+09:00     "scanned": 8,
2026-06-12T11:26:02.7424128+09:00     "stale": {
2026-06-12T11:26:02.7424128+09:00       "scanned": 8,
2026-06-12T11:26:02.7424128+09:00       "staleDetected": 0,
2026-06-12T11:26:02.7581050+09:00       "rolledBack": 0,
2026-06-12T11:26:02.7581050+09:00       "skippedCap": 0,
2026-06-12T11:26:02.7581050+09:00       "dryRun": false,
2026-06-12T11:26:02.7581050+09:00       "actions": []
2026-06-12T11:26:02.7581050+09:00     }
2026-06-12T11:26:02.7581050+09:00   },
2026-06-12T11:26:02.7581050+09:00   "dispatch": {
2026-06-12T11:26:02.7581050+09:00     "claimed": 1,
2026-06-12T11:26:02.7581050+09:00     "done": 1,
2026-06-12T11:26:02.7738439+09:00     "failed": 0
2026-06-12T11:26:02.7738439+09:00   },
2026-06-12T11:26:02.7738439+09:00   "step4_poll": {
2026-06-12T11:26:02.7738439+09:00     "scanned": 8,
2026-06-12T11:26:02.7801531+09:00     "awaiting": 1,
2026-06-12T11:26:02.7801531+09:00     "polled": 0,
2026-06-12T11:26:02.7801531+09:00     "picks_applied": 0,
2026-06-12T11:26:02.7801531+09:00     "pick_errors": 0,
2026-06-12T11:26:02.7801531+09:00     "timeouts": 0,
2026-06-12T11:26:02.7801531+09:00     "skipped": 0,
2026-06-12T11:26:02.7893378+09:00     "results": [
2026-06-12T11:26:02.7893378+09:00       {
2026-06-12T11:26:02.7893378+09:00         "task_id": "daily-20260612-r01",
2026-06-12T11:26:02.7893378+09:00         "result": {
2026-06-12T11:26:02.7893378+09:00           "outcome": "no_new_messages"
2026-06-12T11:26:02.7962793+09:00         }
2026-06-12T11:26:02.7971715+09:00       }
2026-06-12T11:26:02.7971715+09:00     ]
2026-06-12T11:26:02.7971715+09:00   },
2026-06-12T11:26:02.7971715+09:00   "step7_retry_poll": {
2026-06-12T11:26:02.7971715+09:00     "scanned": 8,
2026-06-12T11:26:02.8051715+09:00     "eligible": 6,
2026-06-12T11:26:02.8051715+09:00     "polled": 0,
2026-06-12T11:26:02.8051715+09:00     "retries_triggered": 0,
2026-06-12T11:26:02.8051715+09:00     "retry_errors": 0,
2026-06-12T11:26:02.8051715+09:00     "skipped": 0,
2026-06-12T11:26:02.8051715+09:00     "results": []
2026-06-12T11:26:02.8133199+09:00   }
2026-06-12T11:26:02.8133199+09:00 }
2026-06-12T11:26:02.8133199+09:00 OK run-once finished
2026-06-12T11:30:59.4270788+09:00 START dispatch-run-once
2026-06-12T11:30:59.8128813+09:00 
2026-06-12T11:30:59.8153972+09:00 > orchestrator
2026-06-12T11:30:59.8153972+09:00 > tsx src/cli/orchestrator.ts run-once --limit 10
2026-06-12T11:30:59.8190678+09:00 
2026-06-12T11:31:02.6075185+09:00 {
2026-06-12T11:31:02.6075185+09:00   "ensure_daily": {
2026-06-12T11:31:02.6138451+09:00     "runs": [
2026-06-12T11:31:02.6160858+09:00       {
2026-06-12T11:31:02.6160858+09:00         "run_id": "r01",
2026-06-12T11:31:02.6160858+09:00         "action": "skipped_exists",
2026-06-12T11:31:02.6240243+09:00         "taskId": "daily-20260612-r01"
2026-06-12T11:31:02.6248680+09:00       },
2026-06-12T11:31:02.6248680+09:00       {
2026-06-12T11:31:02.6563796+09:00         "run_id": "r02",
2026-06-12T11:31:02.6580130+09:00         "action": "not_due",
2026-06-12T11:31:02.6616368+09:00         "taskId": "daily-20260612-r02",
2026-06-12T11:31:02.6662073+09:00         "reason": "jst_hour=11"
2026-06-12T11:31:02.6693391+09:00       },
2026-06-12T11:31:02.6740824+09:00       {
2026-06-12T11:31:02.6769287+09:00         "run_id": "r03",
2026-06-12T11:31:02.6789376+09:00         "action": "not_due",
2026-06-12T11:31:02.6829254+09:00         "taskId": "daily-20260612-r03",
2026-06-12T11:31:02.6829254+09:00         "reason": "jst_hour=11"
2026-06-12T11:31:02.6896959+09:00       }
2026-06-12T11:31:02.6911587+09:00     ]
2026-06-12T11:31:02.6958671+09:00   },
2026-06-12T11:31:02.6996413+09:00   "reconcile": {
2026-06-12T11:31:02.7029020+09:00     "resetProcessing": 0,
2026-06-12T11:31:02.7063822+09:00     "inserted": 1,
2026-06-12T11:31:02.7073911+09:00     "scanned": 8,
2026-06-12T11:31:02.7073911+09:00     "stale": {
2026-06-12T11:31:02.7147445+09:00       "scanned": 8,
2026-06-12T11:31:02.7162648+09:00       "staleDetected": 0,
2026-06-12T11:31:02.7162648+09:00       "rolledBack": 0,
2026-06-12T11:31:02.7245801+09:00       "skippedCap": 0,
2026-06-12T11:31:02.7245801+09:00       "dryRun": false,
2026-06-12T11:31:02.7289577+09:00       "actions": []
2026-06-12T11:31:02.7329554+09:00     }
2026-06-12T11:31:02.7329554+09:00   },
2026-06-12T11:31:02.7329554+09:00   "dispatch": {
2026-06-12T11:31:02.7410841+09:00     "claimed": 1,
2026-06-12T11:31:02.7410841+09:00     "done": 1,
2026-06-12T11:31:02.7410841+09:00     "failed": 0
2026-06-12T11:31:02.7490598+09:00   },
2026-06-12T11:31:02.7496246+09:00   "step4_poll": {
2026-06-12T11:31:02.7496246+09:00     "scanned": 8,
2026-06-12T11:31:02.7563875+09:00     "awaiting": 1,
2026-06-12T11:31:02.7577050+09:00     "polled": 0,
2026-06-12T11:31:02.7617200+09:00     "picks_applied": 0,
2026-06-12T11:31:02.7637269+09:00     "pick_errors": 0,
2026-06-12T11:31:02.7662455+09:00     "timeouts": 0,
2026-06-12T11:31:02.7662455+09:00     "skipped": 0,
2026-06-12T11:31:02.7662455+09:00     "results": [
2026-06-12T11:31:02.7740646+09:00       {
2026-06-12T11:31:02.7764079+09:00         "task_id": "daily-20260612-r01",
2026-06-12T11:31:02.7764079+09:00         "result": {
2026-06-12T11:31:02.7813913+09:00           "outcome": "no_new_messages"
2026-06-12T11:31:02.7828680+09:00         }
2026-06-12T11:31:02.7828680+09:00       }
2026-06-12T11:31:02.7897282+09:00     ]
2026-06-12T11:31:02.7913159+09:00   },
2026-06-12T11:31:02.7913159+09:00   "step7_retry_poll": {
2026-06-12T11:31:02.7980468+09:00     "scanned": 8,
2026-06-12T11:31:02.7996104+09:00     "eligible": 6,
2026-06-12T11:31:02.7996104+09:00     "polled": 0,
2026-06-12T11:31:02.8063572+09:00     "retries_triggered": 0,
2026-06-12T11:31:02.8073673+09:00     "retry_errors": 0,
2026-06-12T11:31:02.8073673+09:00     "skipped": 0,
2026-06-12T11:31:02.8147192+09:00     "results": []
2026-06-12T11:31:02.8161978+09:00   }
2026-06-12T11:31:02.8161978+09:00 }
2026-06-12T11:31:02.8230651+09:00 OK run-once finished
2026-06-12T11:35:58.5521572+09:00 START dispatch-run-once
2026-06-12T11:35:59.0582510+09:00 
2026-06-12T11:35:59.0612655+09:00 > orchestrator
2026-06-12T11:35:59.0632623+09:00 > tsx src/cli/orchestrator.ts run-once --limit 10
2026-06-12T11:35:59.0666666+09:00 
2026-06-12T11:36:01.9289390+09:00 {
2026-06-12T11:36:01.9309482+09:00   "ensure_daily": {
2026-06-12T11:36:01.9333659+09:00     "runs": [
2026-06-12T11:36:01.9363698+09:00       {
2026-06-12T11:36:01.9383694+09:00         "run_id": "r01",
2026-06-12T11:36:01.9403697+09:00         "action": "skipped_exists",
2026-06-12T11:36:01.9426947+09:00         "taskId": "daily-20260612-r01"
2026-06-12T11:36:01.9452127+09:00       },
2026-06-12T11:36:01.9472102+09:00       {
2026-06-12T11:36:01.9676461+09:00         "run_id": "r02",
2026-06-12T11:36:01.9696447+09:00         "action": "not_due",
2026-06-12T11:36:01.9726438+09:00         "taskId": "daily-20260612-r02",
2026-06-12T11:36:01.9749940+09:00         "reason": "jst_hour=11"
2026-06-12T11:36:01.9769962+09:00       },
2026-06-12T11:36:01.9789944+09:00       {
2026-06-12T11:36:01.9819944+09:00         "run_id": "r03",
2026-06-12T11:36:01.9833564+09:00         "action": "not_due",
2026-06-12T11:36:01.9863567+09:00         "taskId": "daily-20260612-r03",
2026-06-12T11:36:01.9883603+09:00         "reason": "jst_hour=11"
2026-06-12T11:36:01.9915942+09:00       }
2026-06-12T11:36:01.9936036+09:00     ]
2026-06-12T11:36:01.9956005+09:00   },
2026-06-12T11:36:01.9976000+09:00   "reconcile": {
2026-06-12T11:36:02.0009738+09:00     "resetProcessing": 0,
2026-06-12T11:36:02.0029734+09:00     "inserted": 1,
2026-06-12T11:36:02.0049702+09:00     "scanned": 8,
2026-06-12T11:36:02.0069731+09:00     "stale": {
2026-06-12T11:36:02.0093451+09:00       "scanned": 8,
2026-06-12T11:36:02.0123461+09:00       "staleDetected": 0,
2026-06-12T11:36:02.0143456+09:00       "rolledBack": 0,
2026-06-12T11:36:02.0175902+09:00       "skippedCap": 0,
2026-06-12T11:36:02.0205927+09:00       "dryRun": false,
2026-06-12T11:36:02.0222733+09:00       "actions": []
2026-06-12T11:36:02.0249852+09:00     }
2026-06-12T11:36:02.0279955+09:00   },
2026-06-12T11:36:02.0300025+09:00   "dispatch": {
2026-06-12T11:36:02.0320027+09:00     "claimed": 1,
2026-06-12T11:36:02.0343643+09:00     "done": 1,
2026-06-12T11:36:02.0363638+09:00     "failed": 0
2026-06-12T11:36:02.0383616+09:00   },
2026-06-12T11:36:02.0403611+09:00   "step4_poll": {
2026-06-12T11:36:02.0426457+09:00     "scanned": 8,
2026-06-12T11:36:02.0451610+09:00     "awaiting": 1,
2026-06-12T11:36:02.0471601+09:00     "polled": 0,
2026-06-12T11:36:02.0491635+09:00     "picks_applied": 0,
2026-06-12T11:36:02.0521903+09:00     "pick_errors": 0,
2026-06-12T11:36:02.0541902+09:00     "timeouts": 0,
2026-06-12T11:36:02.0561902+09:00     "skipped": 0,
2026-06-12T11:36:02.0592715+09:00     "results": [
2026-06-12T11:36:02.0612724+09:00       {
2026-06-12T11:36:02.0632700+09:00         "task_id": "daily-20260612-r01",
2026-06-12T11:36:02.0666466+09:00         "result": {
2026-06-12T11:36:02.0686467+09:00           "outcome": "no_new_messages"
2026-06-12T11:36:02.0716462+09:00         }
2026-06-12T11:36:02.0754355+09:00       }
2026-06-12T11:36:02.0797778+09:00     ]
2026-06-12T11:36:02.0818659+09:00   },
2026-06-12T11:36:02.0847480+09:00   "step7_retry_poll": {
2026-06-12T11:36:02.0867534+09:00     "scanned": 8,
2026-06-12T11:36:02.0887517+09:00     "eligible": 6,
2026-06-12T11:36:02.0907496+09:00     "polled": 0,
2026-06-12T11:36:02.0935966+09:00     "retries_triggered": 0,
2026-06-12T11:36:02.0965969+09:00     "retry_errors": 0,
2026-06-12T11:36:02.0985966+09:00     "skipped": 0,
2026-06-12T11:36:02.1019013+09:00     "results": []
2026-06-12T11:36:02.1039020+09:00   }
2026-06-12T11:36:02.1059044+09:00 }
2026-06-12T11:36:02.1092254+09:00 OK run-once finished
2026-06-12T11:40:58.4390752+09:00 START dispatch-run-once
2026-06-12T11:40:58.8196365+09:00 
2026-06-12T11:40:58.8196365+09:00 > orchestrator
2026-06-12T11:40:58.8196365+09:00 > tsx src/cli/orchestrator.ts run-once --limit 10
2026-06-12T11:40:58.8196365+09:00 
2026-06-12T11:41:00.6781945+09:00 2026-06-12T02:41:00.687Z [info] [Step5 research daily-20260612-r01/e5de25c90f90615f] [-] run_agent start {"timeout_ms":600000,"idempotency_key":"step5-research-daily-20260612-r01-r01-e5de25c90f90615f-1781232060687"}
2026-06-12T11:41:00.6781945+09:00 2026-06-12T02:41:00.688Z [info] [Step5 research daily-20260612-r01/e5de25c90f90615f] [-] rpc agent begin {"timeout_ms":600000}
2026-06-12T11:41:00.7576498+09:00 2026-06-12T02:41:00.761Z [info] [Step5 research daily-20260612-r01/e5de25c90f90615f] [-] rpc agent ok {"duration_ms":73}
2026-06-12T11:41:00.7629474+09:00 2026-06-12T02:41:00.762Z [info] [Step5 research daily-20260612-r01/e5de25c90f90615f] [-] rpc agent.wait begin {"timeout_ms":600000}
2026-06-12T11:41:10.1880324+09:00 2026-06-12T02:41:10.185Z [info] [Step5 research daily-20260612-r01/e5de25c90f90615f] [-] rpc agent.wait ok {"duration_ms":9423}
2026-06-12T11:41:10.1930287+09:00 2026-06-12T02:41:10.187Z [info] [Step5 research daily-20260612-r01/e5de25c90f90615f] [-] rpc chat.history begin {"timeout_ms":600000}
2026-06-12T11:41:10.4971525+09:00 2026-06-12T02:41:10.497Z [info] [Step5 research daily-20260612-r01/e5de25c90f90615f] [-] rpc chat.history ok {"duration_ms":310}
2026-06-12T11:41:10.5000726+09:00 2026-06-12T02:41:10.498Z [info] [Step5 research daily-20260612-r01/e5de25c90f90615f] [-] run_agent done {"duration_ms":9811,"gateway_run_id":"step5-research-daily-20260612-r01-r01-e5de25c90f90615f-1781232060687","content_chars":1808}
2026-06-12T11:41:10.7908243+09:00 2026-06-12T02:41:10.796Z [info] [Step6 copy daily-20260612-r01/e5de25c90f90615f attempt=1] [-] run_agent start {"timeout_ms":600000,"idempotency_key":"step6-copy-daily-20260612-r01-r01-e5de25c90f90615f-1781232070795-1"}
2026-06-12T11:41:10.8065805+09:00 2026-06-12T02:41:10.796Z [info] [Step6 copy daily-20260612-r01/e5de25c90f90615f attempt=1] [-] rpc agent begin {"timeout_ms":600000}
2026-06-12T11:41:10.8538938+09:00 2026-06-12T02:41:10.853Z [info] [Step6 copy daily-20260612-r01/e5de25c90f90615f attempt=1] [-] rpc agent ok {"duration_ms":57}
2026-06-12T11:41:10.8538938+09:00 2026-06-12T02:41:10.854Z [info] [Step6 copy daily-20260612-r01/e5de25c90f90615f attempt=1] [-] rpc agent.wait begin {"timeout_ms":600000}
2026-06-12T11:41:20.9806036+09:00 2026-06-12T02:41:20.980Z [info] [Step6 copy daily-20260612-r01/e5de25c90f90615f attempt=1] [-] rpc agent.wait ok {"duration_ms":10126}
2026-06-12T11:41:20.9806036+09:00 2026-06-12T02:41:20.981Z [info] [Step6 copy daily-20260612-r01/e5de25c90f90615f attempt=1] [-] rpc chat.history begin {"timeout_ms":600000}
2026-06-12T11:41:21.0304705+09:00 2026-06-12T02:41:21.033Z [info] [Step6 copy daily-20260612-r01/e5de25c90f90615f attempt=1] [-] rpc chat.history ok {"duration_ms":52}
2026-06-12T11:41:21.0304705+09:00 2026-06-12T02:41:21.033Z [info] [Step6 copy daily-20260612-r01/e5de25c90f90615f attempt=1] [-] run_agent done {"duration_ms":10237,"gateway_run_id":"step6-copy-daily-20260612-r01-r01-e5de25c90f90615f-1781232070795-1","content_chars":2867}
2026-06-12T11:41:21.0304705+09:00 [content-copy] daily-20260612-r01/e5de25c90f90615f: CONTENT_COPY_DRAFT_LIMIT: 蟆冗ｺ｢荵ｦ (xiaohongshu) title: 18 chars, max 16; X (x) body: 284 chars, max 200 窶・retry 2/3
2026-06-12T11:41:21.0406777+09:00 2026-06-12T02:41:21.035Z [info] [Step6 copy daily-20260612-r01/e5de25c90f90615f attempt=2] [-] run_agent start {"timeout_ms":600000,"idempotency_key":"step6-copy-daily-20260612-r01-r01-e5de25c90f90615f-1781232081035-2"}
2026-06-12T11:41:21.0445958+09:00 2026-06-12T02:41:21.036Z [info] [Step6 copy daily-20260612-r01/e5de25c90f90615f attempt=2] [-] rpc agent begin {"timeout_ms":600000}
2026-06-12T11:41:21.0993410+09:00 2026-06-12T02:41:21.098Z [info] [Step6 copy daily-20260612-r01/e5de25c90f90615f attempt=2] [-] rpc agent ok {"duration_ms":62}
2026-06-12T11:41:21.1013481+09:00 2026-06-12T02:41:21.099Z [info] [Step6 copy daily-20260612-r01/e5de25c90f90615f attempt=2] [-] rpc agent.wait begin {"timeout_ms":600000}
2026-06-12T11:41:32.0622814+09:00 2026-06-12T02:41:32.060Z [info] [Step6 copy daily-20260612-r01/e5de25c90f90615f attempt=2] [-] rpc agent.wait ok {"duration_ms":10961}
2026-06-12T11:41:32.0642956+09:00 2026-06-12T02:41:32.062Z [info] [Step6 copy daily-20260612-r01/e5de25c90f90615f attempt=2] [-] rpc chat.history begin {"timeout_ms":600000}
2026-06-12T11:41:32.0959186+09:00 2026-06-12T02:41:32.108Z [info] [Step6 copy daily-20260612-r01/e5de25c90f90615f attempt=2] [-] rpc chat.history ok {"duration_ms":46}
2026-06-12T11:41:32.1116276+09:00 2026-06-12T02:41:32.108Z [info] [Step6 copy daily-20260612-r01/e5de25c90f90615f attempt=2] [-] run_agent done {"duration_ms":11073,"gateway_run_id":"step6-copy-daily-20260612-r01-r01-e5de25c90f90615f-1781232081035-2","content_chars":2902}
2026-06-12T11:41:32.1138802+09:00 [content-copy] daily-20260612-r01/e5de25c90f90615f: CONTENT_COPY_DRAFT_LIMIT: 蟆冗ｺ｢荵ｦ (xiaohongshu) title: 17 chars, max 16; X (x) body: 256 chars, max 200; Instagram (instagram) body: 124 chars, max 100 窶・retry 3/3
2026-06-12T11:41:32.1158875+09:00 2026-06-12T02:41:32.109Z [info] [Step6 copy daily-20260612-r01/e5de25c90f90615f attempt=3] [-] run_agent start {"timeout_ms":600000,"idempotency_key":"step6-copy-daily-20260612-r01-r01-e5de25c90f90615f-1781232092109-3"}
2026-06-12T11:41:32.1178974+09:00 2026-06-12T02:41:32.110Z [info] [Step6 copy daily-20260612-r01/e5de25c90f90615f attempt=3] [-] rpc agent begin {"timeout_ms":600000}
2026-06-12T11:41:32.1746415+09:00 2026-06-12T02:41:32.174Z [info] [Step6 copy daily-20260612-r01/e5de25c90f90615f attempt=3] [-] rpc agent ok {"duration_ms":64}
2026-06-12T11:41:32.1772129+09:00 2026-06-12T02:41:32.175Z [info] [Step6 copy daily-20260612-r01/e5de25c90f90615f attempt=3] [-] rpc agent.wait begin {"timeout_ms":600000}
2026-06-12T11:41:50.6622591+09:00 2026-06-12T02:41:50.667Z [info] [Step6 copy daily-20260612-r01/e5de25c90f90615f attempt=3] [-] rpc agent.wait ok {"duration_ms":18492}
2026-06-12T11:41:50.6622591+09:00 2026-06-12T02:41:50.667Z [info] [Step6 copy daily-20260612-r01/e5de25c90f90615f attempt=3] [-] rpc chat.history begin {"timeout_ms":600000}
2026-06-12T11:41:50.6937873+09:00 2026-06-12T02:41:50.708Z [info] [Step6 copy daily-20260612-r01/e5de25c90f90615f attempt=3] [-] rpc chat.history ok {"duration_ms":41}
2026-06-12T11:41:50.7096974+09:00 2026-06-12T02:41:50.708Z [info] [Step6 copy daily-20260612-r01/e5de25c90f90615f attempt=3] [-] run_agent done {"duration_ms":18599,"gateway_run_id":"step6-copy-daily-20260612-r01-r01-e5de25c90f90615f-1781232092109-3","content_chars":2710}
2026-06-12T11:41:50.7096974+09:00 [content-copy] daily-20260612-r01/e5de25c90f90615f: limits still exceeded after 3 attempts; applied local clamp (CONTENT_COPY_DRAFT_LIMIT: 蟆冗ｺ｢荵ｦ (xiaohongshu) title: 17 chars, max 16; X (x) body: 285 chars, max 200; Instagram (instagram) body: 123 chars, max 100)
2026-06-12T11:42:48.9485763+09:00 [2026-06-12T02:42:48.949Z] 蠑蟋句書蟶・mode=post platform=xiaohongshu profile=default job=C:\Users\compu\.openclaw\publish-system\data\tasks\daily-20260612-r01\publish\publish_job_20260612_r01.json
2026-06-12T11:42:55.0665430+09:00 [2026-06-12T02:42:55.064Z] 逋ｻ蠖墓∝ｷｲ菫晏ｭ・ C:\Users\compu\.openclaw\publish-system\data\auth\xiaohongshu\default\state.json
2026-06-12T11:42:55.3713263+09:00 [2026-06-12T02:42:55.370Z] 扈捺棡蟾ｲ菫晏ｭ・ C:\Users\compu\.openclaw\publish-system\logs\task\daily-20260612-r01\xiaohongshu\default\result.json
2026-06-12T11:42:55.3768517+09:00 [2026-06-12T02:42:55.371Z] 蠑蟋句書蟶・mode=post platform=facebook profile=default job=C:\Users\compu\.openclaw\publish-system\data\tasks\daily-20260612-r01\publish\publish_job_20260612_r01.json
2026-06-12T11:44:06.5311229+09:00 [2026-06-12T02:44:06.531Z] 逋ｻ蠖墓∝ｷｲ菫晏ｭ・ C:\Users\compu\.openclaw\publish-system\data\auth\facebook\default\state.json
2026-06-12T11:44:07.0060299+09:00 [2026-06-12T02:44:07.004Z] 扈捺棡蟾ｲ菫晏ｭ・ C:\Users\compu\.openclaw\publish-system\logs\task\daily-20260612-r01\facebook\default\result.json
2026-06-12T11:44:07.0092180+09:00 [2026-06-12T02:44:07.006Z] 蠑蟋句書蟶・mode=post platform=x profile=default job=C:\Users\compu\.openclaw\publish-system\data\tasks\daily-20260612-r01\publish\publish_job_20260612_r01.json
2026-06-12T11:45:04.4870872+09:00 [2026-06-12T02:45:04.471Z] 逋ｻ蠖墓∝ｷｲ菫晏ｭ・ C:\Users\compu\.openclaw\publish-system\data\auth\x\default\state.json
2026-06-12T11:45:04.8599823+09:00 [2026-06-12T02:45:04.867Z] 扈捺棡蟾ｲ菫晏ｭ・ C:\Users\compu\.openclaw\publish-system\logs\task\daily-20260612-r01\x\default\result.json
2026-06-12T11:45:04.8599823+09:00 [2026-06-12T02:45:04.868Z] 蠑蟋句書蟶・mode=post platform=instagram profile=default job=C:\Users\compu\.openclaw\publish-system\data\tasks\daily-20260612-r01\publish\publish_job_20260612_r01.json
2026-06-12T11:45:59.0380218+09:00 START dispatch-run-once
2026-06-12T11:45:59.5161971+09:00 
2026-06-12T11:45:59.5182025+09:00 > orchestrator
2026-06-12T11:45:59.5202007+09:00 > tsx src/cli/orchestrator.ts run-once --limit 10
2026-06-12T11:45:59.5222805+09:00 
2026-06-12T11:46:01.9174721+09:00 {
2026-06-12T11:46:01.9290610+09:00   "ensure_daily": {
2026-06-12T11:46:01.9348117+09:00     "runs": [
2026-06-12T11:46:01.9466076+09:00       {
2026-06-12T11:46:01.9466076+09:00         "run_id": "r01",
2026-06-12T11:46:01.9544596+09:00         "action": "skipped_exists",
2026-06-12T11:46:01.9544596+09:00         "taskId": "daily-20260612-r01"
2026-06-12T11:46:01.9630449+09:00       },
2026-06-12T11:46:01.9660470+09:00       {
2026-06-12T11:46:01.9869593+09:00         "run_id": "r02",
2026-06-12T11:46:01.9874995+09:00         "action": "not_due",
2026-06-12T11:46:01.9874995+09:00         "taskId": "daily-20260612-r02",
2026-06-12T11:46:01.9874995+09:00         "reason": "jst_hour=11"
2026-06-12T11:46:01.9874995+09:00       },
2026-06-12T11:46:01.9963138+09:00       {
2026-06-12T11:46:01.9963138+09:00         "run_id": "r03",
2026-06-12T11:46:01.9963138+09:00         "action": "not_due",
2026-06-12T11:46:01.9963138+09:00         "taskId": "daily-20260612-r03",
2026-06-12T11:46:01.9963138+09:00         "reason": "jst_hour=11"
2026-06-12T11:46:02.0040824+09:00       }
2026-06-12T11:46:02.0040824+09:00     ]
2026-06-12T11:46:02.0040824+09:00   },
2026-06-12T11:46:02.0040824+09:00   "reconcile": {
2026-06-12T11:46:02.0040824+09:00     "resetProcessing": 0,
2026-06-12T11:46:02.0123293+09:00     "inserted": 0,
2026-06-12T11:46:02.0145492+09:00     "scanned": 8,
2026-06-12T11:46:02.0155497+09:00     "stale": {
2026-06-12T11:46:02.0175492+09:00       "scanned": 8,
2026-06-12T11:46:02.0195488+09:00       "staleDetected": 0,
2026-06-12T11:46:02.0230608+09:00       "rolledBack": 0,
2026-06-12T11:46:02.0240610+09:00       "skippedCap": 0,
2026-06-12T11:46:02.0260589+09:00       "dryRun": false,
2026-06-12T11:46:02.0272336+09:00       "actions": []
2026-06-12T11:46:02.0291845+09:00     }
2026-06-12T11:46:02.0312320+09:00   },
2026-06-12T11:46:02.0322327+09:00   "dispatch": {
2026-06-12T11:46:02.0337355+09:00     "claimed": 6,
2026-06-12T11:46:02.0353025+09:00     "done": 6,
2026-06-12T11:46:02.0365270+09:00     "failed": 0
2026-06-12T11:46:02.0384766+09:00   },
2026-06-12T11:46:02.0394751+09:00   "step4_poll": {
2026-06-12T11:46:02.0414769+09:00     "scanned": 8,
2026-06-12T11:46:02.0424754+09:00     "awaiting": 0,
2026-06-12T11:46:02.0444767+09:00     "polled": 0,
2026-06-12T11:46:02.0452757+09:00     "picks_applied": 0,
2026-06-12T11:46:02.0474484+09:00     "pick_errors": 0,
2026-06-12T11:46:02.0484708+09:00     "timeouts": 0,
2026-06-12T11:46:02.0504716+09:00     "skipped": 0,
2026-06-12T11:46:02.0515874+09:00     "results": []
2026-06-12T11:46:02.0535901+09:00   },
2026-06-12T11:46:02.0550396+09:00   "step7_retry_poll": {
2026-06-12T11:46:02.0560393+09:00     "scanned": 8,
2026-06-12T11:46:02.0580387+09:00     "eligible": 6,
2026-06-12T11:46:02.0590397+09:00     "polled": 0,
2026-06-12T11:46:02.0600383+09:00     "retries_triggered": 0,
2026-06-12T11:46:02.0620389+09:00     "retry_errors": 0,
2026-06-12T11:46:02.0633062+09:00     "skipped": 0,
2026-06-12T11:46:02.0653349+09:00     "results": []
2026-06-12T11:46:02.0663340+09:00   }
2026-06-12T11:46:02.0683355+09:00 }
2026-06-12T11:46:02.0702804+09:00 OK run-once finished
2026-06-12T11:46:08.5000934+09:00 [2026-06-12T02:46:08.499Z] 逋ｻ蠖墓∝ｷｲ菫晏ｭ・ C:\Users\compu\.openclaw\publish-system\data\auth\instagram\default\state.json
2026-06-12T11:46:08.8690618+09:00 [2026-06-12T02:46:08.872Z] 扈捺棡蟾ｲ菫晏ｭ・ C:\Users\compu\.openclaw\publish-system\logs\task\daily-20260612-r01\instagram\default\result.json
2026-06-12T11:46:10.5990905+09:00 {
2026-06-12T11:46:10.6171615+09:00   "ensure_daily": {
2026-06-12T11:46:10.6171615+09:00     "runs": [
2026-06-12T11:46:10.6302424+09:00       {
2026-06-12T11:46:10.6312519+09:00         "run_id": "r01",
2026-06-12T11:46:10.6312519+09:00         "action": "skipped_exists",
2026-06-12T11:46:10.6312519+09:00         "taskId": "daily-20260612-r01"
2026-06-12T11:46:10.6312519+09:00       },
2026-06-12T11:46:10.6312519+09:00       {
2026-06-12T11:46:10.6312519+09:00         "run_id": "r02",
2026-06-12T11:46:10.6312519+09:00         "action": "not_due",
2026-06-12T11:46:10.6312519+09:00         "taskId": "daily-20260612-r02",
2026-06-12T11:46:10.6470052+09:00         "reason": "jst_hour=11"
2026-06-12T11:46:10.6470052+09:00       },
2026-06-12T11:46:10.6470052+09:00       {
2026-06-12T11:46:10.6470052+09:00         "run_id": "r03",
2026-06-12T11:46:10.6470052+09:00         "action": "not_due",
2026-06-12T11:46:10.6583157+09:00         "taskId": "daily-20260612-r03",
2026-06-12T11:46:10.6583157+09:00         "reason": "jst_hour=11"
2026-06-12T11:46:10.6628904+09:00       }
2026-06-12T11:46:10.6628904+09:00     ]
2026-06-12T11:46:10.6628904+09:00   },
2026-06-12T11:46:10.6628904+09:00   "reconcile": {
2026-06-12T11:46:10.6628904+09:00     "resetProcessing": 0,
2026-06-12T11:46:10.6727693+09:00     "inserted": 1,
2026-06-12T11:46:10.6747771+09:00     "scanned": 8,
2026-06-12T11:46:10.6747771+09:00     "stale": {
2026-06-12T11:46:10.6789584+09:00       "scanned": 8,
2026-06-12T11:46:10.6789584+09:00       "staleDetected": 0,
2026-06-12T11:46:10.6789584+09:00       "rolledBack": 0,
2026-06-12T11:46:10.6789584+09:00       "skippedCap": 0,
2026-06-12T11:46:10.6789584+09:00       "dryRun": false,
2026-06-12T11:46:10.6789584+09:00       "actions": []
2026-06-12T11:46:10.6789584+09:00     }
2026-06-12T11:46:10.6789584+09:00   },
2026-06-12T11:46:10.6789584+09:00   "dispatch": {
2026-06-12T11:46:10.6789584+09:00     "claimed": 3,
2026-06-12T11:46:10.6789584+09:00     "done": 3,
2026-06-12T11:46:10.6950873+09:00     "failed": 0
2026-06-12T11:46:10.6950873+09:00   },
2026-06-12T11:46:10.6950873+09:00   "step4_poll": {
2026-06-12T11:46:10.6950873+09:00     "scanned": 8,
2026-06-12T11:46:10.6950873+09:00     "awaiting": 1,
2026-06-12T11:46:10.6950873+09:00     "polled": 1,
2026-06-12T11:46:10.6950873+09:00     "picks_applied": 1,
2026-06-12T11:46:10.6950873+09:00     "pick_errors": 0,
2026-06-12T11:46:10.6950873+09:00     "timeouts": 0,
2026-06-12T11:46:10.6950873+09:00     "skipped": 0,
2026-06-12T11:46:10.6950873+09:00     "results": [
2026-06-12T11:46:10.7124889+09:00       {
2026-06-12T11:46:10.7144876+09:00         "task_id": "daily-20260612-r01",
2026-06-12T11:46:10.7154892+09:00         "result": {
2026-06-12T11:46:10.7174874+09:00           "outcome": "pick_applied",
2026-06-12T11:46:10.7184877+09:00           "task_id": "daily-20260612-r01"
2026-06-12T11:46:10.7194875+09:00         }
2026-06-12T11:46:10.7214870+09:00       }
2026-06-12T11:46:10.7226211+09:00     ]
2026-06-12T11:46:10.7246201+09:00   },
2026-06-12T11:46:10.7256207+09:00   "step7_retry_poll": {
2026-06-12T11:46:10.7266208+09:00     "scanned": 8,
2026-06-12T11:46:10.7286191+09:00     "eligible": 7,
2026-06-12T11:46:10.7296197+09:00     "polled": 0,
2026-06-12T11:46:10.7317971+09:00     "retries_triggered": 0,
2026-06-12T11:46:10.7327988+09:00     "retry_errors": 0,
2026-06-12T11:46:10.7337975+09:00     "skipped": 0,
2026-06-12T11:46:10.7357973+09:00     "results": []
2026-06-12T11:46:10.7367955+09:00   }
2026-06-12T11:46:10.7367955+09:00 }
2026-06-12T11:46:10.7367955+09:00 OK run-once finished
2026-06-12T11:50:58.3387345+09:00 START dispatch-run-once
2026-06-12T11:50:58.7055878+09:00 
2026-06-12T11:50:58.7055878+09:00 > orchestrator
2026-06-12T11:50:58.7055878+09:00 > tsx src/cli/orchestrator.ts run-once --limit 10
2026-06-12T11:50:58.7055878+09:00 
2026-06-12T11:51:01.2531545+09:00 {
2026-06-12T11:51:01.2588550+09:00   "ensure_daily": {
2026-06-12T11:51:01.2588550+09:00     "runs": [
2026-06-12T11:51:01.2588550+09:00       {
2026-06-12T11:51:01.2588550+09:00         "run_id": "r01",
2026-06-12T11:51:01.2588550+09:00         "action": "skipped_exists",
2026-06-12T11:51:01.2588550+09:00         "taskId": "daily-20260612-r01"
2026-06-12T11:51:01.2588550+09:00       },
2026-06-12T11:51:01.2744973+09:00       {
2026-06-12T11:51:01.2904036+09:00         "run_id": "r02",
2026-06-12T11:51:01.2957034+09:00         "action": "not_due",
2026-06-12T11:51:01.2957034+09:00         "taskId": "daily-20260612-r02",
2026-06-12T11:51:01.2957034+09:00         "reason": "jst_hour=11"
2026-06-12T11:51:01.2957034+09:00       },
2026-06-12T11:51:01.2957034+09:00       {
2026-06-12T11:51:01.2957034+09:00         "run_id": "r03",
2026-06-12T11:51:01.3063857+09:00         "action": "not_due",
2026-06-12T11:51:01.3063857+09:00         "taskId": "daily-20260612-r03",
2026-06-12T11:51:01.3063857+09:00         "reason": "jst_hour=11"
2026-06-12T11:51:01.3063857+09:00       }
2026-06-12T11:51:01.3063857+09:00     ]
2026-06-12T11:51:01.3063857+09:00   },
2026-06-12T11:51:01.3063857+09:00   "reconcile": {
2026-06-12T11:51:01.3063857+09:00     "resetProcessing": 0,
2026-06-12T11:51:01.3063857+09:00     "inserted": 0,
2026-06-12T11:51:01.3063857+09:00     "scanned": 8,
2026-06-12T11:51:01.3220536+09:00     "stale": {
2026-06-12T11:51:01.3220536+09:00       "scanned": 8,
2026-06-12T11:51:01.3262461+09:00       "staleDetected": 0,
2026-06-12T11:51:01.3282527+09:00       "rolledBack": 0,
2026-06-12T11:51:01.3302581+09:00       "skippedCap": 0,
2026-06-12T11:51:01.3302581+09:00       "dryRun": false,
2026-06-12T11:51:01.3322652+09:00       "actions": []
2026-06-12T11:51:01.3342727+09:00     }
2026-06-12T11:51:01.3342727+09:00   },
2026-06-12T11:51:01.3378983+09:00   "dispatch": {
2026-06-12T11:51:01.3378983+09:00     "claimed": 2,
2026-06-12T11:51:01.3378983+09:00     "done": 2,
2026-06-12T11:51:01.3378983+09:00     "failed": 0
2026-06-12T11:51:01.3378983+09:00   },
2026-06-12T11:51:01.3378983+09:00   "step4_poll": {
2026-06-12T11:51:01.3378983+09:00     "scanned": 8,
2026-06-12T11:51:01.3378983+09:00     "awaiting": 0,
2026-06-12T11:51:01.3378983+09:00     "polled": 0,
2026-06-12T11:51:01.3378983+09:00     "picks_applied": 0,
2026-06-12T11:51:01.3536729+09:00     "pick_errors": 0,
2026-06-12T11:51:01.3536729+09:00     "timeouts": 0,
2026-06-12T11:51:01.3536729+09:00     "skipped": 0,
2026-06-12T11:51:01.3536729+09:00     "results": []
2026-06-12T11:51:01.3536729+09:00   },
2026-06-12T11:51:01.3536729+09:00   "step7_retry_poll": {
2026-06-12T11:51:01.3536729+09:00     "scanned": 8,
2026-06-12T11:51:01.3536729+09:00     "eligible": 7,
2026-06-12T11:51:01.3536729+09:00     "polled": 0,
2026-06-12T11:51:01.3684752+09:00     "retries_triggered": 0,
2026-06-12T11:51:01.3689963+09:00     "retry_errors": 0,
2026-06-12T11:51:01.3689963+09:00     "skipped": 0,
2026-06-12T11:51:01.3689963+09:00     "results": []
2026-06-12T11:51:01.3689963+09:00   }
2026-06-12T11:51:01.3689963+09:00 }
2026-06-12T11:51:01.3689963+09:00 OK run-once finished
2026-06-12T11:55:57.9749007+09:00 START dispatch-run-once
2026-06-12T11:55:58.3556220+09:00 
2026-06-12T11:55:58.3556220+09:00 > orchestrator
2026-06-12T11:55:58.3556220+09:00 > tsx src/cli/orchestrator.ts run-once --limit 10
2026-06-12T11:55:58.3556220+09:00 
2026-06-12T11:56:00.9441914+09:00 {
2026-06-12T11:56:00.9499620+09:00   "ensure_daily": {
2026-06-12T11:56:00.9499620+09:00     "runs": [
2026-06-12T11:56:00.9499620+09:00       {
2026-06-12T11:56:00.9499620+09:00         "run_id": "r01",
2026-06-12T11:56:00.9605411+09:00         "action": "skipped_exists",
2026-06-12T11:56:00.9605411+09:00         "taskId": "daily-20260612-r01"
2026-06-12T11:56:00.9605411+09:00       },
2026-06-12T11:56:00.9657364+09:00       {
2026-06-12T11:56:00.9814680+09:00         "run_id": "r02",
2026-06-12T11:56:00.9814680+09:00         "action": "not_due",
2026-06-12T11:56:00.9814680+09:00         "taskId": "daily-20260612-r02",
2026-06-12T11:56:00.9814680+09:00         "reason": "jst_hour=11"
2026-06-12T11:56:00.9971737+09:00       },
2026-06-12T11:56:00.9991811+09:00       {
2026-06-12T11:56:01.0011905+09:00         "run_id": "r03",
2026-06-12T11:56:01.0011905+09:00         "action": "not_due",
2026-06-12T11:56:01.0011905+09:00         "taskId": "daily-20260612-r03",
2026-06-12T11:56:01.0011905+09:00         "reason": "jst_hour=11"
2026-06-12T11:56:01.0011905+09:00       }
2026-06-12T11:56:01.0011905+09:00     ]
2026-06-12T11:56:01.0132080+09:00   },
2026-06-12T11:56:01.0132080+09:00   "reconcile": {
2026-06-12T11:56:01.0132080+09:00     "resetProcessing": 0,
2026-06-12T11:56:01.0132080+09:00     "inserted": 0,
2026-06-12T11:56:01.0132080+09:00     "scanned": 8,
2026-06-12T11:56:01.0233820+09:00     "stale": {
2026-06-12T11:56:01.0253903+09:00       "scanned": 8,
2026-06-12T11:56:01.0291462+09:00       "staleDetected": 0,
2026-06-12T11:56:01.0291462+09:00       "rolledBack": 0,
2026-06-12T11:56:01.0291462+09:00       "skippedCap": 0,
2026-06-12T11:56:01.0291462+09:00       "dryRun": false,
2026-06-12T11:56:01.0291462+09:00       "actions": []
2026-06-12T11:56:01.0398466+09:00     }
2026-06-12T11:56:01.0398466+09:00   },
2026-06-12T11:56:01.0448948+09:00   "dispatch": {
2026-06-12T11:56:01.0448948+09:00     "claimed": 0,
2026-06-12T11:56:01.0448948+09:00     "done": 0,
2026-06-12T11:56:01.0448948+09:00     "failed": 0
2026-06-12T11:56:01.0448948+09:00   },
2026-06-12T11:56:01.0448948+09:00   "step4_poll": {
2026-06-12T11:56:01.0448948+09:00     "scanned": 8,
2026-06-12T11:56:01.0448948+09:00     "awaiting": 0,
2026-06-12T11:56:01.0448948+09:00     "polled": 0,
2026-06-12T11:56:01.0448948+09:00     "picks_applied": 0,
2026-06-12T11:56:01.0607678+09:00     "pick_errors": 0,
2026-06-12T11:56:01.0607678+09:00     "timeouts": 0,
2026-06-12T11:56:01.0607678+09:00     "skipped": 0,
2026-06-12T11:56:01.0607678+09:00     "results": []
2026-06-12T11:56:01.0607678+09:00   },
2026-06-12T11:56:01.0607678+09:00   "step7_retry_poll": {
2026-06-12T11:56:01.0607678+09:00     "scanned": 8,
2026-06-12T11:56:01.0607678+09:00     "eligible": 7,
2026-06-12T11:56:01.0765562+09:00     "polled": 0,
2026-06-12T11:56:01.0784772+09:00     "retries_triggered": 0,
2026-06-12T11:56:01.0804829+09:00     "retry_errors": 0,
2026-06-12T11:56:01.0824883+09:00     "skipped": 0,
2026-06-12T11:56:01.0824883+09:00     "results": []
2026-06-12T11:56:01.0844945+09:00   }
2026-06-12T11:56:01.0844945+09:00 }
2026-06-12T11:56:01.0844945+09:00 OK run-once finished
2026-06-12T12:00:59.4702135+09:00 START dispatch-run-once
2026-06-12T12:00:59.8490498+09:00 
2026-06-12T12:00:59.8510572+09:00 > orchestrator
2026-06-12T12:00:59.8510572+09:00 > tsx src/cli/orchestrator.ts run-once --limit 10
2026-06-12T12:00:59.8510572+09:00 
2026-06-12T12:01:02.4284205+09:00 {
2026-06-12T12:01:02.4353742+09:00   "ensure_daily": {
2026-06-12T12:01:02.4353742+09:00     "runs": [
2026-06-12T12:01:02.4406932+09:00       {
2026-06-12T12:01:02.4406932+09:00         "run_id": "r01",
2026-06-12T12:01:02.4441005+09:00         "action": "not_due",
2026-06-12T12:01:02.4441005+09:00         "taskId": "daily-20260612-r01",
2026-06-12T12:01:02.4441005+09:00         "reason": "jst_hour=12"
2026-06-12T12:01:02.4441005+09:00       },
2026-06-12T12:01:02.4679343+09:00       {
2026-06-12T12:01:02.4679343+09:00         "run_id": "r02",
2026-06-12T12:01:02.4732592+09:00         "action": "not_due",
2026-06-12T12:01:02.4765716+09:00         "taskId": "daily-20260612-r02",
2026-06-12T12:01:02.4765716+09:00         "reason": "jst_hour=12"
2026-06-12T12:01:02.4765716+09:00       },
2026-06-12T12:01:02.4765716+09:00       {
2026-06-12T12:01:02.4765716+09:00         "run_id": "r03",
2026-06-12T12:01:02.4765716+09:00         "action": "not_due",
2026-06-12T12:01:02.4765716+09:00         "taskId": "daily-20260612-r03",
2026-06-12T12:01:02.4765716+09:00         "reason": "jst_hour=12"
2026-06-12T12:01:02.4913384+09:00       }
2026-06-12T12:01:02.4913384+09:00     ]
2026-06-12T12:01:02.4913384+09:00   },
2026-06-12T12:01:02.4913384+09:00   "reconcile": {
2026-06-12T12:01:02.4913384+09:00     "resetProcessing": 0,
2026-06-12T12:01:02.4913384+09:00     "inserted": 0,
2026-06-12T12:01:02.4913384+09:00     "scanned": 8,
2026-06-12T12:01:02.4913384+09:00     "stale": {
2026-06-12T12:01:02.4913384+09:00       "scanned": 8,
2026-06-12T12:01:02.4913384+09:00       "staleDetected": 0,
2026-06-12T12:01:02.5070877+09:00       "rolledBack": 0,
2026-06-12T12:01:02.5070877+09:00       "skippedCap": 0,
2026-06-12T12:01:02.5070877+09:00       "dryRun": false,
2026-06-12T12:01:02.5070877+09:00       "actions": []
2026-06-12T12:01:02.5070877+09:00     }
2026-06-12T12:01:02.5070877+09:00   },
2026-06-12T12:01:02.5070877+09:00   "dispatch": {
2026-06-12T12:01:02.5070877+09:00     "claimed": 0,
2026-06-12T12:01:02.5070877+09:00     "done": 0,
2026-06-12T12:01:02.5070877+09:00     "failed": 0
2026-06-12T12:01:02.5070877+09:00   },
2026-06-12T12:01:02.5231291+09:00   "step4_poll": {
2026-06-12T12:01:02.5231291+09:00     "scanned": 8,
2026-06-12T12:01:02.5231291+09:00     "awaiting": 0,
2026-06-12T12:01:02.5231291+09:00     "polled": 0,
2026-06-12T12:01:02.5231291+09:00     "picks_applied": 0,
2026-06-12T12:01:02.5231291+09:00     "pick_errors": 0,
2026-06-12T12:01:02.5231291+09:00     "timeouts": 0,
2026-06-12T12:01:02.5231291+09:00     "skipped": 0,
2026-06-12T12:01:02.5231291+09:00     "results": []
2026-06-12T12:01:02.5231291+09:00   },
2026-06-12T12:01:02.5231291+09:00   "step7_retry_poll": {
2026-06-12T12:01:02.5392168+09:00     "scanned": 8,
2026-06-12T12:01:02.5392168+09:00     "eligible": 7,
2026-06-12T12:01:02.5392168+09:00     "polled": 0,
2026-06-12T12:01:02.5392168+09:00     "retries_triggered": 0,
2026-06-12T12:01:02.5392168+09:00     "retry_errors": 0,
2026-06-12T12:01:02.5392168+09:00     "skipped": 0,
2026-06-12T12:01:02.5392168+09:00     "results": []
2026-06-12T12:01:02.5392168+09:00   }
2026-06-12T12:01:02.5392168+09:00 }
2026-06-12T12:01:02.5392168+09:00 OK run-once finished
2026-06-12T12:05:58.7030873+09:00 START dispatch-run-once
2026-06-12T12:05:59.0831371+09:00 
2026-06-12T12:05:59.0831371+09:00 > orchestrator
2026-06-12T12:05:59.0831371+09:00 > tsx src/cli/orchestrator.ts run-once --limit 10
2026-06-12T12:05:59.0831371+09:00 
2026-06-12T12:06:01.6419632+09:00 {
2026-06-12T12:06:01.6419632+09:00   "ensure_daily": {
2026-06-12T12:06:01.6419632+09:00     "runs": [
2026-06-12T12:06:01.6419632+09:00       {
2026-06-12T12:06:01.6579258+09:00         "run_id": "r01",
2026-06-12T12:06:01.6589343+09:00         "action": "not_due",
2026-06-12T12:06:01.6589343+09:00         "taskId": "daily-20260612-r01",
2026-06-12T12:06:01.6589343+09:00         "reason": "jst_hour=12"
2026-06-12T12:06:01.6589343+09:00       },
2026-06-12T12:06:01.6836153+09:00       {
2026-06-12T12:06:01.6876265+09:00         "run_id": "r02",
2026-06-12T12:06:01.6893763+09:00         "action": "not_due",
2026-06-12T12:06:01.6913840+09:00         "taskId": "daily-20260612-r02",
2026-06-12T12:06:01.6933909+09:00         "reason": "jst_hour=12"
2026-06-12T12:06:01.6953975+09:00       },
2026-06-12T12:06:01.6974029+09:00       {
2026-06-12T12:06:01.6994086+09:00         "run_id": "r03",
2026-06-12T12:06:01.7014145+09:00         "action": "not_due",
2026-06-12T12:06:01.7051665+09:00         "taskId": "daily-20260612-r03",
2026-06-12T12:06:01.7051665+09:00         "reason": "jst_hour=12"
2026-06-12T12:06:01.7051665+09:00       }
2026-06-12T12:06:01.7051665+09:00     ]
2026-06-12T12:06:01.7051665+09:00   },
2026-06-12T12:06:01.7143790+09:00   "reconcile": {
2026-06-12T12:06:01.7143790+09:00     "resetProcessing": 0,
2026-06-12T12:06:01.7143790+09:00     "inserted": 0,
2026-06-12T12:06:01.7211660+09:00     "scanned": 8,
2026-06-12T12:06:01.7211660+09:00     "stale": {
2026-06-12T12:06:01.7256027+09:00       "scanned": 8,
2026-06-12T12:06:01.7276103+09:00       "staleDetected": 0,
2026-06-12T12:06:01.7296697+09:00       "rolledBack": 0,
2026-06-12T12:06:01.7316758+09:00       "skippedCap": 0,
2026-06-12T12:06:01.7336837+09:00       "dryRun": false,
2026-06-12T12:06:01.7356896+09:00       "actions": []
2026-06-12T12:06:01.7371959+09:00     }
2026-06-12T12:06:01.7371959+09:00   },
2026-06-12T12:06:01.7371959+09:00   "dispatch": {
2026-06-12T12:06:01.7371959+09:00     "claimed": 0,
2026-06-12T12:06:01.7371959+09:00     "done": 0,
2026-06-12T12:06:01.7371959+09:00     "failed": 0
2026-06-12T12:06:01.7371959+09:00   },
2026-06-12T12:06:01.7371959+09:00   "step4_poll": {
2026-06-12T12:06:01.7371959+09:00     "scanned": 8,
2026-06-12T12:06:01.7371959+09:00     "awaiting": 0,
2026-06-12T12:06:01.7532223+09:00     "polled": 0,
2026-06-12T12:06:01.7532223+09:00     "picks_applied": 0,
2026-06-12T12:06:01.7532223+09:00     "pick_errors": 0,
2026-06-12T12:06:01.7592302+09:00     "timeouts": 0,
2026-06-12T12:06:01.7592302+09:00     "skipped": 0,
2026-06-12T12:06:01.7592302+09:00     "results": []
2026-06-12T12:06:01.7592302+09:00   },
2026-06-12T12:06:01.7592302+09:00   "step7_retry_poll": {
2026-06-12T12:06:01.7592302+09:00     "scanned": 8,
2026-06-12T12:06:01.7592302+09:00     "eligible": 7,
2026-06-12T12:06:01.7691751+09:00     "polled": 0,
2026-06-12T12:06:01.7691751+09:00     "retries_triggered": 0,
2026-06-12T12:06:01.7691751+09:00     "retry_errors": 0,
2026-06-12T12:06:01.7691751+09:00     "skipped": 0,
2026-06-12T12:06:01.7691751+09:00     "results": []
2026-06-12T12:06:01.7691751+09:00   }
2026-06-12T12:06:01.7691751+09:00 }
2026-06-12T12:06:01.7691751+09:00 OK run-once finished
2026-06-12T12:10:58.3510500+09:00 START dispatch-run-once
2026-06-12T12:10:58.7081627+09:00 
2026-06-12T12:10:58.7081627+09:00 > orchestrator
2026-06-12T12:10:58.7081627+09:00 > tsx src/cli/orchestrator.ts run-once --limit 10
2026-06-12T12:10:58.7081627+09:00 
2026-06-12T12:11:01.2530106+09:00 {
2026-06-12T12:11:01.2572508+09:00   "ensure_daily": {
2026-06-12T12:11:01.2572508+09:00     "runs": [
2026-06-12T12:11:01.2646963+09:00       {
2026-06-12T12:11:01.2646963+09:00         "run_id": "r01",
2026-06-12T12:11:01.2688946+09:00         "action": "not_due",
2026-06-12T12:11:01.2688946+09:00         "taskId": "daily-20260612-r01",
2026-06-12T12:11:01.2688946+09:00         "reason": "jst_hour=12"
2026-06-12T12:11:01.2688946+09:00       },
2026-06-12T12:11:01.2941961+09:00       {
2026-06-12T12:11:01.2941961+09:00         "run_id": "r02",
2026-06-12T12:11:01.2999163+09:00         "action": "not_due",
2026-06-12T12:11:01.2999163+09:00         "taskId": "daily-20260612-r02",
2026-06-12T12:11:01.2999163+09:00         "reason": "jst_hour=12"
2026-06-12T12:11:01.2999163+09:00       },
2026-06-12T12:11:01.2999163+09:00       {
2026-06-12T12:11:01.2999163+09:00         "run_id": "r03",
2026-06-12T12:11:01.2999163+09:00         "action": "not_due",
2026-06-12T12:11:01.2999163+09:00         "taskId": "daily-20260612-r03",
2026-06-12T12:11:01.2999163+09:00         "reason": "jst_hour=12"
2026-06-12T12:11:01.2999163+09:00       }
2026-06-12T12:11:01.3155862+09:00     ]
2026-06-12T12:11:01.3155862+09:00   },
2026-06-12T12:11:01.3155862+09:00   "reconcile": {
2026-06-12T12:11:01.3155862+09:00     "resetProcessing": 0,
2026-06-12T12:11:01.3155862+09:00     "inserted": 0,
2026-06-12T12:11:01.3155862+09:00     "scanned": 8,
2026-06-12T12:11:01.3155862+09:00     "stale": {
2026-06-12T12:11:01.3155862+09:00       "scanned": 8,
2026-06-12T12:11:01.3266216+09:00       "staleDetected": 0,
2026-06-12T12:11:01.3266216+09:00       "rolledBack": 0,
2026-06-12T12:11:01.3266216+09:00       "skippedCap": 0,
2026-06-12T12:11:01.3313670+09:00       "dryRun": false,
2026-06-12T12:11:01.3313670+09:00       "actions": []
2026-06-12T12:11:01.3313670+09:00     }
2026-06-12T12:11:01.3313670+09:00   },
2026-06-12T12:11:01.3313670+09:00   "dispatch": {
2026-06-12T12:11:01.3313670+09:00     "claimed": 0,
2026-06-12T12:11:01.3313670+09:00     "done": 0,
2026-06-12T12:11:01.3313670+09:00     "failed": 0
2026-06-12T12:11:01.3313670+09:00   },
2026-06-12T12:11:01.3313670+09:00   "step4_poll": {
2026-06-12T12:11:01.3470386+09:00     "scanned": 8,
2026-06-12T12:11:01.3470386+09:00     "awaiting": 0,
2026-06-12T12:11:01.3470386+09:00     "polled": 0,
2026-06-12T12:11:01.3470386+09:00     "picks_applied": 0,
2026-06-12T12:11:01.3470386+09:00     "pick_errors": 0,
2026-06-12T12:11:01.3470386+09:00     "timeouts": 0,
2026-06-12T12:11:01.3470386+09:00     "skipped": 0,
2026-06-12T12:11:01.3470386+09:00     "results": []
2026-06-12T12:11:01.3470386+09:00   },
2026-06-12T12:11:01.3470386+09:00   "step7_retry_poll": {
2026-06-12T12:11:01.3470386+09:00     "scanned": 8,
2026-06-12T12:11:01.3626877+09:00     "eligible": 7,
2026-06-12T12:11:01.3626877+09:00     "polled": 0,
2026-06-12T12:11:01.3626877+09:00     "retries_triggered": 0,
2026-06-12T12:11:01.3626877+09:00     "retry_errors": 0,
2026-06-12T12:11:01.3626877+09:00     "skipped": 0,
2026-06-12T12:11:01.3626877+09:00     "results": []
2026-06-12T12:11:01.3626877+09:00   }
2026-06-12T12:11:01.3626877+09:00 }
2026-06-12T12:11:01.3626877+09:00 OK run-once finished
2026-06-12T12:15:58.3985511+09:00 START dispatch-run-once
2026-06-12T12:15:58.7781821+09:00 
2026-06-12T12:15:58.7781821+09:00 > orchestrator
2026-06-12T12:15:58.7781821+09:00 > tsx src/cli/orchestrator.ts run-once --limit 10
2026-06-12T12:15:58.7781821+09:00 
2026-06-12T12:16:02.5395937+09:00 {
2026-06-12T12:16:02.5552456+09:00   "ensure_daily": {
2026-06-12T12:16:02.5552456+09:00     "runs": [
2026-06-12T12:16:02.5552456+09:00       {
2026-06-12T12:16:02.5552456+09:00         "run_id": "r01",
2026-06-12T12:16:02.5552456+09:00         "action": "not_due",
2026-06-12T12:16:02.5552456+09:00         "taskId": "daily-20260612-r01",
2026-06-12T12:16:02.5552456+09:00         "reason": "jst_hour=12"
2026-06-12T12:16:02.5552456+09:00       },
2026-06-12T12:16:02.5893398+09:00       {
2026-06-12T12:16:02.5913454+09:00         "run_id": "r02",
2026-06-12T12:16:02.5913454+09:00         "action": "not_due",
2026-06-12T12:16:02.5913454+09:00         "taskId": "daily-20260612-r02",
2026-06-12T12:16:02.5913454+09:00         "reason": "jst_hour=12"
2026-06-12T12:16:02.5913454+09:00       },
2026-06-12T12:16:02.5913454+09:00       {
2026-06-12T12:16:02.6034867+09:00         "run_id": "r03",
2026-06-12T12:16:02.6034867+09:00         "action": "not_due",
2026-06-12T12:16:02.6034867+09:00         "taskId": "daily-20260612-r03",
2026-06-12T12:16:02.6034867+09:00         "reason": "jst_hour=12"
2026-06-12T12:16:02.6096295+09:00       }
2026-06-12T12:16:02.6096295+09:00     ]
2026-06-12T12:16:02.6096295+09:00   },
2026-06-12T12:16:02.6096295+09:00   "reconcile": {
2026-06-12T12:16:02.6096295+09:00     "resetProcessing": 0,
2026-06-12T12:16:02.6096295+09:00     "inserted": 0,
2026-06-12T12:16:02.6096295+09:00     "scanned": 8,
2026-06-12T12:16:02.6192874+09:00     "stale": {
2026-06-12T12:16:02.6192874+09:00       "scanned": 8,
2026-06-12T12:16:02.6192874+09:00       "staleDetected": 0,
2026-06-12T12:16:02.6192874+09:00       "rolledBack": 0,
2026-06-12T12:16:02.6192874+09:00       "skippedCap": 0,
2026-06-12T12:16:02.6192874+09:00       "dryRun": false,
2026-06-12T12:16:02.6192874+09:00       "actions": []
2026-06-12T12:16:02.6192874+09:00     }
2026-06-12T12:16:02.6192874+09:00   },
2026-06-12T12:16:02.6349332+09:00   "dispatch": {
2026-06-12T12:16:02.6349332+09:00     "claimed": 0,
2026-06-12T12:16:02.6349332+09:00     "done": 0,
2026-06-12T12:16:02.6349332+09:00     "failed": 0
2026-06-12T12:16:02.6349332+09:00   },
2026-06-12T12:16:02.6349332+09:00   "step4_poll": {
2026-06-12T12:16:02.6349332+09:00     "scanned": 8,
2026-06-12T12:16:02.6349332+09:00     "awaiting": 0,
2026-06-12T12:16:02.6349332+09:00     "polled": 0,
2026-06-12T12:16:02.6349332+09:00     "picks_applied": 0,
2026-06-12T12:16:02.6349332+09:00     "pick_errors": 0,
2026-06-12T12:16:02.6507640+09:00     "timeouts": 0,
2026-06-12T12:16:02.6507640+09:00     "skipped": 0,
2026-06-12T12:16:02.6507640+09:00     "results": []
2026-06-12T12:16:02.6507640+09:00   },
2026-06-12T12:16:02.6507640+09:00   "step7_retry_poll": {
2026-06-12T12:16:02.6507640+09:00     "scanned": 8,
2026-06-12T12:16:02.6507640+09:00     "eligible": 7,
2026-06-12T12:16:02.6507640+09:00     "polled": 0,
2026-06-12T12:16:02.6507640+09:00     "retries_triggered": 0,
2026-06-12T12:16:02.6507640+09:00     "retry_errors": 0,
2026-06-12T12:16:02.6507640+09:00     "skipped": 0,
2026-06-12T12:16:02.6668556+09:00     "results": []
2026-06-12T12:16:02.6668556+09:00   }
2026-06-12T12:16:02.6668556+09:00 }
2026-06-12T12:16:02.6668556+09:00 OK run-once finished
2026-06-12T12:20:58.0285767+09:00 START dispatch-run-once
2026-06-12T12:20:58.4228408+09:00 
2026-06-12T12:20:58.4248471+09:00 > orchestrator
2026-06-12T12:20:58.4248471+09:00 > tsx src/cli/orchestrator.ts run-once --limit 10
2026-06-12T12:20:58.4248471+09:00 
2026-06-12T12:21:01.0703621+09:00 {
2026-06-12T12:21:01.0768710+09:00   "ensure_daily": {
2026-06-12T12:21:01.0843711+09:00     "runs": [
2026-06-12T12:21:01.0843711+09:00       {
2026-06-12T12:21:01.0843711+09:00         "run_id": "r01",
2026-06-12T12:21:01.1002909+09:00         "action": "not_due",
2026-06-12T12:21:01.1002909+09:00         "taskId": "daily-20260612-r01",
2026-06-12T12:21:01.1002909+09:00         "reason": "jst_hour=12"
2026-06-12T12:21:01.1002909+09:00       },
2026-06-12T12:21:01.1320975+09:00       {
2026-06-12T12:21:01.1320975+09:00         "run_id": "r02",
2026-06-12T12:21:01.1320975+09:00         "action": "not_due",
2026-06-12T12:21:01.1402190+09:00         "taskId": "daily-20260612-r02",
2026-06-12T12:21:01.1402190+09:00         "reason": "jst_hour=12"
2026-06-12T12:21:01.1443922+09:00       },
2026-06-12T12:21:01.1477970+09:00       {
2026-06-12T12:21:01.1498026+09:00         "run_id": "r03",
2026-06-12T12:21:01.1518086+09:00         "action": "not_due",
2026-06-12T12:21:01.1538154+09:00         "taskId": "daily-20260612-r03",
2026-06-12T12:21:01.1558235+09:00         "reason": "jst_hour=12"
2026-06-12T12:21:01.1558235+09:00       }
2026-06-12T12:21:01.1578302+09:00     ]
2026-06-12T12:21:01.1598378+09:00   },
2026-06-12T12:21:01.1598378+09:00   "reconcile": {
2026-06-12T12:21:01.1636848+09:00     "resetProcessing": 0,
2026-06-12T12:21:01.1636848+09:00     "inserted": 0,
2026-06-12T12:21:01.1636848+09:00     "scanned": 8,
2026-06-12T12:21:01.1636848+09:00     "stale": {
2026-06-12T12:21:01.1636848+09:00       "scanned": 8,
2026-06-12T12:21:01.1636848+09:00       "staleDetected": 0,
2026-06-12T12:21:01.1636848+09:00       "rolledBack": 0,
2026-06-12T12:21:01.1636848+09:00       "skippedCap": 0,
2026-06-12T12:21:01.1769293+09:00       "dryRun": false,
2026-06-12T12:21:01.1769293+09:00       "actions": []
2026-06-12T12:21:01.1794993+09:00     }
2026-06-12T12:21:01.1794993+09:00   },
2026-06-12T12:21:01.1794993+09:00   "dispatch": {
2026-06-12T12:21:01.1794993+09:00     "claimed": 0,
2026-06-12T12:21:01.1794993+09:00     "done": 0,
2026-06-12T12:21:01.1794993+09:00     "failed": 0
2026-06-12T12:21:01.1794993+09:00   },
2026-06-12T12:21:01.1794993+09:00   "step4_poll": {
2026-06-12T12:21:01.1794993+09:00     "scanned": 8,
2026-06-12T12:21:01.1794993+09:00     "awaiting": 0,
2026-06-12T12:21:01.1794993+09:00     "polled": 0,
2026-06-12T12:21:01.1951797+09:00     "picks_applied": 0,
2026-06-12T12:21:01.1951797+09:00     "pick_errors": 0,
2026-06-12T12:21:01.1951797+09:00     "timeouts": 0,
2026-06-12T12:21:01.1951797+09:00     "skipped": 0,
2026-06-12T12:21:01.1951797+09:00     "results": []
2026-06-12T12:21:01.1951797+09:00   },
2026-06-12T12:21:01.1951797+09:00   "step7_retry_poll": {
2026-06-12T12:21:01.1951797+09:00     "scanned": 8,
2026-06-12T12:21:01.1951797+09:00     "eligible": 7,
2026-06-12T12:21:01.1951797+09:00     "polled": 0,
2026-06-12T12:21:01.1951797+09:00     "retries_triggered": 0,
2026-06-12T12:21:01.2110966+09:00     "retry_errors": 0,
2026-06-12T12:21:01.2110966+09:00     "skipped": 0,
2026-06-12T12:21:01.2110966+09:00     "results": []
2026-06-12T12:21:01.2110966+09:00   }
2026-06-12T12:21:01.2110966+09:00 }
2026-06-12T12:21:01.2110966+09:00 OK run-once finished
2026-06-12T12:25:59.0221527+09:00 START dispatch-run-once
2026-06-12T12:25:59.4359845+09:00 
2026-06-12T12:25:59.4359845+09:00 > orchestrator
2026-06-12T12:25:59.4359845+09:00 > tsx src/cli/orchestrator.ts run-once --limit 10
2026-06-12T12:25:59.4359845+09:00 
2026-06-12T12:26:02.0022359+09:00 {
2026-06-12T12:26:02.0182238+09:00   "ensure_daily": {
2026-06-12T12:26:02.0182238+09:00     "runs": [
2026-06-12T12:26:02.0272210+09:00       {
2026-06-12T12:26:02.0287334+09:00         "run_id": "r01",
2026-06-12T12:26:02.0287334+09:00         "action": "not_due",
2026-06-12T12:26:02.0287334+09:00         "taskId": "daily-20260612-r01",
2026-06-12T12:26:02.0342092+09:00         "reason": "jst_hour=12"
2026-06-12T12:26:02.0342092+09:00       },
2026-06-12T12:26:02.0499897+09:00       {
2026-06-12T12:26:02.0499897+09:00         "run_id": "r02",
2026-06-12T12:26:02.0499897+09:00         "action": "not_due",
2026-06-12T12:26:02.0624473+09:00         "taskId": "daily-20260612-r02",
2026-06-12T12:26:02.0624473+09:00         "reason": "jst_hour=12"
2026-06-12T12:26:02.0656890+09:00       },
2026-06-12T12:26:02.0656890+09:00       {
2026-06-12T12:26:02.0656890+09:00         "run_id": "r03",
2026-06-12T12:26:02.0656890+09:00         "action": "not_due",
2026-06-12T12:26:02.0656890+09:00         "taskId": "daily-20260612-r03",
2026-06-12T12:26:02.0656890+09:00         "reason": "jst_hour=12"
2026-06-12T12:26:02.0656890+09:00       }
2026-06-12T12:26:02.0656890+09:00     ]
2026-06-12T12:26:02.0656890+09:00   },
2026-06-12T12:26:02.0813247+09:00   "reconcile": {
2026-06-12T12:26:02.0813247+09:00     "resetProcessing": 0,
2026-06-12T12:26:02.0813247+09:00     "inserted": 0,
2026-06-12T12:26:02.0813247+09:00     "scanned": 8,
2026-06-12T12:26:02.0813247+09:00     "stale": {
2026-06-12T12:26:02.0813247+09:00       "scanned": 8,
2026-06-12T12:26:02.0813247+09:00       "staleDetected": 0,
2026-06-12T12:26:02.0813247+09:00       "rolledBack": 0,
2026-06-12T12:26:02.0813247+09:00       "skippedCap": 0,
2026-06-12T12:26:02.0813247+09:00       "dryRun": false,
2026-06-12T12:26:02.0973127+09:00       "actions": []
2026-06-12T12:26:02.0973127+09:00     }
2026-06-12T12:26:02.0973127+09:00   },
2026-06-12T12:26:02.0973127+09:00   "dispatch": {
2026-06-12T12:26:02.0973127+09:00     "claimed": 0,
2026-06-12T12:26:02.0973127+09:00     "done": 0,
2026-06-12T12:26:02.0973127+09:00     "failed": 0
2026-06-12T12:26:02.0973127+09:00   },
2026-06-12T12:26:02.0973127+09:00   "step4_poll": {
2026-06-12T12:26:02.0973127+09:00     "scanned": 8,
2026-06-12T12:26:02.0973127+09:00     "awaiting": 0,
2026-06-12T12:26:02.1129625+09:00     "polled": 0,
2026-06-12T12:26:02.1129625+09:00     "picks_applied": 0,
2026-06-12T12:26:02.1129625+09:00     "pick_errors": 0,
2026-06-12T12:26:02.1129625+09:00     "timeouts": 0,
2026-06-12T12:26:02.1129625+09:00     "skipped": 0,
2026-06-12T12:26:02.1129625+09:00     "results": []
2026-06-12T12:26:02.1129625+09:00   },
2026-06-12T12:26:02.1129625+09:00   "step7_retry_poll": {
2026-06-12T12:26:02.1129625+09:00     "scanned": 8,
2026-06-12T12:26:02.1129625+09:00     "eligible": 7,
2026-06-12T12:26:02.1129625+09:00     "polled": 0,
2026-06-12T12:26:02.1129625+09:00     "retries_triggered": 0,
2026-06-12T12:26:02.1288726+09:00     "retry_errors": 0,
2026-06-12T12:26:02.1288726+09:00     "skipped": 0,
2026-06-12T12:26:02.1288726+09:00     "results": []
2026-06-12T12:26:02.1288726+09:00   }
2026-06-12T12:26:02.1288726+09:00 }
2026-06-12T12:26:02.1288726+09:00 OK run-once finished
2026-06-12T12:30:58.7269352+09:00 START dispatch-run-once
2026-06-12T12:30:59.1030646+09:00 
2026-06-12T12:30:59.1050728+09:00 > orchestrator
2026-06-12T12:30:59.1050728+09:00 > tsx src/cli/orchestrator.ts run-once --limit 10
2026-06-12T12:30:59.1080626+09:00 
2026-06-12T12:31:02.1056555+09:00 {
2026-06-12T12:31:02.1097121+09:00   "ensure_daily": {
2026-06-12T12:31:02.1097121+09:00     "runs": [
2026-06-12T12:31:02.1163191+09:00       {
2026-06-12T12:31:02.1163191+09:00         "run_id": "r01",
2026-06-12T12:31:02.1163191+09:00         "action": "not_due",
2026-06-12T12:31:02.1214497+09:00         "taskId": "daily-20260612-r01",
2026-06-12T12:31:02.1214497+09:00         "reason": "jst_hour=12"
2026-06-12T12:31:02.1214497+09:00       },
2026-06-12T12:31:02.1463727+09:00       {
2026-06-12T12:31:02.1485606+09:00         "run_id": "r02",
2026-06-12T12:31:02.1496687+09:00         "action": "not_due",
2026-06-12T12:31:02.1496687+09:00         "taskId": "daily-20260612-r02",
2026-06-12T12:31:02.1537983+09:00         "reason": "jst_hour=12"
2026-06-12T12:31:02.1537983+09:00       },
2026-06-12T12:31:02.1537983+09:00       {
2026-06-12T12:31:02.1537983+09:00         "run_id": "r03",
2026-06-12T12:31:02.1611446+09:00         "action": "not_due",
2026-06-12T12:31:02.1611446+09:00         "taskId": "daily-20260612-r03",
2026-06-12T12:31:02.1611446+09:00         "reason": "jst_hour=12"
2026-06-12T12:31:02.1611446+09:00       }
2026-06-12T12:31:02.1611446+09:00     ]
2026-06-12T12:31:02.1611446+09:00   },
2026-06-12T12:31:02.1698798+09:00   "reconcile": {
2026-06-12T12:31:02.1698798+09:00     "resetProcessing": 0,
2026-06-12T12:31:02.1698798+09:00     "inserted": 0,
2026-06-12T12:31:02.1698798+09:00     "scanned": 8,
2026-06-12T12:31:02.1698798+09:00     "stale": {
2026-06-12T12:31:02.1698798+09:00       "scanned": 8,
2026-06-12T12:31:02.1698798+09:00       "staleDetected": 0,
2026-06-12T12:31:02.1698798+09:00       "rolledBack": 0,
2026-06-12T12:31:02.1698798+09:00       "skippedCap": 0,
2026-06-12T12:31:02.1698798+09:00       "dryRun": false,
2026-06-12T12:31:02.1858320+09:00       "actions": []
2026-06-12T12:31:02.1858320+09:00     }
2026-06-12T12:31:02.1858320+09:00   },
2026-06-12T12:31:02.1858320+09:00   "dispatch": {
2026-06-12T12:31:02.1858320+09:00     "claimed": 0,
2026-06-12T12:31:02.1858320+09:00     "done": 0,
2026-06-12T12:31:02.1858320+09:00     "failed": 0
2026-06-12T12:31:02.1858320+09:00   },
2026-06-12T12:31:02.1858320+09:00   "step4_poll": {
2026-06-12T12:31:02.1858320+09:00     "scanned": 8,
2026-06-12T12:31:02.1858320+09:00     "awaiting": 0,
2026-06-12T12:31:02.2018861+09:00     "polled": 0,
2026-06-12T12:31:02.2018861+09:00     "picks_applied": 0,
2026-06-12T12:31:02.2018861+09:00     "pick_errors": 0,
2026-06-12T12:31:02.2018861+09:00     "timeouts": 0,
2026-06-12T12:31:02.2018861+09:00     "skipped": 0,
2026-06-12T12:31:02.2018861+09:00     "results": []
2026-06-12T12:31:02.2018861+09:00   },
2026-06-12T12:31:02.2018861+09:00   "step7_retry_poll": {
2026-06-12T12:31:02.2018861+09:00     "scanned": 8,
2026-06-12T12:31:02.2018861+09:00     "eligible": 7,
2026-06-12T12:31:02.2163504+09:00     "polled": 0,
2026-06-12T12:31:02.2178571+09:00     "retries_triggered": 0,
2026-06-12T12:31:02.2178571+09:00     "retry_errors": 0,
2026-06-12T12:31:02.2178571+09:00     "skipped": 0,
2026-06-12T12:31:02.2178571+09:00     "results": []
2026-06-12T12:31:02.2178571+09:00   }
2026-06-12T12:31:02.2178571+09:00 }
2026-06-12T12:31:02.2178571+09:00 OK run-once finished
2026-06-12T12:35:59.1491548+09:00 START dispatch-run-once
2026-06-12T12:35:59.6147717+09:00 
2026-06-12T12:35:59.6147717+09:00 > orchestrator
2026-06-12T12:35:59.6234359+09:00 > tsx src/cli/orchestrator.ts run-once --limit 10
2026-06-12T12:35:59.6254445+09:00 
2026-06-12T12:36:02.9244225+09:00 {
2026-06-12T12:36:02.9316335+09:00   "ensure_daily": {
2026-06-12T12:36:02.9316335+09:00     "runs": [
2026-06-12T12:36:02.9316335+09:00       {
2026-06-12T12:36:02.9316335+09:00         "run_id": "r01",
2026-06-12T12:36:02.9402461+09:00         "action": "not_due",
2026-06-12T12:36:02.9402461+09:00         "taskId": "daily-20260612-r01",
2026-06-12T12:36:02.9402461+09:00         "reason": "jst_hour=12"
2026-06-12T12:36:02.9402461+09:00       },
2026-06-12T12:36:02.9643292+09:00       {
2026-06-12T12:36:02.9663355+09:00         "run_id": "r02",
2026-06-12T12:36:02.9683417+09:00         "action": "not_due",
2026-06-12T12:36:02.9683417+09:00         "taskId": "daily-20260612-r02",
2026-06-12T12:36:02.9718678+09:00         "reason": "jst_hour=12"
2026-06-12T12:36:02.9760486+09:00       },
2026-06-12T12:36:02.9780553+09:00       {
2026-06-12T12:36:02.9800613+09:00         "run_id": "r03",
2026-06-12T12:36:02.9800613+09:00         "action": "not_due",
2026-06-12T12:36:02.9800613+09:00         "taskId": "daily-20260612-r03",
2026-06-12T12:36:02.9800613+09:00         "reason": "jst_hour=12"
2026-06-12T12:36:02.9879521+09:00       }
2026-06-12T12:36:02.9879521+09:00     ]
2026-06-12T12:36:02.9879521+09:00   },
2026-06-12T12:36:02.9879521+09:00   "reconcile": {
2026-06-12T12:36:02.9879521+09:00     "resetProcessing": 0,
2026-06-12T12:36:02.9879521+09:00     "inserted": 0,
2026-06-12T12:36:02.9879521+09:00     "scanned": 8,
2026-06-12T12:36:02.9879521+09:00     "stale": {
2026-06-12T12:36:03.0036019+09:00       "scanned": 8,
2026-06-12T12:36:03.0056092+09:00       "staleDetected": 0,
2026-06-12T12:36:03.0076142+09:00       "rolledBack": 0,
2026-06-12T12:36:03.0096204+09:00       "skippedCap": 0,
2026-06-12T12:36:03.0116267+09:00       "dryRun": false,
2026-06-12T12:36:03.0136326+09:00       "actions": []
2026-06-12T12:36:03.0156400+09:00     }
2026-06-12T12:36:03.0156400+09:00   },
2026-06-12T12:36:03.0176471+09:00   "dispatch": {
2026-06-12T12:36:03.0193959+09:00     "claimed": 0,
2026-06-12T12:36:03.0227204+09:00     "done": 0,
2026-06-12T12:36:03.0227204+09:00     "failed": 0
2026-06-12T12:36:03.0227204+09:00   },
2026-06-12T12:36:03.0227204+09:00   "step4_poll": {
2026-06-12T12:36:03.0227204+09:00     "scanned": 8,
2026-06-12T12:36:03.0227204+09:00     "awaiting": 0,
2026-06-12T12:36:03.0227204+09:00     "polled": 0,
2026-06-12T12:36:03.0227204+09:00     "picks_applied": 0,
2026-06-12T12:36:03.0354389+09:00     "pick_errors": 0,
2026-06-12T12:36:03.0354389+09:00     "timeouts": 0,
2026-06-12T12:36:03.0354389+09:00     "skipped": 0,
2026-06-12T12:36:03.0354389+09:00     "results": []
2026-06-12T12:36:03.0354389+09:00   },
2026-06-12T12:36:03.0354389+09:00   "step7_retry_poll": {
2026-06-12T12:36:03.0354389+09:00     "scanned": 8,
2026-06-12T12:36:03.0354389+09:00     "eligible": 7,
2026-06-12T12:36:03.0354389+09:00     "polled": 0,
2026-06-12T12:36:03.0354389+09:00     "retries_triggered": 0,
2026-06-12T12:36:03.0512282+09:00     "retry_errors": 0,
2026-06-12T12:36:03.0512282+09:00     "skipped": 0,
2026-06-12T12:36:03.0512282+09:00     "results": []
2026-06-12T12:36:03.0512282+09:00   }
2026-06-12T12:36:03.0512282+09:00 }
2026-06-12T12:36:03.0512282+09:00 OK run-once finished
2026-06-12T12:40:58.8619947+09:00 START dispatch-run-once
2026-06-12T12:40:59.2814526+09:00 
2026-06-12T12:40:59.2834613+09:00 > orchestrator
2026-06-12T12:40:59.2834613+09:00 > tsx src/cli/orchestrator.ts run-once --limit 10
2026-06-12T12:40:59.2834613+09:00 
2026-06-12T12:41:01.9698934+09:00 {
2026-06-12T12:41:01.9698934+09:00   "ensure_daily": {
2026-06-12T12:41:01.9698934+09:00     "runs": [
2026-06-12T12:41:01.9698934+09:00       {
2026-06-12T12:41:01.9698934+09:00         "run_id": "r01",
2026-06-12T12:41:01.9855362+09:00         "action": "not_due",
2026-06-12T12:41:01.9877774+09:00         "taskId": "daily-20260612-r01",
2026-06-12T12:41:01.9897838+09:00         "reason": "jst_hour=12"
2026-06-12T12:41:01.9917903+09:00       },
2026-06-12T12:41:02.0053265+09:00       {
2026-06-12T12:41:02.0053265+09:00         "run_id": "r02",
2026-06-12T12:41:02.0053265+09:00         "action": "not_due",
2026-06-12T12:41:02.0172457+09:00         "taskId": "daily-20260612-r02",
2026-06-12T12:41:02.0172457+09:00         "reason": "jst_hour=12"
2026-06-12T12:41:02.0198756+09:00       },
2026-06-12T12:41:02.0198756+09:00       {
2026-06-12T12:41:02.0255650+09:00         "run_id": "r03",
2026-06-12T12:41:02.0255650+09:00         "action": "not_due",
2026-06-12T12:41:02.0255650+09:00         "taskId": "daily-20260612-r03",
2026-06-12T12:41:02.0298927+09:00         "reason": "jst_hour=12"
2026-06-12T12:41:02.0298927+09:00       }
2026-06-12T12:41:02.0329300+09:00     ]
2026-06-12T12:41:02.0329300+09:00   },
2026-06-12T12:41:02.0329300+09:00   "reconcile": {
2026-06-12T12:41:02.0329300+09:00     "resetProcessing": 0,
2026-06-12T12:41:02.0329300+09:00     "inserted": 0,
2026-06-12T12:41:02.0329300+09:00     "scanned": 8,
2026-06-12T12:41:02.0329300+09:00     "stale": {
2026-06-12T12:41:02.0329300+09:00       "scanned": 8,
2026-06-12T12:41:02.0329300+09:00       "staleDetected": 0,
2026-06-12T12:41:02.0329300+09:00       "rolledBack": 0,
2026-06-12T12:41:02.0486945+09:00       "skippedCap": 0,
2026-06-12T12:41:02.0486945+09:00       "dryRun": false,
2026-06-12T12:41:02.0486945+09:00       "actions": []
2026-06-12T12:41:02.0486945+09:00     }
2026-06-12T12:41:02.0486945+09:00   },
2026-06-12T12:41:02.0486945+09:00   "dispatch": {
2026-06-12T12:41:02.0486945+09:00     "claimed": 0,
2026-06-12T12:41:02.0486945+09:00     "done": 0,
2026-06-12T12:41:02.0486945+09:00     "failed": 0
2026-06-12T12:41:02.0486945+09:00   },
2026-06-12T12:41:02.0646100+09:00   "step4_poll": {
2026-06-12T12:41:02.0646100+09:00     "scanned": 8,
2026-06-12T12:41:02.0646100+09:00     "awaiting": 0,
2026-06-12T12:41:02.0646100+09:00     "polled": 0,
2026-06-12T12:41:02.0646100+09:00     "picks_applied": 0,
2026-06-12T12:41:02.0646100+09:00     "pick_errors": 0,
2026-06-12T12:41:02.0646100+09:00     "timeouts": 0,
2026-06-12T12:41:02.0646100+09:00     "skipped": 0,
2026-06-12T12:41:02.0646100+09:00     "results": []
2026-06-12T12:41:02.0646100+09:00   },
2026-06-12T12:41:02.0803793+09:00   "step7_retry_poll": {
2026-06-12T12:41:02.0803793+09:00     "scanned": 8,
2026-06-12T12:41:02.0803793+09:00     "eligible": 7,
2026-06-12T12:41:02.0803793+09:00     "polled": 0,
2026-06-12T12:41:02.0803793+09:00     "retries_triggered": 0,
2026-06-12T12:41:02.0803793+09:00     "retry_errors": 0,
2026-06-12T12:41:02.0803793+09:00     "skipped": 0,
2026-06-12T12:41:02.0803793+09:00     "results": []
2026-06-12T12:41:02.0803793+09:00   }
2026-06-12T12:41:02.0803793+09:00 }
2026-06-12T12:41:02.0961506+09:00 OK run-once finished
2026-06-12T12:45:58.9850663+09:00 START dispatch-run-once
2026-06-12T12:45:59.3664870+09:00 
2026-06-12T12:45:59.3664870+09:00 > orchestrator
2026-06-12T12:45:59.3664870+09:00 > tsx src/cli/orchestrator.ts run-once --limit 10
2026-06-12T12:45:59.3664870+09:00 
2026-06-12T12:46:01.9352353+09:00 {
2026-06-12T12:46:01.9445443+09:00   "ensure_daily": {
2026-06-12T12:46:01.9455629+09:00     "runs": [
2026-06-12T12:46:01.9455629+09:00       {
2026-06-12T12:46:01.9455629+09:00         "run_id": "r01",
2026-06-12T12:46:01.9455629+09:00         "action": "not_due",
2026-06-12T12:46:01.9455629+09:00         "taskId": "daily-20260612-r01",
2026-06-12T12:46:01.9612874+09:00         "reason": "jst_hour=12"
2026-06-12T12:46:01.9612874+09:00       },
2026-06-12T12:46:01.9821411+09:00       {
2026-06-12T12:46:01.9821411+09:00         "run_id": "r02",
2026-06-12T12:46:01.9821411+09:00         "action": "not_due",
2026-06-12T12:46:01.9821411+09:00         "taskId": "daily-20260612-r02",
2026-06-12T12:46:01.9821411+09:00         "reason": "jst_hour=12"
2026-06-12T12:46:01.9929871+09:00       },
2026-06-12T12:46:01.9929871+09:00       {
2026-06-12T12:46:01.9929871+09:00         "run_id": "r03",
2026-06-12T12:46:01.9929871+09:00         "action": "not_due",
2026-06-12T12:46:01.9929871+09:00         "taskId": "daily-20260612-r03",
2026-06-12T12:46:01.9929871+09:00         "reason": "jst_hour=12"
2026-06-12T12:46:01.9929871+09:00       }
2026-06-12T12:46:01.9929871+09:00     ]
2026-06-12T12:46:01.9929871+09:00   },
2026-06-12T12:46:01.9929871+09:00   "reconcile": {
2026-06-12T12:46:01.9929871+09:00     "resetProcessing": 0,
2026-06-12T12:46:02.0090428+09:00     "inserted": 0,
2026-06-12T12:46:02.0090428+09:00     "scanned": 8,
2026-06-12T12:46:02.0090428+09:00     "stale": {
2026-06-12T12:46:02.0090428+09:00       "scanned": 8,
2026-06-12T12:46:02.0090428+09:00       "staleDetected": 0,
2026-06-12T12:46:02.0090428+09:00       "rolledBack": 0,
2026-06-12T12:46:02.0090428+09:00       "skippedCap": 0,
2026-06-12T12:46:02.0090428+09:00       "dryRun": false,
2026-06-12T12:46:02.0090428+09:00       "actions": []
2026-06-12T12:46:02.0090428+09:00     }
2026-06-12T12:46:02.0247404+09:00   },
2026-06-12T12:46:02.0247404+09:00   "dispatch": {
2026-06-12T12:46:02.0247404+09:00     "claimed": 0,
2026-06-12T12:46:02.0247404+09:00     "done": 0,
2026-06-12T12:46:02.0247404+09:00     "failed": 0
2026-06-12T12:46:02.0247404+09:00   },
2026-06-12T12:46:02.0247404+09:00   "step4_poll": {
2026-06-12T12:46:02.0247404+09:00     "scanned": 8,
2026-06-12T12:46:02.0373788+09:00     "awaiting": 0,
2026-06-12T12:46:02.0373788+09:00     "polled": 0,
2026-06-12T12:46:02.0373788+09:00     "picks_applied": 0,
2026-06-12T12:46:02.0406520+09:00     "pick_errors": 0,
2026-06-12T12:46:02.0406520+09:00     "timeouts": 0,
2026-06-12T12:46:02.0406520+09:00     "skipped": 0,
2026-06-12T12:46:02.0406520+09:00     "results": []
2026-06-12T12:46:02.0406520+09:00   },
2026-06-12T12:46:02.0406520+09:00   "step7_retry_poll": {
2026-06-12T12:46:02.0406520+09:00     "scanned": 8,
2026-06-12T12:46:02.0406520+09:00     "eligible": 7,
2026-06-12T12:46:02.0406520+09:00     "polled": 0,
2026-06-12T12:46:02.0406520+09:00     "retries_triggered": 0,
2026-06-12T12:46:02.0406520+09:00     "retry_errors": 0,
2026-06-12T12:46:02.0406520+09:00     "skipped": 0,
2026-06-12T12:46:02.0567665+09:00     "results": []
2026-06-12T12:46:02.0567665+09:00   }
2026-06-12T12:46:02.0567665+09:00 }
2026-06-12T12:46:02.0567665+09:00 OK run-once finished
2026-06-12T12:50:59.4884489+09:00 START dispatch-run-once
2026-06-12T12:50:59.9344391+09:00 
2026-06-12T12:50:59.9344391+09:00 > orchestrator
2026-06-12T12:50:59.9344391+09:00 > tsx src/cli/orchestrator.ts run-once --limit 10
2026-06-12T12:50:59.9470989+09:00 
2026-06-12T12:51:02.4967729+09:00 {
2026-06-12T12:51:02.5064407+09:00   "ensure_daily": {
2026-06-12T12:51:02.5165832+09:00     "runs": [
2026-06-12T12:51:02.5185933+09:00       {
2026-06-12T12:51:02.5206121+09:00         "run_id": "r01",
2026-06-12T12:51:02.5226371+09:00         "action": "not_due",
2026-06-12T12:51:02.5246420+09:00         "taskId": "daily-20260612-r01",
2026-06-12T12:51:02.5261465+09:00         "reason": "jst_hour=12"
2026-06-12T12:51:02.5281515+09:00       },
2026-06-12T12:51:02.5458389+09:00       {
2026-06-12T12:51:02.5458389+09:00         "run_id": "r02",
2026-06-12T12:51:02.5458389+09:00         "action": "not_due",
2026-06-12T12:51:02.5458389+09:00         "taskId": "daily-20260612-r02",
2026-06-12T12:51:02.5458389+09:00         "reason": "jst_hour=12"
2026-06-12T12:51:02.5458389+09:00       },
2026-06-12T12:51:02.5597021+09:00       {
2026-06-12T12:51:02.5597021+09:00         "run_id": "r03",
2026-06-12T12:51:02.5597021+09:00         "action": "not_due",
2026-06-12T12:51:02.5597021+09:00         "taskId": "daily-20260612-r03",
2026-06-12T12:51:02.5597021+09:00         "reason": "jst_hour=12"
2026-06-12T12:51:02.5597021+09:00       }
2026-06-12T12:51:02.5597021+09:00     ]
2026-06-12T12:51:02.5597021+09:00   },
2026-06-12T12:51:02.5597021+09:00   "reconcile": {
2026-06-12T12:51:02.5597021+09:00     "resetProcessing": 0,
2026-06-12T12:51:02.5755494+09:00     "inserted": 0,
2026-06-12T12:51:02.5755494+09:00     "scanned": 8,
2026-06-12T12:51:02.5755494+09:00     "stale": {
2026-06-12T12:51:02.5755494+09:00       "scanned": 8,
2026-06-12T12:51:02.5755494+09:00       "staleDetected": 0,
2026-06-12T12:51:02.5755494+09:00       "rolledBack": 0,
2026-06-12T12:51:02.5859463+09:00       "skippedCap": 0,
2026-06-12T12:51:02.5870560+09:00       "dryRun": false,
2026-06-12T12:51:02.5870560+09:00       "actions": []
2026-06-12T12:51:02.5870560+09:00     }
2026-06-12T12:51:02.5911961+09:00   },
2026-06-12T12:51:02.5911961+09:00   "dispatch": {
2026-06-12T12:51:02.5911961+09:00     "claimed": 0,
2026-06-12T12:51:02.5911961+09:00     "done": 0,
2026-06-12T12:51:02.5911961+09:00     "failed": 0
2026-06-12T12:51:02.5911961+09:00   },
2026-06-12T12:51:02.5911961+09:00   "step4_poll": {
2026-06-12T12:51:02.5911961+09:00     "scanned": 8,
2026-06-12T12:51:02.5911961+09:00     "awaiting": 0,
2026-06-12T12:51:02.5911961+09:00     "polled": 0,
2026-06-12T12:51:02.6068763+09:00     "picks_applied": 0,
2026-06-12T12:51:02.6068763+09:00     "pick_errors": 0,
2026-06-12T12:51:02.6068763+09:00     "timeouts": 0,
2026-06-12T12:51:02.6068763+09:00     "skipped": 0,
2026-06-12T12:51:02.6068763+09:00     "results": []
2026-06-12T12:51:02.6068763+09:00   },
2026-06-12T12:51:02.6068763+09:00   "step7_retry_poll": {
2026-06-12T12:51:02.6068763+09:00     "scanned": 8,
2026-06-12T12:51:02.6068763+09:00     "eligible": 7,
2026-06-12T12:51:02.6068763+09:00     "polled": 0,
2026-06-12T12:51:02.6068763+09:00     "retries_triggered": 0,
2026-06-12T12:51:02.6068763+09:00     "retry_errors": 0,
2026-06-12T12:51:02.6225877+09:00     "skipped": 0,
2026-06-12T12:51:02.6225877+09:00     "results": []
2026-06-12T12:51:02.6263255+09:00   }
2026-06-12T12:51:02.6263255+09:00 }
2026-06-12T12:51:02.6263255+09:00 OK run-once finished
2026-06-12T12:55:59.5854905+09:00 START dispatch-run-once
2026-06-12T12:56:00.0479704+09:00 
2026-06-12T12:56:00.0479704+09:00 > orchestrator
2026-06-12T12:56:00.0479704+09:00 > tsx src/cli/orchestrator.ts run-once --limit 10
2026-06-12T12:56:00.0479704+09:00 
2026-06-12T12:56:02.5838856+09:00 {
2026-06-12T12:56:02.5838856+09:00   "ensure_daily": {
2026-06-12T12:56:02.5996583+09:00     "runs": [
2026-06-12T12:56:02.6040996+09:00       {
2026-06-12T12:56:02.6040996+09:00         "run_id": "r01",
2026-06-12T12:56:02.6040996+09:00         "action": "not_due",
2026-06-12T12:56:02.6040996+09:00         "taskId": "daily-20260612-r01",
2026-06-12T12:56:02.6040996+09:00         "reason": "jst_hour=12"
2026-06-12T12:56:02.6153662+09:00       },
2026-06-12T12:56:02.6307369+09:00       {
2026-06-12T12:56:02.6307369+09:00         "run_id": "r02",
2026-06-12T12:56:02.6307369+09:00         "action": "not_due",
2026-06-12T12:56:02.6307369+09:00         "taskId": "daily-20260612-r02",
2026-06-12T12:56:02.6307369+09:00         "reason": "jst_hour=12"
2026-06-12T12:56:02.6433978+09:00       },
2026-06-12T12:56:02.6433978+09:00       {
2026-06-12T12:56:02.6466334+09:00         "run_id": "r03",
2026-06-12T12:56:02.6486418+09:00         "action": "not_due",
2026-06-12T12:56:02.6486418+09:00         "taskId": "daily-20260612-r03",
2026-06-12T12:56:02.6486418+09:00         "reason": "jst_hour=12"
2026-06-12T12:56:02.6486418+09:00       }
2026-06-12T12:56:02.6486418+09:00     ]
2026-06-12T12:56:02.6486418+09:00   },
2026-06-12T12:56:02.6486418+09:00   "reconcile": {
2026-06-12T12:56:02.6486418+09:00     "resetProcessing": 0,
2026-06-12T12:56:02.6486418+09:00     "inserted": 0,
2026-06-12T12:56:02.6624719+09:00     "scanned": 8,
2026-06-12T12:56:02.6624719+09:00     "stale": {
2026-06-12T12:56:02.6624719+09:00       "scanned": 8,
2026-06-12T12:56:02.6624719+09:00       "staleDetected": 0,
2026-06-12T12:56:02.6624719+09:00       "rolledBack": 0,
2026-06-12T12:56:02.6624719+09:00       "skippedCap": 0,
2026-06-12T12:56:02.6624719+09:00       "dryRun": false,
2026-06-12T12:56:02.6624719+09:00       "actions": []
2026-06-12T12:56:02.6624719+09:00     }
2026-06-12T12:56:02.6624719+09:00   },
2026-06-12T12:56:02.6781343+09:00   "dispatch": {
2026-06-12T12:56:02.6781343+09:00     "claimed": 0,
2026-06-12T12:56:02.6781343+09:00     "done": 0,
2026-06-12T12:56:02.6781343+09:00     "failed": 0
2026-06-12T12:56:02.6781343+09:00   },
2026-06-12T12:56:02.6781343+09:00   "step4_poll": {
2026-06-12T12:56:02.6781343+09:00     "scanned": 8,
2026-06-12T12:56:02.6781343+09:00     "awaiting": 0,
2026-06-12T12:56:02.6781343+09:00     "polled": 0,
2026-06-12T12:56:02.6781343+09:00     "picks_applied": 0,
2026-06-12T12:56:02.6781343+09:00     "pick_errors": 0,
2026-06-12T12:56:02.6781343+09:00     "timeouts": 0,
2026-06-12T12:56:02.6939070+09:00     "skipped": 0,
2026-06-12T12:56:02.6939070+09:00     "results": []
2026-06-12T12:56:02.6939070+09:00   },
2026-06-12T12:56:02.6939070+09:00   "step7_retry_poll": {
2026-06-12T12:56:02.6939070+09:00     "scanned": 8,
2026-06-12T12:56:02.6939070+09:00     "eligible": 7,
2026-06-12T12:56:02.6939070+09:00     "polled": 0,
2026-06-12T12:56:02.6939070+09:00     "retries_triggered": 0,
2026-06-12T12:56:02.6939070+09:00     "retry_errors": 0,
2026-06-12T12:56:02.7096000+09:00     "skipped": 0,
2026-06-12T12:56:02.7096000+09:00     "results": []
2026-06-12T12:56:02.7096000+09:00   }
2026-06-12T12:56:02.7096000+09:00 }
2026-06-12T12:56:02.7096000+09:00 OK run-once finished
2026-06-12T13:01:05.2308541+09:00 START dispatch-run-once
2026-06-12T13:01:05.5968145+09:00 
2026-06-12T13:01:05.5968145+09:00 > orchestrator
2026-06-12T13:01:05.5968145+09:00 > tsx src/cli/orchestrator.ts run-once --limit 10
2026-06-12T13:01:05.5968145+09:00 
2026-06-12T13:01:13.8214911+09:00 {
2026-06-12T13:01:13.8214911+09:00   "ensure_daily": {
2026-06-12T13:01:13.8214911+09:00     "runs": [
2026-06-12T13:01:13.8214911+09:00       {
2026-06-12T13:01:13.8214911+09:00         "run_id": "r01",
2026-06-12T13:01:13.8214911+09:00         "action": "not_due",
2026-06-12T13:01:13.8214911+09:00         "taskId": "daily-20260612-r01",
2026-06-12T13:01:13.8375343+09:00         "reason": "jst_hour=13"
2026-06-12T13:01:13.8375343+09:00       },
2026-06-12T13:01:13.8591982+09:00       {
2026-06-12T13:01:13.8632127+09:00         "run_id": "r02",
2026-06-12T13:01:13.8652193+09:00         "action": "skipped_exists",
2026-06-12T13:01:13.8652193+09:00         "taskId": "daily-20260612-r02"
2026-06-12T13:01:13.8689741+09:00       },
2026-06-12T13:01:13.8711420+09:00       {
2026-06-12T13:01:13.8711420+09:00         "run_id": "r03",
2026-06-12T13:01:13.8711420+09:00         "action": "not_due",
2026-06-12T13:01:13.8711420+09:00         "taskId": "daily-20260612-r03",
2026-06-12T13:01:13.8711420+09:00         "reason": "jst_hour=13"
2026-06-12T13:01:13.8711420+09:00       }
2026-06-12T13:01:13.8711420+09:00     ]
2026-06-12T13:01:13.8711420+09:00   },
2026-06-12T13:01:13.8847256+09:00   "reconcile": {
2026-06-12T13:01:13.8847256+09:00     "resetProcessing": 0,
2026-06-12T13:01:13.8847256+09:00     "inserted": 0,
2026-06-12T13:01:13.8847256+09:00     "scanned": 9,
2026-06-12T13:01:13.8847256+09:00     "stale": {
2026-06-12T13:01:13.8847256+09:00       "scanned": 9,
2026-06-12T13:01:13.8847256+09:00       "staleDetected": 0,
2026-06-12T13:01:13.8847256+09:00       "rolledBack": 0,
2026-06-12T13:01:13.8847256+09:00       "skippedCap": 0,
2026-06-12T13:01:13.9004223+09:00       "dryRun": false,
2026-06-12T13:01:13.9004223+09:00       "actions": []
2026-06-12T13:01:13.9004223+09:00     }
2026-06-12T13:01:13.9004223+09:00   },
2026-06-12T13:01:13.9004223+09:00   "dispatch": {
2026-06-12T13:01:13.9004223+09:00     "claimed": 1,
2026-06-12T13:01:13.9004223+09:00     "done": 1,
2026-06-12T13:01:13.9004223+09:00     "failed": 0
2026-06-12T13:01:13.9004223+09:00   },
2026-06-12T13:01:13.9004223+09:00   "step4_poll": {
2026-06-12T13:01:13.9160933+09:00     "scanned": 9,
2026-06-12T13:01:13.9160933+09:00     "awaiting": 0,
2026-06-12T13:01:13.9160933+09:00     "polled": 0,
2026-06-12T13:01:13.9160933+09:00     "picks_applied": 0,
2026-06-12T13:01:13.9160933+09:00     "pick_errors": 0,
2026-06-12T13:01:13.9160933+09:00     "timeouts": 0,
2026-06-12T13:01:13.9160933+09:00     "skipped": 0,
2026-06-12T13:01:13.9160933+09:00     "results": []
2026-06-12T13:01:13.9160933+09:00   },
2026-06-12T13:01:13.9160933+09:00   "step7_retry_poll": {
2026-06-12T13:01:13.9318353+09:00     "scanned": 9,
2026-06-12T13:01:13.9318353+09:00     "eligible": 7,
2026-06-12T13:01:13.9318353+09:00     "polled": 0,
2026-06-12T13:01:13.9318353+09:00     "retries_triggered": 0,
2026-06-12T13:01:13.9318353+09:00     "retry_errors": 0,
2026-06-12T13:01:13.9318353+09:00     "skipped": 0,
2026-06-12T13:01:13.9318353+09:00     "results": []
2026-06-12T13:01:13.9318353+09:00   }
2026-06-12T13:01:13.9318353+09:00 }
2026-06-12T13:01:13.9318353+09:00 OK run-once finished
2026-06-12T13:05:59.2064499+09:00 START dispatch-run-once
2026-06-12T13:05:59.6423015+09:00 
2026-06-12T13:05:59.6442708+09:00 > orchestrator
2026-06-12T13:05:59.6467855+09:00 > tsx src/cli/orchestrator.ts run-once --limit 10
2026-06-12T13:05:59.6487907+09:00 
2026-06-12T13:06:02.3693546+09:00 {
2026-06-12T13:06:02.3775850+09:00   "ensure_daily": {
2026-06-12T13:06:02.3829820+09:00     "runs": [
2026-06-12T13:06:02.3878818+09:00       {
2026-06-12T13:06:02.3914047+09:00         "run_id": "r01",
2026-06-12T13:06:02.3945323+09:00         "action": "not_due",
2026-06-12T13:06:02.3978474+09:00         "taskId": "daily-20260612-r01",
2026-06-12T13:06:02.4008503+09:00         "reason": "jst_hour=13"
2026-06-12T13:06:02.4048447+09:00       },
2026-06-12T13:06:02.4245424+09:00       {
2026-06-12T13:06:02.4271681+09:00         "run_id": "r02",
2026-06-12T13:06:02.4291800+09:00         "action": "skipped_exists",
2026-06-12T13:06:02.4311837+09:00         "taskId": "daily-20260612-r02"
2026-06-12T13:06:02.4331825+09:00       },
2026-06-12T13:06:02.4351865+09:00       {
2026-06-12T13:06:02.4377025+09:00         "run_id": "r03",
2026-06-12T13:06:02.4407001+09:00         "action": "not_due",
2026-06-12T13:06:02.4417021+09:00         "taskId": "daily-20260612-r03",
2026-06-12T13:06:02.4437001+09:00         "reason": "jst_hour=13"
2026-06-12T13:06:02.4447004+09:00       }
2026-06-12T13:06:02.4467010+09:00     ]
2026-06-12T13:06:02.4477341+09:00   },
2026-06-12T13:06:02.4497369+09:00   "reconcile": {
2026-06-12T13:06:02.4517365+09:00     "resetProcessing": 0,
2026-06-12T13:06:02.4537343+09:00     "inserted": 0,
2026-06-12T13:06:02.4562434+09:00     "scanned": 9,
2026-06-12T13:06:02.4582507+09:00     "stale": {
2026-06-12T13:06:02.4595555+09:00       "scanned": 9,
2026-06-12T13:06:02.4615654+09:00       "staleDetected": 0,
2026-06-12T13:06:02.4635650+09:00       "rolledBack": 0,
2026-06-12T13:06:02.4645641+09:00       "skippedCap": 0,
2026-06-12T13:06:02.4665612+09:00       "dryRun": false,
2026-06-12T13:06:02.4680787+09:00       "actions": []
2026-06-12T13:06:02.4710796+09:00     }
2026-06-12T13:06:02.4720799+09:00   },
2026-06-12T13:06:02.4740762+09:00   "dispatch": {
2026-06-12T13:06:02.4765416+09:00     "claimed": 1,
2026-06-12T13:06:02.4775522+09:00     "done": 1,
2026-06-12T13:06:02.4795831+09:00     "failed": 0
2026-06-12T13:06:02.4805493+09:00   },
2026-06-12T13:06:02.4815823+09:00   "step4_poll": {
2026-06-12T13:06:02.4835506+09:00     "scanned": 9,
2026-06-12T13:06:02.4855883+09:00     "awaiting": 0,
2026-06-12T13:06:02.4878571+09:00     "polled": 0,
2026-06-12T13:06:02.4888878+09:00     "picks_applied": 0,
2026-06-12T13:06:02.4908874+09:00     "pick_errors": 0,
2026-06-12T13:06:02.4918544+09:00     "timeouts": 0,
2026-06-12T13:06:02.4938540+09:00     "skipped": 0,
2026-06-12T13:06:02.4948873+09:00     "results": []
2026-06-12T13:06:02.4963927+09:00   },
2026-06-12T13:06:02.4984339+09:00   "step7_retry_poll": {
2026-06-12T13:06:02.4994002+09:00     "scanned": 9,
2026-06-12T13:06:02.5014015+09:00     "eligible": 7,
2026-06-12T13:06:02.5034014+09:00     "polled": 0,
2026-06-12T13:06:02.5044048+09:00     "retries_triggered": 0,
2026-06-12T13:06:02.5069069+09:00     "retry_errors": 0,
2026-06-12T13:06:02.5082271+09:00     "skipped": 0,
2026-06-12T13:06:02.5092318+09:00     "results": []
2026-06-12T13:06:02.5112285+09:00   }
2026-06-12T13:06:02.5122322+09:00 }
2026-06-12T13:06:02.5142284+09:00 OK run-once finished
2026-06-12T13:11:00.5738068+09:00 START dispatch-run-once
2026-06-12T13:11:01.0469507+09:00 
2026-06-12T13:11:01.0499537+09:00 > orchestrator
2026-06-12T13:11:01.0519499+09:00 > tsx src/cli/orchestrator.ts run-once --limit 10
2026-06-12T13:11:01.0539499+09:00 
2026-06-12T13:11:03.7989897+09:00 {
2026-06-12T13:11:03.8009922+09:00   "ensure_daily": {
2026-06-12T13:11:03.8029906+09:00     "runs": [
2026-06-12T13:11:03.8054959+09:00       {
2026-06-12T13:11:03.8065054+09:00         "run_id": "r01",
2026-06-12T13:11:03.8090172+09:00         "action": "not_due",
2026-06-12T13:11:03.8110208+09:00         "taskId": "daily-20260612-r01",
2026-06-12T13:11:03.8130220+09:00         "reason": "jst_hour=13"
2026-06-12T13:11:03.8155327+09:00       },
2026-06-12T13:11:03.8340597+09:00       {
2026-06-12T13:11:03.8365754+09:00         "run_id": "r02",
2026-06-12T13:11:03.8385735+09:00         "action": "skipped_exists",
2026-06-12T13:11:03.8405752+09:00         "taskId": "daily-20260612-r02"
2026-06-12T13:11:03.8425751+09:00       },
2026-06-12T13:11:03.8445749+09:00       {
2026-06-12T13:11:03.8470933+09:00         "run_id": "r03",
2026-06-12T13:11:03.8501012+09:00         "action": "not_due",
2026-06-12T13:11:03.8522207+09:00         "taskId": "daily-20260612-r03",
2026-06-12T13:11:03.8543711+09:00         "reason": "jst_hour=13"
2026-06-12T13:11:03.8559685+09:00       }
2026-06-12T13:11:03.8575509+09:00     ]
2026-06-12T13:11:03.8592020+09:00   },
2026-06-12T13:11:03.8608334+09:00   "reconcile": {
2026-06-12T13:11:03.8629487+09:00     "resetProcessing": 0,
2026-06-12T13:11:03.8639565+09:00     "inserted": 0,
2026-06-12T13:11:03.8664685+09:00     "scanned": 9,
2026-06-12T13:11:03.8674688+09:00     "stale": {
2026-06-12T13:11:03.8694692+09:00       "scanned": 9,
2026-06-12T13:11:03.8714724+09:00       "staleDetected": 0,
2026-06-12T13:11:03.8724719+09:00       "rolledBack": 0,
2026-06-12T13:11:03.8744703+09:00       "skippedCap": 0,
2026-06-12T13:11:03.8754695+09:00       "dryRun": false,
2026-06-12T13:11:03.8786964+09:00       "actions": []
2026-06-12T13:11:03.8806972+09:00     }
2026-06-12T13:11:03.8816967+09:00   },
2026-06-12T13:11:03.8836981+09:00   "dispatch": {
2026-06-12T13:11:03.8860338+09:00     "claimed": 1,
2026-06-12T13:11:03.8880413+09:00     "done": 1,
2026-06-12T13:11:03.8890413+09:00     "failed": 0
2026-06-12T13:11:03.8900407+09:00   },
2026-06-12T13:11:03.8920404+09:00   "step4_poll": {
2026-06-12T13:11:03.8930409+09:00     "scanned": 9,
2026-06-12T13:11:03.8940428+09:00     "awaiting": 0,
2026-06-12T13:11:03.8965593+09:00     "polled": 0,
2026-06-12T13:11:03.8985564+09:00     "picks_applied": 0,
2026-06-12T13:11:03.9005563+09:00     "pick_errors": 0,
2026-06-12T13:11:03.9015566+09:00     "timeouts": 0,
2026-06-12T13:11:03.9035567+09:00     "skipped": 0,
2026-06-12T13:11:03.9045573+09:00     "results": []
2026-06-12T13:11:03.9065730+09:00   },
2026-06-12T13:11:03.9065730+09:00   "step7_retry_poll": {
2026-06-12T13:11:03.9090867+09:00     "scanned": 9,
2026-06-12T13:11:03.9110909+09:00     "eligible": 7,
2026-06-12T13:11:03.9120936+09:00     "polled": 0,
2026-06-12T13:11:03.9140933+09:00     "retries_triggered": 0,
2026-06-12T13:11:03.9166078+09:00     "retry_errors": 0,
2026-06-12T13:11:03.9176144+09:00     "skipped": 0,
2026-06-12T13:11:03.9196139+09:00     "results": []
2026-06-12T13:11:03.9206148+09:00   }
2026-06-12T13:11:03.9216137+09:00 }
2026-06-12T13:11:03.9236147+09:00 OK run-once finished
2026-06-12T13:15:58.9161638+09:00 START dispatch-run-once
2026-06-12T13:15:59.3475390+09:00 
2026-06-12T13:15:59.3495381+09:00 > orchestrator
2026-06-12T13:15:59.3525358+09:00 > tsx src/cli/orchestrator.ts run-once --limit 10
2026-06-12T13:15:59.3550591+09:00 
2026-06-12T13:16:02.3329941+09:00 {
2026-06-12T13:16:02.3491565+09:00   "ensure_daily": {
2026-06-12T13:16:02.3541590+09:00     "runs": [
2026-06-12T13:16:02.3576808+09:00       {
2026-06-12T13:16:02.3596834+09:00         "run_id": "r01",
2026-06-12T13:16:02.3626827+09:00         "action": "not_due",
2026-06-12T13:16:02.3692075+09:00         "taskId": "daily-20260612-r01",
2026-06-12T13:16:02.3712790+09:00         "reason": "jst_hour=13"
2026-06-12T13:16:02.3732789+09:00       },
2026-06-12T13:16:02.3955188+09:00       {
2026-06-12T13:16:02.3985237+09:00         "run_id": "r02",
2026-06-12T13:16:02.4015232+09:00         "action": "skipped_exists",
2026-06-12T13:16:02.4040387+09:00         "taskId": "daily-20260612-r02"
2026-06-12T13:16:02.4060446+09:00       },
2026-06-12T13:16:02.4080537+09:00       {
2026-06-12T13:16:02.4098736+09:00         "run_id": "r03",
2026-06-12T13:16:02.4108753+09:00         "action": "not_due",
2026-06-12T13:16:02.4129502+09:00         "taskId": "daily-20260612-r03",
2026-06-12T13:16:02.4154673+09:00         "reason": "jst_hour=13"
2026-06-12T13:16:02.4174651+09:00       }
2026-06-12T13:16:02.4184636+09:00     ]
2026-06-12T13:16:02.4204659+09:00   },
2026-06-12T13:16:02.4214631+09:00   "reconcile": {
2026-06-12T13:16:02.4234638+09:00     "resetProcessing": 0,
2026-06-12T13:16:02.4244635+09:00     "inserted": 0,
2026-06-12T13:16:02.4255845+09:00     "scanned": 9,
2026-06-12T13:16:02.4285925+09:00     "stale": {
2026-06-12T13:16:02.4305929+09:00       "scanned": 9,
2026-06-12T13:16:02.4325965+09:00       "staleDetected": 0,
2026-06-12T13:16:02.4351139+09:00       "rolledBack": 0,
2026-06-12T13:16:02.4361141+09:00       "skippedCap": 0,
2026-06-12T13:16:02.4381140+09:00       "dryRun": false,
2026-06-12T13:16:02.4401129+09:00       "actions": []
2026-06-12T13:16:02.4411125+09:00     }
2026-06-12T13:16:02.4431122+09:00   },
2026-06-12T13:16:02.4454491+09:00   "dispatch": {
2026-06-12T13:16:02.4474474+09:00     "claimed": 2,
2026-06-12T13:16:02.4484488+09:00     "done": 2,
2026-06-12T13:16:02.4504458+09:00     "failed": 0
2026-06-12T13:16:02.4514462+09:00   },
2026-06-12T13:16:02.4534463+09:00   "step4_poll": {
2026-06-12T13:16:02.4557919+09:00     "scanned": 9,
2026-06-12T13:16:02.4567900+09:00     "awaiting": 0,
2026-06-12T13:16:02.4587897+09:00     "polled": 0,
2026-06-12T13:16:02.4597909+09:00     "picks_applied": 0,
2026-06-12T13:16:02.4617904+09:00     "pick_errors": 0,
2026-06-12T13:16:02.4643172+09:00     "timeouts": 0,
2026-06-12T13:16:02.4663264+09:00     "skipped": 0,
2026-06-12T13:16:02.4673247+09:00     "results": []
2026-06-12T13:16:02.4693232+09:00   },
2026-06-12T13:16:02.4703242+09:00   "step7_retry_poll": {
2026-06-12T13:16:02.4723227+09:00     "scanned": 9,
2026-06-12T13:16:02.4733230+09:00     "eligible": 7,
2026-06-12T13:16:02.4758374+09:00     "polled": 0,
2026-06-12T13:16:02.4768375+09:00     "retries_triggered": 0,
2026-06-12T13:16:02.4788380+09:00     "retry_errors": 0,
2026-06-12T13:16:02.4808391+09:00     "skipped": 0,
2026-06-12T13:16:02.4828389+09:00     "results": []
2026-06-12T13:16:02.4843439+09:00   }
2026-06-12T13:16:02.4863504+09:00 }
2026-06-12T13:16:02.4883503+09:00 OK run-once finished
2026-06-12T13:20:59.8577497+09:00 START dispatch-run-once
2026-06-12T13:21:00.2603725+09:00 
2026-06-12T13:21:00.2628778+09:00 > orchestrator
2026-06-12T13:21:00.2654087+09:00 > tsx src/cli/orchestrator.ts run-once --limit 10
2026-06-12T13:21:00.2674079+09:00 
2026-06-12T13:21:03.1377363+09:00 {
2026-06-12T13:21:03.1432696+09:00   "ensure_daily": {
2026-06-12T13:21:03.1472119+09:00     "runs": [
2026-06-12T13:21:03.1513775+09:00       {
2026-06-12T13:21:03.1546929+09:00         "run_id": "r01",
2026-06-12T13:21:03.1566915+09:00         "action": "not_due",
2026-06-12T13:21:03.1586929+09:00         "taskId": "daily-20260612-r01",
2026-06-12T13:21:03.1606936+09:00         "reason": "jst_hour=13"
2026-06-12T13:21:03.1632006+09:00       },
2026-06-12T13:21:03.1833785+09:00       {
2026-06-12T13:21:03.1858604+09:00         "run_id": "r02",
2026-06-12T13:21:03.1878615+09:00         "action": "skipped_exists",
2026-06-12T13:21:03.1898599+09:00         "taskId": "daily-20260612-r02"
2026-06-12T13:21:03.1918612+09:00       },
2026-06-12T13:21:03.1933665+09:00       {
2026-06-12T13:21:03.1963748+09:00         "run_id": "r03",
2026-06-12T13:21:03.1991130+09:00         "action": "not_due",
2026-06-12T13:21:03.2011107+09:00         "taskId": "daily-20260612-r03",
2026-06-12T13:21:03.2031113+09:00         "reason": "jst_hour=13"
2026-06-12T13:21:03.2052108+09:00       }
2026-06-12T13:21:03.2064945+09:00     ]
2026-06-12T13:21:03.2074817+09:00   },
2026-06-12T13:21:03.2094877+09:00   "reconcile": {
2026-06-12T13:21:03.2104864+09:00     "resetProcessing": 0,
2026-06-12T13:21:03.2115206+09:00     "inserted": 0,
2026-06-12T13:21:03.2140703+09:00     "scanned": 9,
2026-06-12T13:21:03.2161029+09:00     "stale": {
2026-06-12T13:21:03.2180671+09:00       "scanned": 9,
2026-06-12T13:21:03.2200683+09:00       "staleDetected": 0,
2026-06-12T13:21:03.2220698+09:00       "rolledBack": 0,
2026-06-12T13:21:03.2242078+09:00       "skippedCap": 0,
2026-06-12T13:21:03.2272077+09:00       "dryRun": false,
2026-06-12T13:21:03.2282076+09:00       "actions": []
2026-06-12T13:21:03.2302074+09:00     }
2026-06-12T13:21:03.2332095+09:00   },
2026-06-12T13:21:03.2347577+09:00   "dispatch": {
2026-06-12T13:21:03.2367564+09:00     "claimed": 1,
2026-06-12T13:21:03.2377568+09:00     "done": 1,
2026-06-12T13:21:03.2397561+09:00     "failed": 0
2026-06-12T13:21:03.2407571+09:00   },
2026-06-12T13:21:03.2428061+09:00   "step4_poll": {
2026-06-12T13:21:03.2443184+09:00     "scanned": 9,
2026-06-12T13:21:03.2453209+09:00     "awaiting": 1,
2026-06-12T13:21:03.2473223+09:00     "polled": 0,
2026-06-12T13:21:03.2493190+09:00     "picks_applied": 0,
2026-06-12T13:21:03.2513199+09:00     "pick_errors": 0,
2026-06-12T13:21:03.2523196+09:00     "timeouts": 0,
2026-06-12T13:21:03.2545329+09:00     "skipped": 0,
2026-06-12T13:21:03.2555413+09:00     "results": [
2026-06-12T13:21:03.2575389+09:00       {
2026-06-12T13:21:03.2585380+09:00         "task_id": "daily-20260612-r02",
2026-06-12T13:21:03.2605381+09:00         "result": {
2026-06-12T13:21:03.2615400+09:00           "outcome": "no_new_messages"
2026-06-12T13:21:03.2630457+09:00         }
2026-06-12T13:21:03.2646991+09:00       }
2026-06-12T13:21:03.2672078+09:00     ]
2026-06-12T13:21:03.2682147+09:00   },
2026-06-12T13:21:03.2702155+09:00   "step7_retry_poll": {
2026-06-12T13:21:03.2712132+09:00     "scanned": 9,
2026-06-12T13:21:03.2737221+09:00     "eligible": 7,
2026-06-12T13:21:03.2747254+09:00     "polled": 0,
2026-06-12T13:21:03.2757234+09:00     "retries_triggered": 0,
2026-06-12T13:21:03.2777244+09:00     "retry_errors": 0,
2026-06-12T13:21:03.2787254+09:00     "skipped": 0,
2026-06-12T13:21:03.2807263+09:00     "results": []
2026-06-12T13:21:03.2817307+09:00   }
2026-06-12T13:21:03.2842505+09:00 }
2026-06-12T13:21:03.2862496+09:00 OK run-once finished
2026-06-12T13:25:59.9346617+09:00 START dispatch-run-once
2026-06-12T13:26:00.3548151+09:00 
2026-06-12T13:26:00.3641730+09:00 > orchestrator
2026-06-12T13:26:00.3641730+09:00 > tsx src/cli/orchestrator.ts run-once --limit 10
2026-06-12T13:26:00.3704919+09:00 
2026-06-12T13:26:03.2178198+09:00 {
2026-06-12T13:26:03.2178198+09:00   "ensure_daily": {
2026-06-12T13:26:03.2219674+09:00     "runs": [
2026-06-12T13:26:03.2234759+09:00       {
2026-06-12T13:26:03.2234759+09:00         "run_id": "r01",
2026-06-12T13:26:03.2234759+09:00         "action": "not_due",
2026-06-12T13:26:03.2234759+09:00         "taskId": "daily-20260612-r01",
2026-06-12T13:26:03.2234759+09:00         "reason": "jst_hour=13"
2026-06-12T13:26:03.2234759+09:00       },
2026-06-12T13:26:03.2510266+09:00       {
2026-06-12T13:26:03.2577269+09:00         "run_id": "r02",
2026-06-12T13:26:03.2597329+09:00         "action": "skipped_exists",
2026-06-12T13:26:03.2617406+09:00         "taskId": "daily-20260612-r02"
2026-06-12T13:26:03.2637491+09:00       },
2026-06-12T13:26:03.2657546+09:00       {
2026-06-12T13:26:03.2657546+09:00         "run_id": "r03",
2026-06-12T13:26:03.2712002+09:00         "action": "not_due",
2026-06-12T13:26:03.2712002+09:00         "taskId": "daily-20260612-r03",
2026-06-12T13:26:03.2752110+09:00         "reason": "jst_hour=13"
2026-06-12T13:26:03.2792242+09:00       }
2026-06-12T13:26:03.2812331+09:00     ]
2026-06-12T13:26:03.2812331+09:00   },
2026-06-12T13:26:03.2837394+09:00   "reconcile": {
2026-06-12T13:26:03.2872522+09:00     "resetProcessing": 0,
2026-06-12T13:26:03.2872522+09:00     "inserted": 1,
2026-06-12T13:26:03.2872522+09:00     "scanned": 9,
2026-06-12T13:26:03.2872522+09:00     "stale": {
2026-06-12T13:26:03.2946904+09:00       "scanned": 9,
2026-06-12T13:26:03.2966970+09:00       "staleDetected": 0,
2026-06-12T13:26:03.3001548+09:00       "rolledBack": 0,
2026-06-12T13:26:03.3001548+09:00       "skippedCap": 0,
2026-06-12T13:26:03.3033388+09:00       "dryRun": false,
2026-06-12T13:26:03.3033388+09:00       "actions": []
2026-06-12T13:26:03.3033388+09:00     }
2026-06-12T13:26:03.3033388+09:00   },
2026-06-12T13:26:03.3033388+09:00   "dispatch": {
2026-06-12T13:26:03.3033388+09:00     "claimed": 1,
2026-06-12T13:26:03.3168422+09:00     "done": 1,
2026-06-12T13:26:03.3188492+09:00     "failed": 0
2026-06-12T13:26:03.3188492+09:00   },
2026-06-12T13:26:03.3188492+09:00   "step4_poll": {
2026-06-12T13:26:03.3188492+09:00     "scanned": 9,
2026-06-12T13:26:03.3188492+09:00     "awaiting": 1,
2026-06-12T13:26:03.3188492+09:00     "polled": 0,
2026-06-12T13:26:03.3188492+09:00     "picks_applied": 0,
2026-06-12T13:26:03.3188492+09:00     "pick_errors": 0,
2026-06-12T13:26:03.3188492+09:00     "timeouts": 0,
2026-06-12T13:26:03.3347785+09:00     "skipped": 0,
2026-06-12T13:26:03.3347785+09:00     "results": [
2026-06-12T13:26:03.3347785+09:00       {
2026-06-12T13:26:03.3347785+09:00         "task_id": "daily-20260612-r02",
2026-06-12T13:26:03.3347785+09:00         "result": {
2026-06-12T13:26:03.3347785+09:00           "outcome": "no_new_messages"
2026-06-12T13:26:03.3460272+09:00         }
2026-06-12T13:26:03.3480343+09:00       }
2026-06-12T13:26:03.3500417+09:00     ]
2026-06-12T13:26:03.3529765+09:00   },
2026-06-12T13:26:03.3529765+09:00   "step7_retry_poll": {
2026-06-12T13:26:03.3549823+09:00     "scanned": 9,
2026-06-12T13:26:03.3569875+09:00     "eligible": 7,
2026-06-12T13:26:03.3589954+09:00     "polled": 0,
2026-06-12T13:26:03.3610020+09:00     "retries_triggered": 0,
2026-06-12T13:26:03.3630097+09:00     "retry_errors": 0,
2026-06-12T13:26:03.3650163+09:00     "skipped": 0,
2026-06-12T13:26:03.3660216+09:00     "results": []
2026-06-12T13:26:03.3683105+09:00   }
2026-06-12T13:26:03.3703169+09:00 }
2026-06-12T13:26:03.3723231+09:00 OK run-once finished
2026-06-12T13:30:58.7313274+09:00 START dispatch-run-once
2026-06-12T13:30:59.2037394+09:00 
2026-06-12T13:30:59.2054751+09:00 > orchestrator
2026-06-12T13:30:59.2074862+09:00 > tsx src/cli/orchestrator.ts run-once --limit 10
2026-06-12T13:30:59.2074862+09:00 
2026-06-12T13:31:02.0503253+09:00 {
2026-06-12T13:31:02.0642212+09:00   "ensure_daily": {
2026-06-12T13:31:02.0659898+09:00     "runs": [
2026-06-12T13:31:02.0659898+09:00       {
2026-06-12T13:31:02.0659898+09:00         "run_id": "r01",
2026-06-12T13:31:02.0659898+09:00         "action": "not_due",
2026-06-12T13:31:02.0659898+09:00         "taskId": "daily-20260612-r01",
2026-06-12T13:31:02.0659898+09:00         "reason": "jst_hour=13"
2026-06-12T13:31:02.0659898+09:00       },
2026-06-12T13:31:02.0976016+09:00       {
2026-06-12T13:31:02.1009087+09:00         "run_id": "r02",
2026-06-12T13:31:02.1009087+09:00         "action": "skipped_exists",
2026-06-12T13:31:02.1009087+09:00         "taskId": "daily-20260612-r02"
2026-06-12T13:31:02.1009087+09:00       },
2026-06-12T13:31:02.1009087+09:00       {
2026-06-12T13:31:02.1009087+09:00         "run_id": "r03",
2026-06-12T13:31:02.1113955+09:00         "action": "not_due",
2026-06-12T13:31:02.1134027+09:00         "taskId": "daily-20260612-r03",
2026-06-12T13:31:02.1134027+09:00         "reason": "jst_hour=13"
2026-06-12T13:31:02.1134027+09:00       }
2026-06-12T13:31:02.1179772+09:00     ]
2026-06-12T13:31:02.1179772+09:00   },
2026-06-12T13:31:02.1179772+09:00   "reconcile": {
2026-06-12T13:31:02.1179772+09:00     "resetProcessing": 0,
2026-06-12T13:31:02.1179772+09:00     "inserted": 1,
2026-06-12T13:31:02.1179772+09:00     "scanned": 9,
2026-06-12T13:31:02.1179772+09:00     "stale": {
2026-06-12T13:31:02.1290780+09:00       "scanned": 9,
2026-06-12T13:31:02.1290780+09:00       "staleDetected": 0,
2026-06-12T13:31:02.1290780+09:00       "rolledBack": 0,
2026-06-12T13:31:02.1290780+09:00       "skippedCap": 0,
2026-06-12T13:31:02.1290780+09:00       "dryRun": false,
2026-06-12T13:31:02.1290780+09:00       "actions": []
2026-06-12T13:31:02.1290780+09:00     }
2026-06-12T13:31:02.1290780+09:00   },
2026-06-12T13:31:02.1290780+09:00   "dispatch": {
2026-06-12T13:31:02.1290780+09:00     "claimed": 1,
2026-06-12T13:31:02.1449832+09:00     "done": 1,
2026-06-12T13:31:02.1449832+09:00     "failed": 0
2026-06-12T13:31:02.1449832+09:00   },
2026-06-12T13:31:02.1449832+09:00   "step4_poll": {
2026-06-12T13:31:02.1449832+09:00     "scanned": 9,
2026-06-12T13:31:02.1449832+09:00     "awaiting": 1,
2026-06-12T13:31:02.1449832+09:00     "polled": 0,
2026-06-12T13:31:02.1449832+09:00     "picks_applied": 0,
2026-06-12T13:31:02.1449832+09:00     "pick_errors": 0,
2026-06-12T13:31:02.1449832+09:00     "timeouts": 0,
2026-06-12T13:31:02.1449832+09:00     "skipped": 0,
2026-06-12T13:31:02.1609300+09:00     "results": [
2026-06-12T13:31:02.1609300+09:00       {
2026-06-12T13:31:02.1609300+09:00         "task_id": "daily-20260612-r02",
2026-06-12T13:31:02.1609300+09:00         "result": {
2026-06-12T13:31:02.1609300+09:00           "outcome": "no_new_messages"
2026-06-12T13:31:02.1609300+09:00         }
2026-06-12T13:31:02.1609300+09:00       }
2026-06-12T13:31:02.1609300+09:00     ]
2026-06-12T13:31:02.1609300+09:00   },
2026-06-12T13:31:02.1609300+09:00   "step7_retry_poll": {
2026-06-12T13:31:02.1609300+09:00     "scanned": 9,
2026-06-12T13:31:02.1609300+09:00     "eligible": 7,
2026-06-12T13:31:02.1768642+09:00     "polled": 0,
2026-06-12T13:31:02.1768642+09:00     "retries_triggered": 0,
2026-06-12T13:31:02.1768642+09:00     "retry_errors": 0,
2026-06-12T13:31:02.1768642+09:00     "skipped": 0,
2026-06-12T13:31:02.1768642+09:00     "results": []
2026-06-12T13:31:02.1768642+09:00   }
2026-06-12T13:31:02.1768642+09:00 }
2026-06-12T13:31:02.1768642+09:00 OK run-once finished
2026-06-12T13:35:59.7576231+09:00 START dispatch-run-once
2026-06-12T13:36:00.1473109+09:00 
2026-06-12T13:36:00.1493195+09:00 > orchestrator
2026-06-12T13:36:00.1493195+09:00 > tsx src/cli/orchestrator.ts run-once --limit 10
2026-06-12T13:36:00.1528742+09:00 
2026-06-12T13:36:02.9468599+09:00 {
2026-06-12T13:36:02.9468599+09:00   "ensure_daily": {
2026-06-12T13:36:02.9468599+09:00     "runs": [
2026-06-12T13:36:02.9596571+09:00       {
2026-06-12T13:36:02.9626209+09:00         "run_id": "r01",
2026-06-12T13:36:02.9626209+09:00         "action": "not_due",
2026-06-12T13:36:02.9626209+09:00         "taskId": "daily-20260612-r01",
2026-06-12T13:36:02.9626209+09:00         "reason": "jst_hour=13"
2026-06-12T13:36:02.9626209+09:00       },
2026-06-12T13:36:02.9841537+09:00       {
2026-06-12T13:36:02.9841537+09:00         "run_id": "r02",
2026-06-12T13:36:02.9841537+09:00         "action": "skipped_exists",
2026-06-12T13:36:02.9841537+09:00         "taskId": "daily-20260612-r02"
2026-06-12T13:36:02.9942671+09:00       },
2026-06-12T13:36:02.9942671+09:00       {
2026-06-12T13:36:02.9942671+09:00         "run_id": "r03",
2026-06-12T13:36:02.9942671+09:00         "action": "not_due",
2026-06-12T13:36:02.9942671+09:00         "taskId": "daily-20260612-r03",
2026-06-12T13:36:02.9942671+09:00         "reason": "jst_hour=13"
2026-06-12T13:36:02.9942671+09:00       }
2026-06-12T13:36:02.9942671+09:00     ]
2026-06-12T13:36:03.0099102+09:00   },
2026-06-12T13:36:03.0099102+09:00   "reconcile": {
2026-06-12T13:36:03.0099102+09:00     "resetProcessing": 0,
2026-06-12T13:36:03.0099102+09:00     "inserted": 1,
2026-06-12T13:36:03.0099102+09:00     "scanned": 9,
2026-06-12T13:36:03.0099102+09:00     "stale": {
2026-06-12T13:36:03.0099102+09:00       "scanned": 9,
2026-06-12T13:36:03.0099102+09:00       "staleDetected": 0,
2026-06-12T13:36:03.0222022+09:00       "rolledBack": 0,
2026-06-12T13:36:03.0222022+09:00       "skippedCap": 0,
2026-06-12T13:36:03.0222022+09:00       "dryRun": false,
2026-06-12T13:36:03.0258287+09:00       "actions": []
2026-06-12T13:36:03.0258287+09:00     }
2026-06-12T13:36:03.0258287+09:00   },
2026-06-12T13:36:03.0258287+09:00   "dispatch": {
2026-06-12T13:36:03.0258287+09:00     "claimed": 1,
2026-06-12T13:36:03.0258287+09:00     "done": 1,
2026-06-12T13:36:03.0258287+09:00     "failed": 0
2026-06-12T13:36:03.0258287+09:00   },
2026-06-12T13:36:03.0258287+09:00   "step4_poll": {
2026-06-12T13:36:03.0258287+09:00     "scanned": 9,
2026-06-12T13:36:03.0258287+09:00     "awaiting": 1,
2026-06-12T13:36:03.0418659+09:00     "polled": 0,
2026-06-12T13:36:03.0418659+09:00     "picks_applied": 0,
2026-06-12T13:36:03.0418659+09:00     "pick_errors": 0,
2026-06-12T13:36:03.0418659+09:00     "timeouts": 0,
2026-06-12T13:36:03.0418659+09:00     "skipped": 0,
2026-06-12T13:36:03.0418659+09:00     "results": [
2026-06-12T13:36:03.0418659+09:00       {
2026-06-12T13:36:03.0418659+09:00         "task_id": "daily-20260612-r02",
2026-06-12T13:36:03.0418659+09:00         "result": {
2026-06-12T13:36:03.0418659+09:00           "outcome": "no_new_messages"
2026-06-12T13:36:03.0578835+09:00         }
2026-06-12T13:36:03.0598907+09:00       }
2026-06-12T13:36:03.0598907+09:00     ]
2026-06-12T13:36:03.0598907+09:00   },
2026-06-12T13:36:03.0598907+09:00   "step7_retry_poll": {
2026-06-12T13:36:03.0598907+09:00     "scanned": 9,
2026-06-12T13:36:03.0598907+09:00     "eligible": 7,
2026-06-12T13:36:03.0598907+09:00     "polled": 0,
2026-06-12T13:36:03.0598907+09:00     "retries_triggered": 0,
2026-06-12T13:36:03.0598907+09:00     "retry_errors": 0,
2026-06-12T13:36:03.0598907+09:00     "skipped": 0,
2026-06-12T13:36:03.0735202+09:00     "results": []
2026-06-12T13:36:03.0735202+09:00   }
2026-06-12T13:36:03.0735202+09:00 }
2026-06-12T13:36:03.0735202+09:00 OK run-once finished
2026-06-12T13:40:59.3444159+09:00 START dispatch-run-once
2026-06-12T13:40:59.7408233+09:00 
2026-06-12T13:40:59.7408233+09:00 > orchestrator
2026-06-12T13:40:59.7408233+09:00 > tsx src/cli/orchestrator.ts run-once --limit 10
2026-06-12T13:40:59.7408233+09:00 
2026-06-12T13:41:02.6366851+09:00 {
2026-06-12T13:41:02.6366851+09:00   "ensure_daily": {
2026-06-12T13:41:02.6366851+09:00     "runs": [
2026-06-12T13:41:02.6366851+09:00       {
2026-06-12T13:41:02.6366851+09:00         "run_id": "r01",
2026-06-12T13:41:02.6366851+09:00         "action": "not_due",
2026-06-12T13:41:02.6366851+09:00         "taskId": "daily-20260612-r01",
2026-06-12T13:41:02.6523959+09:00         "reason": "jst_hour=13"
2026-06-12T13:41:02.6544382+09:00       },
2026-06-12T13:41:02.6744195+09:00       {
2026-06-12T13:41:02.6764178+09:00         "run_id": "r02",
2026-06-12T13:41:02.6784147+09:00         "action": "skipped_exists",
2026-06-12T13:41:02.6792517+09:00         "taskId": "daily-20260612-r02"
2026-06-12T13:41:02.6823187+09:00       },
2026-06-12T13:41:02.6843264+09:00       {
2026-06-12T13:41:02.6843264+09:00         "run_id": "r03",
2026-06-12T13:41:02.6843264+09:00         "action": "not_due",
2026-06-12T13:41:02.6843264+09:00         "taskId": "daily-20260612-r03",
2026-06-12T13:41:02.6843264+09:00         "reason": "jst_hour=13"
2026-06-12T13:41:02.6944677+09:00       }
2026-06-12T13:41:02.6968195+09:00     ]
2026-06-12T13:41:02.6968195+09:00   },
2026-06-12T13:41:02.6968195+09:00   "reconcile": {
2026-06-12T13:41:02.6968195+09:00     "resetProcessing": 0,
2026-06-12T13:41:02.6968195+09:00     "inserted": 1,
2026-06-12T13:41:02.7068254+09:00     "scanned": 9,
2026-06-12T13:41:02.7068254+09:00     "stale": {
2026-06-12T13:41:02.7101513+09:00       "scanned": 9,
2026-06-12T13:41:02.7101513+09:00       "staleDetected": 0,
2026-06-12T13:41:02.7145042+09:00       "rolledBack": 0,
2026-06-12T13:41:02.7165104+09:00       "skippedCap": 0,
2026-06-12T13:41:02.7185165+09:00       "dryRun": false,
2026-06-12T13:41:02.7205227+09:00       "actions": []
2026-06-12T13:41:02.7205227+09:00     }
2026-06-12T13:41:02.7205227+09:00   },
2026-06-12T13:41:02.7259646+09:00   "dispatch": {
2026-06-12T13:41:02.7259646+09:00     "claimed": 1,
2026-06-12T13:41:02.7259646+09:00     "done": 1,
2026-06-12T13:41:02.7259646+09:00     "failed": 0
2026-06-12T13:41:02.7259646+09:00   },
2026-06-12T13:41:02.7259646+09:00   "step4_poll": {
2026-06-12T13:41:02.7259646+09:00     "scanned": 9,
2026-06-12T13:41:02.7259646+09:00     "awaiting": 1,
2026-06-12T13:41:02.7259646+09:00     "polled": 0,
2026-06-12T13:41:02.7419416+09:00     "picks_applied": 0,
2026-06-12T13:41:02.7419416+09:00     "pick_errors": 0,
2026-06-12T13:41:02.7419416+09:00     "timeouts": 0,
2026-06-12T13:41:02.7419416+09:00     "skipped": 0,
2026-06-12T13:41:02.7419416+09:00     "results": [
2026-06-12T13:41:02.7419416+09:00       {
2026-06-12T13:41:02.7419416+09:00         "task_id": "daily-20260612-r02",
2026-06-12T13:41:02.7419416+09:00         "result": {
2026-06-12T13:41:02.7419416+09:00           "outcome": "no_new_messages"
2026-06-12T13:41:02.7560589+09:00         }
2026-06-12T13:41:02.7577988+09:00       }
2026-06-12T13:41:02.7577988+09:00     ]
2026-06-12T13:41:02.7577988+09:00   },
2026-06-12T13:41:02.7577988+09:00   "step7_retry_poll": {
2026-06-12T13:41:02.7577988+09:00     "scanned": 9,
2026-06-12T13:41:02.7577988+09:00     "eligible": 7,
2026-06-12T13:41:02.7577988+09:00     "polled": 0,
2026-06-12T13:41:02.7577988+09:00     "retries_triggered": 0,
2026-06-12T13:41:02.7577988+09:00     "retry_errors": 0,
2026-06-12T13:41:02.7737321+09:00     "skipped": 0,
2026-06-12T13:41:02.7737321+09:00     "results": []
2026-06-12T13:41:02.7737321+09:00   }
2026-06-12T13:41:02.7737321+09:00 }
2026-06-12T13:41:02.7801094+09:00 OK run-once finished
2026-06-12T13:45:59.7662572+09:00 START dispatch-run-once
2026-06-12T13:46:00.1679960+09:00 
2026-06-12T13:46:00.1726871+09:00 > orchestrator
2026-06-12T13:46:00.1746969+09:00 > tsx src/cli/orchestrator.ts run-once --limit 10
2026-06-12T13:46:00.1767066+09:00 
2026-06-12T13:46:03.1683236+09:00 {
2026-06-12T13:46:03.1683236+09:00   "ensure_daily": {
2026-06-12T13:46:03.1728234+09:00     "runs": [
2026-06-12T13:46:03.1760934+09:00       {
2026-06-12T13:46:03.1780909+09:00         "run_id": "r01",
2026-06-12T13:46:03.1800904+09:00         "action": "not_due",
2026-06-12T13:46:03.1815710+09:00         "taskId": "daily-20260612-r01",
2026-06-12T13:46:03.1836157+09:00         "reason": "jst_hour=13"
2026-06-12T13:46:03.1856149+09:00       },
2026-06-12T13:46:03.1894122+09:00       {
2026-06-12T13:46:03.2045217+09:00         "run_id": "r02",
2026-06-12T13:46:03.2045217+09:00         "action": "skipped_exists",
2026-06-12T13:46:03.2045217+09:00         "taskId": "daily-20260612-r02"
2026-06-12T13:46:03.2045217+09:00       },
2026-06-12T13:46:03.2045217+09:00       {
2026-06-12T13:46:03.2144186+09:00         "run_id": "r03",
2026-06-12T13:46:03.2179605+09:00         "action": "not_due",
2026-06-12T13:46:03.2179605+09:00         "taskId": "daily-20260612-r03",
2026-06-12T13:46:03.2199673+09:00         "reason": "jst_hour=13"
2026-06-12T13:46:03.2199673+09:00       }
2026-06-12T13:46:03.2249218+09:00     ]
2026-06-12T13:46:03.2249218+09:00   },
2026-06-12T13:46:03.2249218+09:00   "reconcile": {
2026-06-12T13:46:03.2249218+09:00     "resetProcessing": 0,
2026-06-12T13:46:03.2249218+09:00     "inserted": 1,
2026-06-12T13:46:03.2249218+09:00     "scanned": 9,
2026-06-12T13:46:03.2249218+09:00     "stale": {
2026-06-12T13:46:03.2249218+09:00       "scanned": 9,
2026-06-12T13:46:03.2356461+09:00       "staleDetected": 0,
2026-06-12T13:46:03.2389105+09:00       "rolledBack": 0,
2026-06-12T13:46:03.2389105+09:00       "skippedCap": 0,
2026-06-12T13:46:03.2389105+09:00       "dryRun": false,
2026-06-12T13:46:03.2389105+09:00       "actions": []
2026-06-12T13:46:03.2389105+09:00     }
2026-06-12T13:46:03.2389105+09:00   },
2026-06-12T13:46:03.2389105+09:00   "dispatch": {
2026-06-12T13:46:03.2389105+09:00     "claimed": 1,
2026-06-12T13:46:03.2514924+09:00     "done": 1,
2026-06-12T13:46:03.2514924+09:00     "failed": 0
2026-06-12T13:46:03.2514924+09:00   },
2026-06-12T13:46:03.2514924+09:00   "step4_poll": {
2026-06-12T13:46:03.2514924+09:00     "scanned": 9,
2026-06-12T13:46:03.2514924+09:00     "awaiting": 1,
2026-06-12T13:46:03.2514924+09:00     "polled": 0,
2026-06-12T13:46:03.2514924+09:00     "picks_applied": 0,
2026-06-12T13:46:03.2514924+09:00     "pick_errors": 0,
2026-06-12T13:46:03.2514924+09:00     "timeouts": 0,
2026-06-12T13:46:03.2674713+09:00     "skipped": 0,
2026-06-12T13:46:03.2674713+09:00     "results": [
2026-06-12T13:46:03.2674713+09:00       {
2026-06-12T13:46:03.2674713+09:00         "task_id": "daily-20260612-r02",
2026-06-12T13:46:03.2674713+09:00         "result": {
2026-06-12T13:46:03.2674713+09:00           "outcome": "no_new_messages"
2026-06-12T13:46:03.2674713+09:00         }
2026-06-12T13:46:03.2674713+09:00       }
2026-06-12T13:46:03.2674713+09:00     ]
2026-06-12T13:46:03.2674713+09:00   },
2026-06-12T13:46:03.2674713+09:00   "step7_retry_poll": {
2026-06-12T13:46:03.2832136+09:00     "scanned": 9,
2026-06-12T13:46:03.2832136+09:00     "eligible": 7,
2026-06-12T13:46:03.2832136+09:00     "polled": 0,
2026-06-12T13:46:03.2832136+09:00     "retries_triggered": 0,
2026-06-12T13:46:03.2832136+09:00     "retry_errors": 0,
2026-06-12T13:46:03.2832136+09:00     "skipped": 0,
2026-06-12T13:46:03.2832136+09:00     "results": []
2026-06-12T13:46:03.2832136+09:00   }
2026-06-12T13:46:03.2832136+09:00 }
2026-06-12T13:46:03.2832136+09:00 OK run-once finished
2026-06-12T13:50:59.0648500+09:00 START dispatch-run-once
2026-06-12T13:50:59.4454116+09:00 
2026-06-12T13:50:59.4454116+09:00 > orchestrator
2026-06-12T13:50:59.4454116+09:00 > tsx src/cli/orchestrator.ts run-once --limit 10
2026-06-12T13:50:59.4454116+09:00 
2026-06-12T13:51:02.2481939+09:00 {
2026-06-12T13:51:02.2481939+09:00   "ensure_daily": {
2026-06-12T13:51:02.2481939+09:00     "runs": [
2026-06-12T13:51:02.2481939+09:00       {
2026-06-12T13:51:02.2481939+09:00         "run_id": "r01",
2026-06-12T13:51:02.2481939+09:00         "action": "not_due",
2026-06-12T13:51:02.2481939+09:00         "taskId": "daily-20260612-r01",
2026-06-12T13:51:02.2481939+09:00         "reason": "jst_hour=13"
2026-06-12T13:51:02.2640867+09:00       },
2026-06-12T13:51:02.2838417+09:00       {
2026-06-12T13:51:02.2858481+09:00         "run_id": "r02",
2026-06-12T13:51:02.2878545+09:00         "action": "skipped_exists",
2026-06-12T13:51:02.2898606+09:00         "taskId": "daily-20260612-r02"
2026-06-12T13:51:02.2933743+09:00       },
2026-06-12T13:51:02.2953820+09:00       {
2026-06-12T13:51:02.2975629+09:00         "run_id": "r03",
2026-06-12T13:51:02.2995687+09:00         "action": "not_due",
2026-06-12T13:51:02.2995687+09:00         "taskId": "daily-20260612-r03",
2026-06-12T13:51:02.2995687+09:00         "reason": "jst_hour=13"
2026-06-12T13:51:02.2995687+09:00       }
2026-06-12T13:51:02.2995687+09:00     ]
2026-06-12T13:51:02.3099549+09:00   },
2026-06-12T13:51:02.3114603+09:00   "reconcile": {
2026-06-12T13:51:02.3134673+09:00     "resetProcessing": 0,
2026-06-12T13:51:02.3154730+09:00     "inserted": 1,
2026-06-12T13:51:02.3154730+09:00     "scanned": 9,
2026-06-12T13:51:02.3154730+09:00     "stale": {
2026-06-12T13:51:02.3154730+09:00       "scanned": 9,
2026-06-12T13:51:02.3154730+09:00       "staleDetected": 0,
2026-06-12T13:51:02.3154730+09:00       "rolledBack": 0,
2026-06-12T13:51:02.3272295+09:00       "skippedCap": 0,
2026-06-12T13:51:02.3272295+09:00       "dryRun": false,
2026-06-12T13:51:02.3272295+09:00       "actions": []
2026-06-12T13:51:02.3272295+09:00     }
2026-06-12T13:51:02.3272295+09:00   },
2026-06-12T13:51:02.3272295+09:00   "dispatch": {
2026-06-12T13:51:02.3272295+09:00     "claimed": 1,
2026-06-12T13:51:02.3272295+09:00     "done": 1,
2026-06-12T13:51:02.3428654+09:00     "failed": 0
2026-06-12T13:51:02.3450643+09:00   },
2026-06-12T13:51:02.3470714+09:00   "step4_poll": {
2026-06-12T13:51:02.3490784+09:00     "scanned": 9,
2026-06-12T13:51:02.3490784+09:00     "awaiting": 1,
2026-06-12T13:51:02.3510853+09:00     "polled": 0,
2026-06-12T13:51:02.3530920+09:00     "picks_applied": 0,
2026-06-12T13:51:02.3550988+09:00     "pick_errors": 0,
2026-06-12T13:51:02.3550988+09:00     "timeouts": 0,
2026-06-12T13:51:02.3571054+09:00     "skipped": 0,
2026-06-12T13:51:02.3588529+09:00     "results": [
2026-06-12T13:51:02.3608600+09:00       {
2026-06-12T13:51:02.3608600+09:00         "task_id": "daily-20260612-r02",
2026-06-12T13:51:02.3608600+09:00         "result": {
2026-06-12T13:51:02.3608600+09:00           "outcome": "no_new_messages"
2026-06-12T13:51:02.3608600+09:00         }
2026-06-12T13:51:02.3608600+09:00       }
2026-06-12T13:51:02.3608600+09:00     ]
2026-06-12T13:51:02.3608600+09:00   },
2026-06-12T13:51:02.3608600+09:00   "step7_retry_poll": {
2026-06-12T13:51:02.3746931+09:00     "scanned": 9,
2026-06-12T13:51:02.3746931+09:00     "eligible": 7,
2026-06-12T13:51:02.3746931+09:00     "polled": 0,
2026-06-12T13:51:02.3746931+09:00     "retries_triggered": 0,
2026-06-12T13:51:02.3746931+09:00     "retry_errors": 0,
2026-06-12T13:51:02.3746931+09:00     "skipped": 0,
2026-06-12T13:51:02.3746931+09:00     "results": []
2026-06-12T13:51:02.3746931+09:00   }
2026-06-12T13:51:02.3746931+09:00 }
2026-06-12T13:51:02.3746931+09:00 OK run-once finished
2026-06-12T13:55:59.4885195+09:00 START dispatch-run-once
2026-06-12T13:55:59.8673428+09:00 
2026-06-12T13:55:59.8696643+09:00 > orchestrator
2026-06-12T13:55:59.8716680+09:00 > tsx src/cli/orchestrator.ts run-once --limit 10
2026-06-12T13:55:59.8736666+09:00 
2026-06-12T13:56:02.8351841+09:00 {
2026-06-12T13:56:02.8442084+09:00   "ensure_daily": {
2026-06-12T13:56:02.8525981+09:00     "runs": [
2026-06-12T13:56:02.8629783+09:00       {
2026-06-12T13:56:02.8772228+09:00         "run_id": "r01",
2026-06-12T13:56:02.8832654+09:00         "action": "not_due",
2026-06-12T13:56:02.8894393+09:00         "taskId": "daily-20260612-r01",
2026-06-12T13:56:02.8936207+09:00         "reason": "jst_hour=13"
2026-06-12T13:56:02.8936207+09:00       },
2026-06-12T13:56:02.9181820+09:00       {
2026-06-12T13:56:02.9181820+09:00         "run_id": "r02",
2026-06-12T13:56:02.9265185+09:00         "action": "skipped_exists",
2026-06-12T13:56:02.9265185+09:00         "taskId": "daily-20260612-r02"
2026-06-12T13:56:02.9299983+09:00       },
2026-06-12T13:56:02.9320054+09:00       {
2026-06-12T13:56:02.9340124+09:00         "run_id": "r03",
2026-06-12T13:56:02.9348567+09:00         "action": "not_due",
2026-06-12T13:56:02.9348567+09:00         "taskId": "daily-20260612-r03",
2026-06-12T13:56:02.9348567+09:00         "reason": "jst_hour=13"
2026-06-12T13:56:02.9348567+09:00       }
2026-06-12T13:56:02.9348567+09:00     ]
2026-06-12T13:56:02.9431945+09:00   },
2026-06-12T13:56:02.9431945+09:00   "reconcile": {
2026-06-12T13:56:02.9431945+09:00     "resetProcessing": 0,
2026-06-12T13:56:02.9431945+09:00     "inserted": 1,
2026-06-12T13:56:02.9431945+09:00     "scanned": 9,
2026-06-12T13:56:02.9515011+09:00     "stale": {
2026-06-12T13:56:02.9515011+09:00       "scanned": 9,
2026-06-12T13:56:02.9515011+09:00       "staleDetected": 0,
2026-06-12T13:56:02.9515011+09:00       "rolledBack": 0,
2026-06-12T13:56:02.9515011+09:00       "skippedCap": 0,
2026-06-12T13:56:02.9598346+09:00       "dryRun": false,
2026-06-12T13:56:02.9598346+09:00       "actions": []
2026-06-12T13:56:02.9598346+09:00     }
2026-06-12T13:56:02.9598346+09:00   },
2026-06-12T13:56:02.9598346+09:00   "dispatch": {
2026-06-12T13:56:02.9681563+09:00     "claimed": 1,
2026-06-12T13:56:02.9681563+09:00     "done": 1,
2026-06-12T13:56:02.9681563+09:00     "failed": 0
2026-06-12T13:56:02.9681563+09:00   },
2026-06-12T13:56:02.9681563+09:00   "step4_poll": {
2026-06-12T13:56:02.9765182+09:00     "scanned": 9,
2026-06-12T13:56:02.9765182+09:00     "awaiting": 1,
2026-06-12T13:56:02.9765182+09:00     "polled": 0,
2026-06-12T13:56:02.9765182+09:00     "picks_applied": 0,
2026-06-12T13:56:02.9765182+09:00     "pick_errors": 0,
2026-06-12T13:56:02.9848243+09:00     "timeouts": 0,
2026-06-12T13:56:02.9871349+09:00     "skipped": 0,
2026-06-12T13:56:02.9871349+09:00     "results": [
2026-06-12T13:56:02.9871349+09:00       {
2026-06-12T13:56:02.9871349+09:00         "task_id": "daily-20260612-r02",
2026-06-12T13:56:02.9931693+09:00         "result": {
2026-06-12T13:56:02.9931693+09:00           "outcome": "no_new_messages"
2026-06-12T13:56:02.9931693+09:00         }
2026-06-12T13:56:02.9931693+09:00       }
2026-06-12T13:56:02.9931693+09:00     ]
2026-06-12T13:56:03.0014940+09:00   },
2026-06-12T13:56:03.0014940+09:00   "step7_retry_poll": {
2026-06-12T13:56:03.0014940+09:00     "scanned": 9,
2026-06-12T13:56:03.0063484+09:00     "eligible": 7,
2026-06-12T13:56:03.0063484+09:00     "polled": 0,
2026-06-12T13:56:03.0063484+09:00     "retries_triggered": 0,
2026-06-12T13:56:03.0098423+09:00     "retry_errors": 0,
2026-06-12T13:56:03.0098423+09:00     "skipped": 0,
2026-06-12T13:56:03.0098423+09:00     "results": []
2026-06-12T13:56:03.0098423+09:00   }
2026-06-12T13:56:03.0098423+09:00 }
2026-06-12T13:56:03.0181738+09:00 OK run-once finished
2026-06-12T14:01:01.9937644+09:00 START dispatch-run-once
2026-06-12T14:01:02.3922907+09:00 
2026-06-12T14:01:02.3922907+09:00 > orchestrator
2026-06-12T14:01:02.3922907+09:00 > tsx src/cli/orchestrator.ts run-once --limit 10
2026-06-12T14:01:02.4081531+09:00 
2026-06-12T14:01:05.2884438+09:00 {
2026-06-12T14:01:05.2904555+09:00   "ensure_daily": {
2026-06-12T14:01:05.2934765+09:00     "runs": [
2026-06-12T14:01:05.2964973+09:00       {
2026-06-12T14:01:05.3005185+09:00         "run_id": "r01",
2026-06-12T14:01:05.3005185+09:00         "action": "not_due",
2026-06-12T14:01:05.3005185+09:00         "taskId": "daily-20260612-r01",
2026-06-12T14:01:05.3005185+09:00         "reason": "jst_hour=14"
2026-06-12T14:01:05.3005185+09:00       },
2026-06-12T14:01:05.3282882+09:00       {
2026-06-12T14:01:05.3282882+09:00         "run_id": "r02",
2026-06-12T14:01:05.3282882+09:00         "action": "skipped_exists",
2026-06-12T14:01:05.3282882+09:00         "taskId": "daily-20260612-r02"
2026-06-12T14:01:05.3282882+09:00       },
2026-06-12T14:01:05.3282882+09:00       {
2026-06-12T14:01:05.3282882+09:00         "run_id": "r03",
2026-06-12T14:01:05.3282882+09:00         "action": "not_due",
2026-06-12T14:01:05.3282882+09:00         "taskId": "daily-20260612-r03",
2026-06-12T14:01:05.3442435+09:00         "reason": "jst_hour=14"
2026-06-12T14:01:05.3442435+09:00       }
2026-06-12T14:01:05.3442435+09:00     ]
2026-06-12T14:01:05.3442435+09:00   },
2026-06-12T14:01:05.3442435+09:00   "reconcile": {
2026-06-12T14:01:05.3442435+09:00     "resetProcessing": 0,
2026-06-12T14:01:05.3442435+09:00     "inserted": 1,
2026-06-12T14:01:05.3442435+09:00     "scanned": 9,
2026-06-12T14:01:05.3601829+09:00     "stale": {
2026-06-12T14:01:05.3621940+09:00       "scanned": 9,
2026-06-12T14:01:05.3642046+09:00       "staleDetected": 0,
2026-06-12T14:01:05.3662141+09:00       "rolledBack": 0,
2026-06-12T14:01:05.3682240+09:00       "skippedCap": 0,
2026-06-12T14:01:05.3682240+09:00       "dryRun": false,
2026-06-12T14:01:05.3682240+09:00       "actions": []
2026-06-12T14:01:05.3682240+09:00     }
2026-06-12T14:01:05.3760692+09:00   },
2026-06-12T14:01:05.3760692+09:00   "dispatch": {
2026-06-12T14:01:05.3760692+09:00     "claimed": 1,
2026-06-12T14:01:05.3760692+09:00     "done": 1,
2026-06-12T14:01:05.3760692+09:00     "failed": 0
2026-06-12T14:01:05.3760692+09:00   },
2026-06-12T14:01:05.3760692+09:00   "step4_poll": {
2026-06-12T14:01:05.3760692+09:00     "scanned": 9,
2026-06-12T14:01:05.3760692+09:00     "awaiting": 1,
2026-06-12T14:01:05.3919482+09:00     "polled": 0,
2026-06-12T14:01:05.3934600+09:00     "picks_applied": 0,
2026-06-12T14:01:05.3934600+09:00     "pick_errors": 0,
2026-06-12T14:01:05.3934600+09:00     "timeouts": 0,
2026-06-12T14:01:05.3934600+09:00     "skipped": 0,
2026-06-12T14:01:05.3934600+09:00     "results": [
2026-06-12T14:01:05.3934600+09:00       {
2026-06-12T14:01:05.3934600+09:00         "task_id": "daily-20260612-r02",
2026-06-12T14:01:05.3934600+09:00         "result": {
2026-06-12T14:01:05.4076373+09:00           "outcome": "no_new_messages"
2026-06-12T14:01:05.4076373+09:00         }
2026-06-12T14:01:05.4076373+09:00       }
2026-06-12T14:01:05.4076373+09:00     ]
2026-06-12T14:01:05.4076373+09:00   },
2026-06-12T14:01:05.4076373+09:00   "step7_retry_poll": {
2026-06-12T14:01:05.4076373+09:00     "scanned": 9,
2026-06-12T14:01:05.4076373+09:00     "eligible": 7,
2026-06-12T14:01:05.4076373+09:00     "polled": 0,
2026-06-12T14:01:05.4235751+09:00     "retries_triggered": 0,
2026-06-12T14:01:05.4235751+09:00     "retry_errors": 0,
2026-06-12T14:01:05.4235751+09:00     "skipped": 0,
2026-06-12T14:01:05.4235751+09:00     "results": []
2026-06-12T14:01:05.4235751+09:00   }
2026-06-12T14:01:05.4235751+09:00 }
2026-06-12T14:01:05.4235751+09:00 OK run-once finished
2026-06-12T14:05:59.6198299+09:00 START dispatch-run-once
2026-06-12T14:06:00.0020193+09:00 
2026-06-12T14:06:00.0040267+09:00 > orchestrator
2026-06-12T14:06:00.0040267+09:00 > tsx src/cli/orchestrator.ts run-once --limit 10
2026-06-12T14:06:00.0040267+09:00 
2026-06-12T14:06:02.8234943+09:00 {
2026-06-12T14:06:02.8254931+09:00   "ensure_daily": {
2026-06-12T14:06:02.8277299+09:00     "runs": [
2026-06-12T14:06:02.8287292+09:00       {
2026-06-12T14:06:02.8309384+09:00         "run_id": "r01",
2026-06-12T14:06:02.8329776+09:00         "action": "not_due",
2026-06-12T14:06:02.8347754+09:00         "taskId": "daily-20260612-r01",
2026-06-12T14:06:02.8367726+09:00         "reason": "jst_hour=14"
2026-06-12T14:06:02.8392980+09:00       },
2026-06-12T14:06:02.8587879+09:00       {
2026-06-12T14:06:02.8607880+09:00         "run_id": "r02",
2026-06-12T14:06:02.8627838+09:00         "action": "skipped_exists",
2026-06-12T14:06:02.8654972+09:00         "taskId": "daily-20260612-r02"
2026-06-12T14:06:02.8676873+09:00       },
2026-06-12T14:06:02.8696862+09:00       {
2026-06-12T14:06:02.8720030+09:00         "run_id": "r03",
2026-06-12T14:06:02.8737283+09:00         "action": "not_due",
2026-06-12T14:06:02.8757586+09:00         "taskId": "daily-20260612-r03",
2026-06-12T14:06:02.8777587+09:00         "reason": "jst_hour=14"
2026-06-12T14:06:02.8806604+09:00       }
2026-06-12T14:06:02.8829671+09:00     ]
2026-06-12T14:06:02.8839665+09:00   },
2026-06-12T14:06:02.8859682+09:00   "reconcile": {
2026-06-12T14:06:02.8879687+09:00     "resetProcessing": 0,
2026-06-12T14:06:02.8896525+09:00     "inserted": 1,
2026-06-12T14:06:02.8915024+09:00     "scanned": 9,
2026-06-12T14:06:02.8935027+09:00     "stale": {
2026-06-12T14:06:02.8955014+09:00       "scanned": 9,
2026-06-12T14:06:02.8980702+09:00       "staleDetected": 0,
2026-06-12T14:06:02.9003263+09:00       "rolledBack": 0,
2026-06-12T14:06:02.9023292+09:00       "skippedCap": 0,
2026-06-12T14:06:02.9052714+09:00       "dryRun": false,
2026-06-12T14:06:02.9080890+09:00       "actions": []
2026-06-12T14:06:02.9100919+09:00     }
2026-06-12T14:06:02.9121223+09:00   },
2026-06-12T14:06:02.9148115+09:00   "dispatch": {
2026-06-12T14:06:02.9164819+09:00     "claimed": 1,
2026-06-12T14:06:02.9164819+09:00     "done": 1,
2026-06-12T14:06:02.9224287+09:00     "failed": 0
2026-06-12T14:06:02.9245176+09:00   },
2026-06-12T14:06:02.9265078+09:00   "step4_poll": {
2026-06-12T14:06:02.9285073+09:00     "scanned": 9,
2026-06-12T14:06:02.9301393+09:00     "awaiting": 1,
2026-06-12T14:06:02.9322636+09:00     "polled": 0,
2026-06-12T14:06:02.9330070+09:00     "picks_applied": 0,
2026-06-12T14:06:02.9330070+09:00     "pick_errors": 0,
2026-06-12T14:06:02.9385902+09:00     "timeouts": 0,
2026-06-12T14:06:02.9399548+09:00     "skipped": 0,
2026-06-12T14:06:02.9399548+09:00     "results": [
2026-06-12T14:06:02.9399548+09:00       {
2026-06-12T14:06:02.9468595+09:00         "task_id": "daily-20260612-r02",
2026-06-12T14:06:02.9484440+09:00         "result": {
2026-06-12T14:06:02.9509695+09:00           "outcome": "no_new_messages"
2026-06-12T14:06:02.9529761+09:00         }
2026-06-12T14:06:02.9560041+09:00       }
2026-06-12T14:06:02.9560041+09:00     ]
2026-06-12T14:06:02.9560041+09:00   },
2026-06-12T14:06:02.9560041+09:00   "step7_retry_poll": {
2026-06-12T14:06:02.9640363+09:00     "scanned": 9,
2026-06-12T14:06:02.9643381+09:00     "eligible": 7,
2026-06-12T14:06:02.9643381+09:00     "polled": 0,
2026-06-12T14:06:02.9643381+09:00     "retries_triggered": 0,
2026-06-12T14:06:02.9724265+09:00     "retry_errors": 0,
2026-06-12T14:06:02.9724265+09:00     "skipped": 0,
2026-06-12T14:06:02.9724265+09:00     "results": []
2026-06-12T14:06:02.9806214+09:00   }
2026-06-12T14:06:02.9806214+09:00 }
2026-06-12T14:06:02.9806214+09:00 OK run-once finished
2026-06-12T14:10:58.6806259+09:00 START dispatch-run-once
2026-06-12T14:10:59.1026069+09:00 
2026-06-12T14:10:59.1046141+09:00 > orchestrator
2026-06-12T14:10:59.1057220+09:00 > tsx src/cli/orchestrator.ts run-once --limit 10
2026-06-12T14:10:59.1057220+09:00 
2026-06-12T14:11:02.0100755+09:00 {
2026-06-12T14:11:02.0120779+09:00   "ensure_daily": {
2026-06-12T14:11:02.0140883+09:00     "runs": [
2026-06-12T14:11:02.0164440+09:00       {
2026-06-12T14:11:02.0184411+09:00         "run_id": "r01",
2026-06-12T14:11:02.0204439+09:00         "action": "not_due",
2026-06-12T14:11:02.0224432+09:00         "taskId": "daily-20260612-r01",
2026-06-12T14:11:02.0237714+09:00         "reason": "jst_hour=14"
2026-06-12T14:11:02.0257805+09:00       },
2026-06-12T14:11:02.0454656+09:00       {
2026-06-12T14:11:02.0474616+09:00         "run_id": "r02",
2026-06-12T14:11:02.0508093+09:00         "action": "skipped_exists",
2026-06-12T14:11:02.0528139+09:00         "taskId": "daily-20260612-r02"
2026-06-12T14:11:02.0548106+09:00       },
2026-06-12T14:11:02.0581006+09:00       {
2026-06-12T14:11:02.0611025+09:00         "run_id": "r03",
2026-06-12T14:11:02.0630993+09:00         "action": "not_due",
2026-06-12T14:11:02.0654192+09:00         "taskId": "daily-20260612-r03",
2026-06-12T14:11:02.0674254+09:00         "reason": "jst_hour=14"
2026-06-12T14:11:02.0704257+09:00       }
2026-06-12T14:11:02.0724261+09:00     ]
2026-06-12T14:11:02.0747932+09:00   },
2026-06-12T14:11:02.0767889+09:00   "reconcile": {
2026-06-12T14:11:02.0797895+09:00     "resetProcessing": 0,
2026-06-12T14:11:02.0820812+09:00     "inserted": 1,
2026-06-12T14:11:02.0840878+09:00     "scanned": 9,
2026-06-12T14:11:02.0860933+09:00     "stale": {
2026-06-12T14:11:02.0880917+09:00       "scanned": 9,
2026-06-12T14:11:02.0914649+09:00       "staleDetected": 0,
2026-06-12T14:11:02.0934756+09:00       "rolledBack": 0,
2026-06-12T14:11:02.0954709+09:00       "skippedCap": 0,
2026-06-12T14:11:02.0974716+09:00       "dryRun": false,
2026-06-12T14:11:02.1008100+09:00       "actions": []
2026-06-12T14:11:02.1028105+09:00     }
2026-06-12T14:11:02.1048100+09:00   },
2026-06-12T14:11:02.1068990+09:00   "dispatch": {
2026-06-12T14:11:02.1092181+09:00     "claimed": 1,
2026-06-12T14:11:02.1112184+09:00     "done": 1,
2026-06-12T14:11:02.1132187+09:00     "failed": 0
2026-06-12T14:11:02.1154183+09:00   },
2026-06-12T14:11:02.1164249+09:00   "step4_poll": {
2026-06-12T14:11:02.1184270+09:00     "scanned": 9,
2026-06-12T14:11:02.1204262+09:00     "awaiting": 1,
2026-06-12T14:11:02.1224251+09:00     "polled": 0,
2026-06-12T14:11:02.1237714+09:00     "picks_applied": 0,
2026-06-12T14:11:02.1257795+09:00     "pick_errors": 0,
2026-06-12T14:11:02.1267803+09:00     "timeouts": 0,
2026-06-12T14:11:02.1292941+09:00     "skipped": 0,
2026-06-12T14:11:02.1312961+09:00     "results": [
2026-06-12T14:11:02.1330961+09:00       {
2026-06-12T14:11:02.1350945+09:00         "task_id": "daily-20260612-r02",
2026-06-12T14:11:02.1370957+09:00         "result": {
2026-06-12T14:11:02.1380927+09:00           "outcome": "no_new_messages"
2026-06-12T14:11:02.1404357+09:00         }
2026-06-12T14:11:02.1424428+09:00       }
2026-06-12T14:11:02.1444426+09:00     ]
2026-06-12T14:11:02.1454428+09:00   },
2026-06-12T14:11:02.1474420+09:00   "step7_retry_poll": {
2026-06-12T14:11:02.1487539+09:00     "scanned": 9,
2026-06-12T14:11:02.1507635+09:00     "eligible": 7,
2026-06-12T14:11:02.1527602+09:00     "polled": 0,
2026-06-12T14:11:02.1537646+09:00     "retries_triggered": 0,
2026-06-12T14:11:02.1557634+09:00     "retry_errors": 0,
2026-06-12T14:11:02.1581151+09:00     "skipped": 0,
2026-06-12T14:11:02.1601146+09:00     "results": []
2026-06-12T14:11:02.1621131+09:00   }
2026-06-12T14:11:02.1641135+09:00 }
2026-06-12T14:11:02.1664404+09:00 OK run-once finished
2026-06-12T14:15:59.0865967+09:00 START dispatch-run-once
2026-06-12T14:15:59.4772222+09:00 
2026-06-12T14:15:59.4797316+09:00 > orchestrator
2026-06-12T14:15:59.4817393+09:00 > tsx src/cli/orchestrator.ts run-once --limit 10
2026-06-12T14:15:59.4837393+09:00 
2026-06-12T14:16:02.3227125+09:00 {
2026-06-12T14:16:02.3247119+09:00   "ensure_daily": {
2026-06-12T14:16:02.3267155+09:00     "runs": [
2026-06-12T14:16:02.3297155+09:00       {
2026-06-12T14:16:02.3317152+09:00         "run_id": "r01",
2026-06-12T14:16:02.3337136+09:00         "action": "not_due",
2026-06-12T14:16:02.3357120+09:00         "taskId": "daily-20260612-r01",
2026-06-12T14:16:02.3377117+09:00         "reason": "jst_hour=14"
2026-06-12T14:16:02.3397128+09:00       },
2026-06-12T14:16:02.3597286+09:00       {
2026-06-12T14:16:02.3617277+09:00         "run_id": "r02",
2026-06-12T14:16:02.3644463+09:00         "action": "skipped_exists",
2026-06-12T14:16:02.3664557+09:00         "taskId": "daily-20260612-r02"
2026-06-12T14:16:02.3694535+09:00       },
2026-06-12T14:16:02.3724532+09:00       {
2026-06-12T14:16:02.3744704+09:00         "run_id": "r03",
2026-06-12T14:16:02.3774571+09:00         "action": "not_due",
2026-06-12T14:16:02.3804606+09:00         "taskId": "daily-20260612-r03",
2026-06-12T14:16:02.3824539+09:00         "reason": "jst_hour=14"
2026-06-12T14:16:02.3854602+09:00       }
2026-06-12T14:16:02.3874919+09:00     ]
2026-06-12T14:16:02.3884555+09:00   },
2026-06-12T14:16:02.3904533+09:00   "reconcile": {
2026-06-12T14:16:02.3924565+09:00     "resetProcessing": 0,
2026-06-12T14:16:02.3944541+09:00     "inserted": 1,
2026-06-12T14:16:02.3954537+09:00     "scanned": 9,
2026-06-12T14:16:02.3974536+09:00     "stale": {
2026-06-12T14:16:02.3984521+09:00       "scanned": 9,
2026-06-12T14:16:02.4004539+09:00       "staleDetected": 0,
2026-06-12T14:16:02.4024556+09:00       "rolledBack": 0,
2026-06-12T14:16:02.4034650+09:00       "skippedCap": 0,
2026-06-12T14:16:02.4054632+09:00       "dryRun": false,
2026-06-12T14:16:02.4084643+09:00       "actions": []
2026-06-12T14:16:02.4114619+09:00     }
2026-06-12T14:16:02.4134664+09:00   },
2026-06-12T14:16:02.4154635+09:00   "dispatch": {
2026-06-12T14:16:02.4164643+09:00     "claimed": 1,
2026-06-12T14:16:02.4189926+09:00     "done": 1,
2026-06-12T14:16:02.4220300+09:00     "failed": 0
2026-06-12T14:16:02.4240178+09:00   },
2026-06-12T14:16:02.4259922+09:00   "step4_poll": {
2026-06-12T14:16:02.4280028+09:00     "scanned": 9,
2026-06-12T14:16:02.4299910+09:00     "awaiting": 1,
2026-06-12T14:16:02.4309942+09:00     "polled": 0,
2026-06-12T14:16:02.4329911+09:00     "picks_applied": 0,
2026-06-12T14:16:02.4339923+09:00     "pick_errors": 0,
2026-06-12T14:16:02.4359920+09:00     "timeouts": 0,
2026-06-12T14:16:02.4379933+09:00     "skipped": 0,
2026-06-12T14:16:02.4399938+09:00     "results": [
2026-06-12T14:16:02.4409930+09:00       {
2026-06-12T14:16:02.4429928+09:00         "task_id": "daily-20260612-r02",
2026-06-12T14:16:02.4449921+09:00         "result": {
2026-06-12T14:16:02.4469907+09:00           "outcome": "no_new_messages"
2026-06-12T14:16:02.4479913+09:00         }
2026-06-12T14:16:02.4489910+09:00       }
2026-06-12T14:16:02.4509934+09:00     ]
2026-06-12T14:16:02.4529925+09:00   },
2026-06-12T14:16:02.4539914+09:00   "step7_retry_poll": {
2026-06-12T14:16:02.4559913+09:00     "scanned": 9,
2026-06-12T14:16:02.4579915+09:00     "eligible": 7,
2026-06-12T14:16:02.4599935+09:00     "polled": 0,
2026-06-12T14:16:02.4619917+09:00     "retries_triggered": 0,
2026-06-12T14:16:02.4629902+09:00     "retry_errors": 0,
2026-06-12T14:16:02.4639906+09:00     "skipped": 0,
2026-06-12T14:16:02.4659903+09:00     "results": []
2026-06-12T14:16:02.4669907+09:00   }
2026-06-12T14:16:02.4689937+09:00 }
2026-06-12T14:16:02.4709897+09:00 OK run-once finished
2026-06-12T14:20:59.4579137+09:00 START dispatch-run-once
2026-06-12T14:20:59.9348419+09:00 
2026-06-12T14:20:59.9368432+09:00 > orchestrator
2026-06-12T14:20:59.9388438+09:00 > tsx src/cli/orchestrator.ts run-once --limit 10
2026-06-12T14:20:59.9398426+09:00 
2026-06-12T14:21:02.7659906+09:00 {
2026-06-12T14:21:02.7690013+09:00   "ensure_daily": {
2026-06-12T14:21:02.7710314+09:00     "runs": [
2026-06-12T14:21:02.7739997+09:00       {
2026-06-12T14:21:02.7760003+09:00         "run_id": "r01",
2026-06-12T14:21:02.7780011+09:00         "action": "not_due",
2026-06-12T14:21:02.7800014+09:00         "taskId": "daily-20260612-r01",
2026-06-12T14:21:02.7815089+09:00         "reason": "jst_hour=14"
2026-06-12T14:21:02.7835169+09:00       },
2026-06-12T14:21:02.8025163+09:00       {
2026-06-12T14:21:02.8045157+09:00         "run_id": "r02",
2026-06-12T14:21:02.8065164+09:00         "action": "skipped_exists",
2026-06-12T14:21:02.8085151+09:00         "taskId": "daily-20260612-r02"
2026-06-12T14:21:02.8105204+09:00       },
2026-06-12T14:21:02.8125165+09:00       {
2026-06-12T14:21:02.8145172+09:00         "run_id": "r03",
2026-06-12T14:21:02.8165160+09:00         "action": "not_due",
2026-06-12T14:21:02.8185157+09:00         "taskId": "daily-20260612-r03",
2026-06-12T14:21:02.8215186+09:00         "reason": "jst_hour=14"
2026-06-12T14:21:02.8235206+09:00       }
2026-06-12T14:21:02.8255178+09:00     ]
2026-06-12T14:21:02.8275184+09:00   },
2026-06-12T14:21:02.8295194+09:00   "reconcile": {
2026-06-12T14:21:02.8305175+09:00     "resetProcessing": 0,
2026-06-12T14:21:02.8325162+09:00     "inserted": 1,
2026-06-12T14:21:02.8345309+09:00     "scanned": 9,
2026-06-12T14:21:02.8365160+09:00     "stale": {
2026-06-12T14:21:02.8385288+09:00       "scanned": 9,
2026-06-12T14:21:02.8405199+09:00       "staleDetected": 0,
2026-06-12T14:21:02.8425164+09:00       "rolledBack": 0,
2026-06-12T14:21:02.8445163+09:00       "skippedCap": 0,
2026-06-12T14:21:02.8465311+09:00       "dryRun": false,
2026-06-12T14:21:02.8485189+09:00       "actions": []
2026-06-12T14:21:02.8515297+09:00     }
2026-06-12T14:21:02.8535173+09:00   },
2026-06-12T14:21:02.8565385+09:00   "dispatch": {
2026-06-12T14:21:02.8585214+09:00     "claimed": 1,
2026-06-12T14:21:02.8595194+09:00     "done": 1,
2026-06-12T14:21:02.8615179+09:00     "failed": 0
2026-06-12T14:21:02.8635204+09:00   },
2026-06-12T14:21:02.8645204+09:00   "step4_poll": {
2026-06-12T14:21:02.8665205+09:00     "scanned": 9,
2026-06-12T14:21:02.8675314+09:00     "awaiting": 1,
2026-06-12T14:21:02.8695263+09:00     "polled": 0,
2026-06-12T14:21:02.8705267+09:00     "picks_applied": 0,
2026-06-12T14:21:02.8725650+09:00     "pick_errors": 0,
2026-06-12T14:21:02.8735259+09:00     "timeouts": 0,
2026-06-12T14:21:02.8755602+09:00     "skipped": 0,
2026-06-12T14:21:02.8765299+09:00     "results": [
2026-06-12T14:21:02.8785622+09:00       {
2026-06-12T14:21:02.8795252+09:00         "task_id": "daily-20260612-r02",
2026-06-12T14:21:02.8815607+09:00         "result": {
2026-06-12T14:21:02.8836769+09:00           "outcome": "no_new_messages"
2026-06-12T14:21:02.8856796+09:00         }
2026-06-12T14:21:02.8866745+09:00       }
2026-06-12T14:21:02.8886742+09:00     ]
2026-06-12T14:21:02.8896789+09:00   },
2026-06-12T14:21:02.8916770+09:00   "step7_retry_poll": {
2026-06-12T14:21:02.8926770+09:00     "scanned": 9,
2026-06-12T14:21:02.8946759+09:00     "eligible": 7,
2026-06-12T14:21:02.8956730+09:00     "polled": 0,
2026-06-12T14:21:02.8976770+09:00     "retries_triggered": 0,
2026-06-12T14:21:02.8986749+09:00     "retry_errors": 0,
2026-06-12T14:21:02.9006767+09:00     "skipped": 0,
2026-06-12T14:21:02.9026756+09:00     "results": []
2026-06-12T14:21:02.9036770+09:00   }
2026-06-12T14:21:02.9056756+09:00 }
2026-06-12T14:21:02.9076755+09:00 OK run-once finished
2026-06-12T14:25:59.2308337+09:00 START dispatch-run-once
2026-06-12T14:25:59.6307314+09:00 
2026-06-12T14:25:59.6327291+09:00 > orchestrator
2026-06-12T14:25:59.6347269+09:00 > tsx src/cli/orchestrator.ts run-once --limit 10
2026-06-12T14:25:59.6357262+09:00 
2026-06-12T14:26:02.4483543+09:00 {
2026-06-12T14:26:02.4503680+09:00   "ensure_daily": {
2026-06-12T14:26:02.4533549+09:00     "runs": [
2026-06-12T14:26:02.4553542+09:00       {
2026-06-12T14:26:02.4573536+09:00         "run_id": "r01",
2026-06-12T14:26:02.4603524+09:00         "action": "not_due",
2026-06-12T14:26:02.4623543+09:00         "taskId": "daily-20260612-r01",
2026-06-12T14:26:02.4643546+09:00         "reason": "jst_hour=14"
2026-06-12T14:26:02.4663584+09:00       },
2026-06-12T14:26:02.4863822+09:00       {
2026-06-12T14:26:02.4883625+09:00         "run_id": "r02",
2026-06-12T14:26:02.4913602+09:00         "action": "skipped_exists",
2026-06-12T14:26:02.4943594+09:00         "taskId": "daily-20260612-r02"
2026-06-12T14:26:02.4963854+09:00       },
2026-06-12T14:26:02.4993823+09:00       {
2026-06-12T14:26:02.5013998+09:00         "run_id": "r03",
2026-06-12T14:26:02.5043821+09:00         "action": "not_due",
2026-06-12T14:26:02.5063885+09:00         "taskId": "daily-20260612-r03",
2026-06-12T14:26:02.5083816+09:00         "reason": "jst_hour=14"
2026-06-12T14:26:02.5104015+09:00       }
2026-06-12T14:26:02.5123850+09:00     ]
2026-06-12T14:26:02.5143842+09:00   },
2026-06-12T14:26:02.5163823+09:00   "reconcile": {
2026-06-12T14:26:02.5173818+09:00     "resetProcessing": 0,
2026-06-12T14:26:02.5193819+09:00     "inserted": 1,
2026-06-12T14:26:02.5203819+09:00     "scanned": 9,
2026-06-12T14:26:02.5223843+09:00     "stale": {
2026-06-12T14:26:02.5243837+09:00       "scanned": 9,
2026-06-12T14:26:02.5253847+09:00       "staleDetected": 0,
2026-06-12T14:26:02.5273851+09:00       "rolledBack": 0,
2026-06-12T14:26:02.5303832+09:00       "skippedCap": 0,
2026-06-12T14:26:02.5323825+09:00       "dryRun": false,
2026-06-12T14:26:02.5343827+09:00       "actions": []
2026-06-12T14:26:02.5363826+09:00     }
2026-06-12T14:26:02.5383842+09:00   },
2026-06-12T14:26:02.5393839+09:00   "dispatch": {
2026-06-12T14:26:02.5413831+09:00     "claimed": 1,
2026-06-12T14:26:02.5433835+09:00     "done": 1,
2026-06-12T14:26:02.5443822+09:00     "failed": 0
2026-06-12T14:26:02.5463829+09:00   },
2026-06-12T14:26:02.5473822+09:00   "step4_poll": {
2026-06-12T14:26:02.5493830+09:00     "scanned": 9,
2026-06-12T14:26:02.5503811+09:00     "awaiting": 1,
2026-06-12T14:26:02.5523828+09:00     "polled": 0,
2026-06-12T14:26:02.5543828+09:00     "picks_applied": 0,
2026-06-12T14:26:02.5553826+09:00     "pick_errors": 0,
2026-06-12T14:26:02.5573835+09:00     "timeouts": 0,
2026-06-12T14:26:02.5583830+09:00     "skipped": 0,
2026-06-12T14:26:02.5603825+09:00     "results": [
2026-06-12T14:26:02.5623824+09:00       {
2026-06-12T14:26:02.5643839+09:00         "task_id": "daily-20260612-r02",
2026-06-12T14:26:02.5663832+09:00         "result": {
2026-06-12T14:26:02.5673823+09:00           "outcome": "no_new_messages"
2026-06-12T14:26:02.5693822+09:00         }
2026-06-12T14:26:02.5703832+09:00       }
2026-06-12T14:26:02.5723824+09:00     ]
2026-06-12T14:26:02.5733822+09:00   },
2026-06-12T14:26:02.5753863+09:00   "step7_retry_poll": {
2026-06-12T14:26:02.5773849+09:00     "scanned": 9,
2026-06-12T14:26:02.5793846+09:00     "eligible": 7,
2026-06-12T14:26:02.5803933+09:00     "polled": 0,
2026-06-12T14:26:02.5823946+09:00     "retries_triggered": 0,
2026-06-12T14:26:02.5833951+09:00     "retry_errors": 0,
2026-06-12T14:26:02.5853932+09:00     "skipped": 0,
2026-06-12T14:26:02.5863896+09:00     "results": []
2026-06-12T14:26:02.5883897+09:00   }
2026-06-12T14:26:02.5893900+09:00 }
2026-06-12T14:26:02.5933904+09:00 OK run-once finished
2026-06-12T14:31:00.7391261+09:00 START dispatch-run-once
2026-06-12T14:31:01.1107893+09:00 
2026-06-12T14:31:01.1127873+09:00 > orchestrator
2026-06-12T14:31:01.1147904+09:00 > tsx src/cli/orchestrator.ts run-once --limit 10
2026-06-12T14:31:01.1157894+09:00 
2026-06-12T14:31:02.9698353+09:00 2026-06-12T05:31:02.968Z [info] [Step5 research daily-20260612-r02/405438f93f6adeeb] [-] run_agent start {"timeout_ms":600000,"idempotency_key":"step5-research-daily-20260612-r02-r02-405438f93f6adeeb-1781242262968"}
2026-06-12T14:31:02.9718367+09:00 2026-06-12T05:31:02.969Z [info] [Step5 research daily-20260612-r02/405438f93f6adeeb] [-] rpc agent begin {"timeout_ms":600000}
2026-06-12T14:31:03.0286648+09:00 2026-06-12T05:31:03.028Z [info] [Step5 research daily-20260612-r02/405438f93f6adeeb] [-] rpc agent ok {"duration_ms":59}
2026-06-12T14:31:03.0306659+09:00 2026-06-12T05:31:03.028Z [info] [Step5 research daily-20260612-r02/405438f93f6adeeb] [-] rpc agent.wait begin {"timeout_ms":600000}
2026-06-12T14:31:12.3866077+09:00 2026-06-12T05:31:12.385Z [info] [Step5 research daily-20260612-r02/405438f93f6adeeb] [-] rpc agent.wait ok {"duration_ms":9357}
2026-06-12T14:31:12.3896078+09:00 2026-06-12T05:31:12.386Z [info] [Step5 research daily-20260612-r02/405438f93f6adeeb] [-] rpc chat.history begin {"timeout_ms":600000}
2026-06-12T14:31:12.6874435+09:00 2026-06-12T05:31:12.686Z [info] [Step5 research daily-20260612-r02/405438f93f6adeeb] [-] rpc chat.history ok {"duration_ms":300}
2026-06-12T14:31:12.6904394+09:00 2026-06-12T05:31:12.687Z [info] [Step5 research daily-20260612-r02/405438f93f6adeeb] [-] run_agent done {"duration_ms":9719,"gateway_run_id":"step5-research-daily-20260612-r02-r02-405438f93f6adeeb-1781242262968","content_chars":2661}
2026-06-12T14:31:12.9849865+09:00 2026-06-12T05:31:12.983Z [info] [Step6 copy daily-20260612-r02/405438f93f6adeeb attempt=1] [-] run_agent start {"timeout_ms":600000,"idempotency_key":"step6-copy-daily-20260612-r02-r02-405438f93f6adeeb-1781242272982-1"}
2026-06-12T14:31:13.0105322+09:00 2026-06-12T05:31:12.984Z [info] [Step6 copy daily-20260612-r02/405438f93f6adeeb attempt=1] [-] rpc agent begin {"timeout_ms":600000}
2026-06-12T14:31:13.0455095+09:00 2026-06-12T05:31:13.044Z [info] [Step6 copy daily-20260612-r02/405438f93f6adeeb attempt=1] [-] rpc agent ok {"duration_ms":60}
2026-06-12T14:31:13.0475086+09:00 2026-06-12T05:31:13.045Z [info] [Step6 copy daily-20260612-r02/405438f93f6adeeb attempt=1] [-] rpc agent.wait begin {"timeout_ms":600000}
2026-06-12T14:31:26.7230886+09:00 2026-06-12T05:31:26.721Z [info] [Step6 copy daily-20260612-r02/405438f93f6adeeb attempt=1] [-] rpc agent.wait ok {"duration_ms":13676}
2026-06-12T14:31:26.7281309+09:00 2026-06-12T05:31:26.722Z [info] [Step6 copy daily-20260612-r02/405438f93f6adeeb attempt=1] [-] rpc chat.history begin {"timeout_ms":600000}
2026-06-12T14:31:26.7710845+09:00 2026-06-12T05:31:26.770Z [info] [Step6 copy daily-20260612-r02/405438f93f6adeeb attempt=1] [-] rpc chat.history ok {"duration_ms":48}
2026-06-12T14:31:26.7740852+09:00 2026-06-12T05:31:26.771Z [info] [Step6 copy daily-20260612-r02/405438f93f6adeeb attempt=1] [-] run_agent done {"duration_ms":13788,"gateway_run_id":"step6-copy-daily-20260612-r02-r02-405438f93f6adeeb-1781242272982-1","content_chars":3084}
2026-06-12T14:31:26.7770864+09:00 [content-copy] daily-20260612-r02/405438f93f6adeeb: CONTENT_COPY_DRAFT_LIMIT: 蟆冗ｺ｢荵ｦ (xiaohongshu) title: 20 chars, max 16; X (x) body: 233 chars, max 200 窶・retry 2/3
2026-06-12T14:31:26.7800955+09:00 2026-06-12T05:31:26.773Z [info] [Step6 copy daily-20260612-r02/405438f93f6adeeb attempt=2] [-] run_agent start {"timeout_ms":600000,"idempotency_key":"step6-copy-daily-20260612-r02-r02-405438f93f6adeeb-1781242286773-2"}
2026-06-12T14:31:26.7820945+09:00 2026-06-12T05:31:26.773Z [info] [Step6 copy daily-20260612-r02/405438f93f6adeeb attempt=2] [-] rpc agent begin {"timeout_ms":600000}
2026-06-12T14:31:26.8316067+09:00 2026-06-12T05:31:26.831Z [info] [Step6 copy daily-20260612-r02/405438f93f6adeeb attempt=2] [-] rpc agent ok {"duration_ms":58}
2026-06-12T14:31:26.8336069+09:00 2026-06-12T05:31:26.831Z [info] [Step6 copy daily-20260612-r02/405438f93f6adeeb attempt=2] [-] rpc agent.wait begin {"timeout_ms":600000}
2026-06-12T14:31:42.4912376+09:00 2026-06-12T05:31:42.490Z [info] [Step6 copy daily-20260612-r02/405438f93f6adeeb attempt=2] [-] rpc agent.wait ok {"duration_ms":15659}
2026-06-12T14:31:42.4932377+09:00 2026-06-12T05:31:42.490Z [info] [Step6 copy daily-20260612-r02/405438f93f6adeeb attempt=2] [-] rpc chat.history begin {"timeout_ms":600000}
2026-06-12T14:31:42.5329307+09:00 2026-06-12T05:31:42.532Z [info] [Step6 copy daily-20260612-r02/405438f93f6adeeb attempt=2] [-] rpc chat.history ok {"duration_ms":42}
2026-06-12T14:31:42.5359325+09:00 2026-06-12T05:31:42.533Z [info] [Step6 copy daily-20260612-r02/405438f93f6adeeb attempt=2] [-] run_agent done {"duration_ms":15760,"gateway_run_id":"step6-copy-daily-20260612-r02-r02-405438f93f6adeeb-1781242286773-2","content_chars":3258}
2026-06-12T14:31:42.5744872+09:00 2026-06-12T05:31:42.573Z [info] [Step6 copy daily-20260612-r02/405438f93f6adeeb attempt=1] [-] run_agent start {"timeout_ms":600000,"idempotency_key":"step6-copy-daily-20260612-r02-r02-405438f93f6adeeb-1781242302573-1"}
2026-06-12T14:31:42.5764872+09:00 2026-06-12T05:31:42.573Z [info] [Step6 copy daily-20260612-r02/405438f93f6adeeb attempt=1] [-] rpc agent begin {"timeout_ms":600000}
2026-06-12T14:31:42.6104443+09:00 2026-06-12T05:31:42.610Z [info] [Step6 copy daily-20260612-r02/405438f93f6adeeb attempt=1] [-] rpc agent ok {"duration_ms":37}
2026-06-12T14:31:42.6134439+09:00 2026-06-12T05:31:42.610Z [info] [Step6 copy daily-20260612-r02/405438f93f6adeeb attempt=1] [-] rpc agent.wait begin {"timeout_ms":600000}
2026-06-12T14:32:00.2201823+09:00 2026-06-12T05:32:00.220Z [info] [Step6 copy daily-20260612-r02/405438f93f6adeeb attempt=1] [-] rpc agent.wait ok {"duration_ms":17610}
2026-06-12T14:32:00.2241839+09:00 2026-06-12T05:32:00.220Z [info] [Step6 copy daily-20260612-r02/405438f93f6adeeb attempt=1] [-] rpc chat.history begin {"timeout_ms":600000}
2026-06-12T14:32:00.5754087+09:00 2026-06-12T05:32:00.574Z [info] [Step6 copy daily-20260612-r02/405438f93f6adeeb attempt=1] [-] rpc chat.history ok {"duration_ms":354}
2026-06-12T14:32:00.5794072+09:00 2026-06-12T05:32:00.575Z [info] [Step6 copy daily-20260612-r02/405438f93f6adeeb attempt=1] [-] run_agent done {"duration_ms":18002,"gateway_run_id":"step6-copy-daily-20260612-r02-r02-405438f93f6adeeb-1781242302573-1","content_chars":3159}
2026-06-12T14:32:00.5824080+09:00 [content-copy] daily-20260612-r02/405438f93f6adeeb: CONTENT_COPY_DRAFT_LIMIT: 蟆冗ｺ｢荵ｦ (xiaohongshu) title: 22 chars, max 16; X (x) body: 280 chars, max 200 窶・retry 2/3
2026-06-12T14:32:00.5854076+09:00 2026-06-12T05:32:00.576Z [info] [Step6 copy daily-20260612-r02/405438f93f6adeeb attempt=2] [-] run_agent start {"timeout_ms":600000,"idempotency_key":"step6-copy-daily-20260612-r02-r02-405438f93f6adeeb-1781242320576-2"}
2026-06-12T14:32:00.5884066+09:00 2026-06-12T05:32:00.577Z [info] [Step6 copy daily-20260612-r02/405438f93f6adeeb attempt=2] [-] rpc agent begin {"timeout_ms":600000}
2026-06-12T14:32:00.6479134+09:00 2026-06-12T05:32:00.647Z [info] [Step6 copy daily-20260612-r02/405438f93f6adeeb attempt=2] [-] rpc agent ok {"duration_ms":70}
2026-06-12T14:32:00.6509145+09:00 2026-06-12T05:32:00.648Z [info] [Step6 copy daily-20260612-r02/405438f93f6adeeb attempt=2] [-] rpc agent.wait begin {"timeout_ms":600000}
2026-06-12T14:32:16.7969092+09:00 2026-06-12T05:32:16.796Z [info] [Step6 copy daily-20260612-r02/405438f93f6adeeb attempt=2] [-] rpc agent.wait ok {"duration_ms":16148}
2026-06-12T14:32:16.7989108+09:00 2026-06-12T05:32:16.797Z [info] [Step6 copy daily-20260612-r02/405438f93f6adeeb attempt=2] [-] rpc chat.history begin {"timeout_ms":600000}
2026-06-12T14:32:16.8385335+09:00 2026-06-12T05:32:16.837Z [info] [Step6 copy daily-20260612-r02/405438f93f6adeeb attempt=2] [-] rpc chat.history ok {"duration_ms":40}
2026-06-12T14:32:16.8405357+09:00 2026-06-12T05:32:16.838Z [info] [Step6 copy daily-20260612-r02/405438f93f6adeeb attempt=2] [-] run_agent done {"duration_ms":16262,"gateway_run_id":"step6-copy-daily-20260612-r02-r02-405438f93f6adeeb-1781242320576-2","content_chars":5725}
2026-06-12T14:32:16.8535342+09:00 [content-copy] daily-20260612-r02/405438f93f6adeeb: CONTENT_COPY_DRAFT_LIMIT: 蟆冗ｺ｢荵ｦ (xiaohongshu) title: 22 chars, max 16; X (x) body: 265 chars, max 200 窶・retry 3/3
2026-06-12T14:32:16.8565473+09:00 2026-06-12T05:32:16.839Z [info] [Step6 copy daily-20260612-r02/405438f93f6adeeb attempt=3] [-] run_agent start {"timeout_ms":600000,"idempotency_key":"step6-copy-daily-20260612-r02-r02-405438f93f6adeeb-1781242336839-3"}
2026-06-12T14:32:16.8585405+09:00 2026-06-12T05:32:16.839Z [info] [Step6 copy daily-20260612-r02/405438f93f6adeeb attempt=3] [-] rpc agent begin {"timeout_ms":600000}
2026-06-12T14:32:16.9024351+09:00 2026-06-12T05:32:16.901Z [info] [Step6 copy daily-20260612-r02/405438f93f6adeeb attempt=3] [-] rpc agent ok {"duration_ms":62}
2026-06-12T14:32:16.9044362+09:00 2026-06-12T05:32:16.902Z [info] [Step6 copy daily-20260612-r02/405438f93f6adeeb attempt=3] [-] rpc agent.wait begin {"timeout_ms":600000}
2026-06-12T14:32:33.7335052+09:00 2026-06-12T05:32:33.732Z [info] [Step6 copy daily-20260612-r02/405438f93f6adeeb attempt=3] [-] rpc agent.wait ok {"duration_ms":16830}
2026-06-12T14:32:33.7355062+09:00 2026-06-12T05:32:33.733Z [info] [Step6 copy daily-20260612-r02/405438f93f6adeeb attempt=3] [-] rpc chat.history begin {"timeout_ms":600000}
2026-06-12T14:32:33.7745051+09:00 2026-06-12T05:32:33.774Z [info] [Step6 copy daily-20260612-r02/405438f93f6adeeb attempt=3] [-] rpc chat.history ok {"duration_ms":41}
2026-06-12T14:32:33.7775082+09:00 2026-06-12T05:32:33.775Z [info] [Step6 copy daily-20260612-r02/405438f93f6adeeb attempt=3] [-] run_agent done {"duration_ms":16936,"gateway_run_id":"step6-copy-daily-20260612-r02-r02-405438f93f6adeeb-1781242336839-3","content_chars":3037}
2026-06-12T14:32:33.7805065+09:00 [content-copy] daily-20260612-r02/405438f93f6adeeb: limits still exceeded after 3 attempts; applied local clamp (CONTENT_COPY_DRAFT_LIMIT: 蟆冗ｺ｢荵ｦ (xiaohongshu) title: 19 chars, max 16; X (x) body: 297 chars, max 200)
2026-06-12T14:33:06.4941206+09:00 [2026-06-12T05:33:06.494Z] 蠑蟋句書蟶・mode=post platform=xiaohongshu profile=default job=C:\Users\compu\.openclaw\publish-system\data\tasks\daily-20260612-r02\publish\publish_job_20260612_r02.json
2026-06-12T14:33:09.1444891+09:00 [2026-06-12T05:33:09.144Z] 逋ｻ蠖墓∝ｷｲ菫晏ｭ・ C:\Users\compu\.openclaw\publish-system\data\auth\xiaohongshu\default\state.json
2026-06-12T14:33:09.3454898+09:00 [2026-06-12T05:33:09.345Z] 扈捺棡蟾ｲ菫晏ｭ・ C:\Users\compu\.openclaw\publish-system\logs\task\daily-20260612-r02\xiaohongshu\default\result.json
2026-06-12T14:33:09.3484897+09:00 [2026-06-12T05:33:09.347Z] 蠑蟋句書蟶・mode=post platform=facebook profile=default job=C:\Users\compu\.openclaw\publish-system\data\tasks\daily-20260612-r02\publish\publish_job_20260612_r02.json
2026-06-12T14:34:21.3002806+09:00 [2026-06-12T05:34:21.299Z] 逋ｻ蠖墓∝ｷｲ菫晏ｭ・ C:\Users\compu\.openclaw\publish-system\data\auth\facebook\default\state.json
2026-06-12T14:34:21.6595237+09:00 [2026-06-12T05:34:21.658Z] 扈捺棡蟾ｲ菫晏ｭ・ C:\Users\compu\.openclaw\publish-system\logs\task\daily-20260612-r02\facebook\default\result.json
2026-06-12T14:34:21.6625197+09:00 [2026-06-12T05:34:21.660Z] 蠑蟋句書蟶・mode=post platform=x profile=default job=C:\Users\compu\.openclaw\publish-system\data\tasks\daily-20260612-r02\publish\publish_job_20260612_r02.json
2026-06-12T14:35:23.6991817+09:00 [2026-06-12T05:35:23.698Z] 逋ｻ蠖墓∝ｷｲ菫晏ｭ・ C:\Users\compu\.openclaw\publish-system\data\auth\x\default\state.json
2026-06-12T14:35:23.9653112+09:00 [2026-06-12T05:35:23.964Z] 扈捺棡蟾ｲ菫晏ｭ・ C:\Users\compu\.openclaw\publish-system\logs\task\daily-20260612-r02\x\default\result.json
2026-06-12T14:35:23.9683098+09:00 [2026-06-12T05:35:23.966Z] 蠑蟋句書蟶・mode=post platform=instagram profile=default job=C:\Users\compu\.openclaw\publish-system\data\tasks\daily-20260612-r02\publish\publish_job_20260612_r02.json
2026-06-12T14:35:58.5388102+09:00 START dispatch-run-once
2026-06-12T14:35:58.9624183+09:00 
2026-06-12T14:35:58.9644196+09:00 > orchestrator
2026-06-12T14:35:58.9664212+09:00 > tsx src/cli/orchestrator.ts run-once --limit 10
2026-06-12T14:35:58.9684225+09:00 
2026-06-12T14:36:01.7291732+09:00 {
2026-06-12T14:36:01.7381923+09:00   "ensure_daily": {
2026-06-12T14:36:01.7431872+09:00     "runs": [
2026-06-12T14:36:01.7481888+09:00       {
2026-06-12T14:36:01.7517110+09:00         "run_id": "r01",
2026-06-12T14:36:01.7557113+09:00         "action": "not_due",
2026-06-12T14:36:01.7577129+09:00         "taskId": "daily-20260612-r01",
2026-06-12T14:36:01.7607102+09:00         "reason": "jst_hour=14"
2026-06-12T14:36:01.7627122+09:00       },
2026-06-12T14:36:01.7827095+09:00       {
2026-06-12T14:36:01.7847126+09:00         "run_id": "r02",
2026-06-12T14:36:01.7867105+09:00         "action": "skipped_exists",
2026-06-12T14:36:01.7887101+09:00         "taskId": "daily-20260612-r02"
2026-06-12T14:36:01.7907117+09:00       },
2026-06-12T14:36:01.7937104+09:00       {
2026-06-12T14:36:01.7949702+09:00         "run_id": "r03",
2026-06-12T14:36:01.7959784+09:00         "action": "not_due",
2026-06-12T14:36:01.7980100+09:00         "taskId": "daily-20260612-r03",
2026-06-12T14:36:01.7989771+09:00         "reason": "jst_hour=14"
2026-06-12T14:36:01.8009775+09:00       }
2026-06-12T14:36:01.8029773+09:00     ]
2026-06-12T14:36:01.8039776+09:00   },
2026-06-12T14:36:01.8049769+09:00   "reconcile": {
2026-06-12T14:36:01.8069772+09:00     "resetProcessing": 0,
2026-06-12T14:36:01.8089777+09:00     "inserted": 0,
2026-06-12T14:36:01.8105420+09:00     "scanned": 9,
2026-06-12T14:36:01.8115065+09:00     "stale": {
2026-06-12T14:36:01.8135390+09:00       "scanned": 9,
2026-06-12T14:36:01.8145064+09:00       "staleDetected": 0,
2026-06-12T14:36:01.8165070+09:00       "rolledBack": 0,
2026-06-12T14:36:01.8185053+09:00       "skippedCap": 0,
2026-06-12T14:36:01.8195075+09:00       "dryRun": false,
2026-06-12T14:36:01.8215063+09:00       "actions": []
2026-06-12T14:36:01.8235067+09:00     }
2026-06-12T14:36:01.8255092+09:00   },
2026-06-12T14:36:01.8275062+09:00   "dispatch": {
2026-06-12T14:36:01.8285060+09:00     "claimed": 8,
2026-06-12T14:36:01.8295042+09:00     "done": 8,
2026-06-12T14:36:01.8315059+09:00     "failed": 0
2026-06-12T14:36:01.8325052+09:00   },
2026-06-12T14:36:01.8345063+09:00   "step4_poll": {
2026-06-12T14:36:01.8355056+09:00     "scanned": 9,
2026-06-12T14:36:01.8365106+09:00     "awaiting": 0,
2026-06-12T14:36:01.8385112+09:00     "polled": 0,
2026-06-12T14:36:01.8395112+09:00     "picks_applied": 0,
2026-06-12T14:36:01.8405098+09:00     "pick_errors": 0,
2026-06-12T14:36:01.8425126+09:00     "timeouts": 0,
2026-06-12T14:36:01.8435102+09:00     "skipped": 0,
2026-06-12T14:36:01.8455110+09:00     "results": []
2026-06-12T14:36:01.8465110+09:00   },
2026-06-12T14:36:01.8475097+09:00   "step7_retry_poll": {
2026-06-12T14:36:01.8495110+09:00     "scanned": 9,
2026-06-12T14:36:01.8510182+09:00     "eligible": 7,
2026-06-12T14:36:01.8520246+09:00     "polled": 0,
2026-06-12T14:36:01.8540246+09:00     "retries_triggered": 0,
2026-06-12T14:36:01.8550262+09:00     "retry_errors": 0,
2026-06-12T14:36:01.8560240+09:00     "skipped": 0,
2026-06-12T14:36:01.8580252+09:00     "results": []
2026-06-12T14:36:01.8590249+09:00   }
2026-06-12T14:36:01.8610245+09:00 }
2026-06-12T14:36:01.8630231+09:00 OK run-once finished
2026-06-12T14:36:32.7817533+09:00 [2026-06-12T05:36:32.781Z] 逋ｻ蠖墓∝ｷｲ菫晏ｭ・ C:\Users\compu\.openclaw\publish-system\data\auth\instagram\default\state.json
2026-06-12T14:36:33.0538010+09:00 [2026-06-12T05:36:33.053Z] 扈捺棡蟾ｲ菫晏ｭ・ C:\Users\compu\.openclaw\publish-system\logs\task\daily-20260612-r02\instagram\default\result.json
2026-06-12T14:36:35.0549263+09:00 {
2026-06-12T14:36:35.0609404+09:00   "ensure_daily": {
2026-06-12T14:36:35.0649073+09:00     "runs": [
2026-06-12T14:36:35.0669230+09:00       {
2026-06-12T14:36:35.0679310+09:00         "run_id": "r01",
2026-06-12T14:36:35.0699311+09:00         "action": "not_due",
2026-06-12T14:36:35.0719399+09:00         "taskId": "daily-20260612-r01",
2026-06-12T14:36:35.0739312+09:00         "reason": "jst_hour=14"
2026-06-12T14:36:35.0759479+09:00       },
2026-06-12T14:36:35.0779304+09:00       {
2026-06-12T14:36:35.0799308+09:00         "run_id": "r02",
2026-06-12T14:36:35.0819309+09:00         "action": "skipped_exists",
2026-06-12T14:36:35.0834404+09:00         "taskId": "daily-20260612-r02"
2026-06-12T14:36:35.0844467+09:00       },
2026-06-12T14:36:35.0864475+09:00       {
2026-06-12T14:36:35.0884474+09:00         "run_id": "r03",
2026-06-12T14:36:35.0904469+09:00         "action": "not_due",
2026-06-12T14:36:35.0924490+09:00         "taskId": "daily-20260612-r03",
2026-06-12T14:36:35.0934492+09:00         "reason": "jst_hour=14"
2026-06-12T14:36:35.0954483+09:00       }
2026-06-12T14:36:35.0964471+09:00     ]
2026-06-12T14:36:35.0984472+09:00   },
2026-06-12T14:36:35.1024516+09:00   "reconcile": {
2026-06-12T14:36:35.1044469+09:00     "resetProcessing": 0,
2026-06-12T14:36:35.1054476+09:00     "inserted": 1,
2026-06-12T14:36:35.1074483+09:00     "scanned": 9,
2026-06-12T14:36:35.1084457+09:00     "stale": {
2026-06-12T14:36:35.1104470+09:00       "scanned": 9,
2026-06-12T14:36:35.1114473+09:00       "staleDetected": 0,
2026-06-12T14:36:35.1134468+09:00       "rolledBack": 0,
2026-06-12T14:36:35.1144508+09:00       "skippedCap": 0,
2026-06-12T14:36:35.1154452+09:00       "dryRun": false,
2026-06-12T14:36:35.1174475+09:00       "actions": []
2026-06-12T14:36:35.1184646+09:00     }
2026-06-12T14:36:35.1194469+09:00   },
2026-06-12T14:36:35.1214477+09:00   "dispatch": {
2026-06-12T14:36:35.1224669+09:00     "claimed": 4,
2026-06-12T14:36:35.1244480+09:00     "done": 3,
2026-06-12T14:36:35.1254471+09:00     "failed": 1
2026-06-12T14:36:35.1264466+09:00   },
2026-06-12T14:36:35.1284468+09:00   "step4_poll": {
2026-06-12T14:36:35.1294471+09:00     "scanned": 9,
2026-06-12T14:36:35.1314473+09:00     "awaiting": 1,
2026-06-12T14:36:35.1324465+09:00     "polled": 1,
2026-06-12T14:36:35.1334473+09:00     "picks_applied": 1,
2026-06-12T14:36:35.1354474+09:00     "pick_errors": 0,
2026-06-12T14:36:35.1364461+09:00     "timeouts": 0,
2026-06-12T14:36:35.1374470+09:00     "skipped": 0,
2026-06-12T14:36:35.1394483+09:00     "results": [
2026-06-12T14:36:35.1414468+09:00       {
2026-06-12T14:36:35.1434469+09:00         "task_id": "daily-20260612-r02",
2026-06-12T14:36:35.1444470+09:00         "result": {
2026-06-12T14:36:35.1464468+09:00           "outcome": "pick_applied",
2026-06-12T14:36:35.1474473+09:00           "task_id": "daily-20260612-r02"
2026-06-12T14:36:35.1484465+09:00         }
2026-06-12T14:36:35.1504478+09:00       }
2026-06-12T14:36:35.1514458+09:00     ]
2026-06-12T14:36:35.1534472+09:00   },
2026-06-12T14:36:35.1544474+09:00   "step7_retry_poll": {
2026-06-12T14:36:35.1564468+09:00     "scanned": 9,
2026-06-12T14:36:35.1574467+09:00     "eligible": 8,
2026-06-12T14:36:35.1584468+09:00     "polled": 0,
2026-06-12T14:36:35.1604474+09:00     "retries_triggered": 0,
2026-06-12T14:36:35.1614468+09:00     "retry_errors": 0,
2026-06-12T14:36:35.1634474+09:00     "skipped": 0,
2026-06-12T14:36:35.1644526+09:00     "results": []
2026-06-12T14:36:35.1664468+09:00   }
2026-06-12T14:36:35.1674478+09:00 }
2026-06-12T14:36:35.1694543+09:00 FAIL run-once exit=1
2026-06-12T14:40:59.0300640+09:00 START dispatch-run-once
2026-06-12T14:40:59.4830406+09:00 
2026-06-12T14:40:59.4850413+09:00 > orchestrator
2026-06-12T14:40:59.4870424+09:00 > tsx src/cli/orchestrator.ts run-once --limit 10
2026-06-12T14:40:59.4890406+09:00 
2026-06-12T14:41:02.2484889+09:00 {
2026-06-12T14:41:02.2504892+09:00   "ensure_daily": {
2026-06-12T14:41:02.2534876+09:00     "runs": [
2026-06-12T14:41:02.2564853+09:00       {
2026-06-12T14:41:02.2584868+09:00         "run_id": "r01",
2026-06-12T14:41:02.2604860+09:00         "action": "not_due",
2026-06-12T14:41:02.2624861+09:00         "taskId": "daily-20260612-r01",
2026-06-12T14:41:02.2644868+09:00         "reason": "jst_hour=14"
2026-06-12T14:41:02.2664868+09:00       },
2026-06-12T14:41:02.2844871+09:00       {
2026-06-12T14:41:02.2864879+09:00         "run_id": "r02",
2026-06-12T14:41:02.2884871+09:00         "action": "skipped_exists",
2026-06-12T14:41:02.2904878+09:00         "taskId": "daily-20260612-r02"
2026-06-12T14:41:02.2924868+09:00       },
2026-06-12T14:41:02.2954881+09:00       {
2026-06-12T14:41:02.2969332+09:00         "run_id": "r03",
2026-06-12T14:41:02.2980167+09:00         "action": "not_due",
2026-06-12T14:41:02.2993615+09:00         "taskId": "daily-20260612-r03",
2026-06-12T14:41:02.3013671+09:00         "reason": "jst_hour=14"
2026-06-12T14:41:02.3033680+09:00       }
2026-06-12T14:41:02.3043685+09:00     ]
2026-06-12T14:41:02.3053679+09:00   },
2026-06-12T14:41:02.3073682+09:00   "reconcile": {
2026-06-12T14:41:02.3083663+09:00     "resetProcessing": 0,
2026-06-12T14:41:02.3103668+09:00     "inserted": 0,
2026-06-12T14:41:02.3113685+09:00     "scanned": 9,
2026-06-12T14:41:02.3123679+09:00     "stale": {
2026-06-12T14:41:02.3143675+09:00       "scanned": 9,
2026-06-12T14:41:02.3163672+09:00       "staleDetected": 0,
2026-06-12T14:41:02.3173743+09:00       "rolledBack": 0,
2026-06-12T14:41:02.3193740+09:00       "skippedCap": 0,
2026-06-12T14:41:02.3203728+09:00       "dryRun": false,
2026-06-12T14:41:02.3223736+09:00       "actions": []
2026-06-12T14:41:02.3243739+09:00     }
2026-06-12T14:41:02.3253734+09:00   },
2026-06-12T14:41:02.3273735+09:00   "dispatch": {
2026-06-12T14:41:02.3283734+09:00     "claimed": 2,
2026-06-12T14:41:02.3303727+09:00     "done": 2,
2026-06-12T14:41:02.3313737+09:00     "failed": 0
2026-06-12T14:41:02.3324513+09:00   },
2026-06-12T14:41:02.3344516+09:00   "step4_poll": {
2026-06-12T14:41:02.3354498+09:00     "scanned": 9,
2026-06-12T14:41:02.3374514+09:00     "awaiting": 0,
2026-06-12T14:41:02.3384518+09:00     "polled": 0,
2026-06-12T14:41:02.3394505+09:00     "picks_applied": 0,
2026-06-12T14:41:02.3414518+09:00     "pick_errors": 0,
2026-06-12T14:41:02.3434511+09:00     "timeouts": 0,
2026-06-12T14:41:02.3444531+09:00     "skipped": 0,
2026-06-12T14:41:02.3454506+09:00     "results": []
2026-06-12T14:41:02.3474507+09:00   },
2026-06-12T14:41:02.3484529+09:00   "step7_retry_poll": {
2026-06-12T14:41:02.3504519+09:00     "scanned": 9,
2026-06-12T14:41:02.3514519+09:00     "eligible": 8,
2026-06-12T14:41:02.3534519+09:00     "polled": 0,
2026-06-12T14:41:02.3544520+09:00     "retries_triggered": 0,
2026-06-12T14:41:02.3554517+09:00     "retry_errors": 0,
2026-06-12T14:41:02.3574516+09:00     "skipped": 0,
2026-06-12T14:41:02.3584504+09:00     "results": []
2026-06-12T14:41:02.3604517+09:00   }
2026-06-12T14:41:02.3614522+09:00 }
2026-06-12T14:41:02.3635328+09:00 OK run-once finished
2026-06-12T14:45:59.5598482+09:00 START dispatch-run-once
2026-06-12T14:46:00.0061652+09:00 
2026-06-12T14:46:00.0081735+09:00 > orchestrator
2026-06-12T14:46:00.0101756+09:00 > tsx src/cli/orchestrator.ts run-once --limit 10
2026-06-12T14:46:00.0126898+09:00 
2026-06-12T14:46:02.9076192+09:00 {
2026-06-12T14:46:02.9166230+09:00   "ensure_daily": {
2026-06-12T14:46:02.9241980+09:00     "runs": [
2026-06-12T14:46:02.9291916+09:00       {
2026-06-12T14:46:02.9331891+09:00         "run_id": "r01",
2026-06-12T14:46:02.9371880+09:00         "action": "not_due",
2026-06-12T14:46:02.9391815+09:00         "taskId": "daily-20260612-r01",
2026-06-12T14:46:02.9421868+09:00         "reason": "jst_hour=14"
2026-06-12T14:46:02.9441941+09:00       },
2026-06-12T14:46:02.9651838+09:00       {
2026-06-12T14:46:02.9671842+09:00         "run_id": "r02",
2026-06-12T14:46:02.9691885+09:00         "action": "skipped_exists",
2026-06-12T14:46:02.9711857+09:00         "taskId": "daily-20260612-r02"
2026-06-12T14:46:02.9731855+09:00       },
2026-06-12T14:46:02.9751850+09:00       {
2026-06-12T14:46:02.9771850+09:00         "run_id": "r03",
2026-06-12T14:46:02.9781822+09:00         "action": "not_due",
2026-06-12T14:46:02.9801855+09:00         "taskId": "daily-20260612-r03",
2026-06-12T14:46:02.9811842+09:00         "reason": "jst_hour=14"
2026-06-12T14:46:02.9821854+09:00       }
2026-06-12T14:46:02.9841844+09:00     ]
2026-06-12T14:46:02.9851855+09:00   },
2026-06-12T14:46:02.9871849+09:00   "reconcile": {
2026-06-12T14:46:02.9881850+09:00     "resetProcessing": 0,
2026-06-12T14:46:02.9901859+09:00     "inserted": 0,
2026-06-12T14:46:02.9911860+09:00     "scanned": 9,
2026-06-12T14:46:02.9930109+09:00     "stale": {
2026-06-12T14:46:02.9950296+09:00       "scanned": 9,
2026-06-12T14:46:02.9960195+09:00       "staleDetected": 0,
2026-06-12T14:46:02.9980159+09:00       "rolledBack": 0,
2026-06-12T14:46:03.0000161+09:00       "skippedCap": 0,
2026-06-12T14:46:03.0020178+09:00       "dryRun": false,
2026-06-12T14:46:03.0030188+09:00       "actions": []
2026-06-12T14:46:03.0050172+09:00     }
2026-06-12T14:46:03.0065230+09:00   },
2026-06-12T14:46:03.0082520+09:00   "dispatch": {
2026-06-12T14:46:03.0092955+09:00     "claimed": 0,
2026-06-12T14:46:03.0108594+09:00     "done": 0,
2026-06-12T14:46:03.0124306+09:00     "failed": 0
2026-06-12T14:46:03.0134738+09:00   },
2026-06-12T14:46:03.0151196+09:00   "step4_poll": {
2026-06-12T14:46:03.0167555+09:00     "scanned": 9,
2026-06-12T14:46:03.0177935+09:00     "awaiting": 0,
2026-06-12T14:46:03.0191894+09:00     "polled": 0,
2026-06-12T14:46:03.0211961+09:00     "picks_applied": 0,
2026-06-12T14:46:03.0217036+09:00     "pick_errors": 0,
2026-06-12T14:46:03.0237101+09:00     "timeouts": 0,
2026-06-12T14:46:03.0247084+09:00     "skipped": 0,
2026-06-12T14:46:03.0267097+09:00     "results": []
2026-06-12T14:46:03.0277104+09:00   },
2026-06-12T14:46:03.0287100+09:00   "step7_retry_poll": {
2026-06-12T14:46:03.0307086+09:00     "scanned": 9,
2026-06-12T14:46:03.0317103+09:00     "eligible": 8,
2026-06-12T14:46:03.0327097+09:00     "polled": 0,
2026-06-12T14:46:03.0347093+09:00     "retries_triggered": 0,
2026-06-12T14:46:03.0363685+09:00     "retry_errors": 0,
2026-06-12T14:46:03.0373748+09:00     "skipped": 0,
2026-06-12T14:46:03.0393742+09:00     "results": []
2026-06-12T14:46:03.0403752+09:00   }
2026-06-12T14:46:03.0413729+09:00 }
2026-06-12T14:46:03.0433750+09:00 OK run-once finished
2026-06-12T14:50:59.6841735+09:00 START dispatch-run-once
2026-06-12T14:51:00.0590274+09:00 
2026-06-12T14:51:00.0610301+09:00 > orchestrator
2026-06-12T14:51:00.0630297+09:00 > tsx src/cli/orchestrator.ts run-once --limit 10
2026-06-12T14:51:00.0645375+09:00 
2026-06-12T14:51:02.7950597+09:00 {
2026-06-12T14:51:02.7980619+09:00   "ensure_daily": {
2026-06-12T14:51:02.8010592+09:00     "runs": [
2026-06-12T14:51:02.8030593+09:00       {
2026-06-12T14:51:02.8060642+09:00         "run_id": "r01",
2026-06-12T14:51:02.8080741+09:00         "action": "not_due",
2026-06-12T14:51:02.8110710+09:00         "taskId": "daily-20260612-r01",
2026-06-12T14:51:02.8130571+09:00         "reason": "jst_hour=14"
2026-06-12T14:51:02.8150597+09:00       },
2026-06-12T14:51:02.8350576+09:00       {
2026-06-12T14:51:02.8369603+09:00         "run_id": "r02",
2026-06-12T14:51:02.8389680+09:00         "action": "skipped_exists",
2026-06-12T14:51:02.8419670+09:00         "taskId": "daily-20260612-r02"
2026-06-12T14:51:02.8439686+09:00       },
2026-06-12T14:51:02.8449683+09:00       {
2026-06-12T14:51:02.8469669+09:00         "run_id": "r03",
2026-06-12T14:51:02.8479679+09:00         "action": "not_due",
2026-06-12T14:51:02.8499679+09:00         "taskId": "daily-20260612-r03",
2026-06-12T14:51:02.8519658+09:00         "reason": "jst_hour=14"
2026-06-12T14:51:02.8529669+09:00       }
2026-06-12T14:51:02.8546533+09:00     ]
2026-06-12T14:51:02.8566607+09:00   },
2026-06-12T14:51:02.8576597+09:00   "reconcile": {
2026-06-12T14:51:02.8586881+09:00     "resetProcessing": 0,
2026-06-12T14:51:02.8613190+09:00     "inserted": 0,
2026-06-12T14:51:02.8623264+09:00     "scanned": 9,
2026-06-12T14:51:02.8643273+09:00     "stale": {
2026-06-12T14:51:02.8653292+09:00       "scanned": 9,
2026-06-12T14:51:02.8673417+09:00       "staleDetected": 0,
2026-06-12T14:51:02.8683413+09:00       "rolledBack": 0,
2026-06-12T14:51:02.8703389+09:00       "skippedCap": 0,
2026-06-12T14:51:02.8723405+09:00       "dryRun": false,
2026-06-12T14:51:02.8733405+09:00       "actions": []
2026-06-12T14:51:02.8753400+09:00     }
2026-06-12T14:51:02.8763407+09:00   },
2026-06-12T14:51:02.8783729+09:00   "dispatch": {
2026-06-12T14:51:02.8793368+09:00     "claimed": 0,
2026-06-12T14:51:02.8803722+09:00     "done": 0,
2026-06-12T14:51:02.8829209+09:00     "failed": 0
2026-06-12T14:51:02.8839205+09:00   },
2026-06-12T14:51:02.8859243+09:00   "step4_poll": {
2026-06-12T14:51:02.8868876+09:00     "scanned": 9,
2026-06-12T14:51:02.8879250+09:00     "awaiting": 0,
2026-06-12T14:51:02.8899237+09:00     "polled": 0,
2026-06-12T14:51:02.8909064+09:00     "picks_applied": 0,
2026-06-12T14:51:02.8929217+09:00     "pick_errors": 0,
2026-06-12T14:51:02.8938890+09:00     "timeouts": 0,
2026-06-12T14:51:02.8949223+09:00     "skipped": 0,
2026-06-12T14:51:02.8968868+09:00     "results": []
2026-06-12T14:51:02.8979209+09:00   },
2026-06-12T14:51:02.8998888+09:00   "step7_retry_poll": {
2026-06-12T14:51:02.9008873+09:00     "scanned": 9,
2026-06-12T14:51:02.9019247+09:00     "eligible": 8,
2026-06-12T14:51:02.9039242+09:00     "polled": 0,
2026-06-12T14:51:02.9048908+09:00     "retries_triggered": 0,
2026-06-12T14:51:02.9059228+09:00     "retry_errors": 0,
2026-06-12T14:51:02.9079201+09:00     "skipped": 0,
2026-06-12T14:51:02.9089056+09:00     "results": []
2026-06-12T14:51:02.9109220+09:00   }
2026-06-12T14:51:02.9118896+09:00 }
2026-06-12T14:51:02.9138875+09:00 OK run-once finished
2026-06-12T14:55:58.8155547+09:00 START dispatch-run-once
2026-06-12T14:55:59.1893743+09:00 
2026-06-12T14:55:59.1913748+09:00 > orchestrator
2026-06-12T14:55:59.1943747+09:00 > tsx src/cli/orchestrator.ts run-once --limit 10
2026-06-12T14:55:59.1953751+09:00 
2026-06-12T14:56:02.2450707+09:00 {
2026-06-12T14:56:02.2480722+09:00   "ensure_daily": {
2026-06-12T14:56:02.2510719+09:00     "runs": [
2026-06-12T14:56:02.2540818+09:00       {
2026-06-12T14:56:02.2570778+09:00         "run_id": "r01",
2026-06-12T14:56:02.2590763+09:00         "action": "not_due",
2026-06-12T14:56:02.2610765+09:00         "taskId": "daily-20260612-r01",
2026-06-12T14:56:02.2640778+09:00         "reason": "jst_hour=14"
2026-06-12T14:56:02.2660826+09:00       },
2026-06-12T14:56:02.2836580+09:00       {
2026-06-12T14:56:02.2856578+09:00         "run_id": "r02",
2026-06-12T14:56:02.2886586+09:00         "action": "skipped_exists",
2026-06-12T14:56:02.2906567+09:00         "taskId": "daily-20260612-r02"
2026-06-12T14:56:02.2926546+09:00       },
2026-06-12T14:56:02.2936588+09:00       {
2026-06-12T14:56:02.2956578+09:00         "run_id": "r03",
2026-06-12T14:56:02.2966587+09:00         "action": "not_due",
2026-06-12T14:56:02.2986583+09:00         "taskId": "daily-20260612-r03",
2026-06-12T14:56:02.2996568+09:00         "reason": "jst_hour=14"
2026-06-12T14:56:02.3015962+09:00       }
2026-06-12T14:56:02.3026046+09:00     ]
2026-06-12T14:56:02.3046396+09:00   },
2026-06-12T14:56:02.3056053+09:00   "reconcile": {
2026-06-12T14:56:02.3066381+09:00     "resetProcessing": 0,
2026-06-12T14:56:02.3086032+09:00     "inserted": 0,
2026-06-12T14:56:02.3096048+09:00     "scanned": 9,
2026-06-12T14:56:02.3116367+09:00     "stale": {
2026-06-12T14:56:02.3126372+09:00       "scanned": 9,
2026-06-12T14:56:02.3146024+09:00       "staleDetected": 0,
2026-06-12T14:56:02.3156030+09:00       "rolledBack": 0,
2026-06-12T14:56:02.3186062+09:00       "skippedCap": 0,
2026-06-12T14:56:02.3206057+09:00       "dryRun": false,
2026-06-12T14:56:02.3216027+09:00       "actions": []
2026-06-12T14:56:02.3236046+09:00     }
2026-06-12T14:56:02.3246047+09:00   },
2026-06-12T14:56:02.3266373+09:00   "dispatch": {
2026-06-12T14:56:02.3276012+09:00     "claimed": 0,
2026-06-12T14:56:02.3296020+09:00     "done": 0,
2026-06-12T14:56:02.3306042+09:00     "failed": 0
2026-06-12T14:56:02.3326049+09:00   },
2026-06-12T14:56:02.3346049+09:00   "step4_poll": {
2026-06-12T14:56:02.3356011+09:00     "scanned": 9,
2026-06-12T14:56:02.3376018+09:00     "awaiting": 0,
2026-06-12T14:56:02.3386014+09:00     "polled": 0,
2026-06-12T14:56:02.3406019+09:00     "picks_applied": 0,
2026-06-12T14:56:02.3416039+09:00     "pick_errors": 0,
2026-06-12T14:56:02.3426009+09:00     "timeouts": 0,
2026-06-12T14:56:02.3446033+09:00     "skipped": 0,
2026-06-12T14:56:02.3456014+09:00     "results": []
2026-06-12T14:56:02.3476039+09:00   },
2026-06-12T14:56:02.3486043+09:00   "step7_retry_poll": {
2026-06-12T14:56:02.3506029+09:00     "scanned": 9,
2026-06-12T14:56:02.3526151+09:00     "eligible": 8,
2026-06-12T14:56:02.3536139+09:00     "polled": 0,
2026-06-12T14:56:02.3556143+09:00     "retries_triggered": 0,
2026-06-12T14:56:02.3566118+09:00     "retry_errors": 0,
2026-06-12T14:56:02.3576115+09:00     "skipped": 0,
2026-06-12T14:56:02.3596126+09:00     "results": []
2026-06-12T14:56:02.3606148+09:00   }
2026-06-12T14:56:02.3626146+09:00 }
2026-06-12T14:56:02.3646184+09:00 OK run-once finished
2026-06-12T15:01:26.2341996+09:00 START dispatch-run-once
2026-06-12T15:01:26.6014008+09:00 
2026-06-12T15:01:26.6034009+09:00 > orchestrator
2026-06-12T15:01:26.6054013+09:00 > tsx src/cli/orchestrator.ts run-once --limit 10
2026-06-12T15:01:26.6073996+09:00 
2026-06-12T15:01:29.3880732+09:00 {
2026-06-12T15:01:29.3910398+09:00   "ensure_daily": {
2026-06-12T15:01:29.3930388+09:00     "runs": [
2026-06-12T15:01:29.3960379+09:00       {
2026-06-12T15:01:29.3980558+09:00         "run_id": "r01",
2026-06-12T15:01:29.4010362+09:00         "action": "not_due",
2026-06-12T15:01:29.4030376+09:00         "taskId": "daily-20260612-r01",
2026-06-12T15:01:29.4050383+09:00         "reason": "jst_hour=15"
2026-06-12T15:01:29.4070376+09:00       },
2026-06-12T15:01:29.4270605+09:00       {
2026-06-12T15:01:29.4300390+09:00         "run_id": "r02",
2026-06-12T15:01:29.4320421+09:00         "action": "skipped_exists",
2026-06-12T15:01:29.4340549+09:00         "taskId": "daily-20260612-r02"
2026-06-12T15:01:29.4360558+09:00       },
2026-06-12T15:01:29.4380544+09:00       {
2026-06-12T15:01:29.4390553+09:00         "run_id": "r03",
2026-06-12T15:01:29.4410528+09:00         "action": "not_due",
2026-06-12T15:01:29.4430576+09:00         "taskId": "daily-20260612-r03",
2026-06-12T15:01:29.4450546+09:00         "reason": "jst_hour=15"
2026-06-12T15:01:29.4460560+09:00       }
2026-06-12T15:01:29.4485651+09:00     ]
2026-06-12T15:01:29.4495769+09:00   },
2026-06-12T15:01:29.4515718+09:00   "reconcile": {
2026-06-12T15:01:29.4525724+09:00     "resetProcessing": 0,
2026-06-12T15:01:29.4545723+09:00     "inserted": 0,
2026-06-12T15:01:29.4555742+09:00     "scanned": 9,
2026-06-12T15:01:29.4575722+09:00     "stale": {
2026-06-12T15:01:29.4595734+09:00       "scanned": 9,
2026-06-12T15:01:29.4615724+09:00       "staleDetected": 0,
2026-06-12T15:01:29.4635724+09:00       "rolledBack": 0,
2026-06-12T15:01:29.4645759+09:00       "skippedCap": 0,
2026-06-12T15:01:29.4665719+09:00       "dryRun": false,
2026-06-12T15:01:29.4685733+09:00       "actions": []
2026-06-12T15:01:29.4695764+09:00     }
2026-06-12T15:01:29.4715751+09:00   },
2026-06-12T15:01:29.4735756+09:00   "dispatch": {
2026-06-12T15:01:29.4755751+09:00     "claimed": 0,
2026-06-12T15:01:29.4775766+09:00     "done": 0,
2026-06-12T15:01:29.4785778+09:00     "failed": 0
2026-06-12T15:01:29.4805756+09:00   },
2026-06-12T15:01:29.4815718+09:00   "step4_poll": {
2026-06-12T15:01:29.4835739+09:00     "scanned": 9,
2026-06-12T15:01:29.4845757+09:00     "awaiting": 0,
2026-06-12T15:01:29.4865733+09:00     "polled": 0,
2026-06-12T15:01:29.4875774+09:00     "picks_applied": 0,
2026-06-12T15:01:29.4895765+09:00     "pick_errors": 0,
2026-06-12T15:01:29.4905783+09:00     "timeouts": 0,
2026-06-12T15:01:29.4925760+09:00     "skipped": 0,
2026-06-12T15:01:29.4935775+09:00     "results": []
2026-06-12T15:01:29.4955735+09:00   },
2026-06-12T15:01:29.4965732+09:00   "step7_retry_poll": {
2026-06-12T15:01:29.4985750+09:00     "scanned": 9,
2026-06-12T15:01:29.4995769+09:00     "eligible": 8,
2026-06-12T15:01:29.5015722+09:00     "polled": 0,
2026-06-12T15:01:29.5025733+09:00     "retries_triggered": 0,
2026-06-12T15:01:29.5045761+09:00     "retry_errors": 0,
2026-06-12T15:01:29.5055774+09:00     "skipped": 0,
2026-06-12T15:01:29.5075766+09:00     "results": []
2026-06-12T15:01:29.5085774+09:00   }
2026-06-12T15:01:29.5105757+09:00 }
2026-06-12T15:01:29.5125763+09:00 OK run-once finished
2026-06-12T15:05:59.1834366+09:00 START dispatch-run-once
2026-06-12T15:05:59.5648029+09:00 
2026-06-12T15:05:59.5668044+09:00 > orchestrator
2026-06-12T15:05:59.5707897+09:00 > tsx src/cli/orchestrator.ts run-once --limit 10
2026-06-12T15:05:59.5727910+09:00 
2026-06-12T15:06:02.4060238+09:00 {
2026-06-12T15:06:02.4090277+09:00   "ensure_daily": {
2026-06-12T15:06:02.4110435+09:00     "runs": [
2026-06-12T15:06:02.4130243+09:00       {
2026-06-12T15:06:02.4150262+09:00         "run_id": "r01",
2026-06-12T15:06:02.4170259+09:00         "action": "not_due",
2026-06-12T15:06:02.4190237+09:00         "taskId": "daily-20260612-r01",
2026-06-12T15:06:02.4210266+09:00         "reason": "jst_hour=15"
2026-06-12T15:06:02.4220268+09:00       },
2026-06-12T15:06:02.4420290+09:00       {
2026-06-12T15:06:02.4450284+09:00         "run_id": "r02",
2026-06-12T15:06:02.4480290+09:00         "action": "skipped_exists",
2026-06-12T15:06:02.4495405+09:00         "taskId": "daily-20260612-r02"
2026-06-12T15:06:02.4515411+09:00       },
2026-06-12T15:06:02.4545403+09:00       {
2026-06-12T15:06:02.4565406+09:00         "run_id": "r03",
2026-06-12T15:06:02.4595446+09:00         "action": "not_due",
2026-06-12T15:06:02.4615439+09:00         "taskId": "daily-20260612-r03",
2026-06-12T15:06:02.4635454+09:00         "reason": "jst_hour=15"
2026-06-12T15:06:02.4655433+09:00       }
2026-06-12T15:06:02.4675449+09:00     ]
2026-06-12T15:06:02.4695391+09:00   },
2026-06-12T15:06:02.4715404+09:00   "reconcile": {
2026-06-12T15:06:02.4735417+09:00     "resetProcessing": 0,
2026-06-12T15:06:02.4765462+09:00     "inserted": 0,
2026-06-12T15:06:02.4785438+09:00     "scanned": 9,
2026-06-12T15:06:02.4795416+09:00     "stale": {
2026-06-12T15:06:02.4815423+09:00       "scanned": 9,
2026-06-12T15:06:02.4835442+09:00       "staleDetected": 0,
2026-06-12T15:06:02.4855436+09:00       "rolledBack": 0,
2026-06-12T15:06:02.4885420+09:00       "skippedCap": 0,
2026-06-12T15:06:02.4905422+09:00       "dryRun": false,
2026-06-12T15:06:02.4925788+09:00       "actions": []
2026-06-12T15:06:02.4955401+09:00     }
2026-06-12T15:06:02.4975431+09:00   },
2026-06-12T15:06:02.4995446+09:00   "dispatch": {
2026-06-12T15:06:02.5015416+09:00     "claimed": 0,
2026-06-12T15:06:02.5035401+09:00     "done": 0,
2026-06-12T15:06:02.5045397+09:00     "failed": 0
2026-06-12T15:06:02.5065397+09:00   },
2026-06-12T15:06:02.5075399+09:00   "step4_poll": {
2026-06-12T15:06:02.5095398+09:00     "scanned": 9,
2026-06-12T15:06:02.5105409+09:00     "awaiting": 0,
2026-06-12T15:06:02.5125396+09:00     "polled": 0,
2026-06-12T15:06:02.5145397+09:00     "picks_applied": 0,
2026-06-12T15:06:02.5155397+09:00     "pick_errors": 0,
2026-06-12T15:06:02.5175396+09:00     "timeouts": 0,
2026-06-12T15:06:02.5185403+09:00     "skipped": 0,
2026-06-12T15:06:02.5205433+09:00     "results": []
2026-06-12T15:06:02.5225433+09:00   },
2026-06-12T15:06:02.5235451+09:00   "step7_retry_poll": {
2026-06-12T15:06:02.5255429+09:00     "scanned": 9,
2026-06-12T15:06:02.5275398+09:00     "eligible": 8,
2026-06-12T15:06:02.5285419+09:00     "polled": 0,
2026-06-12T15:06:02.5305428+09:00     "retries_triggered": 0,
2026-06-12T15:06:02.5325405+09:00     "retry_errors": 0,
2026-06-12T15:06:02.5335480+09:00     "skipped": 0,
2026-06-12T15:06:02.5355499+09:00     "results": []
2026-06-12T15:06:02.5375476+09:00   }
2026-06-12T15:06:02.5385514+09:00 }
2026-06-12T15:06:02.5405489+09:00 OK run-once finished
2026-06-12T15:10:58.8777092+09:00 START dispatch-run-once
2026-06-12T15:10:59.2654069+09:00 
2026-06-12T15:10:59.2684076+09:00 > orchestrator
2026-06-12T15:10:59.2694093+09:00 > tsx src/cli/orchestrator.ts run-once --limit 10
2026-06-12T15:10:59.2714067+09:00 
2026-06-12T15:11:02.0768139+09:00 {
2026-06-12T15:11:02.0798150+09:00   "ensure_daily": {
2026-06-12T15:11:02.0818136+09:00     "runs": [
2026-06-12T15:11:02.0838186+09:00       {
2026-06-12T15:11:02.0858191+09:00         "run_id": "r01",
2026-06-12T15:11:02.0878172+09:00         "action": "not_due",
2026-06-12T15:11:02.0898181+09:00         "taskId": "daily-20260612-r01",
2026-06-12T15:11:02.0918189+09:00         "reason": "jst_hour=15"
2026-06-12T15:11:02.0928181+09:00       },
2026-06-12T15:11:02.1108134+09:00       {
2026-06-12T15:11:02.1128137+09:00         "run_id": "r02",
2026-06-12T15:11:02.1148147+09:00         "action": "skipped_exists",
2026-06-12T15:11:02.1168162+09:00         "taskId": "daily-20260612-r02"
2026-06-12T15:11:02.1178151+09:00       },
2026-06-12T15:11:02.1198163+09:00       {
2026-06-12T15:11:02.1228181+09:00         "run_id": "r03",
2026-06-12T15:11:02.1238282+09:00         "action": "not_due",
2026-06-12T15:11:02.1258269+09:00         "taskId": "daily-20260612-r03",
2026-06-12T15:11:02.1278271+09:00         "reason": "jst_hour=15"
2026-06-12T15:11:02.1288238+09:00       }
2026-06-12T15:11:02.1318252+09:00     ]
2026-06-12T15:11:02.1328246+09:00   },
2026-06-12T15:11:02.1348243+09:00   "reconcile": {
2026-06-12T15:11:02.1358245+09:00     "resetProcessing": 0,
2026-06-12T15:11:02.1383309+09:00     "inserted": 0,
2026-06-12T15:11:02.1393373+09:00     "scanned": 9,
2026-06-12T15:11:02.1413375+09:00     "stale": {
2026-06-12T15:11:02.1423378+09:00       "scanned": 9,
2026-06-12T15:11:02.1443387+09:00       "staleDetected": 0,
2026-06-12T15:11:02.1463380+09:00       "rolledBack": 0,
2026-06-12T15:11:02.1483389+09:00       "skippedCap": 0,
2026-06-12T15:11:02.1503373+09:00       "dryRun": false,
2026-06-12T15:11:02.1513375+09:00       "actions": []
2026-06-12T15:11:02.1533376+09:00     }
2026-06-12T15:11:02.1553378+09:00   },
2026-06-12T15:11:02.1563387+09:00   "dispatch": {
2026-06-12T15:11:02.1583382+09:00     "claimed": 0,
2026-06-12T15:11:02.1593376+09:00     "done": 0,
2026-06-12T15:11:02.1613384+09:00     "failed": 0
2026-06-12T15:11:02.1633386+09:00   },
2026-06-12T15:11:02.1655291+09:00   "step4_poll": {
2026-06-12T15:11:02.1665247+09:00     "scanned": 9,
2026-06-12T15:11:02.1685279+09:00     "awaiting": 0,
2026-06-12T15:11:02.1695271+09:00     "polled": 0,
2026-06-12T15:11:02.1715278+09:00     "picks_applied": 0,
2026-06-12T15:11:02.1725282+09:00     "pick_errors": 0,
2026-06-12T15:11:02.1745292+09:00     "timeouts": 0,
2026-06-12T15:11:02.1755273+09:00     "skipped": 0,
2026-06-12T15:11:02.1775255+09:00     "results": []
2026-06-12T15:11:02.1795261+09:00   },
2026-06-12T15:11:02.1805239+09:00   "step7_retry_poll": {
2026-06-12T15:11:02.1825232+09:00     "scanned": 9,
2026-06-12T15:11:02.1845287+09:00     "eligible": 8,
2026-06-12T15:11:02.1865252+09:00     "polled": 0,
2026-06-12T15:11:02.1875250+09:00     "retries_triggered": 0,
2026-06-12T15:11:02.1895266+09:00     "retry_errors": 0,
2026-06-12T15:11:02.1915256+09:00     "skipped": 0,
2026-06-12T15:11:02.1945256+09:00     "results": []
2026-06-12T15:11:02.1965298+09:00   }
2026-06-12T15:11:02.2065224+09:00 }
2026-06-12T15:11:02.2155255+09:00 OK run-once finished
2026-06-12T15:15:59.8697472+09:00 START dispatch-run-once
2026-06-12T15:16:00.2461084+09:00 
2026-06-12T15:16:00.2481093+09:00 > orchestrator
2026-06-12T15:16:00.2501083+09:00 > tsx src/cli/orchestrator.ts run-once --limit 10
2026-06-12T15:16:00.2521084+09:00 
2026-06-12T15:16:03.0089510+09:00 {
2026-06-12T15:16:03.0119184+09:00   "ensure_daily": {
2026-06-12T15:16:03.0149522+09:00     "runs": [
2026-06-12T15:16:03.0169387+09:00       {
2026-06-12T15:16:03.0189191+09:00         "run_id": "r01",
2026-06-12T15:16:03.0199179+09:00         "action": "not_due",
2026-06-12T15:16:03.0219177+09:00         "taskId": "daily-20260612-r01",
2026-06-12T15:16:03.0239178+09:00         "reason": "jst_hour=15"
2026-06-12T15:16:03.0259178+09:00       },
2026-06-12T15:16:03.0459202+09:00       {
2026-06-12T15:16:03.0489174+09:00         "run_id": "r02",
2026-06-12T15:16:03.0509205+09:00         "action": "skipped_exists",
2026-06-12T15:16:03.0549174+09:00         "taskId": "daily-20260612-r02"
2026-06-12T15:16:03.0569180+09:00       },
2026-06-12T15:16:03.0599186+09:00       {
2026-06-12T15:16:03.0619173+09:00         "run_id": "r03",
2026-06-12T15:16:03.0639178+09:00         "action": "not_due",
2026-06-12T15:16:03.0659174+09:00         "taskId": "daily-20260612-r03",
2026-06-12T15:16:03.0679175+09:00         "reason": "jst_hour=15"
2026-06-12T15:16:03.0699172+09:00       }
2026-06-12T15:16:03.0719178+09:00     ]
2026-06-12T15:16:03.0739194+09:00   },
2026-06-12T15:16:03.0759511+09:00   "reconcile": {
2026-06-12T15:16:03.0779290+09:00     "resetProcessing": 0,
2026-06-12T15:16:03.0799250+09:00     "inserted": 0,
2026-06-12T15:16:03.0819255+09:00     "scanned": 9,
2026-06-12T15:16:03.0839258+09:00     "stale": {
2026-06-12T15:16:03.0849247+09:00       "scanned": 9,
2026-06-12T15:16:03.0869265+09:00       "staleDetected": 0,
2026-06-12T15:16:03.0889283+09:00       "rolledBack": 0,
2026-06-12T15:16:03.0924326+09:00       "skippedCap": 0,
2026-06-12T15:16:03.0944418+09:00       "dryRun": false,
2026-06-12T15:16:03.0954434+09:00       "actions": []
2026-06-12T15:16:03.0984411+09:00     }
2026-06-12T15:16:03.1004401+09:00   },
2026-06-12T15:16:03.1024407+09:00   "dispatch": {
2026-06-12T15:16:03.1034410+09:00     "claimed": 0,
2026-06-12T15:16:03.1054387+09:00     "done": 0,
2026-06-12T15:16:03.1074407+09:00     "failed": 0
2026-06-12T15:16:03.1094402+09:00   },
2026-06-12T15:16:03.1104395+09:00   "step4_poll": {
2026-06-12T15:16:03.1124416+09:00     "scanned": 9,
2026-06-12T15:16:03.1134404+09:00     "awaiting": 0,
2026-06-12T15:16:03.1154401+09:00     "polled": 0,
2026-06-12T15:16:03.1174399+09:00     "picks_applied": 0,
2026-06-12T15:16:03.1184380+09:00     "pick_errors": 0,
2026-06-12T15:16:03.1204389+09:00     "timeouts": 0,
2026-06-12T15:16:03.1224405+09:00     "skipped": 0,
2026-06-12T15:16:03.1244411+09:00     "results": []
2026-06-12T15:16:03.1254382+09:00   },
2026-06-12T15:16:03.1274395+09:00   "step7_retry_poll": {
2026-06-12T15:16:03.1284397+09:00     "scanned": 9,
2026-06-12T15:16:03.1304387+09:00     "eligible": 8,
2026-06-12T15:16:03.1324400+09:00     "polled": 0,
2026-06-12T15:16:03.1334403+09:00     "retries_triggered": 0,
2026-06-12T15:16:03.1354396+09:00     "retry_errors": 0,
2026-06-12T15:16:03.1374397+09:00     "skipped": 0,
2026-06-12T15:16:03.1384397+09:00     "results": []
2026-06-12T15:16:03.1404402+09:00   }
2026-06-12T15:16:03.1424382+09:00 }
2026-06-12T15:16:03.1444391+09:00 OK run-once finished
2026-06-12T15:21:00.1970510+09:00 START dispatch-run-once
2026-06-12T15:21:00.5841294+09:00 
2026-06-12T15:21:00.5861299+09:00 > orchestrator
2026-06-12T15:21:00.5881289+09:00 > tsx src/cli/orchestrator.ts run-once --limit 10
2026-06-12T15:21:00.5901303+09:00 
2026-06-12T15:21:03.5232756+09:00 {
2026-06-12T15:21:03.5252797+09:00   "ensure_daily": {
2026-06-12T15:21:03.5272777+09:00     "runs": [
2026-06-12T15:21:03.5292766+09:00       {
2026-06-12T15:21:03.5312761+09:00         "run_id": "r01",
2026-06-12T15:21:03.5332800+09:00         "action": "not_due",
2026-06-12T15:21:03.5352785+09:00         "taskId": "daily-20260612-r01",
2026-06-12T15:21:03.5372789+09:00         "reason": "jst_hour=15"
2026-06-12T15:21:03.5392789+09:00       },
2026-06-12T15:21:03.5582779+09:00       {
2026-06-12T15:21:03.5612839+09:00         "run_id": "r02",
2026-06-12T15:21:03.5632837+09:00         "action": "skipped_exists",
2026-06-12T15:21:03.5652830+09:00         "taskId": "daily-20260612-r02"
2026-06-12T15:21:03.5682845+09:00       },
2026-06-12T15:21:03.5702849+09:00       {
2026-06-12T15:21:03.5722868+09:00         "run_id": "r03",
2026-06-12T15:21:03.5747900+09:00         "action": "not_due",
2026-06-12T15:21:03.5767962+09:00         "taskId": "daily-20260612-r03",
2026-06-12T15:21:03.5787962+09:00         "reason": "jst_hour=15"
2026-06-12T15:21:03.5818002+09:00       }
2026-06-12T15:21:03.5837969+09:00     ]
2026-06-12T15:21:03.5857967+09:00   },
2026-06-12T15:21:03.5877961+09:00   "reconcile": {
2026-06-12T15:21:03.5908003+09:00     "resetProcessing": 0,
2026-06-12T15:21:03.5928005+09:00     "inserted": 0,
2026-06-12T15:21:03.5948009+09:00     "scanned": 9,
2026-06-12T15:21:03.5967986+09:00     "stale": {
2026-06-12T15:21:03.5977969+09:00       "scanned": 9,
2026-06-12T15:21:03.6007964+09:00       "staleDetected": 0,
2026-06-12T15:21:03.6027996+09:00       "rolledBack": 0,
2026-06-12T15:21:03.6047967+09:00       "skippedCap": 0,
2026-06-12T15:21:03.6067995+09:00       "dryRun": false,
2026-06-12T15:21:03.6087998+09:00       "actions": []
2026-06-12T15:21:03.6117992+09:00     }
2026-06-12T15:21:03.6138013+09:00   },
2026-06-12T15:21:03.6157984+09:00   "dispatch": {
2026-06-12T15:21:03.6187956+09:00     "claimed": 0,
2026-06-12T15:21:03.6207971+09:00     "done": 0,
2026-06-12T15:21:03.6227969+09:00     "failed": 0
2026-06-12T15:21:03.6247990+09:00   },
2026-06-12T15:21:03.6278027+09:00   "step4_poll": {
2026-06-12T15:21:03.6298025+09:00     "scanned": 9,
2026-06-12T15:21:03.6307975+09:00     "awaiting": 0,
2026-06-12T15:21:03.6327969+09:00     "polled": 0,
2026-06-12T15:21:03.6348000+09:00     "picks_applied": 0,
2026-06-12T15:21:03.6368052+09:00     "pick_errors": 0,
2026-06-12T15:21:03.6388057+09:00     "timeouts": 0,
2026-06-12T15:21:03.6398069+09:00     "skipped": 0,
2026-06-12T15:21:03.6418089+09:00     "results": []
2026-06-12T15:21:03.6448058+09:00   },
2026-06-12T15:21:03.6458061+09:00   "step7_retry_poll": {
2026-06-12T15:21:03.6478113+09:00     "scanned": 9,
2026-06-12T15:21:03.6488088+09:00     "eligible": 8,
2026-06-12T15:21:03.6519977+09:00     "polled": 0,
2026-06-12T15:21:03.6535955+09:00     "retries_triggered": 0,
2026-06-12T15:21:03.6551886+09:00     "retry_errors": 0,
2026-06-12T15:21:03.6567714+09:00     "skipped": 0,
2026-06-12T15:21:03.6589736+09:00     "results": []
2026-06-12T15:21:03.6611391+09:00   }
2026-06-12T15:21:03.6626701+09:00 }
2026-06-12T15:21:03.6646722+09:00 OK run-once finished
2026-06-12T15:25:59.0467376+09:00 START dispatch-run-once
2026-06-12T15:25:59.4962128+09:00 
2026-06-12T15:25:59.4992102+09:00 > orchestrator
2026-06-12T15:25:59.5022120+09:00 > tsx src/cli/orchestrator.ts run-once --limit 10
2026-06-12T15:25:59.5042133+09:00 
2026-06-12T15:26:02.4451040+09:00 {
2026-06-12T15:26:02.4471013+09:00   "ensure_daily": {
2026-06-12T15:26:02.4501001+09:00     "runs": [
2026-06-12T15:26:02.4531050+09:00       {
2026-06-12T15:26:02.4551028+09:00         "run_id": "r01",
2026-06-12T15:26:02.4571008+09:00         "action": "not_due",
2026-06-12T15:26:02.4601031+09:00         "taskId": "daily-20260612-r01",
2026-06-12T15:26:02.4621024+09:00         "reason": "jst_hour=15"
2026-06-12T15:26:02.4641021+09:00       },
2026-06-12T15:26:02.4876360+09:00       {
2026-06-12T15:26:02.4896352+09:00         "run_id": "r02",
2026-06-12T15:26:02.4926369+09:00         "action": "skipped_exists",
2026-06-12T15:26:02.4956366+09:00         "taskId": "daily-20260612-r02"
2026-06-12T15:26:02.4976348+09:00       },
2026-06-12T15:26:02.5016386+09:00       {
2026-06-12T15:26:02.5046373+09:00         "run_id": "r03",
2026-06-12T15:26:02.5066356+09:00         "action": "not_due",
2026-06-12T15:26:02.5086338+09:00         "taskId": "daily-20260612-r03",
2026-06-12T15:26:02.5106377+09:00         "reason": "jst_hour=15"
2026-06-12T15:26:02.5126363+09:00       }
2026-06-12T15:26:02.5146354+09:00     ]
2026-06-12T15:26:02.5166353+09:00   },
2026-06-12T15:26:02.5186361+09:00   "reconcile": {
2026-06-12T15:26:02.5206345+09:00     "resetProcessing": 0,
2026-06-12T15:26:02.5226364+09:00     "inserted": 0,
2026-06-12T15:26:02.5246373+09:00     "scanned": 9,
2026-06-12T15:26:02.5266368+09:00     "stale": {
2026-06-12T15:26:02.5286376+09:00       "scanned": 9,
2026-06-12T15:26:02.5306353+09:00       "staleDetected": 0,
2026-06-12T15:26:02.5336376+09:00       "rolledBack": 0,
2026-06-12T15:26:02.5366377+09:00       "skippedCap": 0,
2026-06-12T15:26:02.5386355+09:00       "dryRun": false,
2026-06-12T15:26:02.5406367+09:00       "actions": []
2026-06-12T15:26:02.5426351+09:00     }
2026-06-12T15:26:02.5456356+09:00   },
2026-06-12T15:26:02.5476356+09:00   "dispatch": {
2026-06-12T15:26:02.5496353+09:00     "claimed": 0,
2026-06-12T15:26:02.5516367+09:00     "done": 0,
2026-06-12T15:26:02.5546362+09:00     "failed": 0
2026-06-12T15:26:02.5556366+09:00   },
2026-06-12T15:26:02.5576351+09:00   "step4_poll": {
2026-06-12T15:26:02.5596366+09:00     "scanned": 9,
2026-06-12T15:26:02.5616361+09:00     "awaiting": 0,
2026-06-12T15:26:02.5636354+09:00     "polled": 0,
2026-06-12T15:26:02.5646349+09:00     "picks_applied": 0,
2026-06-12T15:26:02.5666355+09:00     "pick_errors": 0,
2026-06-12T15:26:02.5676350+09:00     "timeouts": 0,
2026-06-12T15:26:02.5696358+09:00     "skipped": 0,
2026-06-12T15:26:02.5716438+09:00     "results": []
2026-06-12T15:26:02.5726429+09:00   },
2026-06-12T15:26:02.5746450+09:00   "step7_retry_poll": {
2026-06-12T15:26:02.5766463+09:00     "scanned": 9,
2026-06-12T15:26:02.5786437+09:00     "eligible": 8,
2026-06-12T15:26:02.5806429+09:00     "polled": 0,
2026-06-12T15:26:02.5816431+09:00     "retries_triggered": 0,
2026-06-12T15:26:02.5836430+09:00     "retry_errors": 0,
2026-06-12T15:26:02.5856454+09:00     "skipped": 0,
2026-06-12T15:26:02.5871617+09:00     "results": []
2026-06-12T15:26:02.5891615+09:00   }
2026-06-12T15:26:02.5901614+09:00 }
2026-06-12T15:26:02.5931624+09:00 OK run-once finished
2026-06-12T15:30:59.7404198+09:00 START dispatch-run-once
2026-06-12T15:31:00.1363741+09:00 
2026-06-12T15:31:00.1393796+09:00 > orchestrator
2026-06-12T15:31:00.1413737+09:00 > tsx src/cli/orchestrator.ts run-once --limit 10
2026-06-12T15:31:00.1433771+09:00 
2026-06-12T15:31:02.9137475+09:00 {
2026-06-12T15:31:02.9167538+09:00   "ensure_daily": {
2026-06-12T15:31:02.9187846+09:00     "runs": [
2026-06-12T15:31:02.9207526+09:00       {
2026-06-12T15:31:02.9237521+09:00         "run_id": "r01",
2026-06-12T15:31:02.9257513+09:00         "action": "not_due",
2026-06-12T15:31:02.9277517+09:00         "taskId": "daily-20260612-r01",
2026-06-12T15:31:02.9297489+09:00         "reason": "jst_hour=15"
2026-06-12T15:31:02.9329415+09:00       },
2026-06-12T15:31:02.9549420+09:00       {
2026-06-12T15:31:02.9569402+09:00         "run_id": "r02",
2026-06-12T15:31:02.9599420+09:00         "action": "skipped_exists",
2026-06-12T15:31:02.9629414+09:00         "taskId": "daily-20260612-r02"
2026-06-12T15:31:02.9649414+09:00       },
2026-06-12T15:31:02.9669409+09:00       {
2026-06-12T15:31:02.9699420+09:00         "run_id": "r03",
2026-06-12T15:31:02.9719412+09:00         "action": "not_due",
2026-06-12T15:31:02.9739404+09:00         "taskId": "daily-20260612-r03",
2026-06-12T15:31:02.9759395+09:00         "reason": "jst_hour=15"
2026-06-12T15:31:02.9779424+09:00       }
2026-06-12T15:31:02.9799413+09:00     ]
2026-06-12T15:31:02.9819422+09:00   },
2026-06-12T15:31:02.9839449+09:00   "reconcile": {
2026-06-12T15:31:02.9849417+09:00     "resetProcessing": 0,
2026-06-12T15:31:02.9869431+09:00     "inserted": 0,
2026-06-12T15:31:02.9889407+09:00     "scanned": 9,
2026-06-12T15:31:02.9909447+09:00     "stale": {
2026-06-12T15:31:02.9929425+09:00       "scanned": 9,
2026-06-12T15:31:02.9949413+09:00       "staleDetected": 0,
2026-06-12T15:31:02.9979422+09:00       "rolledBack": 0,
2026-06-12T15:31:02.9999415+09:00       "skippedCap": 0,
2026-06-12T15:31:03.0019416+09:00       "dryRun": false,
2026-06-12T15:31:03.0039422+09:00       "actions": []
2026-06-12T15:31:03.0059437+09:00     }
2026-06-12T15:31:03.0089433+09:00   },
2026-06-12T15:31:03.0109406+09:00   "dispatch": {
2026-06-12T15:31:03.0129421+09:00     "claimed": 0,
2026-06-12T15:31:03.0149439+09:00     "done": 0,
2026-06-12T15:31:03.0159519+09:00     "failed": 0
2026-06-12T15:31:03.0179523+09:00   },
2026-06-12T15:31:03.0199494+09:00   "step4_poll": {
2026-06-12T15:31:03.0219521+09:00     "scanned": 9,
2026-06-12T15:31:03.0229497+09:00     "awaiting": 0,
2026-06-12T15:31:03.0249503+09:00     "polled": 0,
2026-06-12T15:31:03.0269495+09:00     "picks_applied": 0,
2026-06-12T15:31:03.0289507+09:00     "pick_errors": 0,
2026-06-12T15:31:03.0309521+09:00     "timeouts": 0,
2026-06-12T15:31:03.0321142+09:00     "skipped": 0,
2026-06-12T15:31:03.0341141+09:00     "results": []
2026-06-12T15:31:03.0361151+09:00   },
2026-06-12T15:31:03.0381131+09:00   "step7_retry_poll": {
2026-06-12T15:31:03.0401157+09:00     "scanned": 9,
2026-06-12T15:31:03.0411131+09:00     "eligible": 8,
2026-06-12T15:31:03.0431131+09:00     "polled": 0,
2026-06-12T15:31:03.0451130+09:00     "retries_triggered": 0,
2026-06-12T15:31:03.0461127+09:00     "retry_errors": 0,
2026-06-12T15:31:03.0481130+09:00     "skipped": 0,
2026-06-12T15:31:03.0491115+09:00     "results": []
2026-06-12T15:31:03.0511171+09:00   }
2026-06-12T15:31:03.0521133+09:00 }
2026-06-12T15:31:03.0541146+09:00 OK run-once finished
2026-06-12T15:35:59.2180365+09:00 START dispatch-run-once
2026-06-12T15:35:59.6347100+09:00 
2026-06-12T15:35:59.6367094+09:00 > orchestrator
2026-06-12T15:35:59.6397098+09:00 > tsx src/cli/orchestrator.ts run-once --limit 10
2026-06-12T15:35:59.6407094+09:00 
2026-06-12T15:36:02.4760768+09:00 {
2026-06-12T15:36:02.4780782+09:00   "ensure_daily": {
2026-06-12T15:36:02.4810803+09:00     "runs": [
2026-06-12T15:36:02.4830777+09:00       {
2026-06-12T15:36:02.4850804+09:00         "run_id": "r01",
2026-06-12T15:36:02.4870820+09:00         "action": "not_due",
2026-06-12T15:36:02.4900785+09:00         "taskId": "daily-20260612-r01",
2026-06-12T15:36:02.4920798+09:00         "reason": "jst_hour=15"
2026-06-12T15:36:02.4940810+09:00       },
2026-06-12T15:36:02.5131210+09:00       {
2026-06-12T15:36:02.5161193+09:00         "run_id": "r02",
2026-06-12T15:36:02.5181197+09:00         "action": "skipped_exists",
2026-06-12T15:36:02.5201224+09:00         "taskId": "daily-20260612-r02"
2026-06-12T15:36:02.5226311+09:00       },
2026-06-12T15:36:02.5256395+09:00       {
2026-06-12T15:36:02.5276399+09:00         "run_id": "r03",
2026-06-12T15:36:02.5296407+09:00         "action": "not_due",
2026-06-12T15:36:02.5316412+09:00         "taskId": "daily-20260612-r03",
2026-06-12T15:36:02.5331597+09:00         "reason": "jst_hour=15"
2026-06-12T15:36:02.5354361+09:00       }
2026-06-12T15:36:02.5364360+09:00     ]
2026-06-12T15:36:02.5384346+09:00   },
2026-06-12T15:36:02.5404346+09:00   "reconcile": {
2026-06-12T15:36:02.5424342+09:00     "resetProcessing": 0,
2026-06-12T15:36:02.5434349+09:00     "inserted": 0,
2026-06-12T15:36:02.5454344+09:00     "scanned": 9,
2026-06-12T15:36:02.5464344+09:00     "stale": {
2026-06-12T15:36:02.5484351+09:00       "scanned": 9,
2026-06-12T15:36:02.5504371+09:00       "staleDetected": 0,
2026-06-12T15:36:02.5534363+09:00       "rolledBack": 0,
2026-06-12T15:36:02.5554341+09:00       "skippedCap": 0,
2026-06-12T15:36:02.5574351+09:00       "dryRun": false,
2026-06-12T15:36:02.5584355+09:00       "actions": []
2026-06-12T15:36:02.5604369+09:00     }
2026-06-12T15:36:02.5624344+09:00   },
2026-06-12T15:36:02.5644341+09:00   "dispatch": {
2026-06-12T15:36:02.5654342+09:00     "claimed": 0,
2026-06-12T15:36:02.5674386+09:00     "done": 0,
2026-06-12T15:36:02.5694388+09:00     "failed": 0
2026-06-12T15:36:02.5704412+09:00   },
2026-06-12T15:36:02.5724344+09:00   "step4_poll": {
2026-06-12T15:36:02.5744350+09:00     "scanned": 9,
2026-06-12T15:36:02.5783659+09:00     "awaiting": 0,
2026-06-12T15:36:02.5803655+09:00     "polled": 0,
2026-06-12T15:36:02.5823658+09:00     "picks_applied": 0,
2026-06-12T15:36:02.5833650+09:00     "pick_errors": 0,
2026-06-12T15:36:02.5853666+09:00     "timeouts": 0,
2026-06-12T15:36:02.5873668+09:00     "skipped": 0,
2026-06-12T15:36:02.5893654+09:00     "results": []
2026-06-12T15:36:02.5903638+09:00   },
2026-06-12T15:36:02.5923652+09:00   "step7_retry_poll": {
2026-06-12T15:36:02.5943681+09:00     "scanned": 9,
2026-06-12T15:36:02.5963712+09:00     "eligible": 8,
2026-06-12T15:36:02.5973701+09:00     "polled": 0,
2026-06-12T15:36:02.5993681+09:00     "retries_triggered": 0,
2026-06-12T15:36:02.6013667+09:00     "retry_errors": 0,
2026-06-12T15:36:02.6033661+09:00     "skipped": 0,
2026-06-12T15:36:02.6053681+09:00     "results": []
2026-06-12T15:36:02.6073860+09:00   }
2026-06-12T15:36:02.6093858+09:00 }
2026-06-12T15:36:02.6113795+09:00 OK run-once finished
2026-06-12T15:40:59.4960749+09:00 START dispatch-run-once
2026-06-12T15:40:59.8813438+09:00 
2026-06-12T15:40:59.8833501+09:00 > orchestrator
2026-06-12T15:40:59.8833501+09:00 > tsx src/cli/orchestrator.ts run-once --limit 10
2026-06-12T15:40:59.8833501+09:00 
2026-06-12T15:41:02.6986292+09:00 {
2026-06-12T15:41:02.7020672+09:00   "ensure_daily": {
2026-06-12T15:41:02.7040749+09:00     "runs": [
2026-06-12T15:41:02.7060827+09:00       {
2026-06-12T15:41:02.7070877+09:00         "run_id": "r01",
2026-06-12T15:41:02.7070877+09:00         "action": "not_due",
2026-06-12T15:41:02.7122945+09:00         "taskId": "daily-20260612-r01",
2026-06-12T15:41:02.7155721+09:00         "reason": "jst_hour=15"
2026-06-12T15:41:02.7173098+09:00       },
2026-06-12T15:41:02.7329034+09:00       {
2026-06-12T15:41:02.7383170+09:00         "run_id": "r02",
2026-06-12T15:41:02.7383170+09:00         "action": "skipped_exists",
2026-06-12T15:41:02.7433315+09:00         "taskId": "daily-20260612-r02"
2026-06-12T15:41:02.7433315+09:00       },
2026-06-12T15:41:02.7433315+09:00       {
2026-06-12T15:41:02.7484846+09:00         "run_id": "r03",
2026-06-12T15:41:02.7484846+09:00         "action": "not_due",
2026-06-12T15:41:02.7537890+09:00         "taskId": "daily-20260612-r03",
2026-06-12T15:41:02.7537890+09:00         "reason": "jst_hour=15"
2026-06-12T15:41:02.7537890+09:00       }
2026-06-12T15:41:02.7537890+09:00     ]
2026-06-12T15:41:02.7590024+09:00   },
2026-06-12T15:41:02.7590024+09:00   "reconcile": {
2026-06-12T15:41:02.7590024+09:00     "resetProcessing": 0,
2026-06-12T15:41:02.7643627+09:00     "inserted": 0,
2026-06-12T15:41:02.7643627+09:00     "scanned": 9,
2026-06-12T15:41:02.7673921+09:00     "stale": {
2026-06-12T15:41:02.7673921+09:00       "scanned": 9,
2026-06-12T15:41:02.7693985+09:00       "staleDetected": 0,
2026-06-12T15:41:02.7693985+09:00       "rolledBack": 0,
2026-06-12T15:41:02.7726933+09:00       "skippedCap": 0,
2026-06-12T15:41:02.7744364+09:00       "dryRun": false,
2026-06-12T15:41:02.7764439+09:00       "actions": []
2026-06-12T15:41:02.7784512+09:00     }
2026-06-12T15:41:02.7794564+09:00   },
2026-06-12T15:41:02.7794564+09:00   "dispatch": {
2026-06-12T15:41:02.7794564+09:00     "claimed": 0,
2026-06-12T15:41:02.7848404+09:00     "done": 0,
2026-06-12T15:41:02.7848404+09:00     "failed": 0
2026-06-12T15:41:02.7848404+09:00   },
2026-06-12T15:41:02.7901534+09:00   "step4_poll": {
2026-06-12T15:41:02.7901534+09:00     "scanned": 9,
2026-06-12T15:41:02.7901534+09:00     "awaiting": 0,
2026-06-12T15:41:02.7901534+09:00     "polled": 0,
2026-06-12T15:41:02.7954388+09:00     "picks_applied": 0,
2026-06-12T15:41:02.7954388+09:00     "pick_errors": 0,
2026-06-12T15:41:02.7954388+09:00     "timeouts": 0,
2026-06-12T15:41:02.7954388+09:00     "skipped": 0,
2026-06-12T15:41:02.8006593+09:00     "results": []
2026-06-12T15:41:02.8006593+09:00   },
2026-06-12T15:41:02.8006593+09:00   "step7_retry_poll": {
2026-06-12T15:41:02.8006593+09:00     "scanned": 9,
2026-06-12T15:41:02.8060032+09:00     "eligible": 8,
2026-06-12T15:41:02.8060032+09:00     "polled": 0,
2026-06-12T15:41:02.8060032+09:00     "retries_triggered": 0,
2026-06-12T15:41:02.8111319+09:00     "retry_errors": 0,
2026-06-12T15:41:02.8111319+09:00     "skipped": 0,
2026-06-12T15:41:02.8111319+09:00     "results": []
2026-06-12T15:41:02.8111319+09:00   }
2026-06-12T15:41:02.8163301+09:00 }
2026-06-12T15:41:02.8163301+09:00 OK run-once finished
2026-06-12T15:46:01.1658248+09:00 START dispatch-run-once
2026-06-12T15:46:01.5432463+09:00 
2026-06-12T15:46:01.5452542+09:00 > orchestrator
2026-06-12T15:46:01.5452542+09:00 > tsx src/cli/orchestrator.ts run-once --limit 10
2026-06-12T15:46:01.5483292+09:00 
2026-06-12T15:46:04.4761539+09:00 {
2026-06-12T15:46:04.4821232+09:00   "ensure_daily": {
2026-06-12T15:46:04.4838717+09:00     "runs": [
2026-06-12T15:46:04.4868879+09:00       {
2026-06-12T15:46:04.4888949+09:00         "run_id": "r01",
2026-06-12T15:46:04.4909012+09:00         "action": "not_due",
2026-06-12T15:46:04.4929076+09:00         "taskId": "daily-20260612-r01",
2026-06-12T15:46:04.4949131+09:00         "reason": "jst_hour=15"
2026-06-12T15:46:04.4959191+09:00       },
2026-06-12T15:46:04.5163751+09:00       {
2026-06-12T15:46:04.5163751+09:00         "run_id": "r02",
2026-06-12T15:46:04.5163751+09:00         "action": "skipped_exists",
2026-06-12T15:46:04.5216523+09:00         "taskId": "daily-20260612-r02"
2026-06-12T15:46:04.5216523+09:00       },
2026-06-12T15:46:04.5267876+09:00       {
2026-06-12T15:46:04.5267876+09:00         "run_id": "r03",
2026-06-12T15:46:04.5267876+09:00         "action": "not_due",
2026-06-12T15:46:04.5319997+09:00         "taskId": "daily-20260612-r03",
2026-06-12T15:46:04.5319997+09:00         "reason": "jst_hour=15"
2026-06-12T15:46:04.5370751+09:00       }
2026-06-12T15:46:04.5389698+09:00     ]
2026-06-12T15:46:04.5424824+09:00   },
2026-06-12T15:46:04.5444881+09:00   "reconcile": {
2026-06-12T15:46:04.5444881+09:00     "resetProcessing": 0,
2026-06-12T15:46:04.5475278+09:00     "inserted": 0,
2026-06-12T15:46:04.5475278+09:00     "scanned": 9,
2026-06-12T15:46:04.5526369+09:00     "stale": {
2026-06-12T15:46:04.5526369+09:00       "scanned": 9,
2026-06-12T15:46:04.5526369+09:00       "staleDetected": 0,
2026-06-12T15:46:04.5578061+09:00       "rolledBack": 0,
2026-06-12T15:46:04.5578061+09:00       "skippedCap": 0,
2026-06-12T15:46:04.5632176+09:00       "dryRun": false,
2026-06-12T15:46:04.5632176+09:00       "actions": []
2026-06-12T15:46:04.5632176+09:00     }
2026-06-12T15:46:04.5684140+09:00   },
2026-06-12T15:46:04.5684140+09:00   "dispatch": {
2026-06-12T15:46:04.5684140+09:00     "claimed": 0,
2026-06-12T15:46:04.5735788+09:00     "done": 0,
2026-06-12T15:46:04.5735788+09:00     "failed": 0
2026-06-12T15:46:04.5735788+09:00   },
2026-06-12T15:46:04.5788694+09:00   "step4_poll": {
2026-06-12T15:46:04.5788694+09:00     "scanned": 9,
2026-06-12T15:46:04.5788694+09:00     "awaiting": 0,
2026-06-12T15:46:04.5841981+09:00     "polled": 0,
2026-06-12T15:46:04.5841981+09:00     "picks_applied": 0,
2026-06-12T15:46:04.5870378+09:00     "pick_errors": 0,
2026-06-12T15:46:04.5892589+09:00     "timeouts": 0,
2026-06-12T15:46:04.5892589+09:00     "skipped": 0,
2026-06-12T15:46:04.5892589+09:00     "results": []
2026-06-12T15:46:04.5892589+09:00   },
2026-06-12T15:46:04.5946511+09:00   "step7_retry_poll": {
2026-06-12T15:46:04.5946511+09:00     "scanned": 9,
2026-06-12T15:46:04.5946511+09:00     "eligible": 8,
2026-06-12T15:46:04.5999242+09:00     "polled": 0,
2026-06-12T15:46:04.5999242+09:00     "retries_triggered": 0,
2026-06-12T15:46:04.5999242+09:00     "retry_errors": 0,
2026-06-12T15:46:04.6051524+09:00     "skipped": 0,
2026-06-12T15:46:04.6051524+09:00     "results": []
2026-06-12T15:46:04.6051524+09:00   }
2026-06-12T15:46:04.6101698+09:00 }
2026-06-12T15:46:04.6101698+09:00 OK run-once finished
2026-06-12T15:50:59.6745281+09:00 START dispatch-run-once
2026-06-12T15:51:00.0447323+09:00 
2026-06-12T15:51:00.0499490+09:00 > orchestrator
2026-06-12T15:51:00.0499490+09:00 > tsx src/cli/orchestrator.ts run-once --limit 10
2026-06-12T15:51:00.0499490+09:00 
2026-06-12T15:51:03.5693266+09:00 {
2026-06-12T15:51:03.5747810+09:00   "ensure_daily": {
2026-06-12T15:51:03.5747810+09:00     "runs": [
2026-06-12T15:51:03.5800139+09:00       {
2026-06-12T15:51:03.5800139+09:00         "run_id": "r01",
2026-06-12T15:51:03.5800139+09:00         "action": "not_due",
2026-06-12T15:51:03.5853212+09:00         "taskId": "daily-20260612-r01",
2026-06-12T15:51:03.5853212+09:00         "reason": "jst_hour=15"
2026-06-12T15:51:03.5903900+09:00       },
2026-06-12T15:51:03.6110601+09:00       {
2026-06-12T15:51:03.6130006+09:00         "run_id": "r02",
2026-06-12T15:51:03.6130006+09:00         "action": "skipped_exists",
2026-06-12T15:51:03.6162528+09:00         "taskId": "daily-20260612-r02"
2026-06-12T15:51:03.6162528+09:00       },
2026-06-12T15:51:03.6214202+09:00       {
2026-06-12T15:51:03.6214202+09:00         "run_id": "r03",
2026-06-12T15:51:03.6214202+09:00         "action": "not_due",
2026-06-12T15:51:03.6273640+09:00         "taskId": "daily-20260612-r03",
2026-06-12T15:51:03.6273640+09:00         "reason": "jst_hour=15"
2026-06-12T15:51:03.6273640+09:00       }
2026-06-12T15:51:03.6315749+09:00     ]
2026-06-12T15:51:03.6315749+09:00   },
2026-06-12T15:51:03.6315749+09:00   "reconcile": {
2026-06-12T15:51:03.6315749+09:00     "resetProcessing": 0,
2026-06-12T15:51:03.6365823+09:00     "inserted": 0,
2026-06-12T15:51:03.6365823+09:00     "scanned": 9,
2026-06-12T15:51:03.6365823+09:00     "stale": {
2026-06-12T15:51:03.6417416+09:00       "scanned": 9,
2026-06-12T15:51:03.6417416+09:00       "staleDetected": 0,
2026-06-12T15:51:03.6417416+09:00       "rolledBack": 0,
2026-06-12T15:51:03.6467518+09:00       "skippedCap": 0,
2026-06-12T15:51:03.6467518+09:00       "dryRun": false,
2026-06-12T15:51:03.6467518+09:00       "actions": []
2026-06-12T15:51:03.6467518+09:00     }
2026-06-12T15:51:03.6518154+09:00   },
2026-06-12T15:51:03.6547632+09:00   "dispatch": {
2026-06-12T15:51:03.6570485+09:00     "claimed": 0,
2026-06-12T15:51:03.6570485+09:00     "done": 0,
2026-06-12T15:51:03.6570485+09:00     "failed": 0
2026-06-12T15:51:03.6570485+09:00   },
2026-06-12T15:51:03.6621825+09:00   "step4_poll": {
2026-06-12T15:51:03.6621825+09:00     "scanned": 9,
2026-06-12T15:51:03.6621825+09:00     "awaiting": 0,
2026-06-12T15:51:03.6672095+09:00     "polled": 0,
2026-06-12T15:51:03.6672095+09:00     "picks_applied": 0,
2026-06-12T15:51:03.6672095+09:00     "pick_errors": 0,
2026-06-12T15:51:03.6722615+09:00     "timeouts": 0,
2026-06-12T15:51:03.6722615+09:00     "skipped": 0,
2026-06-12T15:51:03.6722615+09:00     "results": []
2026-06-12T15:51:03.6722615+09:00   },
2026-06-12T15:51:03.6774879+09:00   "step7_retry_poll": {
2026-06-12T15:51:03.6774879+09:00     "scanned": 9,
2026-06-12T15:51:03.6774879+09:00     "eligible": 8,
2026-06-12T15:51:03.6774879+09:00     "polled": 0,
2026-06-12T15:51:03.6829770+09:00     "retries_triggered": 0,
2026-06-12T15:51:03.6829770+09:00     "retry_errors": 0,
2026-06-12T15:51:03.6829770+09:00     "skipped": 0,
2026-06-12T15:51:03.6880348+09:00     "results": []
2026-06-12T15:51:03.6880348+09:00   }
2026-06-12T15:51:03.6880348+09:00 }
2026-06-12T15:51:03.6932129+09:00 OK run-once finished
2026-06-12T15:55:59.5453415+09:00 START dispatch-run-once
2026-06-12T15:55:59.9158120+09:00 
2026-06-12T15:55:59.9158120+09:00 > orchestrator
2026-06-12T15:55:59.9208817+09:00 > tsx src/cli/orchestrator.ts run-once --limit 10
2026-06-12T15:55:59.9208817+09:00 
2026-06-12T15:56:02.7336903+09:00 {
2026-06-12T15:56:02.7363759+09:00   "ensure_daily": {
2026-06-12T15:56:02.7388827+09:00     "runs": [
2026-06-12T15:56:02.7388827+09:00       {
2026-06-12T15:56:02.7439653+09:00         "run_id": "r01",
2026-06-12T15:56:02.7439653+09:00         "action": "not_due",
2026-06-12T15:56:02.7490819+09:00         "taskId": "daily-20260612-r01",
2026-06-12T15:56:02.7490819+09:00         "reason": "jst_hour=15"
2026-06-12T15:56:02.7490819+09:00       },
2026-06-12T15:56:02.7725305+09:00       {
2026-06-12T15:56:02.7745970+09:00         "run_id": "r02",
2026-06-12T15:56:02.7745970+09:00         "action": "skipped_exists",
2026-06-12T15:56:02.7745970+09:00         "taskId": "daily-20260612-r02"
2026-06-12T15:56:02.7796966+09:00       },
2026-06-12T15:56:02.7796966+09:00       {
2026-06-12T15:56:02.7796966+09:00         "run_id": "r03",
2026-06-12T15:56:02.7847370+09:00         "action": "not_due",
2026-06-12T15:56:02.7847370+09:00         "taskId": "daily-20260612-r03",
2026-06-12T15:56:02.7847370+09:00         "reason": "jst_hour=15"
2026-06-12T15:56:02.7898975+09:00       }
2026-06-12T15:56:02.7898975+09:00     ]
2026-06-12T15:56:02.7898975+09:00   },
2026-06-12T15:56:02.7950673+09:00   "reconcile": {
2026-06-12T15:56:02.7950673+09:00     "resetProcessing": 0,
2026-06-12T15:56:02.7950673+09:00     "inserted": 0,
2026-06-12T15:56:02.8001412+09:00     "scanned": 9,
2026-06-12T15:56:02.8001412+09:00     "stale": {
2026-06-12T15:56:02.8001412+09:00       "scanned": 9,
2026-06-12T15:56:02.8001412+09:00       "staleDetected": 0,
2026-06-12T15:56:02.8053366+09:00       "rolledBack": 0,
2026-06-12T15:56:02.8053366+09:00       "skippedCap": 0,
2026-06-12T15:56:02.8053366+09:00       "dryRun": false,
2026-06-12T15:56:02.8106932+09:00       "actions": []
2026-06-12T15:56:02.8106932+09:00     }
2026-06-12T15:56:02.8106932+09:00   },
2026-06-12T15:56:02.8157880+09:00   "dispatch": {
2026-06-12T15:56:02.8157880+09:00     "claimed": 0,
2026-06-12T15:56:02.8157880+09:00     "done": 0,
2026-06-12T15:56:02.8209735+09:00     "failed": 0
2026-06-12T15:56:02.8209735+09:00   },
2026-06-12T15:56:02.8209735+09:00   "step4_poll": {
2026-06-12T15:56:02.8261861+09:00     "scanned": 9,
2026-06-12T15:56:02.8261861+09:00     "awaiting": 0,
2026-06-12T15:56:02.8261861+09:00     "polled": 0,
2026-06-12T15:56:02.8261861+09:00     "picks_applied": 0,
2026-06-12T15:56:02.8316334+09:00     "pick_errors": 0,
2026-06-12T15:56:02.8327871+09:00     "timeouts": 0,
2026-06-12T15:56:02.8327871+09:00     "skipped": 0,
2026-06-12T15:56:02.8367896+09:00     "results": []
2026-06-12T15:56:02.8367896+09:00   },
2026-06-12T15:56:02.8367896+09:00   "step7_retry_poll": {
2026-06-12T15:56:02.8367896+09:00     "scanned": 9,
2026-06-12T15:56:02.8422569+09:00     "eligible": 8,
2026-06-12T15:56:02.8422569+09:00     "polled": 0,
2026-06-12T15:56:02.8422569+09:00     "retries_triggered": 0,
2026-06-12T15:56:02.8422569+09:00     "retry_errors": 0,
2026-06-12T15:56:02.8477172+09:00     "skipped": 0,
2026-06-12T15:56:02.8477172+09:00     "results": []
2026-06-12T15:56:02.8477172+09:00   }
2026-06-12T15:56:02.8532261+09:00 }
2026-06-12T15:56:02.8532261+09:00 OK run-once finished
2026-06-12T16:01:00.5945661+09:00 START dispatch-run-once
2026-06-12T16:01:01.0951042+09:00 
2026-06-12T16:01:01.0971120+09:00 > orchestrator
2026-06-12T16:01:01.0971120+09:00 > tsx src/cli/orchestrator.ts run-once --limit 10
2026-06-12T16:01:01.1005020+09:00 
2026-06-12T16:01:03.8742162+09:00 {
2026-06-12T16:01:03.8810545+09:00   "ensure_daily": {
2026-06-12T16:01:03.8845231+09:00     "runs": [
2026-06-12T16:01:03.8845231+09:00       {
2026-06-12T16:01:03.8897079+09:00         "run_id": "r01",
2026-06-12T16:01:03.8897079+09:00         "action": "not_due",
2026-06-12T16:01:03.8897079+09:00         "taskId": "daily-20260612-r01",
2026-06-12T16:01:03.8950509+09:00         "reason": "jst_hour=16"
2026-06-12T16:01:03.8950509+09:00       },
2026-06-12T16:01:03.9162068+09:00       {
2026-06-12T16:01:03.9182134+09:00         "run_id": "r02",
2026-06-12T16:01:03.9212268+09:00         "action": "not_due",
2026-06-12T16:01:03.9212268+09:00         "taskId": "daily-20260612-r02",
2026-06-12T16:01:03.9236412+09:00         "reason": "jst_hour=16"
2026-06-12T16:01:03.9267255+09:00       },
2026-06-12T16:01:03.9267255+09:00       {
2026-06-12T16:01:03.9267255+09:00         "run_id": "r03",
2026-06-12T16:01:03.9317671+09:00         "action": "not_due",
2026-06-12T16:01:03.9317671+09:00         "taskId": "daily-20260612-r03",
2026-06-12T16:01:03.9317671+09:00         "reason": "jst_hour=16"
2026-06-12T16:01:03.9369356+09:00       }
2026-06-12T16:01:03.9369356+09:00     ]
2026-06-12T16:01:03.9414731+09:00   },
2026-06-12T16:01:03.9414731+09:00   "reconcile": {
2026-06-12T16:01:03.9414731+09:00     "resetProcessing": 0,
2026-06-12T16:01:03.9467014+09:00     "inserted": 0,
2026-06-12T16:01:03.9467014+09:00     "scanned": 9,
2026-06-12T16:01:03.9467014+09:00     "stale": {
2026-06-12T16:01:03.9467014+09:00       "scanned": 9,
2026-06-12T16:01:03.9521725+09:00       "staleDetected": 0,
2026-06-12T16:01:03.9521725+09:00       "rolledBack": 0,
2026-06-12T16:01:03.9521725+09:00       "skippedCap": 0,
2026-06-12T16:01:03.9573525+09:00       "dryRun": false,
2026-06-12T16:01:03.9573525+09:00       "actions": []
2026-06-12T16:01:03.9573525+09:00     }
2026-06-12T16:01:03.9625982+09:00   },
2026-06-12T16:01:03.9625982+09:00   "dispatch": {
2026-06-12T16:01:03.9625982+09:00     "claimed": 0,
2026-06-12T16:01:03.9677776+09:00     "done": 0,
2026-06-12T16:01:03.9677776+09:00     "failed": 0
2026-06-12T16:01:03.9705684+09:00   },
2026-06-12T16:01:03.9723147+09:00   "step4_poll": {
2026-06-12T16:01:03.9723147+09:00     "scanned": 9,
2026-06-12T16:01:03.9723147+09:00     "awaiting": 0,
2026-06-12T16:01:03.9773542+09:00     "polled": 0,
2026-06-12T16:01:03.9773542+09:00     "picks_applied": 0,
2026-06-12T16:01:03.9773542+09:00     "pick_errors": 0,
2026-06-12T16:01:03.9773542+09:00     "timeouts": 0,
2026-06-12T16:01:03.9826498+09:00     "skipped": 0,
2026-06-12T16:01:03.9826498+09:00     "results": []
2026-06-12T16:01:03.9826498+09:00   },
2026-06-12T16:01:03.9878925+09:00   "step7_retry_poll": {
2026-06-12T16:01:03.9878925+09:00     "scanned": 9,
2026-06-12T16:01:03.9878925+09:00     "eligible": 8,
2026-06-12T16:01:03.9878925+09:00     "polled": 0,
2026-06-12T16:01:03.9932336+09:00     "retries_triggered": 0,
2026-06-12T16:01:03.9944235+09:00     "retry_errors": 0,
2026-06-12T16:01:03.9944235+09:00     "skipped": 0,
2026-06-12T16:01:03.9944235+09:00     "results": []
2026-06-12T16:01:03.9983797+09:00   }
2026-06-12T16:01:03.9983797+09:00 }
2026-06-12T16:01:03.9983797+09:00 OK run-once finished
2026-06-12T16:06:00.6925251+09:00 START dispatch-run-once
2026-06-12T16:06:01.0641185+09:00 
2026-06-12T16:06:01.0661262+09:00 > orchestrator
2026-06-12T16:06:01.0661262+09:00 > tsx src/cli/orchestrator.ts run-once --limit 10
2026-06-12T16:06:01.0695490+09:00 
2026-06-12T16:06:03.9539575+09:00 {
2026-06-12T16:06:03.9594445+09:00   "ensure_daily": {
2026-06-12T16:06:03.9624792+09:00     "runs": [
2026-06-12T16:06:03.9624792+09:00       {
2026-06-12T16:06:03.9699730+09:00         "run_id": "r01",
2026-06-12T16:06:03.9719793+09:00         "action": "not_due",
2026-06-12T16:06:03.9729842+09:00         "taskId": "daily-20260612-r01",
2026-06-12T16:06:03.9749894+09:00         "reason": "jst_hour=16"
2026-06-12T16:06:03.9780021+09:00       },
2026-06-12T16:06:03.9933748+09:00       {
2026-06-12T16:06:03.9983907+09:00         "run_id": "r02",
2026-06-12T16:06:03.9983907+09:00         "action": "not_due",
2026-06-12T16:06:04.0034792+09:00         "taskId": "daily-20260612-r02",
2026-06-12T16:06:04.0054864+09:00         "reason": "jst_hour=16"
2026-06-12T16:06:04.0084988+09:00       },
2026-06-12T16:06:04.0084988+09:00       {
2026-06-12T16:06:04.0084988+09:00         "run_id": "r03",
2026-06-12T16:06:04.0084988+09:00         "action": "not_due",
2026-06-12T16:06:04.0139854+09:00         "taskId": "daily-20260612-r03",
2026-06-12T16:06:04.0139854+09:00         "reason": "jst_hour=16"
2026-06-12T16:06:04.0139854+09:00       }
2026-06-12T16:06:04.0191490+09:00     ]
2026-06-12T16:06:04.0191490+09:00   },
2026-06-12T16:06:04.0191490+09:00   "reconcile": {
2026-06-12T16:06:04.0191490+09:00     "resetProcessing": 0,
2026-06-12T16:06:04.0245462+09:00     "inserted": 0,
2026-06-12T16:06:04.0245462+09:00     "scanned": 9,
2026-06-12T16:06:04.0245462+09:00     "stale": {
2026-06-12T16:06:04.0245462+09:00       "scanned": 9,
2026-06-12T16:06:04.0298708+09:00       "staleDetected": 0,
2026-06-12T16:06:04.0298708+09:00       "rolledBack": 0,
2026-06-12T16:06:04.0349077+09:00       "skippedCap": 0,
2026-06-12T16:06:04.0349077+09:00       "dryRun": false,
2026-06-12T16:06:04.0349077+09:00       "actions": []
2026-06-12T16:06:04.0401458+09:00     }
2026-06-12T16:06:04.0401458+09:00   },
2026-06-12T16:06:04.0401458+09:00   "dispatch": {
2026-06-12T16:06:04.0401458+09:00     "claimed": 0,
2026-06-12T16:06:04.0470035+09:00     "done": 0,
2026-06-12T16:06:04.0470035+09:00     "failed": 0
2026-06-12T16:06:04.0470035+09:00   },
2026-06-12T16:06:04.0507526+09:00   "step4_poll": {
2026-06-12T16:06:04.0507526+09:00     "scanned": 9,
2026-06-12T16:06:04.0507526+09:00     "awaiting": 0,
2026-06-12T16:06:04.0507526+09:00     "polled": 0,
2026-06-12T16:06:04.0560729+09:00     "picks_applied": 0,
2026-06-12T16:06:04.0560729+09:00     "pick_errors": 0,
2026-06-12T16:06:04.0560729+09:00     "timeouts": 0,
2026-06-12T16:06:04.0610857+09:00     "skipped": 0,
2026-06-12T16:06:04.0610857+09:00     "results": []
2026-06-12T16:06:04.0610857+09:00   },
2026-06-12T16:06:04.0610857+09:00   "step7_retry_poll": {
2026-06-12T16:06:04.0662034+09:00     "scanned": 9,
2026-06-12T16:06:04.0662034+09:00     "eligible": 8,
2026-06-12T16:06:04.0662034+09:00     "polled": 0,
2026-06-12T16:06:04.0712561+09:00     "retries_triggered": 0,
2026-06-12T16:06:04.0712561+09:00     "retry_errors": 0,
2026-06-12T16:06:04.0712561+09:00     "skipped": 0,
2026-06-12T16:06:04.0712561+09:00     "results": []
2026-06-12T16:06:04.0762681+09:00   }
2026-06-12T16:06:04.0762681+09:00 }
2026-06-12T16:06:04.0762681+09:00 OK run-once finished
2026-06-12T16:11:00.3425098+09:00 START dispatch-run-once
2026-06-12T16:11:00.7166421+09:00 
2026-06-12T16:11:00.7166421+09:00 > orchestrator
2026-06-12T16:11:00.7216761+09:00 > tsx src/cli/orchestrator.ts run-once --limit 10
2026-06-12T16:11:00.7216761+09:00 
2026-06-12T16:11:03.6351324+09:00 {
2026-06-12T16:11:03.6351324+09:00   "ensure_daily": {
2026-06-12T16:11:03.6424648+09:00     "runs": [
2026-06-12T16:11:03.6444706+09:00       {
2026-06-12T16:11:03.6454756+09:00         "run_id": "r01",
2026-06-12T16:11:03.6474803+09:00         "action": "not_due",
2026-06-12T16:11:03.6507181+09:00         "taskId": "daily-20260612-r01",
2026-06-12T16:11:03.6507181+09:00         "reason": "jst_hour=16"
2026-06-12T16:11:03.6507181+09:00       },
2026-06-12T16:11:03.6718897+09:00       {
2026-06-12T16:11:03.6770419+09:00         "run_id": "r02",
2026-06-12T16:11:03.6770419+09:00         "action": "not_due",
2026-06-12T16:11:03.6823794+09:00         "taskId": "daily-20260612-r02",
2026-06-12T16:11:03.6823794+09:00         "reason": "jst_hour=16"
2026-06-12T16:11:03.6823794+09:00       },
2026-06-12T16:11:03.6880492+09:00       {
2026-06-12T16:11:03.6880492+09:00         "run_id": "r03",
2026-06-12T16:11:03.6880492+09:00         "action": "not_due",
2026-06-12T16:11:03.6930061+09:00         "taskId": "daily-20260612-r03",
2026-06-12T16:11:03.6930061+09:00         "reason": "jst_hour=16"
2026-06-12T16:11:03.6930061+09:00       }
2026-06-12T16:11:03.6978270+09:00     ]
2026-06-12T16:11:03.6978270+09:00   },
2026-06-12T16:11:03.6978270+09:00   "reconcile": {
2026-06-12T16:11:03.7028797+09:00     "resetProcessing": 0,
2026-06-12T16:11:03.7028797+09:00     "inserted": 0,
2026-06-12T16:11:03.7028797+09:00     "scanned": 9,
2026-06-12T16:11:03.7078943+09:00     "stale": {
2026-06-12T16:11:03.7078943+09:00       "scanned": 9,
2026-06-12T16:11:03.7078943+09:00       "staleDetected": 0,
2026-06-12T16:11:03.7131371+09:00       "rolledBack": 0,
2026-06-12T16:11:03.7131371+09:00       "skippedCap": 0,
2026-06-12T16:11:03.7131371+09:00       "dryRun": false,
2026-06-12T16:11:03.7184577+09:00       "actions": []
2026-06-12T16:11:03.7184577+09:00     }
2026-06-12T16:11:03.7184577+09:00   },
2026-06-12T16:11:03.7184577+09:00   "dispatch": {
2026-06-12T16:11:03.7237380+09:00     "claimed": 0,
2026-06-12T16:11:03.7237380+09:00     "done": 0,
2026-06-12T16:11:03.7237380+09:00     "failed": 0
2026-06-12T16:11:03.7298659+09:00   },
2026-06-12T16:11:03.7298659+09:00   "step4_poll": {
2026-06-12T16:11:03.7298659+09:00     "scanned": 9,
2026-06-12T16:11:03.7339099+09:00     "awaiting": 0,
2026-06-12T16:11:03.7339099+09:00     "polled": 0,
2026-06-12T16:11:03.7339099+09:00     "picks_applied": 0,
2026-06-12T16:11:03.7339099+09:00     "pick_errors": 0,
2026-06-12T16:11:03.7392441+09:00     "timeouts": 0,
2026-06-12T16:11:03.7392441+09:00     "skipped": 0,
2026-06-12T16:11:03.7392441+09:00     "results": []
2026-06-12T16:11:03.7443630+09:00   },
2026-06-12T16:11:03.7443630+09:00   "step7_retry_poll": {
2026-06-12T16:11:03.7443630+09:00     "scanned": 9,
2026-06-12T16:11:03.7494288+09:00     "eligible": 8,
2026-06-12T16:11:03.7494288+09:00     "polled": 0,
2026-06-12T16:11:03.7494288+09:00     "retries_triggered": 0,
2026-06-12T16:11:03.7494288+09:00     "retry_errors": 0,
2026-06-12T16:11:03.7546666+09:00     "skipped": 0,
2026-06-12T16:11:03.7546666+09:00     "results": []
2026-06-12T16:11:03.7546666+09:00   }
2026-06-12T16:11:03.7546666+09:00 }
2026-06-12T16:11:03.7600749+09:00 OK run-once finished
2026-06-12T16:15:59.9194850+09:00 START dispatch-run-once
2026-06-12T16:16:00.2955054+09:00 
2026-06-12T16:16:00.2985532+09:00 > orchestrator
2026-06-12T16:16:00.2985532+09:00 > tsx src/cli/orchestrator.ts run-once --limit 10
2026-06-12T16:16:00.3036277+09:00 
2026-06-12T16:16:03.0502332+09:00 {
2026-06-12T16:16:03.0555246+09:00   "ensure_daily": {
2026-06-12T16:16:03.0555246+09:00     "runs": [
2026-06-12T16:16:03.0607759+09:00       {
2026-06-12T16:16:03.0607759+09:00         "run_id": "r01",
2026-06-12T16:16:03.0607759+09:00         "action": "not_due",
2026-06-12T16:16:03.0657861+09:00         "taskId": "daily-20260612-r01",
2026-06-12T16:16:03.0657861+09:00         "reason": "jst_hour=16"
2026-06-12T16:16:03.0657861+09:00       },
2026-06-12T16:16:03.0917668+09:00       {
2026-06-12T16:16:03.0917668+09:00         "run_id": "r02",
2026-06-12T16:16:03.0967977+09:00         "action": "not_due",
2026-06-12T16:16:03.0967977+09:00         "taskId": "daily-20260612-r02",
2026-06-12T16:16:03.1021612+09:00         "reason": "jst_hour=16"
2026-06-12T16:16:03.1021612+09:00       },
2026-06-12T16:16:03.1021612+09:00       {
2026-06-12T16:16:03.1073987+09:00         "run_id": "r03",
2026-06-12T16:16:03.1073987+09:00         "action": "not_due",
2026-06-12T16:16:03.1073987+09:00         "taskId": "daily-20260612-r03",
2026-06-12T16:16:03.1125436+09:00         "reason": "jst_hour=16"
2026-06-12T16:16:03.1125436+09:00       }
2026-06-12T16:16:03.1125436+09:00     ]
2026-06-12T16:16:03.1176032+09:00   },
2026-06-12T16:16:03.1176032+09:00   "reconcile": {
2026-06-12T16:16:03.1176032+09:00     "resetProcessing": 0,
2026-06-12T16:16:03.1176032+09:00     "inserted": 0,
2026-06-12T16:16:03.1228148+09:00     "scanned": 9,
2026-06-12T16:16:03.1228148+09:00     "stale": {
2026-06-12T16:16:03.1228148+09:00       "scanned": 9,
2026-06-12T16:16:03.1279870+09:00       "staleDetected": 0,
2026-06-12T16:16:03.1279870+09:00       "rolledBack": 0,
2026-06-12T16:16:03.1299984+09:00       "skippedCap": 0,
2026-06-12T16:16:03.1299984+09:00       "dryRun": false,
2026-06-12T16:16:03.1339001+09:00       "actions": []
2026-06-12T16:16:03.1339001+09:00     }
2026-06-12T16:16:03.1339001+09:00   },
2026-06-12T16:16:03.1385872+09:00   "dispatch": {
2026-06-12T16:16:03.1385872+09:00     "claimed": 0,
2026-06-12T16:16:03.1385872+09:00     "done": 0,
2026-06-12T16:16:03.1440752+09:00     "failed": 0
2026-06-12T16:16:03.1440752+09:00   },
2026-06-12T16:16:03.1470443+09:00   "step4_poll": {
2026-06-12T16:16:03.1470443+09:00     "scanned": 9,
2026-06-12T16:16:03.1493321+09:00     "awaiting": 0,
2026-06-12T16:16:03.1493321+09:00     "polled": 0,
2026-06-12T16:16:03.1493321+09:00     "picks_applied": 0,
2026-06-12T16:16:03.1543807+09:00     "pick_errors": 0,
2026-06-12T16:16:03.1543807+09:00     "timeouts": 0,
2026-06-12T16:16:03.1543807+09:00     "skipped": 0,
2026-06-12T16:16:03.1543807+09:00     "results": []
2026-06-12T16:16:03.1596008+09:00   },
2026-06-12T16:16:03.1596008+09:00   "step7_retry_poll": {
2026-06-12T16:16:03.1596008+09:00     "scanned": 9,
2026-06-12T16:16:03.1596008+09:00     "eligible": 8,
2026-06-12T16:16:03.1646165+09:00     "polled": 0,
2026-06-12T16:16:03.1646165+09:00     "retries_triggered": 0,
2026-06-12T16:16:03.1646165+09:00     "retry_errors": 0,
2026-06-12T16:16:03.1698227+09:00     "skipped": 0,
2026-06-12T16:16:03.1698227+09:00     "results": []
2026-06-12T16:16:03.1698227+09:00   }
2026-06-12T16:16:03.1698227+09:00 }
2026-06-12T16:16:03.1748990+09:00 OK run-once finished
2026-06-12T16:21:00.3771571+09:00 START dispatch-run-once
2026-06-12T16:21:00.9018297+09:00 
2026-06-12T16:21:00.9038272+09:00 > orchestrator
2026-06-12T16:21:00.9062182+09:00 > tsx src/cli/orchestrator.ts run-once --limit 10
2026-06-12T16:21:00.9082160+09:00 
2026-06-12T16:21:03.8909061+09:00 {
2026-06-12T16:21:03.8998234+09:00   "ensure_daily": {
2026-06-12T16:21:03.8998234+09:00     "runs": [
2026-06-12T16:21:03.9055813+09:00       {
2026-06-12T16:21:03.9078300+09:00         "run_id": "r01",
2026-06-12T16:21:03.9078300+09:00         "action": "not_due",
2026-06-12T16:21:03.9139547+09:00         "taskId": "daily-20260612-r01",
2026-06-12T16:21:03.9162360+09:00         "reason": "jst_hour=16"
2026-06-12T16:21:03.9162360+09:00       },
2026-06-12T16:21:03.9411087+09:00       {
2026-06-12T16:21:03.9486445+09:00         "run_id": "r02",
2026-06-12T16:21:03.9496499+09:00         "action": "not_due",
2026-06-12T16:21:03.9556161+09:00         "taskId": "daily-20260612-r02",
2026-06-12T16:21:03.9579896+09:00         "reason": "jst_hour=16"
2026-06-12T16:21:03.9620618+09:00       },
2026-06-12T16:21:03.9643174+09:00       {
2026-06-12T16:21:03.9663227+09:00         "run_id": "r03",
2026-06-12T16:21:03.9663227+09:00         "action": "not_due",
2026-06-12T16:21:03.9726753+09:00         "taskId": "daily-20260612-r03",
2026-06-12T16:21:03.9746766+09:00         "reason": "jst_hour=16"
2026-06-12T16:21:03.9746766+09:00       }
2026-06-12T16:21:03.9819347+09:00     ]
2026-06-12T16:21:03.9829365+09:00   },
2026-06-12T16:21:03.9861800+09:00   "reconcile": {
2026-06-12T16:21:03.9911712+09:00     "resetProcessing": 0,
2026-06-12T16:21:03.9911712+09:00     "inserted": 0,
2026-06-12T16:21:03.9961876+09:00     "scanned": 9,
2026-06-12T16:21:03.9995724+09:00     "stale": {
2026-06-12T16:21:03.9995724+09:00       "scanned": 9,
2026-06-12T16:21:04.0046651+09:00       "staleDetected": 0,
2026-06-12T16:21:04.0079055+09:00       "rolledBack": 0,
2026-06-12T16:21:04.0079055+09:00       "skippedCap": 0,
2026-06-12T16:21:04.0142634+09:00       "dryRun": false,
2026-06-12T16:21:04.0162653+09:00       "actions": []
2026-06-12T16:21:04.0162653+09:00     }
2026-06-12T16:21:04.0224448+09:00   },
2026-06-12T16:21:04.0245465+09:00   "dispatch": {
2026-06-12T16:21:04.0245465+09:00     "claimed": 0,
2026-06-12T16:21:04.0245465+09:00     "done": 0,
2026-06-12T16:21:04.0318781+09:00     "failed": 0
2026-06-12T16:21:04.0328775+09:00   },
2026-06-12T16:21:04.0328775+09:00   "step4_poll": {
2026-06-12T16:21:04.0390828+09:00     "scanned": 9,
2026-06-12T16:21:04.0410838+09:00     "awaiting": 0,
2026-06-12T16:21:04.0410838+09:00     "polled": 0,
2026-06-12T16:21:04.0462146+09:00     "picks_applied": 0,
2026-06-12T16:21:04.0484983+09:00     "pick_errors": 0,
2026-06-12T16:21:04.0495032+09:00     "timeouts": 0,
2026-06-12T16:21:04.0495032+09:00     "skipped": 0,
2026-06-12T16:21:04.0555585+09:00     "results": []
2026-06-12T16:21:04.0575897+09:00   },
2026-06-12T16:21:04.0585989+09:00   "step7_retry_poll": {
2026-06-12T16:21:04.0585989+09:00     "scanned": 9,
2026-06-12T16:21:04.0639513+09:00     "eligible": 8,
2026-06-12T16:21:04.0669805+09:00     "polled": 0,
2026-06-12T16:21:04.0689869+09:00     "retries_triggered": 0,
2026-06-12T16:21:04.0699876+09:00     "retry_errors": 0,
2026-06-12T16:21:04.0728720+09:00     "skipped": 0,
2026-06-12T16:21:04.0748735+09:00     "results": []
2026-06-12T16:21:04.0758698+09:00   }
2026-06-12T16:21:04.0778708+09:00 }
2026-06-12T16:21:04.0811399+09:00 OK run-once finished
2026-06-12T16:26:00.0589969+09:00 START dispatch-run-once
2026-06-12T16:26:00.4597477+09:00 
2026-06-12T16:26:00.4617551+09:00 > orchestrator
2026-06-12T16:26:00.4655251+09:00 > tsx src/cli/orchestrator.ts run-once --limit 10
2026-06-12T16:26:00.4655251+09:00 
2026-06-12T16:26:03.7171895+09:00 {
2026-06-12T16:26:03.7211901+09:00   "ensure_daily": {
2026-06-12T16:26:03.7247230+09:00     "runs": [
2026-06-12T16:26:03.7277229+09:00       {
2026-06-12T16:26:03.7307226+09:00         "run_id": "r01",
2026-06-12T16:26:03.7338905+09:00         "action": "not_due",
2026-06-12T16:26:03.7368878+09:00         "taskId": "daily-20260612-r01",
2026-06-12T16:26:03.7402323+09:00         "reason": "jst_hour=16"
2026-06-12T16:26:03.7432324+09:00       },
2026-06-12T16:26:03.7694287+09:00       {
2026-06-12T16:26:03.7724287+09:00         "run_id": "r02",
2026-06-12T16:26:03.7745624+09:00         "action": "not_due",
2026-06-12T16:26:03.7775635+09:00         "taskId": "daily-20260612-r02",
2026-06-12T16:26:03.7805619+09:00         "reason": "jst_hour=16"
2026-06-12T16:26:03.7838662+09:00       },
2026-06-12T16:26:03.7858684+09:00       {
2026-06-12T16:26:03.7878688+09:00         "run_id": "r03",
2026-06-12T16:26:03.7911851+09:00         "action": "not_due",
2026-06-12T16:26:03.7931868+09:00         "taskId": "daily-20260612-r03",
2026-06-12T16:26:03.7961935+09:00         "reason": "jst_hour=16"
2026-06-12T16:26:03.7985213+09:00       }
2026-06-12T16:26:03.8005209+09:00     ]
2026-06-12T16:26:03.8035231+09:00   },
2026-06-12T16:26:03.8055252+09:00   "reconcile": {
2026-06-12T16:26:03.8078777+09:00     "resetProcessing": 0,
2026-06-12T16:26:03.8098773+09:00     "inserted": 0,
2026-06-12T16:26:03.8118761+09:00     "scanned": 9,
2026-06-12T16:26:03.8138777+09:00     "stale": {
2026-06-12T16:26:03.8161964+09:00       "scanned": 9,
2026-06-12T16:26:03.8181931+09:00       "staleDetected": 0,
2026-06-12T16:26:03.8201922+09:00       "rolledBack": 0,
2026-06-12T16:26:03.8221973+09:00       "skippedCap": 0,
2026-06-12T16:26:03.8245227+09:00       "dryRun": false,
2026-06-12T16:26:03.8277056+09:00       "actions": []
2026-06-12T16:26:03.8299159+09:00     }
2026-06-12T16:26:03.8318665+09:00   },
2026-06-12T16:26:03.8338804+09:00   "dispatch": {
2026-06-12T16:26:03.8358792+09:00     "claimed": 0,
2026-06-12T16:26:03.8368755+09:00     "done": 0,
2026-06-12T16:26:03.8388765+09:00     "failed": 0
2026-06-12T16:26:03.8412409+09:00   },
2026-06-12T16:26:03.8432418+09:00   "step4_poll": {
2026-06-12T16:26:03.8452428+09:00     "scanned": 9,
2026-06-12T16:26:03.8462480+09:00     "awaiting": 0,
2026-06-12T16:26:03.8482540+09:00     "polled": 0,
2026-06-12T16:26:03.8505421+09:00     "picks_applied": 0,
2026-06-12T16:26:03.8525435+09:00     "pick_errors": 0,
2026-06-12T16:26:03.8535429+09:00     "timeouts": 0,
2026-06-12T16:26:03.8565435+09:00     "skipped": 0,
2026-06-12T16:26:03.8578559+09:00     "results": []
2026-06-12T16:26:03.8598575+09:00   },
2026-06-12T16:26:03.8623687+09:00   "step7_retry_poll": {
2026-06-12T16:26:03.8643790+09:00     "scanned": 9,
2026-06-12T16:26:03.8664044+09:00     "eligible": 8,
2026-06-12T16:26:03.8673989+09:00     "polled": 0,
2026-06-12T16:26:03.8694002+09:00     "retries_triggered": 0,
2026-06-12T16:26:03.8714021+09:00     "retry_errors": 0,
2026-06-12T16:26:03.8735575+09:00     "skipped": 0,
2026-06-12T16:26:03.8755646+09:00     "results": []
2026-06-12T16:26:03.8775663+09:00   }
2026-06-12T16:26:03.8795655+09:00 }
2026-06-12T16:26:03.8815655+09:00 OK run-once finished
2026-06-12T16:31:00.4390003+09:00 START dispatch-run-once
2026-06-12T16:31:00.8278319+09:00 
2026-06-12T16:31:00.8314367+09:00 > orchestrator
2026-06-12T16:31:00.8338272+09:00 > tsx src/cli/orchestrator.ts run-once --limit 10
2026-06-12T16:31:00.8347407+09:00 
2026-06-12T16:31:03.6914778+09:00 {
2026-06-12T16:31:03.6957462+09:00   "ensure_daily": {
2026-06-12T16:31:03.7030170+09:00     "runs": [
2026-06-12T16:31:03.7081759+09:00       {
2026-06-12T16:31:03.7097923+09:00         "run_id": "r01",
2026-06-12T16:31:03.7097923+09:00         "action": "not_due",
2026-06-12T16:31:03.7097923+09:00         "taskId": "daily-20260612-r01",
2026-06-12T16:31:03.7150684+09:00         "reason": "jst_hour=16"
2026-06-12T16:31:03.7181133+09:00       },
2026-06-12T16:31:03.7372104+09:00       {
2026-06-12T16:31:03.7392167+09:00         "run_id": "r02",
2026-06-12T16:31:03.7420998+09:00         "action": "not_due",
2026-06-12T16:31:03.7434943+09:00         "taskId": "daily-20260612-r02",
2026-06-12T16:31:03.7434943+09:00         "reason": "jst_hour=16"
2026-06-12T16:31:03.7481862+09:00       },
2026-06-12T16:31:03.7515146+09:00       {
2026-06-12T16:31:03.7537270+09:00         "run_id": "r03",
2026-06-12T16:31:03.7537270+09:00         "action": "not_due",
2026-06-12T16:31:03.7587558+09:00         "taskId": "daily-20260612-r03",
2026-06-12T16:31:03.7601209+09:00         "reason": "jst_hour=16"
2026-06-12T16:31:03.7601209+09:00       }
2026-06-12T16:31:03.7652372+09:00     ]
2026-06-12T16:31:03.7670771+09:00   },
2026-06-12T16:31:03.7680619+09:00   "reconcile": {
2026-06-12T16:31:03.7701037+09:00     "resetProcessing": 0,
2026-06-12T16:31:03.7731106+09:00     "inserted": 0,
2026-06-12T16:31:03.7731106+09:00     "scanned": 9,
2026-06-12T16:31:03.7764198+09:00     "stale": {
2026-06-12T16:31:03.7764198+09:00       "scanned": 9,
2026-06-12T16:31:03.7807367+09:00       "staleDetected": 0,
2026-06-12T16:31:03.7837701+09:00       "rolledBack": 0,
2026-06-12T16:31:03.7851941+09:00       "skippedCap": 0,
2026-06-12T16:31:03.7851941+09:00       "dryRun": false,
2026-06-12T16:31:03.7899231+09:00       "actions": []
2026-06-12T16:31:03.7921091+09:00     }
2026-06-12T16:31:03.7930615+09:00   },
2026-06-12T16:31:03.7930615+09:00   "dispatch": {
2026-06-12T16:31:03.7930615+09:00     "claimed": 0,
2026-06-12T16:31:03.7985023+09:00     "done": 0,
2026-06-12T16:31:03.8014099+09:00     "failed": 0
2026-06-12T16:31:03.8014099+09:00   },
2026-06-12T16:31:03.8014099+09:00   "step4_poll": {
2026-06-12T16:31:03.8064962+09:00     "scanned": 9,
2026-06-12T16:31:03.8087678+09:00     "awaiting": 0,
2026-06-12T16:31:03.8097169+09:00     "polled": 0,
2026-06-12T16:31:03.8097169+09:00     "picks_applied": 0,
2026-06-12T16:31:03.8097169+09:00     "pick_errors": 0,
2026-06-12T16:31:03.8148249+09:00     "timeouts": 0,
2026-06-12T16:31:03.8170803+09:00     "skipped": 0,
2026-06-12T16:31:03.8180732+09:00     "results": []
2026-06-12T16:31:03.8180732+09:00   },
2026-06-12T16:31:03.8223179+09:00   "step7_retry_poll": {
2026-06-12T16:31:03.8223179+09:00     "scanned": 9,
2026-06-12T16:31:03.8263874+09:00     "eligible": 8,
2026-06-12T16:31:03.8263874+09:00     "polled": 0,
2026-06-12T16:31:03.8263874+09:00     "retries_triggered": 0,
2026-06-12T16:31:03.8315074+09:00     "retry_errors": 0,
2026-06-12T16:31:03.8315074+09:00     "skipped": 0,
2026-06-12T16:31:03.8347262+09:00     "results": []
2026-06-12T16:31:03.8347262+09:00   }
2026-06-12T16:31:03.8347262+09:00 }
2026-06-12T16:31:03.8392573+09:00 OK run-once finished
2026-06-12T16:36:00.0010511+09:00 START dispatch-run-once
2026-06-12T16:36:00.4376386+09:00 
2026-06-12T16:36:00.4386406+09:00 > orchestrator
2026-06-12T16:36:00.4386406+09:00 > tsx src/cli/orchestrator.ts run-once --limit 10
2026-06-12T16:36:00.4439144+09:00 
2026-06-12T16:36:03.2789455+09:00 {
2026-06-12T16:36:03.2789455+09:00   "ensure_daily": {
2026-06-12T16:36:03.2840512+09:00     "runs": [
2026-06-12T16:36:03.2864403+09:00       {
2026-06-12T16:36:03.2879653+09:00         "run_id": "r01",
2026-06-12T16:36:03.2879653+09:00         "action": "not_due",
2026-06-12T16:36:03.2879653+09:00         "taskId": "daily-20260612-r01",
2026-06-12T16:36:03.2942517+09:00         "reason": "jst_hour=16"
2026-06-12T16:36:03.2957279+09:00       },
2026-06-12T16:36:03.3124574+09:00       {
2026-06-12T16:36:03.3174853+09:00         "run_id": "r02",
2026-06-12T16:36:03.3198688+09:00         "action": "not_due",
2026-06-12T16:36:03.3212777+09:00         "taskId": "daily-20260612-r02",
2026-06-12T16:36:03.3212777+09:00         "reason": "jst_hour=16"
2026-06-12T16:36:03.3272942+09:00       },
2026-06-12T16:36:03.3302444+09:00       {
2026-06-12T16:36:03.3302444+09:00         "run_id": "r03",
2026-06-12T16:36:03.3302444+09:00         "action": "not_due",
2026-06-12T16:36:03.3364754+09:00         "taskId": "daily-20260612-r03",
2026-06-12T16:36:03.3375327+09:00         "reason": "jst_hour=16"
2026-06-12T16:36:03.3375327+09:00       }
2026-06-12T16:36:03.3439285+09:00     ]
2026-06-12T16:36:03.3458132+09:00   },
2026-06-12T16:36:03.3458132+09:00   "reconcile": {
2026-06-12T16:36:03.3458132+09:00     "resetProcessing": 0,
2026-06-12T16:36:03.3523156+09:00     "inserted": 0,
2026-06-12T16:36:03.3545854+09:00     "scanned": 9,
2026-06-12T16:36:03.3551846+09:00     "stale": {
2026-06-12T16:36:03.3551846+09:00       "scanned": 9,
2026-06-12T16:36:03.3619327+09:00       "staleDetected": 0,
2026-06-12T16:36:03.3636263+09:00       "rolledBack": 0,
2026-06-12T16:36:03.3636263+09:00       "skippedCap": 0,
2026-06-12T16:36:03.3692911+09:00       "dryRun": false,
2026-06-12T16:36:03.3716250+09:00       "actions": []
2026-06-12T16:36:03.3716250+09:00     }
2026-06-12T16:36:03.3716250+09:00   },
2026-06-12T16:36:03.3783292+09:00   "dispatch": {
2026-06-12T16:36:03.3793763+09:00     "claimed": 0,
2026-06-12T16:36:03.3793763+09:00     "done": 0,
2026-06-12T16:36:03.3793763+09:00     "failed": 0
2026-06-12T16:36:03.3855967+09:00   },
2026-06-12T16:36:03.3873651+09:00   "step4_poll": {
2026-06-12T16:36:03.3873651+09:00     "scanned": 9,
2026-06-12T16:36:03.3873651+09:00     "awaiting": 0,
2026-06-12T16:36:03.3924274+09:00     "polled": 0,
2026-06-12T16:36:03.3947366+09:00     "picks_applied": 0,
2026-06-12T16:36:03.3957822+09:00     "pick_errors": 0,
2026-06-12T16:36:03.3957822+09:00     "timeouts": 0,
2026-06-12T16:36:03.3957822+09:00     "skipped": 0,
2026-06-12T16:36:03.4012732+09:00     "results": []
2026-06-12T16:36:03.4041957+09:00   },
2026-06-12T16:36:03.4057227+09:00   "step7_retry_poll": {
2026-06-12T16:36:03.4077225+09:00     "scanned": 9,
2026-06-12T16:36:03.4097242+09:00     "eligible": 8,
2026-06-12T16:36:03.4115432+09:00     "polled": 0,
2026-06-12T16:36:03.4137664+09:00     "retries_triggered": 0,
2026-06-12T16:36:03.4147705+09:00     "retry_errors": 0,
2026-06-12T16:36:03.4167679+09:00     "skipped": 0,
2026-06-12T16:36:03.4177711+09:00     "results": []
2026-06-12T16:36:03.4205651+09:00   }
2026-06-12T16:36:03.4208985+09:00 }
2026-06-12T16:36:03.4208985+09:00 OK run-once finished
2026-06-12T16:41:00.4476578+09:00 START dispatch-run-once
2026-06-12T16:41:00.8435757+09:00 
2026-06-12T16:41:00.8458421+09:00 > orchestrator
2026-06-12T16:41:00.8468521+09:00 > tsx src/cli/orchestrator.ts run-once --limit 10
2026-06-12T16:41:00.8468521+09:00 
2026-06-12T16:41:03.6580847+09:00 {
2026-06-12T16:41:03.6698234+09:00   "ensure_daily": {
2026-06-12T16:41:03.6730609+09:00     "runs": [
2026-06-12T16:41:03.6791679+09:00       {
2026-06-12T16:41:03.6801829+09:00         "run_id": "r01",
2026-06-12T16:41:03.6801829+09:00         "action": "not_due",
2026-06-12T16:41:03.6853263+09:00         "taskId": "daily-20260612-r01",
2026-06-12T16:41:03.6884776+09:00         "reason": "jst_hour=16"
2026-06-12T16:41:03.6884776+09:00       },
2026-06-12T16:41:03.7102884+09:00       {
2026-06-12T16:41:03.7124583+09:00         "run_id": "r02",
2026-06-12T16:41:03.7134815+09:00         "action": "not_due",
2026-06-12T16:41:03.7134815+09:00         "taskId": "daily-20260612-r02",
2026-06-12T16:41:03.7185829+09:00         "reason": "jst_hour=16"
2026-06-12T16:41:03.7219946+09:00       },
2026-06-12T16:41:03.7219946+09:00       {
2026-06-12T16:41:03.7260603+09:00         "run_id": "r03",
2026-06-12T16:41:03.7274969+09:00         "action": "not_due",
2026-06-12T16:41:03.7301393+09:00         "taskId": "daily-20260612-r03",
2026-06-12T16:41:03.7313218+09:00         "reason": "jst_hour=16"
2026-06-12T16:41:03.7313218+09:00       }
2026-06-12T16:41:03.7353641+09:00     ]
2026-06-12T16:41:03.7374826+09:00   },
2026-06-12T16:41:03.7384901+09:00   "reconcile": {
2026-06-12T16:41:03.7384901+09:00     "resetProcessing": 0,
2026-06-12T16:41:03.7384901+09:00     "inserted": 0,
2026-06-12T16:41:03.7435956+09:00     "scanned": 9,
2026-06-12T16:41:03.7435956+09:00     "stale": {
2026-06-12T16:41:03.7467491+09:00       "scanned": 9,
2026-06-12T16:41:03.7497993+09:00       "staleDetected": 0,
2026-06-12T16:41:03.7518079+09:00       "rolledBack": 0,
2026-06-12T16:41:03.7541103+09:00       "skippedCap": 0,
2026-06-12T16:41:03.7550967+09:00       "dryRun": false,
2026-06-12T16:41:03.7550967+09:00       "actions": []
2026-06-12T16:41:03.7550967+09:00     }
2026-06-12T16:41:03.7603666+09:00   },
2026-06-12T16:41:03.7624028+09:00   "dispatch": {
2026-06-12T16:41:03.7634051+09:00     "claimed": 0,
2026-06-12T16:41:03.7634051+09:00     "done": 0,
2026-06-12T16:41:03.7676297+09:00     "failed": 0
2026-06-12T16:41:03.7676297+09:00   },
2026-06-12T16:41:03.7676297+09:00   "step4_poll": {
2026-06-12T16:41:03.7717320+09:00     "scanned": 9,
2026-06-12T16:41:03.7733189+09:00     "awaiting": 0,
2026-06-12T16:41:03.7733189+09:00     "polled": 0,
2026-06-12T16:41:03.7733189+09:00     "picks_applied": 0,
2026-06-12T16:41:03.7769190+09:00     "pick_errors": 0,
2026-06-12T16:41:03.7800285+09:00     "timeouts": 0,
2026-06-12T16:41:03.7800285+09:00     "skipped": 0,
2026-06-12T16:41:03.7800285+09:00     "results": []
2026-06-12T16:41:03.7800285+09:00   },
2026-06-12T16:41:03.7854671+09:00   "step7_retry_poll": {
2026-06-12T16:41:03.7854671+09:00     "scanned": 9,
2026-06-12T16:41:03.7884155+09:00     "eligible": 8,
2026-06-12T16:41:03.7884155+09:00     "polled": 0,
2026-06-12T16:41:03.7884155+09:00     "retries_triggered": 0,
2026-06-12T16:41:03.7884155+09:00     "retry_errors": 0,
2026-06-12T16:41:03.7937851+09:00     "skipped": 0,
2026-06-12T16:41:03.7957498+09:00     "results": []
2026-06-12T16:41:03.7966827+09:00   }
2026-06-12T16:41:03.7966827+09:00 }
2026-06-12T16:41:03.7966827+09:00 OK run-once finished
2026-06-12T16:45:59.7134513+09:00 START dispatch-run-once
2026-06-12T16:46:00.1329927+09:00 
2026-06-12T16:46:00.1349942+09:00 > orchestrator
2026-06-12T16:46:00.1381304+09:00 > tsx src/cli/orchestrator.ts run-once --limit 10
2026-06-12T16:46:00.1403424+09:00 
2026-06-12T16:46:03.0891500+09:00 {
2026-06-12T16:46:03.0931501+09:00   "ensure_daily": {
2026-06-12T16:46:03.0971467+09:00     "runs": [
2026-06-12T16:46:03.1003933+09:00       {
2026-06-12T16:46:03.1023922+09:00         "run_id": "r01",
2026-06-12T16:46:03.1053930+09:00         "action": "not_due",
2026-06-12T16:46:03.1079047+09:00         "taskId": "daily-20260612-r01",
2026-06-12T16:46:03.1109153+09:00         "reason": "jst_hour=16"
2026-06-12T16:46:03.1129111+09:00       },
2026-06-12T16:46:03.1362878+09:00       {
2026-06-12T16:46:03.1384442+09:00         "run_id": "r02",
2026-06-12T16:46:03.1404475+09:00         "action": "not_due",
2026-06-12T16:46:03.1434466+09:00         "taskId": "daily-20260612-r02",
2026-06-12T16:46:03.1464476+09:00         "reason": "jst_hour=16"
2026-06-12T16:46:03.1486262+09:00       },
2026-06-12T16:46:03.1506683+09:00       {
2026-06-12T16:46:03.1526740+09:00         "run_id": "r03",
2026-06-12T16:46:03.1546741+09:00         "action": "not_due",
2026-06-12T16:46:03.1556753+09:00         "taskId": "daily-20260612-r03",
2026-06-12T16:46:03.1581908+09:00         "reason": "jst_hour=16"
2026-06-12T16:46:03.1601909+09:00       }
2026-06-12T16:46:03.1621917+09:00     ]
2026-06-12T16:46:03.1641918+09:00   },
2026-06-12T16:46:03.1662736+09:00   "reconcile": {
2026-06-12T16:46:03.1672738+09:00     "resetProcessing": 0,
2026-06-12T16:46:03.1685200+09:00     "inserted": 0,
2026-06-12T16:46:03.1705161+09:00     "scanned": 9,
2026-06-12T16:46:03.1715176+09:00     "stale": {
2026-06-12T16:46:03.1745219+09:00       "scanned": 9,
2026-06-12T16:46:03.1770281+09:00       "staleDetected": 0,
2026-06-12T16:46:03.1790367+09:00       "rolledBack": 0,
2026-06-12T16:46:03.1820440+09:00       "skippedCap": 0,
2026-06-12T16:46:03.1840437+09:00       "dryRun": false,
2026-06-12T16:46:03.1860576+09:00       "actions": []
2026-06-12T16:46:03.1870995+09:00     }
2026-06-12T16:46:03.1891339+09:00   },
2026-06-12T16:46:03.1912898+09:00   "dispatch": {
2026-06-12T16:46:03.1932922+09:00     "claimed": 0,
2026-06-12T16:46:03.1953247+09:00     "done": 0,
2026-06-12T16:46:03.1973234+09:00     "failed": 0
2026-06-12T16:46:03.1995112+09:00   },
2026-06-12T16:46:03.2005091+09:00   "step4_poll": {
2026-06-12T16:46:03.2024782+09:00     "scanned": 9,
2026-06-12T16:46:03.2034776+09:00     "awaiting": 0,
2026-06-12T16:46:03.2054775+09:00     "polled": 0,
2026-06-12T16:46:03.2070684+09:00     "picks_applied": 0,
2026-06-12T16:46:03.2090773+09:00     "pick_errors": 0,
2026-06-12T16:46:03.2110858+09:00     "timeouts": 0,
2026-06-12T16:46:03.2130850+09:00     "skipped": 0,
2026-06-12T16:46:03.2152496+09:00     "results": []
2026-06-12T16:46:03.2162494+09:00   },
2026-06-12T16:46:03.2172489+09:00   "step7_retry_poll": {
2026-06-12T16:46:03.2194720+09:00     "scanned": 9,
2026-06-12T16:46:03.2209786+09:00     "eligible": 8,
2026-06-12T16:46:03.2219852+09:00     "polled": 0,
2026-06-12T16:46:03.2249874+09:00     "retries_triggered": 0,
2026-06-12T16:46:03.2275006+09:00     "retry_errors": 0,
2026-06-12T16:46:03.2305091+09:00     "skipped": 0,
2026-06-12T16:46:03.2319279+09:00     "results": []
2026-06-12T16:46:03.2339217+09:00   }
2026-06-12T16:46:03.2359216+09:00 }
2026-06-12T16:46:03.2374274+09:00 OK run-once finished
2026-06-12T16:50:59.6713305+09:00 START dispatch-run-once
2026-06-12T16:51:00.1610619+09:00 
2026-06-12T16:51:00.1610619+09:00 > orchestrator
2026-06-12T16:51:00.1610619+09:00 > tsx src/cli/orchestrator.ts run-once --limit 10
2026-06-12T16:51:00.1682081+09:00 
2026-06-12T16:51:03.0165037+09:00 {
2026-06-12T16:51:03.0165037+09:00   "ensure_daily": {
2026-06-12T16:51:03.0322053+09:00     "runs": [
2026-06-12T16:51:03.0351416+09:00       {
2026-06-12T16:51:03.0479544+09:00         "run_id": "r01",
2026-06-12T16:51:03.0479544+09:00         "action": "not_due",
2026-06-12T16:51:03.0579967+09:00         "taskId": "daily-20260612-r01",
2026-06-12T16:51:03.0601938+09:00         "reason": "jst_hour=16"
2026-06-12T16:51:03.0617553+09:00       },
2026-06-12T16:51:03.0806014+09:00       {
2026-06-12T16:51:03.0826077+09:00         "run_id": "r02",
2026-06-12T16:51:03.0841504+09:00         "action": "not_due",
2026-06-12T16:51:03.0871459+09:00         "taskId": "daily-20260612-r02",
2026-06-12T16:51:03.0891448+09:00         "reason": "jst_hour=16"
2026-06-12T16:51:03.0901447+09:00       },
2026-06-12T16:51:03.0910213+09:00       {
2026-06-12T16:51:03.0910213+09:00         "run_id": "r03",
2026-06-12T16:51:03.0910213+09:00         "action": "not_due",
2026-06-12T16:51:03.0910213+09:00         "taskId": "daily-20260612-r03",
2026-06-12T16:51:03.0910213+09:00         "reason": "jst_hour=16"
2026-06-12T16:51:03.0910213+09:00       }
2026-06-12T16:51:03.0910213+09:00     ]
2026-06-12T16:51:03.0910213+09:00   },
2026-06-12T16:51:03.0910213+09:00   "reconcile": {
2026-06-12T16:51:03.1059252+09:00     "resetProcessing": 0,
2026-06-12T16:51:03.1059252+09:00     "inserted": 0,
2026-06-12T16:51:03.1059252+09:00     "scanned": 9,
2026-06-12T16:51:03.1059252+09:00     "stale": {
2026-06-12T16:51:03.1059252+09:00       "scanned": 9,
2026-06-12T16:51:03.1059252+09:00       "staleDetected": 0,
2026-06-12T16:51:03.1059252+09:00       "rolledBack": 0,
2026-06-12T16:51:03.1059252+09:00       "skippedCap": 0,
2026-06-12T16:51:03.1220259+09:00       "dryRun": false,
2026-06-12T16:51:03.1220259+09:00       "actions": []
2026-06-12T16:51:03.1220259+09:00     }
2026-06-12T16:51:03.1220259+09:00   },
2026-06-12T16:51:03.1220259+09:00   "dispatch": {
2026-06-12T16:51:03.1220259+09:00     "claimed": 0,
2026-06-12T16:51:03.1220259+09:00     "done": 0,
2026-06-12T16:51:03.1220259+09:00     "failed": 0
2026-06-12T16:51:03.1220259+09:00   },
2026-06-12T16:51:03.1220259+09:00   "step4_poll": {
2026-06-12T16:51:03.1220259+09:00     "scanned": 9,
2026-06-12T16:51:03.1377300+09:00     "awaiting": 0,
2026-06-12T16:51:03.1377300+09:00     "polled": 0,
2026-06-12T16:51:03.1377300+09:00     "picks_applied": 0,
2026-06-12T16:51:03.1377300+09:00     "pick_errors": 0,
2026-06-12T16:51:03.1377300+09:00     "timeouts": 0,
2026-06-12T16:51:03.1377300+09:00     "skipped": 0,
2026-06-12T16:51:03.1377300+09:00     "results": []
2026-06-12T16:51:03.1377300+09:00   },
2026-06-12T16:51:03.1377300+09:00   "step7_retry_poll": {
2026-06-12T16:51:03.1377300+09:00     "scanned": 9,
2026-06-12T16:51:03.1534280+09:00     "eligible": 8,
2026-06-12T16:51:03.1534280+09:00     "polled": 0,
2026-06-12T16:51:03.1534280+09:00     "retries_triggered": 0,
2026-06-12T16:51:03.1534280+09:00     "retry_errors": 0,
2026-06-12T16:51:03.1534280+09:00     "skipped": 0,
2026-06-12T16:51:03.1534280+09:00     "results": []
2026-06-12T16:51:03.1534280+09:00   }
2026-06-12T16:51:03.1534280+09:00 }
2026-06-12T16:51:03.1534280+09:00 OK run-once finished
2026-06-12T16:55:59.8242871+09:00 START dispatch-run-once
2026-06-12T16:56:00.2205119+09:00 
2026-06-12T16:56:00.2205119+09:00 > orchestrator
2026-06-12T16:56:00.2205119+09:00 > tsx src/cli/orchestrator.ts run-once --limit 10
2026-06-12T16:56:00.2205119+09:00 
2026-06-12T16:56:02.9694397+09:00 {
2026-06-12T16:56:02.9694397+09:00   "ensure_daily": {
2026-06-12T16:56:02.9812991+09:00     "runs": [
2026-06-12T16:56:02.9890574+09:00       {
2026-06-12T16:56:02.9930749+09:00         "run_id": "r01",
2026-06-12T16:56:02.9970901+09:00         "action": "not_due",
2026-06-12T16:56:02.9970901+09:00         "taskId": "daily-20260612-r01",
2026-06-12T16:56:02.9970901+09:00         "reason": "jst_hour=16"
2026-06-12T16:56:02.9970901+09:00       },
2026-06-12T16:56:03.0175899+09:00       {
2026-06-12T16:56:03.0175899+09:00         "run_id": "r02",
2026-06-12T16:56:03.0175899+09:00         "action": "not_due",
2026-06-12T16:56:03.0287513+09:00         "taskId": "daily-20260612-r02",
2026-06-12T16:56:03.0287513+09:00         "reason": "jst_hour=16"
2026-06-12T16:56:03.0287513+09:00       },
2026-06-12T16:56:03.0287513+09:00       {
2026-06-12T16:56:03.0287513+09:00         "run_id": "r03",
2026-06-12T16:56:03.0287513+09:00         "action": "not_due",
2026-06-12T16:56:03.0287513+09:00         "taskId": "daily-20260612-r03",
2026-06-12T16:56:03.0287513+09:00         "reason": "jst_hour=16"
2026-06-12T16:56:03.0287513+09:00       }
2026-06-12T16:56:03.0287513+09:00     ]
2026-06-12T16:56:03.0445340+09:00   },
2026-06-12T16:56:03.0445340+09:00   "reconcile": {
2026-06-12T16:56:03.0445340+09:00     "resetProcessing": 0,
2026-06-12T16:56:03.0445340+09:00     "inserted": 0,
2026-06-12T16:56:03.0445340+09:00     "scanned": 9,
2026-06-12T16:56:03.0445340+09:00     "stale": {
2026-06-12T16:56:03.0445340+09:00       "scanned": 9,
2026-06-12T16:56:03.0445340+09:00       "staleDetected": 0,
2026-06-12T16:56:03.0445340+09:00       "rolledBack": 0,
2026-06-12T16:56:03.0445340+09:00       "skippedCap": 0,
2026-06-12T16:56:03.0604819+09:00       "dryRun": false,
2026-06-12T16:56:03.0604819+09:00       "actions": []
2026-06-12T16:56:03.0604819+09:00     }
2026-06-12T16:56:03.0604819+09:00   },
2026-06-12T16:56:03.0604819+09:00   "dispatch": {
2026-06-12T16:56:03.0604819+09:00     "claimed": 0,
2026-06-12T16:56:03.0604819+09:00     "done": 0,
2026-06-12T16:56:03.0604819+09:00     "failed": 0
2026-06-12T16:56:03.0604819+09:00   },
2026-06-12T16:56:03.0604819+09:00   "step4_poll": {
2026-06-12T16:56:03.0763075+09:00     "scanned": 9,
2026-06-12T16:56:03.0763075+09:00     "awaiting": 0,
2026-06-12T16:56:03.0763075+09:00     "polled": 0,
2026-06-12T16:56:03.0763075+09:00     "picks_applied": 0,
2026-06-12T16:56:03.0763075+09:00     "pick_errors": 0,
2026-06-12T16:56:03.0763075+09:00     "timeouts": 0,
2026-06-12T16:56:03.0763075+09:00     "skipped": 0,
2026-06-12T16:56:03.0763075+09:00     "results": []
2026-06-12T16:56:03.0763075+09:00   },
2026-06-12T16:56:03.0763075+09:00   "step7_retry_poll": {
2026-06-12T16:56:03.0763075+09:00     "scanned": 9,
2026-06-12T16:56:03.0920038+09:00     "eligible": 8,
2026-06-12T16:56:03.0920038+09:00     "polled": 0,
2026-06-12T16:56:03.0920038+09:00     "retries_triggered": 0,
2026-06-12T16:56:03.0920038+09:00     "retry_errors": 0,
2026-06-12T16:56:03.0920038+09:00     "skipped": 0,
2026-06-12T16:56:03.0920038+09:00     "results": []
2026-06-12T16:56:03.0920038+09:00   }
2026-06-12T16:56:03.0920038+09:00 }
2026-06-12T16:56:03.0920038+09:00 OK run-once finished
2026-06-12T17:01:02.7305218+09:00 START dispatch-run-once
2026-06-12T17:01:03.1464913+09:00 
2026-06-12T17:01:03.1464913+09:00 > orchestrator
2026-06-12T17:01:03.1464913+09:00 > tsx src/cli/orchestrator.ts run-once --limit 10
2026-06-12T17:01:03.1464913+09:00 
2026-06-12T17:01:12.3831973+09:00 {
2026-06-12T17:01:12.3920192+09:00   "ensure_daily": {
2026-06-12T17:01:12.4052807+09:00     "runs": [
2026-06-12T17:01:12.4171976+09:00       {
2026-06-12T17:01:12.4212430+09:00         "run_id": "r01",
2026-06-12T17:01:12.4308277+09:00         "action": "not_due",
2026-06-12T17:01:12.4357271+09:00         "taskId": "daily-20260612-r01",
2026-06-12T17:01:12.4419648+09:00         "reason": "jst_hour=17"
2026-06-12T17:01:12.4459831+09:00       },
2026-06-12T17:01:12.4688055+09:00       {
2026-06-12T17:01:12.4732679+09:00         "run_id": "r02",
2026-06-12T17:01:12.4776225+09:00         "action": "not_due",
2026-06-12T17:01:12.4796305+09:00         "taskId": "daily-20260612-r02",
2026-06-12T17:01:12.4816377+09:00         "reason": "jst_hour=17"
2026-06-12T17:01:12.4836431+09:00       },
2026-06-12T17:01:12.4856507+09:00       {
2026-06-12T17:01:12.4876589+09:00         "run_id": "r03",
2026-06-12T17:01:12.4896650+09:00         "action": "created",
2026-06-12T17:01:12.4916708+09:00         "taskId": "daily-20260612-r03"
2026-06-12T17:01:12.4934168+09:00       }
2026-06-12T17:01:12.4954274+09:00     ]
2026-06-12T17:01:12.4974352+09:00   },
2026-06-12T17:01:12.4994421+09:00   "reconcile": {
2026-06-12T17:01:12.4994421+09:00     "resetProcessing": 0,
2026-06-12T17:01:12.5014484+09:00     "inserted": 0,
2026-06-12T17:01:12.5034550+09:00     "scanned": 10,
2026-06-12T17:01:12.5054608+09:00     "stale": {
2026-06-12T17:01:12.5074668+09:00       "scanned": 10,
2026-06-12T17:01:12.5092142+09:00       "staleDetected": 0,
2026-06-12T17:01:12.5092142+09:00       "rolledBack": 0,
2026-06-12T17:01:12.5092142+09:00       "skippedCap": 0,
2026-06-12T17:01:12.5092142+09:00       "dryRun": false,
2026-06-12T17:01:12.5092142+09:00       "actions": []
2026-06-12T17:01:12.5092142+09:00     }
2026-06-12T17:01:12.5212845+09:00   },
2026-06-12T17:01:12.5232914+09:00   "dispatch": {
2026-06-12T17:01:12.5250391+09:00     "claimed": 1,
2026-06-12T17:01:12.5250391+09:00     "done": 1,
2026-06-12T17:01:12.5283729+09:00     "failed": 0
2026-06-12T17:01:12.5303799+09:00   },
2026-06-12T17:01:12.5323862+09:00   "step4_poll": {
2026-06-12T17:01:12.5323862+09:00     "scanned": 10,
2026-06-12T17:01:12.5343928+09:00     "awaiting": 0,
2026-06-12T17:01:12.5363998+09:00     "polled": 0,
2026-06-12T17:01:12.5384073+09:00     "picks_applied": 0,
2026-06-12T17:01:12.5384073+09:00     "pick_errors": 0,
2026-06-12T17:01:12.5404143+09:00     "timeouts": 0,
2026-06-12T17:01:12.5404143+09:00     "skipped": 0,
2026-06-12T17:01:12.5404143+09:00     "results": []
2026-06-12T17:01:12.5404143+09:00   },
2026-06-12T17:01:12.5404143+09:00   "step7_retry_poll": {
2026-06-12T17:01:12.5404143+09:00     "scanned": 10,
2026-06-12T17:01:12.5404143+09:00     "eligible": 8,
2026-06-12T17:01:12.5519560+09:00     "polled": 0,
2026-06-12T17:01:12.5539656+09:00     "retries_triggered": 0,
2026-06-12T17:01:12.5559743+09:00     "retry_errors": 0,
2026-06-12T17:01:12.5579827+09:00     "skipped": 0,
2026-06-12T17:01:12.5599934+09:00     "results": []
2026-06-12T17:01:12.5619995+09:00   }
2026-06-12T17:01:12.5619995+09:00 }
2026-06-12T17:01:12.5619995+09:00 OK run-once finished
2026-06-12T17:06:02.2822152+09:00 START dispatch-run-once
2026-06-12T17:06:02.6736264+09:00 
2026-06-12T17:06:02.6756345+09:00 > orchestrator
2026-06-12T17:06:02.6771411+09:00 > tsx src/cli/orchestrator.ts run-once --limit 10
2026-06-12T17:06:02.6814841+09:00 
2026-06-12T17:06:05.8521621+09:00 {
2026-06-12T17:06:05.8521621+09:00   "ensure_daily": {
2026-06-12T17:06:05.8521621+09:00     "runs": [
2026-06-12T17:06:05.8521621+09:00       {
2026-06-12T17:06:05.8610883+09:00         "run_id": "r01",
2026-06-12T17:06:05.8645661+09:00         "action": "not_due",
2026-06-12T17:06:05.8665721+09:00         "taskId": "daily-20260612-r01",
2026-06-12T17:06:05.8685788+09:00         "reason": "jst_hour=17"
2026-06-12T17:06:05.8705839+09:00       },
2026-06-12T17:06:05.8900857+09:00       {
2026-06-12T17:06:05.8920923+09:00         "run_id": "r02",
2026-06-12T17:06:05.8930976+09:00         "action": "not_due",
2026-06-12T17:06:05.8930976+09:00         "taskId": "daily-20260612-r02",
2026-06-12T17:06:05.8981310+09:00         "reason": "jst_hour=17"
2026-06-12T17:06:05.9006073+09:00       },
2026-06-12T17:06:05.9006073+09:00       {
2026-06-12T17:06:05.9030856+09:00         "run_id": "r03",
2026-06-12T17:06:05.9050925+09:00         "action": "skipped_exists",
2026-06-12T17:06:05.9070998+09:00         "taskId": "daily-20260612-r03"
2026-06-12T17:06:05.9088478+09:00       }
2026-06-12T17:06:05.9088478+09:00     ]
2026-06-12T17:06:05.9088478+09:00   },
2026-06-12T17:06:05.9088478+09:00   "reconcile": {
2026-06-12T17:06:05.9088478+09:00     "resetProcessing": 0,
2026-06-12T17:06:05.9088478+09:00     "inserted": 0,
2026-06-12T17:06:05.9088478+09:00     "scanned": 10,
2026-06-12T17:06:05.9088478+09:00     "stale": {
2026-06-12T17:06:05.9088478+09:00       "scanned": 10,
2026-06-12T17:06:05.9249509+09:00       "staleDetected": 0,
2026-06-12T17:06:05.9249509+09:00       "rolledBack": 0,
2026-06-12T17:06:05.9249509+09:00       "skippedCap": 0,
2026-06-12T17:06:05.9249509+09:00       "dryRun": false,
2026-06-12T17:06:05.9249509+09:00       "actions": []
2026-06-12T17:06:05.9249509+09:00     }
2026-06-12T17:06:05.9249509+09:00   },
2026-06-12T17:06:05.9249509+09:00   "dispatch": {
2026-06-12T17:06:05.9249509+09:00     "claimed": 1,
2026-06-12T17:06:05.9249509+09:00     "done": 1,
2026-06-12T17:06:05.9409065+09:00     "failed": 0
2026-06-12T17:06:05.9409065+09:00   },
2026-06-12T17:06:05.9409065+09:00   "step4_poll": {
2026-06-12T17:06:05.9409065+09:00     "scanned": 10,
2026-06-12T17:06:05.9409065+09:00     "awaiting": 0,
2026-06-12T17:06:05.9409065+09:00     "polled": 0,
2026-06-12T17:06:05.9409065+09:00     "picks_applied": 0,
2026-06-12T17:06:05.9409065+09:00     "pick_errors": 0,
2026-06-12T17:06:05.9409065+09:00     "timeouts": 0,
2026-06-12T17:06:05.9409065+09:00     "skipped": 0,
2026-06-12T17:06:05.9566314+09:00     "results": []
2026-06-12T17:06:05.9566314+09:00   },
2026-06-12T17:06:05.9566314+09:00   "step7_retry_poll": {
2026-06-12T17:06:05.9566314+09:00     "scanned": 10,
2026-06-12T17:06:05.9566314+09:00     "eligible": 8,
2026-06-12T17:06:05.9566314+09:00     "polled": 0,
2026-06-12T17:06:05.9566314+09:00     "retries_triggered": 0,
2026-06-12T17:06:05.9668301+09:00     "retry_errors": 0,
2026-06-12T17:06:05.9668301+09:00     "skipped": 0,
2026-06-12T17:06:05.9668301+09:00     "results": []
2026-06-12T17:06:05.9668301+09:00   }
2026-06-12T17:06:05.9727455+09:00 }
2026-06-12T17:06:05.9727455+09:00 OK run-once finished
2026-06-12T17:11:00.6949097+09:00 START dispatch-run-once
2026-06-12T17:11:01.1057292+09:00 
2026-06-12T17:11:01.1057292+09:00 > orchestrator
2026-06-12T17:11:01.1215703+09:00 > tsx src/cli/orchestrator.ts run-once --limit 10
2026-06-12T17:11:01.1215703+09:00 
2026-06-12T17:11:04.0557476+09:00 {
2026-06-12T17:11:04.0736158+09:00   "ensure_daily": {
2026-06-12T17:11:04.0814128+09:00     "runs": [
2026-06-12T17:11:04.0854333+09:00       {
2026-06-12T17:11:04.0874395+09:00         "run_id": "r01",
2026-06-12T17:11:04.0874395+09:00         "action": "not_due",
2026-06-12T17:11:04.0946117+09:00         "taskId": "daily-20260612-r01",
2026-06-12T17:11:04.0946117+09:00         "reason": "jst_hour=17"
2026-06-12T17:11:04.0946117+09:00       },
2026-06-12T17:11:04.1050353+09:00       {
2026-06-12T17:11:04.1189269+09:00         "run_id": "r02",
2026-06-12T17:11:04.1189269+09:00         "action": "not_due",
2026-06-12T17:11:04.1189269+09:00         "taskId": "daily-20260612-r02",
2026-06-12T17:11:04.1189269+09:00         "reason": "jst_hour=17"
2026-06-12T17:11:04.1189269+09:00       },
2026-06-12T17:11:04.1189269+09:00       {
2026-06-12T17:11:04.1189269+09:00         "run_id": "r03",
2026-06-12T17:11:04.1189269+09:00         "action": "skipped_exists",
2026-06-12T17:11:04.1347462+09:00         "taskId": "daily-20260612-r03"
2026-06-12T17:11:04.1357524+09:00       }
2026-06-12T17:11:04.1357524+09:00     ]
2026-06-12T17:11:04.1357524+09:00   },
2026-06-12T17:11:04.1357524+09:00   "reconcile": {
2026-06-12T17:11:04.1357524+09:00     "resetProcessing": 0,
2026-06-12T17:11:04.1357524+09:00     "inserted": 0,
2026-06-12T17:11:04.1357524+09:00     "scanned": 10,
2026-06-12T17:11:04.1357524+09:00     "stale": {
2026-06-12T17:11:04.1357524+09:00       "scanned": 10,
2026-06-12T17:11:04.1357524+09:00       "staleDetected": 0,
2026-06-12T17:11:04.1505194+09:00       "rolledBack": 0,
2026-06-12T17:11:04.1505194+09:00       "skippedCap": 0,
2026-06-12T17:11:04.1505194+09:00       "dryRun": false,
2026-06-12T17:11:04.1505194+09:00       "actions": []
2026-06-12T17:11:04.1505194+09:00     }
2026-06-12T17:11:04.1505194+09:00   },
2026-06-12T17:11:04.1505194+09:00   "dispatch": {
2026-06-12T17:11:04.1505194+09:00     "claimed": 1,
2026-06-12T17:11:04.1505194+09:00     "done": 1,
2026-06-12T17:11:04.1505194+09:00     "failed": 0
2026-06-12T17:11:04.1664503+09:00   },
2026-06-12T17:11:04.1664503+09:00   "step4_poll": {
2026-06-12T17:11:04.1664503+09:00     "scanned": 10,
2026-06-12T17:11:04.1664503+09:00     "awaiting": 0,
2026-06-12T17:11:04.1664503+09:00     "polled": 0,
2026-06-12T17:11:04.1664503+09:00     "picks_applied": 0,
2026-06-12T17:11:04.1664503+09:00     "pick_errors": 0,
2026-06-12T17:11:04.1664503+09:00     "timeouts": 0,
2026-06-12T17:11:04.1664503+09:00     "skipped": 0,
2026-06-12T17:11:04.1664503+09:00     "results": []
2026-06-12T17:11:04.1664503+09:00   },
2026-06-12T17:11:04.1822158+09:00   "step7_retry_poll": {
2026-06-12T17:11:04.1822158+09:00     "scanned": 10,
2026-06-12T17:11:04.1822158+09:00     "eligible": 8,
2026-06-12T17:11:04.1822158+09:00     "polled": 0,
2026-06-12T17:11:04.1822158+09:00     "retries_triggered": 0,
2026-06-12T17:11:04.1822158+09:00     "retry_errors": 0,
2026-06-12T17:11:04.1822158+09:00     "skipped": 0,
2026-06-12T17:11:04.1822158+09:00     "results": []
2026-06-12T17:11:04.1822158+09:00   }
2026-06-12T17:11:04.1822158+09:00 }
2026-06-12T17:11:04.1982286+09:00 OK run-once finished
2026-06-12T17:16:00.0632111+09:00 START dispatch-run-once
2026-06-12T17:16:00.4452131+09:00 
2026-06-12T17:16:00.4472210+09:00 > orchestrator
2026-06-12T17:16:00.4482274+09:00 > tsx src/cli/orchestrator.ts run-once --limit 10
2026-06-12T17:16:00.4482274+09:00 
2026-06-12T17:16:03.5221427+09:00 {
2026-06-12T17:16:03.5346637+09:00   "ensure_daily": {
2026-06-12T17:16:03.5383541+09:00     "runs": [
2026-06-12T17:16:03.5504762+09:00       {
2026-06-12T17:16:03.5561721+09:00         "run_id": "r01",
2026-06-12T17:16:03.5673251+09:00         "action": "not_due",
2026-06-12T17:16:03.5691393+09:00         "taskId": "daily-20260612-r01",
2026-06-12T17:16:03.5768174+09:00         "reason": "jst_hour=17"
2026-06-12T17:16:03.5768174+09:00       },
2026-06-12T17:16:03.6058232+09:00       {
2026-06-12T17:16:03.6058232+09:00         "run_id": "r02",
2026-06-12T17:16:03.6094653+09:00         "action": "not_due",
2026-06-12T17:16:03.6114743+09:00         "taskId": "daily-20260612-r02",
2026-06-12T17:16:03.6114743+09:00         "reason": "jst_hour=17"
2026-06-12T17:16:03.6114743+09:00       },
2026-06-12T17:16:03.6114743+09:00       {
2026-06-12T17:16:03.6114743+09:00         "run_id": "r03",
2026-06-12T17:16:03.6114743+09:00         "action": "skipped_exists",
2026-06-12T17:16:03.6114743+09:00         "taskId": "daily-20260612-r03"
2026-06-12T17:16:03.6245010+09:00       }
2026-06-12T17:16:03.6245010+09:00     ]
2026-06-12T17:16:03.6280303+09:00   },
2026-06-12T17:16:03.6280303+09:00   "reconcile": {
2026-06-12T17:16:03.6280303+09:00     "resetProcessing": 0,
2026-06-12T17:16:03.6280303+09:00     "inserted": 0,
2026-06-12T17:16:03.6280303+09:00     "scanned": 10,
2026-06-12T17:16:03.6280303+09:00     "stale": {
2026-06-12T17:16:03.6280303+09:00       "scanned": 10,
2026-06-12T17:16:03.6280303+09:00       "staleDetected": 0,
2026-06-12T17:16:03.6280303+09:00       "rolledBack": 0,
2026-06-12T17:16:03.6404849+09:00       "skippedCap": 0,
2026-06-12T17:16:03.6435747+09:00       "dryRun": false,
2026-06-12T17:16:03.6455825+09:00       "actions": []
2026-06-12T17:16:03.6475908+09:00     }
2026-06-12T17:16:03.6495990+09:00   },
2026-06-12T17:16:03.6507014+09:00   "dispatch": {
2026-06-12T17:16:03.6507014+09:00     "claimed": 2,
2026-06-12T17:16:03.6507014+09:00     "done": 2,
2026-06-12T17:16:03.6507014+09:00     "failed": 0
2026-06-12T17:16:03.6566415+09:00   },
2026-06-12T17:16:03.6566415+09:00   "step4_poll": {
2026-06-12T17:16:03.6566415+09:00     "scanned": 10,
2026-06-12T17:16:03.6566415+09:00     "awaiting": 0,
2026-06-12T17:16:03.6566415+09:00     "polled": 0,
2026-06-12T17:16:03.6566415+09:00     "picks_applied": 0,
2026-06-12T17:16:03.6566415+09:00     "pick_errors": 0,
2026-06-12T17:16:03.6566415+09:00     "timeouts": 0,
2026-06-12T17:16:03.6566415+09:00     "skipped": 0,
2026-06-12T17:16:03.6566415+09:00     "results": []
2026-06-12T17:16:03.6566415+09:00   },
2026-06-12T17:16:03.6723205+09:00   "step7_retry_poll": {
2026-06-12T17:16:03.6723205+09:00     "scanned": 10,
2026-06-12T17:16:03.6723205+09:00     "eligible": 8,
2026-06-12T17:16:03.6723205+09:00     "polled": 0,
2026-06-12T17:16:03.6723205+09:00     "retries_triggered": 0,
2026-06-12T17:16:03.6723205+09:00     "retry_errors": 0,
2026-06-12T17:16:03.6723205+09:00     "skipped": 0,
2026-06-12T17:16:03.6723205+09:00     "results": []
2026-06-12T17:16:03.6723205+09:00   }
2026-06-12T17:16:03.6723205+09:00 }
2026-06-12T17:16:03.6882535+09:00 OK run-once finished
2026-06-12T17:21:00.2494664+09:00 START dispatch-run-once
2026-06-12T17:21:00.6413471+09:00 
2026-06-12T17:21:00.6433552+09:00 > orchestrator
2026-06-12T17:21:00.6453627+09:00 > tsx src/cli/orchestrator.ts run-once --limit 10
2026-06-12T17:21:00.6453627+09:00 
2026-06-12T17:21:03.7280010+09:00 {
2026-06-12T17:21:03.7321564+09:00   "ensure_daily": {
2026-06-12T17:21:03.7321564+09:00     "runs": [
2026-06-12T17:21:03.7517642+09:00       {
2026-06-12T17:21:03.7517642+09:00         "run_id": "r01",
2026-06-12T17:21:03.7517642+09:00         "action": "not_due",
2026-06-12T17:21:03.7517642+09:00         "taskId": "daily-20260612-r01",
2026-06-12T17:21:03.7517642+09:00         "reason": "jst_hour=17"
2026-06-12T17:21:03.7640939+09:00       },
2026-06-12T17:21:03.7838915+09:00       {
2026-06-12T17:21:03.7858989+09:00         "run_id": "r02",
2026-06-12T17:21:03.7879065+09:00         "action": "not_due",
2026-06-12T17:21:03.7879065+09:00         "taskId": "daily-20260612-r02",
2026-06-12T17:21:03.7879065+09:00         "reason": "jst_hour=17"
2026-06-12T17:21:03.7879065+09:00       },
2026-06-12T17:21:03.7955889+09:00       {
2026-06-12T17:21:03.7955889+09:00         "run_id": "r03",
2026-06-12T17:21:03.7955889+09:00         "action": "skipped_exists",
2026-06-12T17:21:03.7955889+09:00         "taskId": "daily-20260612-r03"
2026-06-12T17:21:03.7955889+09:00       }
2026-06-12T17:21:03.7955889+09:00     ]
2026-06-12T17:21:03.7955889+09:00   },
2026-06-12T17:21:03.7955889+09:00   "reconcile": {
2026-06-12T17:21:03.7955889+09:00     "resetProcessing": 0,
2026-06-12T17:21:03.8114450+09:00     "inserted": 0,
2026-06-12T17:21:03.8114450+09:00     "scanned": 10,
2026-06-12T17:21:03.8114450+09:00     "stale": {
2026-06-12T17:21:03.8114450+09:00       "scanned": 10,
2026-06-12T17:21:03.8114450+09:00       "staleDetected": 0,
2026-06-12T17:21:03.8114450+09:00       "rolledBack": 0,
2026-06-12T17:21:03.8114450+09:00       "skippedCap": 0,
2026-06-12T17:21:03.8114450+09:00       "dryRun": false,
2026-06-12T17:21:03.8114450+09:00       "actions": []
2026-06-12T17:21:03.8272274+09:00     }
2026-06-12T17:21:03.8272274+09:00   },
2026-06-12T17:21:03.8272274+09:00   "dispatch": {
2026-06-12T17:21:03.8272274+09:00     "claimed": 1,
2026-06-12T17:21:03.8272274+09:00     "done": 1,
2026-06-12T17:21:03.8272274+09:00     "failed": 0
2026-06-12T17:21:03.8272274+09:00   },
2026-06-12T17:21:03.8272274+09:00   "step4_poll": {
2026-06-12T17:21:03.8272274+09:00     "scanned": 10,
2026-06-12T17:21:03.8272274+09:00     "awaiting": 1,
2026-06-12T17:21:03.8272274+09:00     "polled": 0,
2026-06-12T17:21:03.8429859+09:00     "picks_applied": 0,
2026-06-12T17:21:03.8429859+09:00     "pick_errors": 0,
2026-06-12T17:21:03.8429859+09:00     "timeouts": 0,
2026-06-12T17:21:03.8429859+09:00     "skipped": 0,
2026-06-12T17:21:03.8429859+09:00     "results": [
2026-06-12T17:21:03.8429859+09:00       {
2026-06-12T17:21:03.8516602+09:00         "task_id": "daily-20260612-r03",
2026-06-12T17:21:03.8516602+09:00         "result": {
2026-06-12T17:21:03.8516602+09:00           "outcome": "no_new_messages"
2026-06-12T17:21:03.8516602+09:00         }
2026-06-12T17:21:03.8516602+09:00       }
2026-06-12T17:21:03.8589130+09:00     ]
2026-06-12T17:21:03.8589130+09:00   },
2026-06-12T17:21:03.8589130+09:00   "step7_retry_poll": {
2026-06-12T17:21:03.8589130+09:00     "scanned": 10,
2026-06-12T17:21:03.8589130+09:00     "eligible": 8,
2026-06-12T17:21:03.8589130+09:00     "polled": 0,
2026-06-12T17:21:03.8589130+09:00     "retries_triggered": 0,
2026-06-12T17:21:03.8589130+09:00     "retry_errors": 0,
2026-06-12T17:21:03.8589130+09:00     "skipped": 0,
2026-06-12T17:21:03.8589130+09:00     "results": []
2026-06-12T17:21:03.8589130+09:00   }
2026-06-12T17:21:03.8747650+09:00 }
2026-06-12T17:21:03.8747650+09:00 OK run-once finished
2026-06-12T17:26:00.0509789+09:00 START dispatch-run-once
2026-06-12T17:26:00.4440542+09:00 
2026-06-12T17:26:00.4440542+09:00 > orchestrator
2026-06-12T17:26:00.4598122+09:00 > tsx src/cli/orchestrator.ts run-once --limit 10
2026-06-12T17:26:00.4598122+09:00 
2026-06-12T17:26:03.4464688+09:00 {
2026-06-12T17:26:03.4621327+09:00   "ensure_daily": {
2026-06-12T17:26:03.4621327+09:00     "runs": [
2026-06-12T17:26:03.4689509+09:00       {
2026-06-12T17:26:03.4689509+09:00         "run_id": "r01",
2026-06-12T17:26:03.4689509+09:00         "action": "not_due",
2026-06-12T17:26:03.4689509+09:00         "taskId": "daily-20260612-r01",
2026-06-12T17:26:03.4781605+09:00         "reason": "jst_hour=17"
2026-06-12T17:26:03.4781605+09:00       },
2026-06-12T17:26:03.4963027+09:00       {
2026-06-12T17:26:03.4963027+09:00         "run_id": "r02",
2026-06-12T17:26:03.4963027+09:00         "action": "not_due",
2026-06-12T17:26:03.4963027+09:00         "taskId": "daily-20260612-r02",
2026-06-12T17:26:03.4963027+09:00         "reason": "jst_hour=17"
2026-06-12T17:26:03.5100705+09:00       },
2026-06-12T17:26:03.5100705+09:00       {
2026-06-12T17:26:03.5100705+09:00         "run_id": "r03",
2026-06-12T17:26:03.5100705+09:00         "action": "skipped_exists",
2026-06-12T17:26:03.5100705+09:00         "taskId": "daily-20260612-r03"
2026-06-12T17:26:03.5100705+09:00       }
2026-06-12T17:26:03.5100705+09:00     ]
2026-06-12T17:26:03.5100705+09:00   },
2026-06-12T17:26:03.5100705+09:00   "reconcile": {
2026-06-12T17:26:03.5258435+09:00     "resetProcessing": 0,
2026-06-12T17:26:03.5258435+09:00     "inserted": 1,
2026-06-12T17:26:03.5258435+09:00     "scanned": 10,
2026-06-12T17:26:03.5258435+09:00     "stale": {
2026-06-12T17:26:03.5258435+09:00       "scanned": 10,
2026-06-12T17:26:03.5258435+09:00       "staleDetected": 0,
2026-06-12T17:26:03.5258435+09:00       "rolledBack": 0,
2026-06-12T17:26:03.5258435+09:00       "skippedCap": 0,
2026-06-12T17:26:03.5258435+09:00       "dryRun": false,
2026-06-12T17:26:03.5258435+09:00       "actions": []
2026-06-12T17:26:03.5419221+09:00     }
2026-06-12T17:26:03.5419221+09:00   },
2026-06-12T17:26:03.5419221+09:00   "dispatch": {
2026-06-12T17:26:03.5419221+09:00     "claimed": 1,
2026-06-12T17:26:03.5419221+09:00     "done": 1,
2026-06-12T17:26:03.5419221+09:00     "failed": 0
2026-06-12T17:26:03.5419221+09:00   },
2026-06-12T17:26:03.5419221+09:00   "step4_poll": {
2026-06-12T17:26:03.5419221+09:00     "scanned": 10,
2026-06-12T17:26:03.5419221+09:00     "awaiting": 1,
2026-06-12T17:26:03.5575775+09:00     "polled": 0,
2026-06-12T17:26:03.5575775+09:00     "picks_applied": 0,
2026-06-12T17:26:03.5575775+09:00     "pick_errors": 0,
2026-06-12T17:26:03.5575775+09:00     "timeouts": 0,
2026-06-12T17:26:03.5575775+09:00     "skipped": 0,
2026-06-12T17:26:03.5575775+09:00     "results": [
2026-06-12T17:26:03.5575775+09:00       {
2026-06-12T17:26:03.5575775+09:00         "task_id": "daily-20260612-r03",
2026-06-12T17:26:03.5575775+09:00         "result": {
2026-06-12T17:26:03.5575775+09:00           "outcome": "no_new_messages"
2026-06-12T17:26:03.5575775+09:00         }
2026-06-12T17:26:03.5575775+09:00       }
2026-06-12T17:26:03.5733817+09:00     ]
2026-06-12T17:26:03.5733817+09:00   },
2026-06-12T17:26:03.5733817+09:00   "step7_retry_poll": {
2026-06-12T17:26:03.5782729+09:00     "scanned": 10,
2026-06-12T17:26:03.5782729+09:00     "eligible": 8,
2026-06-12T17:26:03.5782729+09:00     "polled": 0,
2026-06-12T17:26:03.5782729+09:00     "retries_triggered": 0,
2026-06-12T17:26:03.5782729+09:00     "retry_errors": 0,
2026-06-12T17:26:03.5782729+09:00     "skipped": 0,
2026-06-12T17:26:03.5782729+09:00     "results": []
2026-06-12T17:26:03.5890805+09:00   }
2026-06-12T17:26:03.5890805+09:00 }
2026-06-12T17:26:03.5890805+09:00 OK run-once finished
2026-06-12T17:31:01.0376583+09:00 START dispatch-run-once
2026-06-12T17:31:01.4301562+09:00 
2026-06-12T17:31:01.4321650+09:00 > orchestrator
2026-06-12T17:31:01.4331718+09:00 > tsx src/cli/orchestrator.ts run-once --limit 10
2026-06-12T17:31:01.4358177+09:00 
2026-06-12T17:31:04.4674161+09:00 {
2026-06-12T17:31:04.4830871+09:00   "ensure_daily": {
2026-06-12T17:31:04.4830871+09:00     "runs": [
2026-06-12T17:31:04.4830871+09:00       {
2026-06-12T17:31:04.4915570+09:00         "run_id": "r01",
2026-06-12T17:31:04.4935640+09:00         "action": "not_due",
2026-06-12T17:31:04.4955706+09:00         "taskId": "daily-20260612-r01",
2026-06-12T17:31:04.4970770+09:00         "reason": "jst_hour=17"
2026-06-12T17:31:04.4988234+09:00       },
2026-06-12T17:31:04.5196344+09:00       {
2026-06-12T17:31:04.5216412+09:00         "run_id": "r02",
2026-06-12T17:31:04.5236488+09:00         "action": "not_due",
2026-06-12T17:31:04.5262897+09:00         "taskId": "daily-20260612-r02",
2026-06-12T17:31:04.5286504+09:00         "reason": "jst_hour=17"
2026-06-12T17:31:04.5303937+09:00       },
2026-06-12T17:31:04.5327514+09:00       {
2026-06-12T17:31:04.5327514+09:00         "run_id": "r03",
2026-06-12T17:31:04.5327514+09:00         "action": "skipped_exists",
2026-06-12T17:31:04.5327514+09:00         "taskId": "daily-20260612-r03"
2026-06-12T17:31:04.5327514+09:00       }
2026-06-12T17:31:04.5327514+09:00     ]
2026-06-12T17:31:04.5327514+09:00   },
2026-06-12T17:31:04.5463636+09:00   "reconcile": {
2026-06-12T17:31:04.5463636+09:00     "resetProcessing": 0,
2026-06-12T17:31:04.5463636+09:00     "inserted": 1,
2026-06-12T17:31:04.5463636+09:00     "scanned": 10,
2026-06-12T17:31:04.5463636+09:00     "stale": {
2026-06-12T17:31:04.5463636+09:00       "scanned": 10,
2026-06-12T17:31:04.5595443+09:00       "staleDetected": 0,
2026-06-12T17:31:04.5615506+09:00       "rolledBack": 0,
2026-06-12T17:31:04.5615506+09:00       "skippedCap": 0,
2026-06-12T17:31:04.5672838+09:00       "dryRun": false,
2026-06-12T17:31:04.5692894+09:00       "actions": []
2026-06-12T17:31:04.5712948+09:00     }
2026-06-12T17:31:04.5733005+09:00   },
2026-06-12T17:31:04.5753066+09:00   "dispatch": {
2026-06-12T17:31:04.5753066+09:00     "claimed": 1,
2026-06-12T17:31:04.5773132+09:00     "done": 1,
2026-06-12T17:31:04.5773132+09:00     "failed": 0
2026-06-12T17:31:04.5773132+09:00   },
2026-06-12T17:31:04.5773132+09:00   "step4_poll": {
2026-06-12T17:31:04.5773132+09:00     "scanned": 10,
2026-06-12T17:31:04.5773132+09:00     "awaiting": 1,
2026-06-12T17:31:04.5773132+09:00     "polled": 0,
2026-06-12T17:31:04.5773132+09:00     "picks_applied": 0,
2026-06-12T17:31:04.5773132+09:00     "pick_errors": 0,
2026-06-12T17:31:04.5933731+09:00     "timeouts": 0,
2026-06-12T17:31:04.5933731+09:00     "skipped": 0,
2026-06-12T17:31:04.5970908+09:00     "results": [
2026-06-12T17:31:04.5970908+09:00       {
2026-06-12T17:31:04.5970908+09:00         "task_id": "daily-20260612-r03",
2026-06-12T17:31:04.5970908+09:00         "result": {
2026-06-12T17:31:04.5970908+09:00           "outcome": "no_new_messages"
2026-06-12T17:31:04.5970908+09:00         }
2026-06-12T17:31:04.5970908+09:00       }
2026-06-12T17:31:04.5970908+09:00     ]
2026-06-12T17:31:04.6091444+09:00   },
2026-06-12T17:31:04.6091444+09:00   "step7_retry_poll": {
2026-06-12T17:31:04.6091444+09:00     "scanned": 10,
2026-06-12T17:31:04.6091444+09:00     "eligible": 8,
2026-06-12T17:31:04.6091444+09:00     "polled": 0,
2026-06-12T17:31:04.6091444+09:00     "retries_triggered": 0,
2026-06-12T17:31:04.6091444+09:00     "retry_errors": 0,
2026-06-12T17:31:04.6091444+09:00     "skipped": 0,
2026-06-12T17:31:04.6091444+09:00     "results": []
2026-06-12T17:31:04.6091444+09:00   }
2026-06-12T17:31:04.6249357+09:00 }
2026-06-12T17:31:04.6249357+09:00 OK run-once finished
2026-06-12T17:36:01.8561822+09:00 START dispatch-run-once
2026-06-12T17:36:02.2429194+09:00 
2026-06-12T17:36:02.2449284+09:00 > orchestrator
2026-06-12T17:36:02.2449284+09:00 > tsx src/cli/orchestrator.ts run-once --limit 10
2026-06-12T17:36:02.2482074+09:00 
2026-06-12T17:36:05.3093499+09:00 {
2026-06-12T17:36:05.3159570+09:00   "ensure_daily": {
2026-06-12T17:36:05.3183095+09:00     "runs": [
2026-06-12T17:36:05.3205645+09:00       {
2026-06-12T17:36:05.3243285+09:00         "run_id": "r01",
2026-06-12T17:36:05.3263369+09:00         "action": "not_due",
2026-06-12T17:36:05.3289422+09:00         "taskId": "daily-20260612-r01",
2026-06-12T17:36:05.3326430+09:00         "reason": "jst_hour=17"
2026-06-12T17:36:05.3346519+09:00       },
2026-06-12T17:36:05.3576200+09:00       {
2026-06-12T17:36:05.3594045+09:00         "run_id": "r02",
2026-06-12T17:36:05.3594045+09:00         "action": "not_due",
2026-06-12T17:36:05.3659474+09:00         "taskId": "daily-20260612-r02",
2026-06-12T17:36:05.3684537+09:00         "reason": "jst_hour=17"
2026-06-12T17:36:05.3684537+09:00       },
2026-06-12T17:36:05.3742952+09:00       {
2026-06-12T17:36:05.3758524+09:00         "run_id": "r03",
2026-06-12T17:36:05.3758524+09:00         "action": "skipped_exists",
2026-06-12T17:36:05.3758524+09:00         "taskId": "daily-20260612-r03"
2026-06-12T17:36:05.3836684+09:00       }
2026-06-12T17:36:05.3845856+09:00     ]
2026-06-12T17:36:05.3845856+09:00   },
2026-06-12T17:36:05.3845856+09:00   "reconcile": {
2026-06-12T17:36:05.3909277+09:00     "resetProcessing": 0,
2026-06-12T17:36:05.3924160+09:00     "inserted": 1,
2026-06-12T17:36:05.3924160+09:00     "scanned": 10,
2026-06-12T17:36:05.3924160+09:00     "stale": {
2026-06-12T17:36:05.3992848+09:00       "scanned": 10,
2026-06-12T17:36:05.4007886+09:00       "staleDetected": 0,
2026-06-12T17:36:05.4007886+09:00       "rolledBack": 0,
2026-06-12T17:36:05.4007886+09:00       "skippedCap": 0,
2026-06-12T17:36:05.4075991+09:00       "dryRun": false,
2026-06-12T17:36:05.4095966+09:00       "actions": []
2026-06-12T17:36:05.4095966+09:00     }
2026-06-12T17:36:05.4095966+09:00   },
2026-06-12T17:36:05.4159610+09:00   "dispatch": {
2026-06-12T17:36:05.4175727+09:00     "claimed": 1,
2026-06-12T17:36:05.4175727+09:00     "done": 1,
2026-06-12T17:36:05.4175727+09:00     "failed": 0
2026-06-12T17:36:05.4175727+09:00   },
2026-06-12T17:36:05.4252880+09:00   "step4_poll": {
2026-06-12T17:36:05.4290113+09:00     "scanned": 10,
2026-06-12T17:36:05.4290113+09:00     "awaiting": 1,
2026-06-12T17:36:05.4326159+09:00     "polled": 0,
2026-06-12T17:36:05.4349396+09:00     "picks_applied": 0,
2026-06-12T17:36:05.4369401+09:00     "pick_errors": 0,
2026-06-12T17:36:05.4389419+09:00     "timeouts": 0,
2026-06-12T17:36:05.4399441+09:00     "skipped": 0,
2026-06-12T17:36:05.4421638+09:00     "results": [
2026-06-12T17:36:05.4431638+09:00       {
2026-06-12T17:36:05.4451632+09:00         "task_id": "daily-20260612-r03",
2026-06-12T17:36:05.4471637+09:00         "result": {
2026-06-12T17:36:05.4481640+09:00           "outcome": "no_new_messages"
2026-06-12T17:36:05.4491619+09:00         }
2026-06-12T17:36:05.4491619+09:00       }
2026-06-12T17:36:05.4491619+09:00     ]
2026-06-12T17:36:05.4491619+09:00   },
2026-06-12T17:36:05.4491619+09:00   "step7_retry_poll": {
2026-06-12T17:36:05.4491619+09:00     "scanned": 10,
2026-06-12T17:36:05.4491619+09:00     "eligible": 8,
2026-06-12T17:36:05.4491619+09:00     "polled": 0,
2026-06-12T17:36:05.4491619+09:00     "retries_triggered": 0,
2026-06-12T17:36:05.4648516+09:00     "retry_errors": 0,
2026-06-12T17:36:05.4648516+09:00     "skipped": 0,
2026-06-12T17:36:05.4648516+09:00     "results": []
2026-06-12T17:36:05.4648516+09:00   }
2026-06-12T17:36:05.4648516+09:00 }
2026-06-12T17:36:05.4648516+09:00 OK run-once finished
2026-06-12T17:41:00.5026955+09:00 START dispatch-run-once
2026-06-12T17:41:00.8949345+09:00 
2026-06-12T17:41:00.8949345+09:00 > orchestrator
2026-06-12T17:41:00.8949345+09:00 > tsx src/cli/orchestrator.ts run-once --limit 10
2026-06-12T17:41:00.8949345+09:00 
2026-06-12T17:41:03.9853452+09:00 {
2026-06-12T17:41:03.9953716+09:00   "ensure_daily": {
2026-06-12T17:41:04.0052023+09:00     "runs": [
2026-06-12T17:41:04.0112446+09:00       {
2026-06-12T17:41:04.0152664+09:00         "run_id": "r01",
2026-06-12T17:41:04.0192873+09:00         "action": "not_due",
2026-06-12T17:41:04.0230558+09:00         "taskId": "daily-20260612-r01",
2026-06-12T17:41:04.0250631+09:00         "reason": "jst_hour=17"
2026-06-12T17:41:04.0270704+09:00       },
2026-06-12T17:41:04.0450308+09:00       {
2026-06-12T17:41:04.0450308+09:00         "run_id": "r02",
2026-06-12T17:41:04.0450308+09:00         "action": "not_due",
2026-06-12T17:41:04.0527077+09:00         "taskId": "daily-20260612-r02",
2026-06-12T17:41:04.0527077+09:00         "reason": "jst_hour=17"
2026-06-12T17:41:04.0527077+09:00       },
2026-06-12T17:41:04.0527077+09:00       {
2026-06-12T17:41:04.0527077+09:00         "run_id": "r03",
2026-06-12T17:41:04.0527077+09:00         "action": "skipped_exists",
2026-06-12T17:41:04.0527077+09:00         "taskId": "daily-20260612-r03"
2026-06-12T17:41:04.0527077+09:00       }
2026-06-12T17:41:04.0527077+09:00     ]
2026-06-12T17:41:04.0527077+09:00   },
2026-06-12T17:41:04.0683942+09:00   "reconcile": {
2026-06-12T17:41:04.0683942+09:00     "resetProcessing": 0,
2026-06-12T17:41:04.0683942+09:00     "inserted": 1,
2026-06-12T17:41:04.0683942+09:00     "scanned": 10,
2026-06-12T17:41:04.0683942+09:00     "stale": {
2026-06-12T17:41:04.0683942+09:00       "scanned": 10,
2026-06-12T17:41:04.0683942+09:00       "staleDetected": 0,
2026-06-12T17:41:04.0683942+09:00       "rolledBack": 0,
2026-06-12T17:41:04.0683942+09:00       "skippedCap": 0,
2026-06-12T17:41:04.0840488+09:00       "dryRun": false,
2026-06-12T17:41:04.0840488+09:00       "actions": []
2026-06-12T17:41:04.0840488+09:00     }
2026-06-12T17:41:04.0840488+09:00   },
2026-06-12T17:41:04.0840488+09:00   "dispatch": {
2026-06-12T17:41:04.0840488+09:00     "claimed": 1,
2026-06-12T17:41:04.0840488+09:00     "done": 1,
2026-06-12T17:41:04.0840488+09:00     "failed": 0
2026-06-12T17:41:04.0840488+09:00   },
2026-06-12T17:41:04.0840488+09:00   "step4_poll": {
2026-06-12T17:41:04.0998166+09:00     "scanned": 10,
2026-06-12T17:41:04.0998166+09:00     "awaiting": 1,
2026-06-12T17:41:04.0998166+09:00     "polled": 0,
2026-06-12T17:41:04.0998166+09:00     "picks_applied": 0,
2026-06-12T17:41:04.0998166+09:00     "pick_errors": 0,
2026-06-12T17:41:04.0998166+09:00     "timeouts": 0,
2026-06-12T17:41:04.0998166+09:00     "skipped": 0,
2026-06-12T17:41:04.0998166+09:00     "results": [
2026-06-12T17:41:04.0998166+09:00       {
2026-06-12T17:41:04.0998166+09:00         "task_id": "daily-20260612-r03",
2026-06-12T17:41:04.0998166+09:00         "result": {
2026-06-12T17:41:04.1154972+09:00           "outcome": "no_new_messages"
2026-06-12T17:41:04.1154972+09:00         }
2026-06-12T17:41:04.1154972+09:00       }
2026-06-12T17:41:04.1154972+09:00     ]
2026-06-12T17:41:04.1154972+09:00   },
2026-06-12T17:41:04.1154972+09:00   "step7_retry_poll": {
2026-06-12T17:41:04.1249258+09:00     "scanned": 10,
2026-06-12T17:41:04.1249258+09:00     "eligible": 8,
2026-06-12T17:41:04.1249258+09:00     "polled": 0,
2026-06-12T17:41:04.1249258+09:00     "retries_triggered": 0,
2026-06-12T17:41:04.1312152+09:00     "retry_errors": 0,
2026-06-12T17:41:04.1312152+09:00     "skipped": 0,
2026-06-12T17:41:04.1312152+09:00     "results": []
2026-06-12T17:41:04.1312152+09:00   }
2026-06-12T17:41:04.1312152+09:00 }
2026-06-12T17:41:04.1312152+09:00 OK run-once finished
2026-06-12T17:46:00.3723085+09:00 START dispatch-run-once
2026-06-12T17:46:00.8682200+09:00 
2026-06-12T17:46:00.8702555+09:00 > orchestrator
2026-06-12T17:46:00.8702555+09:00 > tsx src/cli/orchestrator.ts run-once --limit 10
2026-06-12T17:46:00.8702555+09:00 
2026-06-12T17:46:04.5991533+09:00 {
2026-06-12T17:46:04.6096666+09:00   "ensure_daily": {
2026-06-12T17:46:04.6123394+09:00     "runs": [
2026-06-12T17:46:04.6196711+09:00       {
2026-06-12T17:46:04.6236310+09:00         "run_id": "r01",
2026-06-12T17:46:04.6269817+09:00         "action": "not_due",
2026-06-12T17:46:04.6285704+09:00         "taskId": "daily-20260612-r01",
2026-06-12T17:46:04.6285704+09:00         "reason": "jst_hour=17"
2026-06-12T17:46:04.6345011+09:00       },
2026-06-12T17:46:04.6575859+09:00       {
2026-06-12T17:46:04.6613667+09:00         "run_id": "r02",
2026-06-12T17:46:04.6619012+09:00         "action": "not_due",
2026-06-12T17:46:04.6643063+09:00         "taskId": "daily-20260612-r02",
2026-06-12T17:46:04.6685013+09:00         "reason": "jst_hour=17"
2026-06-12T17:46:04.6702906+09:00       },
2026-06-12T17:46:04.6722972+09:00       {
2026-06-12T17:46:04.6747919+09:00         "run_id": "r03",
2026-06-12T17:46:04.6780064+09:00         "action": "skipped_exists",
2026-06-12T17:46:04.6805874+09:00         "taskId": "daily-20260612-r03"
2026-06-12T17:46:04.6825942+09:00       }
2026-06-12T17:46:04.6825942+09:00     ]
2026-06-12T17:46:04.6846003+09:00   },
2026-06-12T17:46:04.6889211+09:00   "reconcile": {
2026-06-12T17:46:04.6909325+09:00     "resetProcessing": 0,
2026-06-12T17:46:04.6946734+09:00     "inserted": 1,
2026-06-12T17:46:04.6972368+09:00     "scanned": 10,
2026-06-12T17:46:04.7009938+09:00     "stale": {
2026-06-12T17:46:04.7040041+09:00       "scanned": 10,
2026-06-12T17:46:04.7070065+09:00       "staleDetected": 0,
2026-06-12T17:46:04.7139761+09:00       "rolledBack": 0,
2026-06-12T17:46:04.7196810+09:00       "skippedCap": 0,
2026-06-12T17:46:04.7224685+09:00       "dryRun": false,
2026-06-12T17:46:04.7264844+09:00       "actions": []
2026-06-12T17:46:04.7295562+09:00     }
2026-06-12T17:46:04.7335724+09:00   },
2026-06-12T17:46:04.7355787+09:00   "dispatch": {
2026-06-12T17:46:04.7392483+09:00     "claimed": 1,
2026-06-12T17:46:04.7412573+09:00     "done": 1,
2026-06-12T17:46:04.7452864+09:00     "failed": 0
2026-06-12T17:46:04.7472971+09:00   },
2026-06-12T17:46:04.7503174+09:00   "step4_poll": {
2026-06-12T17:46:04.7530057+09:00     "scanned": 10,
2026-06-12T17:46:04.7576007+09:00     "awaiting": 1,
2026-06-12T17:46:04.7576007+09:00     "polled": 0,
2026-06-12T17:46:04.7623867+09:00     "picks_applied": 0,
2026-06-12T17:46:04.7644746+09:00     "pick_errors": 0,
2026-06-12T17:46:04.7644746+09:00     "timeouts": 0,
2026-06-12T17:46:04.7704580+09:00     "skipped": 0,
2026-06-12T17:46:04.7724664+09:00     "results": [
2026-06-12T17:46:04.7750956+09:00       {
2026-06-12T17:46:04.7787646+09:00         "task_id": "daily-20260612-r03",
2026-06-12T17:46:04.7787646+09:00         "result": {
2026-06-12T17:46:04.7787646+09:00           "outcome": "no_new_messages"
2026-06-12T17:46:04.7787646+09:00         }
2026-06-12T17:46:04.7869548+09:00       }
2026-06-12T17:46:04.7869548+09:00     ]
2026-06-12T17:46:04.7869548+09:00   },
2026-06-12T17:46:04.7869548+09:00   "step7_retry_poll": {
2026-06-12T17:46:04.7953240+09:00     "scanned": 10,
2026-06-12T17:46:04.7989897+09:00     "eligible": 8,
2026-06-12T17:46:04.8009999+09:00     "polled": 0,
2026-06-12T17:46:04.8038036+09:00     "retries_triggered": 0,
2026-06-12T17:46:04.8075151+09:00     "retry_errors": 0,
2026-06-12T17:46:04.8075151+09:00     "skipped": 0,
2026-06-12T17:46:04.8120091+09:00     "results": []
2026-06-12T17:46:04.8120091+09:00   }
2026-06-12T17:46:04.8120091+09:00 }
2026-06-12T17:46:04.8182329+09:00 OK run-once finished
2026-06-12T17:51:01.1663377+09:00 START dispatch-run-once
2026-06-12T17:51:01.7081398+09:00 
2026-06-12T17:51:01.7133714+09:00 > orchestrator
2026-06-12T17:51:01.7133714+09:00 > tsx src/cli/orchestrator.ts run-once --limit 10
2026-06-12T17:51:01.7184212+09:00 
2026-06-12T17:51:05.2670567+09:00 {
2026-06-12T17:51:05.2760727+09:00   "ensure_daily": {
2026-06-12T17:51:05.2783256+09:00     "runs": [
2026-06-12T17:51:05.2800730+09:00       {
2026-06-12T17:51:05.2800730+09:00         "run_id": "r01",
2026-06-12T17:51:05.2800730+09:00         "action": "not_due",
2026-06-12T17:51:05.2851414+09:00         "taskId": "daily-20260612-r01",
2026-06-12T17:51:05.2851414+09:00         "reason": "jst_hour=17"
2026-06-12T17:51:05.2902471+09:00       },
2026-06-12T17:51:05.3057728+09:00       {
2026-06-12T17:51:05.3111990+09:00         "run_id": "r02",
2026-06-12T17:51:05.3111990+09:00         "action": "not_due",
2026-06-12T17:51:05.3165833+09:00         "taskId": "daily-20260612-r02",
2026-06-12T17:51:05.3165833+09:00         "reason": "jst_hour=17"
2026-06-12T17:51:05.3220440+09:00       },
2026-06-12T17:51:05.3220440+09:00       {
2026-06-12T17:51:05.3220440+09:00         "run_id": "r03",
2026-06-12T17:51:05.3272724+09:00         "action": "skipped_exists",
2026-06-12T17:51:05.3272724+09:00         "taskId": "daily-20260612-r03"
2026-06-12T17:51:05.3272724+09:00       }
2026-06-12T17:51:05.3323963+09:00     ]
2026-06-12T17:51:05.3323963+09:00   },
2026-06-12T17:51:05.3374253+09:00   "reconcile": {
2026-06-12T17:51:05.3374253+09:00     "resetProcessing": 0,
2026-06-12T17:51:05.3374253+09:00     "inserted": 1,
2026-06-12T17:51:05.3374253+09:00     "scanned": 10,
2026-06-12T17:51:05.3429995+09:00     "stale": {
2026-06-12T17:51:05.3429995+09:00       "scanned": 10,
2026-06-12T17:51:05.3429995+09:00       "staleDetected": 0,
2026-06-12T17:51:05.3482445+09:00       "rolledBack": 0,
2026-06-12T17:51:05.3482445+09:00       "skippedCap": 0,
2026-06-12T17:51:05.3533040+09:00       "dryRun": false,
2026-06-12T17:51:05.3533040+09:00       "actions": []
2026-06-12T17:51:05.3533040+09:00     }
2026-06-12T17:51:05.3533040+09:00   },
2026-06-12T17:51:05.3586858+09:00   "dispatch": {
2026-06-12T17:51:05.3606947+09:00     "claimed": 1,
2026-06-12T17:51:05.3606947+09:00     "done": 1,
2026-06-12T17:51:05.3638882+09:00     "failed": 0
2026-06-12T17:51:05.3638882+09:00   },
2026-06-12T17:51:05.3638882+09:00   "step4_poll": {
2026-06-12T17:51:05.3693561+09:00     "scanned": 10,
2026-06-12T17:51:05.3693561+09:00     "awaiting": 1,
2026-06-12T17:51:05.3693561+09:00     "polled": 0,
2026-06-12T17:51:05.3693561+09:00     "picks_applied": 0,
2026-06-12T17:51:05.3743689+09:00     "pick_errors": 0,
2026-06-12T17:51:05.3743689+09:00     "timeouts": 0,
2026-06-12T17:51:05.3743689+09:00     "skipped": 0,
2026-06-12T17:51:05.3796758+09:00     "results": [
2026-06-12T17:51:05.3796758+09:00       {
2026-06-12T17:51:05.3796758+09:00         "task_id": "daily-20260612-r03",
2026-06-12T17:51:05.3796758+09:00         "result": {
2026-06-12T17:51:05.3849992+09:00           "outcome": "no_new_messages"
2026-06-12T17:51:05.3849992+09:00         }
2026-06-12T17:51:05.3849992+09:00       }
2026-06-12T17:51:05.3849992+09:00     ]
2026-06-12T17:51:05.3903596+09:00   },
2026-06-12T17:51:05.3903596+09:00   "step7_retry_poll": {
2026-06-12T17:51:05.3903596+09:00     "scanned": 10,
2026-06-12T17:51:05.3903596+09:00     "eligible": 8,
2026-06-12T17:51:05.3954037+09:00     "polled": 0,
2026-06-12T17:51:05.3954037+09:00     "retries_triggered": 0,
2026-06-12T17:51:05.3954037+09:00     "retry_errors": 0,
2026-06-12T17:51:05.4006755+09:00     "skipped": 0,
2026-06-12T17:51:05.4006755+09:00     "results": []
2026-06-12T17:51:05.4006755+09:00   }
2026-06-12T17:51:05.4006755+09:00 }
2026-06-12T17:51:05.4074987+09:00 OK run-once finished
2026-06-12T17:56:00.3849658+09:00 START dispatch-run-once
2026-06-12T17:56:00.9821262+09:00 
2026-06-12T17:56:00.9821262+09:00 > orchestrator
2026-06-12T17:56:00.9871423+09:00 > tsx src/cli/orchestrator.ts run-once --limit 10
2026-06-12T17:56:00.9871423+09:00 
2026-06-12T17:56:04.1024010+09:00 {
2026-06-12T17:56:04.1077370+09:00   "ensure_daily": {
2026-06-12T17:56:04.1130432+09:00     "runs": [
2026-06-12T17:56:04.1130432+09:00       {
2026-06-12T17:56:04.1180635+09:00         "run_id": "r01",
2026-06-12T17:56:04.1180635+09:00         "action": "not_due",
2026-06-12T17:56:04.1234703+09:00         "taskId": "daily-20260612-r01",
2026-06-12T17:56:04.1234703+09:00         "reason": "jst_hour=17"
2026-06-12T17:56:04.1285621+09:00       },
2026-06-12T17:56:04.1556950+09:00       {
2026-06-12T17:56:04.1587108+09:00         "run_id": "r02",
2026-06-12T17:56:04.1631611+09:00         "action": "not_due",
2026-06-12T17:56:04.1641698+09:00         "taskId": "daily-20260612-r02",
2026-06-12T17:56:04.1712571+09:00         "reason": "jst_hour=17"
2026-06-12T17:56:04.1742717+09:00       },
2026-06-12T17:56:04.1742717+09:00       {
2026-06-12T17:56:04.1794100+09:00         "run_id": "r03",
2026-06-12T17:56:04.1794100+09:00         "action": "skipped_exists",
2026-06-12T17:56:04.1844552+09:00         "taskId": "daily-20260612-r03"
2026-06-12T17:56:04.1844552+09:00       }
2026-06-12T17:56:04.1844552+09:00     ]
2026-06-12T17:56:04.1897962+09:00   },
2026-06-12T17:56:04.1897962+09:00   "reconcile": {
2026-06-12T17:56:04.1950811+09:00     "resetProcessing": 0,
2026-06-12T17:56:04.1970908+09:00     "inserted": 1,
2026-06-12T17:56:04.2001282+09:00     "scanned": 10,
2026-06-12T17:56:04.2001282+09:00     "stale": {
2026-06-12T17:56:04.2051919+09:00       "scanned": 10,
2026-06-12T17:56:04.2051919+09:00       "staleDetected": 0,
2026-06-12T17:56:04.2106308+09:00       "rolledBack": 0,
2026-06-12T17:56:04.2126385+09:00       "skippedCap": 0,
2026-06-12T17:56:04.2176919+09:00       "dryRun": false,
2026-06-12T17:56:04.2207099+09:00       "actions": []
2026-06-12T17:56:04.2207099+09:00     }
2026-06-12T17:56:04.2207099+09:00   },
2026-06-12T17:56:04.2257814+09:00   "dispatch": {
2026-06-12T17:56:04.2257814+09:00     "claimed": 1,
2026-06-12T17:56:04.2310211+09:00     "done": 1,
2026-06-12T17:56:04.2310211+09:00     "failed": 0
2026-06-12T17:56:04.2360324+09:00   },
2026-06-12T17:56:04.2360324+09:00   "step4_poll": {
2026-06-12T17:56:04.2360324+09:00     "scanned": 10,
2026-06-12T17:56:04.2360324+09:00     "awaiting": 1,
2026-06-12T17:56:04.2414840+09:00     "polled": 0,
2026-06-12T17:56:04.2414840+09:00     "picks_applied": 0,
2026-06-12T17:56:04.2466379+09:00     "pick_errors": 0,
2026-06-12T17:56:04.2466379+09:00     "timeouts": 0,
2026-06-12T17:56:04.2466379+09:00     "skipped": 0,
2026-06-12T17:56:04.2517905+09:00     "results": [
2026-06-12T17:56:04.2517905+09:00       {
2026-06-12T17:56:04.2517905+09:00         "task_id": "daily-20260612-r03",
2026-06-12T17:56:04.2569637+09:00         "result": {
2026-06-12T17:56:04.2569637+09:00           "outcome": "no_new_messages"
2026-06-12T17:56:04.2621030+09:00         }
2026-06-12T17:56:04.2631101+09:00       }
2026-06-12T17:56:04.2631101+09:00     ]
2026-06-12T17:56:04.2672136+09:00   },
2026-06-12T17:56:04.2672136+09:00   "step7_retry_poll": {
2026-06-12T17:56:04.2723674+09:00     "scanned": 10,
2026-06-12T17:56:04.2723674+09:00     "eligible": 8,
2026-06-12T17:56:04.2723674+09:00     "polled": 0,
2026-06-12T17:56:04.2775023+09:00     "retries_triggered": 0,
2026-06-12T17:56:04.2775023+09:00     "retry_errors": 0,
2026-06-12T17:56:04.2775023+09:00     "skipped": 0,
2026-06-12T17:56:04.2826958+09:00     "results": []
2026-06-12T17:56:04.2826958+09:00   }
2026-06-12T17:56:04.2826958+09:00 }
2026-06-12T17:56:04.2877117+09:00 OK run-once finished
