2026-06-09T19:23:32.0664084+09:00 START dispatch-run-once
2026-06-09T19:23:32.5866461+09:00 
2026-06-09T19:23:32.5885329+09:00 > orchestrator
2026-06-09T19:23:32.5915332+09:00 > tsx src/cli/orchestrator.ts run-once --limit 10
2026-06-09T19:23:32.5935339+09:00 
2026-06-09T19:23:39.4642814+09:00 {
2026-06-09T19:23:39.4662890+09:00   "ensure_daily": {
2026-06-09T19:23:39.4705248+09:00     "action": "created",
2026-06-09T19:23:39.4705248+09:00     "taskId": "daily-20260609-r01"
2026-06-09T19:23:39.4705248+09:00   },
2026-06-09T19:23:39.4788381+09:00   "reconcile": {
2026-06-09T19:23:39.4788381+09:00     "resetProcessing": 0,
2026-06-09T19:23:39.4788381+09:00     "inserted": 0,
2026-06-09T19:23:39.4788381+09:00     "scanned": 1,
2026-06-09T19:23:39.5038770+09:00     "stale": {
2026-06-09T19:23:39.5038770+09:00       "scanned": 1,
2026-06-09T19:23:39.5121754+09:00       "staleDetected": 0,
2026-06-09T19:23:39.5121754+09:00       "rolledBack": 0,
2026-06-09T19:23:39.5150197+09:00       "skippedCap": 0,
2026-06-09T19:23:39.5150197+09:00       "dryRun": false,
2026-06-09T19:23:39.5206362+09:00       "actions": []
2026-06-09T19:23:39.5206362+09:00     }
2026-06-09T19:23:39.5206362+09:00   },
2026-06-09T19:23:39.5206362+09:00   "dispatch": {
2026-06-09T19:23:39.5288113+09:00     "claimed": 1,
2026-06-09T19:23:39.5288113+09:00     "done": 1,
2026-06-09T19:23:39.5288113+09:00     "failed": 0
2026-06-09T19:23:39.5288113+09:00   },
2026-06-09T19:23:39.5288113+09:00   "step4_poll": {
2026-06-09T19:23:39.5371723+09:00     "scanned": 1,
2026-06-09T19:23:39.5371723+09:00     "awaiting": 0,
2026-06-09T19:23:39.5371723+09:00     "polled": 0,
2026-06-09T19:23:39.5371723+09:00     "picks_applied": 0,
2026-06-09T19:23:39.5443061+09:00     "pick_errors": 0,
2026-06-09T19:23:39.5455140+09:00     "timeouts": 0,
2026-06-09T19:23:39.5475791+09:00     "skipped": 0,
2026-06-09T19:23:39.5475791+09:00     "results": []
2026-06-09T19:23:39.5475791+09:00   },
2026-06-09T19:23:39.5538199+09:00   "step7_retry_poll": {
2026-06-09T19:23:39.5538199+09:00     "scanned": 1,
2026-06-09T19:23:39.5538199+09:00     "eligible": 0,
2026-06-09T19:23:39.5538199+09:00     "polled": 0,
2026-06-09T19:23:39.5538199+09:00     "retries_triggered": 0,
2026-06-09T19:23:39.5621505+09:00     "retry_errors": 0,
2026-06-09T19:23:39.5621505+09:00     "skipped": 0,
2026-06-09T19:23:39.5621505+09:00     "results": []
2026-06-09T19:23:39.5621505+09:00   }
2026-06-09T19:23:39.5621505+09:00 }
2026-06-09T19:23:39.5704767+09:00 OK run-once finished
2026-06-09T19:28:32.5828860+09:00 START dispatch-run-once
2026-06-09T19:28:32.9795475+09:00 
2026-06-09T19:28:32.9815546+09:00 > orchestrator
2026-06-09T19:28:32.9827972+09:00 > tsx src/cli/orchestrator.ts run-once --limit 10
2026-06-09T19:28:32.9827972+09:00 
2026-06-09T19:28:34.4287105+09:00 {
2026-06-09T19:28:34.4328247+09:00   "ensure_daily": {
2026-06-09T19:28:34.4357400+09:00     "action": "skipped_exists",
2026-06-09T19:28:34.4357400+09:00     "taskId": "daily-20260609-r01"
2026-06-09T19:28:34.4410035+09:00   },
2026-06-09T19:28:34.4410035+09:00   "reconcile": {
2026-06-09T19:28:34.4410035+09:00     "resetProcessing": 0,
2026-06-09T19:28:34.4410035+09:00     "inserted": 0,
2026-06-09T19:28:34.4494499+09:00     "scanned": 1,
2026-06-09T19:28:34.4663335+09:00     "stale": {
2026-06-09T19:28:34.4663335+09:00       "scanned": 1,
2026-06-09T19:28:34.4736847+09:00       "staleDetected": 0,
2026-06-09T19:28:34.4744483+09:00       "rolledBack": 0,
2026-06-09T19:28:34.4744483+09:00       "skippedCap": 0,
2026-06-09T19:28:34.4744483+09:00       "dryRun": false,
2026-06-09T19:28:34.4827935+09:00       "actions": []
2026-06-09T19:28:34.4852093+09:00     }
2026-06-09T19:28:34.4872161+09:00   },
2026-06-09T19:28:34.4892217+09:00   "dispatch": {
2026-06-09T19:28:34.4911619+09:00     "claimed": 1,
2026-06-09T19:28:34.4911619+09:00     "done": 1,
2026-06-09T19:28:34.4911619+09:00     "failed": 0
2026-06-09T19:28:34.4994749+09:00   },
2026-06-09T19:28:34.5015581+09:00   "step4_poll": {
2026-06-09T19:28:34.5055906+09:00     "scanned": 1,
2026-06-09T19:28:34.5077961+09:00     "awaiting": 0,
2026-06-09T19:28:34.5077961+09:00     "polled": 0,
2026-06-09T19:28:34.5077961+09:00     "picks_applied": 0,
2026-06-09T19:28:34.5077961+09:00     "pick_errors": 0,
2026-06-09T19:28:34.5160989+09:00     "timeouts": 0,
2026-06-09T19:28:34.5160989+09:00     "skipped": 0,
2026-06-09T19:28:34.5160989+09:00     "results": []
2026-06-09T19:28:34.5160989+09:00   },
2026-06-09T19:28:34.5244896+09:00   "step7_retry_poll": {
2026-06-09T19:28:34.5244896+09:00     "scanned": 1,
2026-06-09T19:28:34.5244896+09:00     "eligible": 0,
2026-06-09T19:28:34.5244896+09:00     "polled": 0,
2026-06-09T19:28:34.5328184+09:00     "retries_triggered": 0,
2026-06-09T19:28:34.5328184+09:00     "retry_errors": 0,
2026-06-09T19:28:34.5328184+09:00     "skipped": 0,
2026-06-09T19:28:34.5328184+09:00     "results": []
2026-06-09T19:28:34.5410694+09:00   }
2026-06-09T19:28:34.5410694+09:00 }
2026-06-09T19:28:34.5410694+09:00 OK run-once finished
2026-06-09T19:33:30.8222206+09:00 START dispatch-run-once
2026-06-09T19:33:31.1949622+09:00 
2026-06-09T19:33:31.1949622+09:00 > orchestrator
2026-06-09T19:33:31.2032994+09:00 > tsx src/cli/orchestrator.ts run-once --limit 10
2026-06-09T19:33:31.2032994+09:00 
2026-06-09T19:33:32.6200267+09:00 {
2026-06-09T19:33:32.6230355+09:00   "ensure_daily": {
2026-06-09T19:33:32.6230355+09:00     "action": "skipped_exists",
2026-06-09T19:33:32.6284025+09:00     "taskId": "daily-20260609-r01"
2026-06-09T19:33:32.6284025+09:00   },
2026-06-09T19:33:32.6284025+09:00   "reconcile": {
2026-06-09T19:33:32.6366643+09:00     "resetProcessing": 0,
2026-06-09T19:33:32.6387634+09:00     "inserted": 0,
2026-06-09T19:33:32.6407691+09:00     "scanned": 1,
2026-06-09T19:33:32.6554481+09:00     "stale": {
2026-06-09T19:33:32.6618098+09:00       "scanned": 1,
2026-06-09T19:33:32.6618098+09:00       "staleDetected": 0,
2026-06-09T19:33:32.6618098+09:00       "rolledBack": 0,
2026-06-09T19:33:32.6699785+09:00       "skippedCap": 0,
2026-06-09T19:33:32.6699785+09:00       "dryRun": false,
2026-06-09T19:33:32.6699785+09:00       "actions": []
2026-06-09T19:33:32.6765525+09:00     }
2026-06-09T19:33:32.6783182+09:00   },
2026-06-09T19:33:32.6783182+09:00   "dispatch": {
2026-06-09T19:33:32.6783182+09:00     "claimed": 1,
2026-06-09T19:33:32.6783182+09:00     "done": 1,
2026-06-09T19:33:32.6860761+09:00     "failed": 0
2026-06-09T19:33:32.6866298+09:00   },
2026-06-09T19:33:32.6866298+09:00   "step4_poll": {
2026-06-09T19:33:32.6866298+09:00     "scanned": 1,
2026-06-09T19:33:32.6866298+09:00     "awaiting": 0,
2026-06-09T19:33:32.6949841+09:00     "polled": 0,
2026-06-09T19:33:32.6949841+09:00     "picks_applied": 0,
2026-06-09T19:33:32.6986982+09:00     "pick_errors": 0,
2026-06-09T19:33:32.7007079+09:00     "timeouts": 0,
2026-06-09T19:33:32.7033018+09:00     "skipped": 0,
2026-06-09T19:33:32.7033018+09:00     "results": []
2026-06-09T19:33:32.7033018+09:00   },
2026-06-09T19:33:32.7033018+09:00   "step7_retry_poll": {
2026-06-09T19:33:32.7033018+09:00     "scanned": 1,
2026-06-09T19:33:32.7115990+09:00     "eligible": 0,
2026-06-09T19:33:32.7115990+09:00     "polled": 0,
2026-06-09T19:33:32.7115990+09:00     "retries_triggered": 0,
2026-06-09T19:33:32.7115990+09:00     "retry_errors": 0,
2026-06-09T19:33:32.7115990+09:00     "skipped": 0,
2026-06-09T19:33:32.7115990+09:00     "results": []
2026-06-09T19:33:32.7199472+09:00   }
2026-06-09T19:33:32.7199472+09:00 }
2026-06-09T19:33:32.7199472+09:00 OK run-once finished
2026-06-09T19:38:31.7239511+09:00 START dispatch-run-once
2026-06-09T19:38:32.2404409+09:00 
2026-06-09T19:38:32.2404409+09:00 > orchestrator
2026-06-09T19:38:32.2404409+09:00 > tsx src/cli/orchestrator.ts run-once --limit 10
2026-06-09T19:38:32.2475925+09:00 
2026-06-09T19:38:33.8609014+09:00 {
2026-06-09T19:38:33.8658693+09:00   "ensure_daily": {
2026-06-09T19:38:33.8741625+09:00     "action": "skipped_exists",
2026-06-09T19:38:33.8741625+09:00     "taskId": "daily-20260609-r01"
2026-06-09T19:38:33.8822391+09:00   },
2026-06-09T19:38:33.8822391+09:00   "reconcile": {
2026-06-09T19:38:33.8822391+09:00     "resetProcessing": 0,
2026-06-09T19:38:33.8904591+09:00     "inserted": 0,
2026-06-09T19:38:33.8904591+09:00     "scanned": 1,
2026-06-09T19:38:33.9092293+09:00     "stale": {
2026-06-09T19:38:33.9092293+09:00       "scanned": 1,
2026-06-09T19:38:33.9155117+09:00       "staleDetected": 0,
2026-06-09T19:38:33.9155117+09:00       "rolledBack": 0,
2026-06-09T19:38:33.9155117+09:00       "skippedCap": 0,
2026-06-09T19:38:33.9155117+09:00       "dryRun": false,
2026-06-09T19:38:33.9237706+09:00       "actions": []
2026-06-09T19:38:33.9237706+09:00     }
2026-06-09T19:38:33.9237706+09:00   },
2026-06-09T19:38:33.9237706+09:00   "dispatch": {
2026-06-09T19:38:33.9237706+09:00     "claimed": 2,
2026-06-09T19:38:33.9321077+09:00     "done": 2,
2026-06-09T19:38:33.9321077+09:00     "failed": 0
2026-06-09T19:38:33.9321077+09:00   },
2026-06-09T19:38:33.9321077+09:00   "step4_poll": {
2026-06-09T19:38:33.9321077+09:00     "scanned": 1,
2026-06-09T19:38:33.9321077+09:00     "awaiting": 1,
2026-06-09T19:38:33.9404363+09:00     "polled": 0,
2026-06-09T19:38:33.9404363+09:00     "picks_applied": 0,
2026-06-09T19:38:33.9404363+09:00     "pick_errors": 0,
2026-06-09T19:38:33.9404363+09:00     "timeouts": 0,
2026-06-09T19:38:33.9488427+09:00     "skipped": 0,
2026-06-09T19:38:33.9509249+09:00     "results": [
2026-06-09T19:38:33.9509249+09:00       {
2026-06-09T19:38:33.9529325+09:00         "task_id": "daily-20260609-r01",
2026-06-09T19:38:33.9549404+09:00         "result": {
2026-06-09T19:38:33.9571924+09:00           "outcome": "no_new_messages"
2026-06-09T19:38:33.9571924+09:00         }
2026-06-09T19:38:33.9571924+09:00       }
2026-06-09T19:38:33.9612180+09:00     ]
2026-06-09T19:38:33.9612180+09:00   },
2026-06-09T19:38:33.9612180+09:00   "step7_retry_poll": {
2026-06-09T19:38:33.9655436+09:00     "scanned": 1,
2026-06-09T19:38:33.9655436+09:00     "eligible": 0,
2026-06-09T19:38:33.9655436+09:00     "polled": 0,
2026-06-09T19:38:33.9655436+09:00     "retries_triggered": 0,
2026-06-09T19:38:33.9655436+09:00     "retry_errors": 0,
2026-06-09T19:38:33.9738811+09:00     "skipped": 0,
2026-06-09T19:38:33.9738811+09:00     "results": []
2026-06-09T19:38:33.9738811+09:00   }
2026-06-09T19:38:33.9738811+09:00 }
2026-06-09T19:38:33.9738811+09:00 OK run-once finished
2026-06-09T19:43:31.9361406+09:00 START dispatch-run-once
2026-06-09T19:43:32.3443974+09:00 
2026-06-09T19:43:32.3526554+09:00 > orchestrator
2026-06-09T19:43:32.3526554+09:00 > tsx src/cli/orchestrator.ts run-once --limit 10
2026-06-09T19:43:32.3526554+09:00 
2026-06-09T19:43:33.7527130+09:00 {
2026-06-09T19:43:33.7527130+09:00   "ensure_daily": {
2026-06-09T19:43:33.7609813+09:00     "action": "skipped_exists",
2026-06-09T19:43:33.7609813+09:00     "taskId": "daily-20260609-r01"
2026-06-09T19:43:33.7609813+09:00   },
2026-06-09T19:43:33.7693459+09:00   "reconcile": {
2026-06-09T19:43:33.7693459+09:00     "resetProcessing": 0,
2026-06-09T19:43:33.7693459+09:00     "inserted": 0,
2026-06-09T19:43:33.7693459+09:00     "scanned": 1,
2026-06-09T19:43:33.7941802+09:00     "stale": {
2026-06-09T19:43:33.7941802+09:00       "scanned": 1,
2026-06-09T19:43:33.7941802+09:00       "staleDetected": 0,
2026-06-09T19:43:33.7941802+09:00       "rolledBack": 0,
2026-06-09T19:43:33.7941802+09:00       "skippedCap": 0,
2026-06-09T19:43:33.8027466+09:00       "dryRun": false,
2026-06-09T19:43:33.8048429+09:00       "actions": []
2026-06-09T19:43:33.8048429+09:00     }
2026-06-09T19:43:33.8048429+09:00   },
2026-06-09T19:43:33.8110150+09:00   "dispatch": {
2026-06-09T19:43:33.8110150+09:00     "claimed": 1,
2026-06-09T19:43:33.8110150+09:00     "done": 1,
2026-06-09T19:43:33.8110150+09:00     "failed": 0
2026-06-09T19:43:33.8110150+09:00   },
2026-06-09T19:43:33.8193189+09:00   "step4_poll": {
2026-06-09T19:43:33.8193189+09:00     "scanned": 1,
2026-06-09T19:43:33.8193189+09:00     "awaiting": 1,
2026-06-09T19:43:33.8193189+09:00     "polled": 0,
2026-06-09T19:43:33.8276210+09:00     "picks_applied": 0,
2026-06-09T19:43:33.8276210+09:00     "pick_errors": 0,
2026-06-09T19:43:33.8276210+09:00     "timeouts": 0,
2026-06-09T19:43:33.8276210+09:00     "skipped": 0,
2026-06-09T19:43:33.8359927+09:00     "results": [
2026-06-09T19:43:33.8381466+09:00       {
2026-06-09T19:43:33.8401540+09:00         "task_id": "daily-20260609-r01",
2026-06-09T19:43:33.8401540+09:00         "result": {
2026-06-09T19:43:33.8401540+09:00           "outcome": "no_new_messages"
2026-06-09T19:43:33.8443370+09:00         }
2026-06-09T19:43:33.8443370+09:00       }
2026-06-09T19:43:33.8443370+09:00     ]
2026-06-09T19:43:33.8443370+09:00   },
2026-06-09T19:43:33.8443370+09:00   "step7_retry_poll": {
2026-06-09T19:43:33.8443370+09:00     "scanned": 1,
2026-06-09T19:43:33.8526766+09:00     "eligible": 0,
2026-06-09T19:43:33.8526766+09:00     "polled": 0,
2026-06-09T19:43:33.8526766+09:00     "retries_triggered": 0,
2026-06-09T19:43:33.8526766+09:00     "retry_errors": 0,
2026-06-09T19:43:33.8526766+09:00     "skipped": 0,
2026-06-09T19:43:33.8526766+09:00     "results": []
2026-06-09T19:43:33.8610198+09:00   }
2026-06-09T19:43:33.8610198+09:00 }
2026-06-09T19:43:33.8610198+09:00 OK run-once finished
2026-06-09T19:48:31.0520860+09:00 START dispatch-run-once
2026-06-09T19:48:31.4314941+09:00 
2026-06-09T19:48:31.4314941+09:00 > orchestrator
2026-06-09T19:48:31.4314941+09:00 > tsx src/cli/orchestrator.ts run-once --limit 10
2026-06-09T19:48:31.4314941+09:00 
2026-06-09T19:48:32.7899314+09:00 {
2026-06-09T19:48:32.7899314+09:00   "ensure_daily": {
2026-06-09T19:48:32.7982906+09:00     "action": "skipped_exists",
2026-06-09T19:48:32.7982906+09:00     "taskId": "daily-20260609-r01"
2026-06-09T19:48:32.8039581+09:00   },
2026-06-09T19:48:32.8065418+09:00   "reconcile": {
2026-06-09T19:48:32.8065418+09:00     "resetProcessing": 0,
2026-06-09T19:48:32.8065418+09:00     "inserted": 1,
2026-06-09T19:48:32.8140843+09:00     "scanned": 1,
2026-06-09T19:48:32.8316358+09:00     "stale": {
2026-06-09T19:48:32.8316358+09:00       "scanned": 1,
2026-06-09T19:48:32.8316358+09:00       "staleDetected": 0,
2026-06-09T19:48:32.8316358+09:00       "rolledBack": 0,
2026-06-09T19:48:32.8399173+09:00       "skippedCap": 0,
2026-06-09T19:48:32.8399173+09:00       "dryRun": false,
2026-06-09T19:48:32.8399173+09:00       "actions": []
2026-06-09T19:48:32.8399173+09:00     }
2026-06-09T19:48:32.8482345+09:00   },
2026-06-09T19:48:32.8482345+09:00   "dispatch": {
2026-06-09T19:48:32.8482345+09:00     "claimed": 1,
2026-06-09T19:48:32.8533577+09:00     "done": 1,
2026-06-09T19:48:32.8533577+09:00     "failed": 0
2026-06-09T19:48:32.8565201+09:00   },
2026-06-09T19:48:32.8565201+09:00   "step4_poll": {
2026-06-09T19:48:32.8565201+09:00     "scanned": 1,
2026-06-09T19:48:32.8648480+09:00     "awaiting": 1,
2026-06-09T19:48:32.8648480+09:00     "polled": 0,
2026-06-09T19:48:32.8648480+09:00     "picks_applied": 0,
2026-06-09T19:48:32.8731877+09:00     "pick_errors": 0,
2026-06-09T19:48:32.8731877+09:00     "timeouts": 0,
2026-06-09T19:48:32.8731877+09:00     "skipped": 0,
2026-06-09T19:48:32.8731877+09:00     "results": [
2026-06-09T19:48:32.8814917+09:00       {
2026-06-09T19:48:32.8814917+09:00         "task_id": "daily-20260609-r01",
2026-06-09T19:48:32.8814917+09:00         "result": {
2026-06-09T19:48:32.8814917+09:00           "outcome": "no_new_messages"
2026-06-09T19:48:32.8814917+09:00         }
2026-06-09T19:48:32.8898381+09:00       }
2026-06-09T19:48:32.8898381+09:00     ]
2026-06-09T19:48:32.8898381+09:00   },
2026-06-09T19:48:32.8898381+09:00   "step7_retry_poll": {
2026-06-09T19:48:32.8898381+09:00     "scanned": 1,
2026-06-09T19:48:32.8898381+09:00     "eligible": 0,
2026-06-09T19:48:32.8981612+09:00     "polled": 0,
2026-06-09T19:48:32.8981612+09:00     "retries_triggered": 0,
2026-06-09T19:48:32.8981612+09:00     "retry_errors": 0,
2026-06-09T19:48:32.8981612+09:00     "skipped": 0,
2026-06-09T19:48:32.8981612+09:00     "results": []
2026-06-09T19:48:32.9065105+09:00   }
2026-06-09T19:48:32.9065105+09:00 }
2026-06-09T19:48:32.9065105+09:00 OK run-once finished
2026-06-09T19:53:33.1687791+09:00 START dispatch-run-once
2026-06-09T19:53:33.5437321+09:00 
2026-06-09T19:53:33.5520485+09:00 > orchestrator
2026-06-09T19:53:33.5520485+09:00 > tsx src/cli/orchestrator.ts run-once --limit 10
2026-06-09T19:53:33.5520485+09:00 
2026-06-09T19:53:34.9124843+09:00 {
2026-06-09T19:53:34.9124843+09:00   "ensure_daily": {
2026-06-09T19:53:34.9186977+09:00     "action": "skipped_exists",
2026-06-09T19:53:34.9208311+09:00     "taskId": "daily-20260609-r01"
2026-06-09T19:53:34.9238425+09:00   },
2026-06-09T19:53:34.9270102+09:00   "reconcile": {
2026-06-09T19:53:34.9290974+09:00     "resetProcessing": 0,
2026-06-09T19:53:34.9311048+09:00     "inserted": 1,
2026-06-09T19:53:34.9331130+09:00     "scanned": 1,
2026-06-09T19:53:34.9521036+09:00     "stale": {
2026-06-09T19:53:34.9521036+09:00       "scanned": 1,
2026-06-09T19:53:34.9521036+09:00       "staleDetected": 0,
2026-06-09T19:53:34.9603269+09:00       "rolledBack": 0,
2026-06-09T19:53:34.9603269+09:00       "skippedCap": 0,
2026-06-09T19:53:34.9654871+09:00       "dryRun": false,
2026-06-09T19:53:34.9654871+09:00       "actions": []
2026-06-09T19:53:34.9686346+09:00     }
2026-06-09T19:53:34.9686346+09:00   },
2026-06-09T19:53:34.9686346+09:00   "dispatch": {
2026-06-09T19:53:34.9686346+09:00     "claimed": 1,
2026-06-09T19:53:34.9686346+09:00     "done": 1,
2026-06-09T19:53:34.9769897+09:00     "failed": 0
2026-06-09T19:53:34.9769897+09:00   },
2026-06-09T19:53:34.9769897+09:00   "step4_poll": {
2026-06-09T19:53:34.9769897+09:00     "scanned": 1,
2026-06-09T19:53:34.9853221+09:00     "awaiting": 1,
2026-06-09T19:53:34.9874317+09:00     "polled": 0,
2026-06-09T19:53:34.9894405+09:00     "picks_applied": 0,
2026-06-09T19:53:34.9894405+09:00     "pick_errors": 0,
2026-06-09T19:53:34.9894405+09:00     "timeouts": 0,
2026-06-09T19:53:34.9936839+09:00     "skipped": 0,
2026-06-09T19:53:34.9936839+09:00     "results": [
2026-06-09T19:53:34.9936839+09:00       {
2026-06-09T19:53:34.9936839+09:00         "task_id": "daily-20260609-r01",
2026-06-09T19:53:34.9936839+09:00         "result": {
2026-06-09T19:53:35.0019807+09:00           "outcome": "no_new_messages"
2026-06-09T19:53:35.0019807+09:00         }
2026-06-09T19:53:35.0019807+09:00       }
2026-06-09T19:53:35.0019807+09:00     ]
2026-06-09T19:53:35.0019807+09:00   },
2026-06-09T19:53:35.0103042+09:00   "step7_retry_poll": {
2026-06-09T19:53:35.0103042+09:00     "scanned": 1,
2026-06-09T19:53:35.0103042+09:00     "eligible": 0,
2026-06-09T19:53:35.0103042+09:00     "polled": 0,
2026-06-09T19:53:35.0103042+09:00     "retries_triggered": 0,
2026-06-09T19:53:35.0103042+09:00     "retry_errors": 0,
2026-06-09T19:53:35.0186694+09:00     "skipped": 0,
2026-06-09T19:53:35.0186694+09:00     "results": []
2026-06-09T19:53:35.0186694+09:00   }
2026-06-09T19:53:35.0186694+09:00 }
2026-06-09T19:53:35.0186694+09:00 OK run-once finished
2026-06-09T19:58:31.5310073+09:00 START dispatch-run-once
2026-06-09T19:58:31.9308469+09:00 
2026-06-09T19:58:31.9308469+09:00 > orchestrator
2026-06-09T19:58:31.9308469+09:00 > tsx src/cli/orchestrator.ts run-once --limit 10
2026-06-09T19:58:31.9308469+09:00 
2026-06-09T19:58:33.6059433+09:00 {
2026-06-09T19:58:33.6059433+09:00   "ensure_daily": {
2026-06-09T19:58:33.6142526+09:00     "action": "skipped_exists",
2026-06-09T19:58:33.6189381+09:00     "taskId": "daily-20260609-r01"
2026-06-09T19:58:33.6209486+09:00   },
2026-06-09T19:58:33.6226133+09:00   "reconcile": {
2026-06-09T19:58:33.6226133+09:00     "resetProcessing": 0,
2026-06-09T19:58:33.6226133+09:00     "inserted": 1,
2026-06-09T19:58:33.6308849+09:00     "scanned": 1,
2026-06-09T19:58:33.6497365+09:00     "stale": {
2026-06-09T19:58:33.6497365+09:00       "scanned": 1,
2026-06-09T19:58:33.6497365+09:00       "staleDetected": 0,
2026-06-09T19:58:33.6558331+09:00       "rolledBack": 0,
2026-06-09T19:58:33.6558331+09:00       "skippedCap": 0,
2026-06-09T19:58:33.6558331+09:00       "dryRun": false,
2026-06-09T19:58:33.6621998+09:00       "actions": []
2026-06-09T19:58:33.6641955+09:00     }
2026-06-09T19:58:33.6641955+09:00   },
2026-06-09T19:58:33.6641955+09:00   "dispatch": {
2026-06-09T19:58:33.6641955+09:00     "claimed": 1,
2026-06-09T19:58:33.6641955+09:00     "done": 1,
2026-06-09T19:58:33.6726063+09:00     "failed": 0
2026-06-09T19:58:33.6746841+09:00   },
2026-06-09T19:58:33.6766911+09:00   "step4_poll": {
2026-06-09T19:58:33.6766911+09:00     "scanned": 1,
2026-06-09T19:58:33.6808971+09:00     "awaiting": 1,
2026-06-09T19:58:33.6808971+09:00     "polled": 0,
2026-06-09T19:58:33.6808971+09:00     "picks_applied": 0,
2026-06-09T19:58:33.6872626+09:00     "pick_errors": 0,
2026-06-09T19:58:33.6891922+09:00     "timeouts": 0,
2026-06-09T19:58:33.6891922+09:00     "skipped": 0,
2026-06-09T19:58:33.6891922+09:00     "results": [
2026-06-09T19:58:33.6891922+09:00       {
2026-06-09T19:58:33.6975137+09:00         "task_id": "daily-20260609-r01",
2026-06-09T19:58:33.6975137+09:00         "result": {
2026-06-09T19:58:33.6975137+09:00           "outcome": "no_new_messages"
2026-06-09T19:58:33.6975137+09:00         }
2026-06-09T19:58:33.6975137+09:00       }
2026-06-09T19:58:33.6975137+09:00     ]
2026-06-09T19:58:33.7058590+09:00   },
2026-06-09T19:58:33.7058590+09:00   "step7_retry_poll": {
2026-06-09T19:58:33.7058590+09:00     "scanned": 1,
2026-06-09T19:58:33.7058590+09:00     "eligible": 0,
2026-06-09T19:58:33.7058590+09:00     "polled": 0,
2026-06-09T19:58:33.7058590+09:00     "retries_triggered": 0,
2026-06-09T19:58:33.7142051+09:00     "retry_errors": 0,
2026-06-09T19:58:33.7142051+09:00     "skipped": 0,
2026-06-09T19:58:33.7142051+09:00     "results": []
2026-06-09T19:58:33.7142051+09:00   }
2026-06-09T19:58:33.7142051+09:00 }
2026-06-09T19:58:33.7225237+09:00 OK run-once finished
2026-06-09T20:03:32.0264950+09:00 START dispatch-run-once
2026-06-09T20:03:32.4306079+09:00 
2026-06-09T20:03:32.4347478+09:00 > orchestrator
2026-06-09T20:03:32.4347478+09:00 > tsx src/cli/orchestrator.ts run-once --limit 10
2026-06-09T20:03:32.4347478+09:00 
2026-06-09T20:03:33.7989703+09:00 {
2026-06-09T20:03:33.8014713+09:00   "ensure_daily": {
2026-06-09T20:03:33.8069223+09:00     "action": "skipped_exists",
2026-06-09T20:03:33.8097270+09:00     "taskId": "daily-20260609-r01"
2026-06-09T20:03:33.8118123+09:00   },
2026-06-09T20:03:33.8138180+09:00   "reconcile": {
2026-06-09T20:03:33.8138180+09:00     "resetProcessing": 0,
2026-06-09T20:03:33.8180905+09:00     "inserted": 1,
2026-06-09T20:03:33.8180905+09:00     "scanned": 1,
2026-06-09T20:03:33.8431619+09:00     "stale": {
2026-06-09T20:03:33.8431619+09:00       "scanned": 1,
2026-06-09T20:03:33.8464047+09:00       "staleDetected": 0,
2026-06-09T20:03:33.8514539+09:00       "rolledBack": 0,
2026-06-09T20:03:33.8535571+09:00       "skippedCap": 0,
2026-06-09T20:03:33.8575705+09:00       "dryRun": false,
2026-06-09T20:03:33.8597067+09:00       "actions": []
2026-06-09T20:03:33.8597067+09:00     }
2026-06-09T20:03:33.8639879+09:00   },
2026-06-09T20:03:33.8639879+09:00   "dispatch": {
2026-06-09T20:03:33.8680777+09:00     "claimed": 1,
2026-06-09T20:03:33.8712120+09:00     "done": 1,
2026-06-09T20:03:33.8732177+09:00     "failed": 0
2026-06-09T20:03:33.8752301+09:00   },
2026-06-09T20:03:33.8763953+09:00   "step4_poll": {
2026-06-09T20:03:33.8763953+09:00     "scanned": 1,
2026-06-09T20:03:33.8763953+09:00     "awaiting": 1,
2026-06-09T20:03:33.8847453+09:00     "polled": 0,
2026-06-09T20:03:33.8868350+09:00     "picks_applied": 0,
2026-06-09T20:03:33.8868350+09:00     "pick_errors": 0,
2026-06-09T20:03:33.8868350+09:00     "timeouts": 0,
2026-06-09T20:03:33.8951342+09:00     "skipped": 0,
2026-06-09T20:03:33.8971398+09:00     "results": [
2026-06-09T20:03:33.8991458+09:00       {
2026-06-09T20:03:33.9015035+09:00         "task_id": "daily-20260609-r01",
2026-06-09T20:03:33.9015035+09:00         "result": {
2026-06-09T20:03:33.9015035+09:00           "outcome": "no_new_messages"
2026-06-09T20:03:33.9015035+09:00         }
2026-06-09T20:03:33.9097373+09:00       }
2026-06-09T20:03:33.9097373+09:00     ]
2026-06-09T20:03:33.9097373+09:00   },
2026-06-09T20:03:33.9097373+09:00   "step7_retry_poll": {
2026-06-09T20:03:33.9180190+09:00     "scanned": 1,
2026-06-09T20:03:33.9180190+09:00     "eligible": 0,
2026-06-09T20:03:33.9180190+09:00     "polled": 0,
2026-06-09T20:03:33.9180190+09:00     "retries_triggered": 0,
2026-06-09T20:03:33.9264625+09:00     "retry_errors": 0,
2026-06-09T20:03:33.9264625+09:00     "skipped": 0,
2026-06-09T20:03:33.9264625+09:00     "results": []
2026-06-09T20:03:33.9264625+09:00   }
2026-06-09T20:03:33.9264625+09:00 }
2026-06-09T20:03:33.9346852+09:00 OK run-once finished
2026-06-09T20:08:47.7468062+09:00 START dispatch-run-once
2026-06-09T20:08:48.1299663+09:00 
2026-06-09T20:08:48.1299663+09:00 > orchestrator
2026-06-09T20:08:48.1383762+09:00 > tsx src/cli/orchestrator.ts run-once --limit 10
2026-06-09T20:08:48.1383762+09:00 
2026-06-09T20:08:49.5300604+09:00 {
2026-06-09T20:08:49.5300604+09:00   "ensure_daily": {
2026-06-09T20:08:49.5300604+09:00     "action": "skipped_exists",
2026-06-09T20:08:49.5404948+09:00     "taskId": "daily-20260609-r01"
2026-06-09T20:08:49.5425022+09:00   },
2026-06-09T20:08:49.5445142+09:00   "reconcile": {
2026-06-09T20:08:49.5465199+09:00     "resetProcessing": 0,
2026-06-09T20:08:49.5487605+09:00     "inserted": 1,
2026-06-09T20:08:49.5507687+09:00     "scanned": 1,
2026-06-09T20:08:49.5718247+09:00     "stale": {
2026-06-09T20:08:49.5718247+09:00       "scanned": 1,
2026-06-09T20:08:49.5718247+09:00       "staleDetected": 0,
2026-06-09T20:08:49.5800307+09:00       "rolledBack": 0,
2026-06-09T20:08:49.5800307+09:00       "skippedCap": 0,
2026-06-09T20:08:49.5800307+09:00       "dryRun": false,
2026-06-09T20:08:49.5883736+09:00       "actions": []
2026-06-09T20:08:49.5924973+09:00     }
2026-06-09T20:08:49.5943157+09:00   },
2026-06-09T20:08:49.5963214+09:00   "dispatch": {
2026-06-09T20:08:49.5966929+09:00     "claimed": 1,
2026-06-09T20:08:49.5966929+09:00     "done": 1,
2026-06-09T20:08:49.5966929+09:00     "failed": 0
2026-06-09T20:08:49.6050047+09:00   },
2026-06-09T20:08:49.6050047+09:00   "step4_poll": {
2026-06-09T20:08:49.6050047+09:00     "scanned": 1,
2026-06-09T20:08:49.6050047+09:00     "awaiting": 1,
2026-06-09T20:08:49.6133191+09:00     "polled": 0,
2026-06-09T20:08:49.6133191+09:00     "picks_applied": 0,
2026-06-09T20:08:49.6133191+09:00     "pick_errors": 0,
2026-06-09T20:08:49.6133191+09:00     "timeouts": 0,
2026-06-09T20:08:49.6216935+09:00     "skipped": 0,
2026-06-09T20:08:49.6238027+09:00     "results": [
2026-06-09T20:08:49.6258093+09:00       {
2026-06-09T20:08:49.6278159+09:00         "task_id": "daily-20260609-r01",
2026-06-09T20:08:49.6298215+09:00         "result": {
2026-06-09T20:08:49.6298215+09:00           "outcome": "no_new_messages"
2026-06-09T20:08:49.6298215+09:00         }
2026-06-09T20:08:49.6298215+09:00       }
2026-06-09T20:08:49.6383060+09:00     ]
2026-06-09T20:08:49.6404348+09:00   },
2026-06-09T20:08:49.6424412+09:00   "step7_retry_poll": {
2026-06-09T20:08:49.6444469+09:00     "scanned": 1,
2026-06-09T20:08:49.6444469+09:00     "eligible": 0,
2026-06-09T20:08:49.6464587+09:00     "polled": 0,
2026-06-09T20:08:49.6464587+09:00     "retries_triggered": 0,
2026-06-09T20:08:49.6464587+09:00     "retry_errors": 0,
2026-06-09T20:08:49.6464587+09:00     "skipped": 0,
2026-06-09T20:08:49.6464587+09:00     "results": []
2026-06-09T20:08:49.6549726+09:00   }
2026-06-09T20:08:49.6549726+09:00 }
2026-06-09T20:08:49.6549726+09:00 OK run-once finished
2026-06-09T20:13:31.9675334+09:00 START dispatch-run-once
2026-06-09T20:13:32.3424481+09:00 
2026-06-09T20:13:32.3424481+09:00 > orchestrator
2026-06-09T20:13:32.3507686+09:00 > tsx src/cli/orchestrator.ts run-once --limit 10
2026-06-09T20:13:32.3507686+09:00 
2026-06-09T20:13:33.7424942+09:00 {
2026-06-09T20:13:33.7473859+09:00   "ensure_daily": {
2026-06-09T20:13:33.7508116+09:00     "action": "skipped_exists",
2026-06-09T20:13:33.7542244+09:00     "taskId": "daily-20260609-r01"
2026-06-09T20:13:33.7562317+09:00   },
2026-06-09T20:13:33.7590762+09:00   "reconcile": {
2026-06-09T20:13:33.7590762+09:00     "resetProcessing": 0,
2026-06-09T20:13:33.7590762+09:00     "inserted": 1,
2026-06-09T20:13:33.7590762+09:00     "scanned": 1,
2026-06-09T20:13:33.7841520+09:00     "stale": {
2026-06-09T20:13:33.7841520+09:00       "scanned": 1,
2026-06-09T20:13:33.7841520+09:00       "staleDetected": 0,
2026-06-09T20:13:33.7924942+09:00       "rolledBack": 0,
2026-06-09T20:13:33.7924942+09:00       "skippedCap": 0,
2026-06-09T20:13:33.7924942+09:00       "dryRun": false,
2026-06-09T20:13:33.8007775+09:00       "actions": []
2026-06-09T20:13:33.8007775+09:00     }
2026-06-09T20:13:33.8007775+09:00   },
2026-06-09T20:13:33.8091220+09:00   "dispatch": {
2026-06-09T20:13:33.8091220+09:00     "claimed": 1,
2026-06-09T20:13:33.8091220+09:00     "done": 1,
2026-06-09T20:13:33.8091220+09:00     "failed": 0
2026-06-09T20:13:33.8174527+09:00   },
2026-06-09T20:13:33.8174527+09:00   "step4_poll": {
2026-06-09T20:13:33.8174527+09:00     "scanned": 1,
2026-06-09T20:13:33.8257645+09:00     "awaiting": 1,
2026-06-09T20:13:33.8257645+09:00     "polled": 0,
2026-06-09T20:13:33.8302918+09:00     "picks_applied": 0,
2026-06-09T20:13:33.8302918+09:00     "pick_errors": 0,
2026-06-09T20:13:33.8341177+09:00     "timeouts": 0,
2026-06-09T20:13:33.8341177+09:00     "skipped": 0,
2026-06-09T20:13:33.8341177+09:00     "results": [
2026-06-09T20:13:33.8424166+09:00       {
2026-06-09T20:13:33.8424166+09:00         "task_id": "daily-20260609-r01",
2026-06-09T20:13:33.8424166+09:00         "result": {
2026-06-09T20:13:33.8424166+09:00           "outcome": "no_new_messages"
2026-06-09T20:13:33.8507612+09:00         }
2026-06-09T20:13:33.8507612+09:00       }
2026-06-09T20:13:33.8507612+09:00     ]
2026-06-09T20:13:33.8507612+09:00   },
2026-06-09T20:13:33.8507612+09:00   "step7_retry_poll": {
2026-06-09T20:13:33.8590798+09:00     "scanned": 1,
2026-06-09T20:13:33.8590798+09:00     "eligible": 0,
2026-06-09T20:13:33.8590798+09:00     "polled": 0,
2026-06-09T20:13:33.8590798+09:00     "retries_triggered": 0,
2026-06-09T20:13:33.8674048+09:00     "retry_errors": 0,
2026-06-09T20:13:33.8674048+09:00     "skipped": 0,
2026-06-09T20:13:33.8674048+09:00     "results": []
2026-06-09T20:13:33.8674048+09:00   }
2026-06-09T20:13:33.8674048+09:00 }
2026-06-09T20:13:33.8757236+09:00 OK run-once finished
2026-06-09T20:18:37.8462869+09:00 START dispatch-run-once
2026-06-09T20:18:38.2378060+09:00 
2026-06-09T20:18:38.2461864+09:00 > orchestrator
2026-06-09T20:18:38.2461864+09:00 > tsx src/cli/orchestrator.ts run-once --limit 10
2026-06-09T20:18:38.2461864+09:00 
2026-06-09T20:18:39.6086472+09:00 {
2026-06-09T20:18:39.6130006+09:00   "ensure_daily": {
2026-06-09T20:18:39.6150074+09:00     "action": "skipped_exists",
2026-06-09T20:18:39.6150074+09:00     "taskId": "daily-20260609-r01"
2026-06-09T20:18:39.6191719+09:00   },
2026-06-09T20:18:39.6211807+09:00   "reconcile": {
2026-06-09T20:18:39.6233144+09:00     "resetProcessing": 0,
2026-06-09T20:18:39.6233144+09:00     "inserted": 1,
2026-06-09T20:18:39.6233144+09:00     "scanned": 1,
2026-06-09T20:18:39.6462233+09:00     "stale": {
2026-06-09T20:18:39.6482040+09:00       "scanned": 1,
2026-06-09T20:18:39.6502109+09:00       "staleDetected": 0,
2026-06-09T20:18:39.6522191+09:00       "rolledBack": 0,
2026-06-09T20:18:39.6546226+09:00       "skippedCap": 0,
2026-06-09T20:18:39.6546226+09:00       "dryRun": false,
2026-06-09T20:18:39.6546226+09:00       "actions": []
2026-06-09T20:18:39.6546226+09:00     }
2026-06-09T20:18:39.6628651+09:00   },
2026-06-09T20:18:39.6628651+09:00   "dispatch": {
2026-06-09T20:18:39.6628651+09:00     "claimed": 1,
2026-06-09T20:18:39.6628651+09:00     "done": 1,
2026-06-09T20:18:39.6711879+09:00     "failed": 0
2026-06-09T20:18:39.6711879+09:00   },
2026-06-09T20:18:39.6711879+09:00   "step4_poll": {
2026-06-09T20:18:39.6711879+09:00     "scanned": 1,
2026-06-09T20:18:39.6711879+09:00     "awaiting": 1,
2026-06-09T20:18:39.6795018+09:00     "polled": 0,
2026-06-09T20:18:39.6795018+09:00     "picks_applied": 0,
2026-06-09T20:18:39.6795018+09:00     "pick_errors": 0,
2026-06-09T20:18:39.6866337+09:00     "timeouts": 0,
2026-06-09T20:18:39.6879428+09:00     "skipped": 0,
2026-06-09T20:18:39.6879428+09:00     "results": [
2026-06-09T20:18:39.6879428+09:00       {
2026-06-09T20:18:39.6961648+09:00         "task_id": "daily-20260609-r01",
2026-06-09T20:18:39.6961648+09:00         "result": {
2026-06-09T20:18:39.6961648+09:00           "outcome": "no_new_messages"
2026-06-09T20:18:39.6961648+09:00         }
2026-06-09T20:18:39.6961648+09:00       }
2026-06-09T20:18:39.6961648+09:00     ]
2026-06-09T20:18:39.7045091+09:00   },
2026-06-09T20:18:39.7045091+09:00   "step7_retry_poll": {
2026-06-09T20:18:39.7045091+09:00     "scanned": 1,
2026-06-09T20:18:39.7045091+09:00     "eligible": 0,
2026-06-09T20:18:39.7045091+09:00     "polled": 0,
2026-06-09T20:18:39.7045091+09:00     "retries_triggered": 0,
2026-06-09T20:18:39.7128312+09:00     "retry_errors": 0,
2026-06-09T20:18:39.7128312+09:00     "skipped": 0,
2026-06-09T20:18:39.7128312+09:00     "results": []
2026-06-09T20:18:39.7128312+09:00   }
2026-06-09T20:18:39.7190282+09:00 }
2026-06-09T20:18:39.7211674+09:00 OK run-once finished
2026-06-09T20:23:31.9336138+09:00 START dispatch-run-once
2026-06-09T20:23:32.3547384+09:00 
2026-06-09T20:23:32.3584851+09:00 > orchestrator
2026-06-09T20:23:32.3584851+09:00 > tsx src/cli/orchestrator.ts run-once --limit 10
2026-06-09T20:23:32.3584851+09:00 
2026-06-09T20:23:33.7335008+09:00 {
2026-06-09T20:23:33.7335008+09:00   "ensure_daily": {
2026-06-09T20:23:33.7390223+09:00     "action": "skipped_exists",
2026-06-09T20:23:33.7417883+09:00     "taskId": "daily-20260609-r01"
2026-06-09T20:23:33.7417883+09:00   },
2026-06-09T20:23:33.7417883+09:00   "reconcile": {
2026-06-09T20:23:33.7417883+09:00     "resetProcessing": 0,
2026-06-09T20:23:33.7501386+09:00     "inserted": 1,
2026-06-09T20:23:33.7522491+09:00     "scanned": 1,
2026-06-09T20:23:33.7668160+09:00     "stale": {
2026-06-09T20:23:33.7751465+09:00       "scanned": 1,
2026-06-09T20:23:33.7779590+09:00       "staleDetected": 0,
2026-06-09T20:23:33.7799860+09:00       "rolledBack": 0,
2026-06-09T20:23:33.7835164+09:00       "skippedCap": 0,
2026-06-09T20:23:33.7835164+09:00       "dryRun": false,
2026-06-09T20:23:33.7835164+09:00       "actions": []
2026-06-09T20:23:33.7835164+09:00     }
2026-06-09T20:23:33.7918534+09:00   },
2026-06-09T20:23:33.7943120+09:00   "dispatch": {
2026-06-09T20:23:33.7963185+09:00     "claimed": 1,
2026-06-09T20:23:33.7983253+09:00     "done": 1,
2026-06-09T20:23:33.8001423+09:00     "failed": 0
2026-06-09T20:23:33.8001423+09:00   },
2026-06-09T20:23:33.8001423+09:00   "step4_poll": {
2026-06-09T20:23:33.8001423+09:00     "scanned": 1,
2026-06-09T20:23:33.8084758+09:00     "awaiting": 1,
2026-06-09T20:23:33.8084758+09:00     "polled": 0,
2026-06-09T20:23:33.8139734+09:00     "picks_applied": 0,
2026-06-09T20:23:33.8167794+09:00     "pick_errors": 0,
2026-06-09T20:23:33.8167794+09:00     "timeouts": 0,
2026-06-09T20:23:33.8201723+09:00     "skipped": 0,
2026-06-09T20:23:33.8201723+09:00     "results": [
2026-06-09T20:23:33.8251083+09:00       {
2026-06-09T20:23:33.8251083+09:00         "task_id": "daily-20260609-r01",
2026-06-09T20:23:33.8251083+09:00         "result": {
2026-06-09T20:23:33.8251083+09:00           "outcome": "no_new_messages"
2026-06-09T20:23:33.8334432+09:00         }
2026-06-09T20:23:33.8334432+09:00       }
2026-06-09T20:23:33.8334432+09:00     ]
2026-06-09T20:23:33.8334432+09:00   },
2026-06-09T20:23:33.8334432+09:00   "step7_retry_poll": {
2026-06-09T20:23:33.8418948+09:00     "scanned": 1,
2026-06-09T20:23:33.8440222+09:00     "eligible": 0,
2026-06-09T20:23:33.8440222+09:00     "polled": 0,
2026-06-09T20:23:33.8440222+09:00     "retries_triggered": 0,
2026-06-09T20:23:33.8500831+09:00     "retry_errors": 0,
2026-06-09T20:23:33.8500831+09:00     "skipped": 0,
2026-06-09T20:23:33.8500831+09:00     "results": []
2026-06-09T20:23:33.8500831+09:00   }
2026-06-09T20:23:33.8500831+09:00 }
2026-06-09T20:23:33.8584023+09:00 OK run-once finished
2026-06-09T20:28:31.9540932+09:00 START dispatch-run-once
2026-06-09T20:28:32.3373006+09:00 
2026-06-09T20:28:32.3373006+09:00 > orchestrator
2026-06-09T20:28:32.3373006+09:00 > tsx src/cli/orchestrator.ts run-once --limit 10
2026-06-09T20:28:32.3456455+09:00 
2026-06-09T20:28:33.7373710+09:00 {
2026-06-09T20:28:33.7373710+09:00   "ensure_daily": {
2026-06-09T20:28:33.7373710+09:00     "action": "skipped_exists",
2026-06-09T20:28:33.7456386+09:00     "taskId": "daily-20260609-r01"
2026-06-09T20:28:33.7456386+09:00   },
2026-06-09T20:28:33.7496353+09:00   "reconcile": {
2026-06-09T20:28:33.7516414+09:00     "resetProcessing": 0,
2026-06-09T20:28:33.7539985+09:00     "inserted": 1,
2026-06-09T20:28:33.7539985+09:00     "scanned": 1,
2026-06-09T20:28:33.7706700+09:00     "stale": {
2026-06-09T20:28:33.7789715+09:00       "scanned": 1,
2026-06-09T20:28:33.7789715+09:00       "staleDetected": 0,
2026-06-09T20:28:33.7789715+09:00       "rolledBack": 0,
2026-06-09T20:28:33.7789715+09:00       "skippedCap": 0,
2026-06-09T20:28:33.7873026+09:00       "dryRun": false,
2026-06-09T20:28:33.7873026+09:00       "actions": []
2026-06-09T20:28:33.7873026+09:00     }
2026-06-09T20:28:33.7956571+09:00   },
2026-06-09T20:28:33.7956571+09:00   "dispatch": {
2026-06-09T20:28:33.7956571+09:00     "claimed": 1,
2026-06-09T20:28:33.7956571+09:00     "done": 1,
2026-06-09T20:28:33.7956571+09:00     "failed": 0
2026-06-09T20:28:33.8039770+09:00   },
2026-06-09T20:28:33.8039770+09:00   "step4_poll": {
2026-06-09T20:28:33.8084942+09:00     "scanned": 1,
2026-06-09T20:28:33.8122983+09:00     "awaiting": 1,
2026-06-09T20:28:33.8144184+09:00     "polled": 0,
2026-06-09T20:28:33.8164243+09:00     "picks_applied": 0,
2026-06-09T20:28:33.8164243+09:00     "pick_errors": 0,
2026-06-09T20:28:33.8206284+09:00     "timeouts": 0,
2026-06-09T20:28:33.8227235+09:00     "skipped": 0,
2026-06-09T20:28:33.8227235+09:00     "results": [
2026-06-09T20:28:33.8227235+09:00       {
2026-06-09T20:28:33.8289616+09:00         "task_id": "daily-20260609-r01",
2026-06-09T20:28:33.8289616+09:00         "result": {
2026-06-09T20:28:33.8289616+09:00           "outcome": "no_new_messages"
2026-06-09T20:28:33.8289616+09:00         }
2026-06-09T20:28:33.8289616+09:00       }
2026-06-09T20:28:33.8372736+09:00     ]
2026-06-09T20:28:33.8393732+09:00   },
2026-06-09T20:28:33.8413806+09:00   "step7_retry_poll": {
2026-06-09T20:28:33.8413806+09:00     "scanned": 1,
2026-06-09T20:28:33.8433883+09:00     "eligible": 0,
2026-06-09T20:28:33.8457035+09:00     "polled": 0,
2026-06-09T20:28:33.8457035+09:00     "retries_triggered": 0,
2026-06-09T20:28:33.8457035+09:00     "retry_errors": 0,
2026-06-09T20:28:33.8457035+09:00     "skipped": 0,
2026-06-09T20:28:33.8457035+09:00     "results": []
2026-06-09T20:28:33.8538875+09:00   }
2026-06-09T20:28:33.8538875+09:00 }
2026-06-09T20:28:33.8538875+09:00 OK run-once finished
2026-06-09T20:33:31.8413170+09:00 START dispatch-run-once
2026-06-09T20:33:32.2161300+09:00 
2026-06-09T20:33:32.2161300+09:00 > orchestrator
2026-06-09T20:33:32.2161300+09:00 > tsx src/cli/orchestrator.ts run-once --limit 10
2026-06-09T20:33:32.2244965+09:00 
2026-06-09T20:33:33.6183553+09:00 {
2026-06-09T20:33:33.6245319+09:00   "ensure_daily": {
2026-06-09T20:33:33.6280047+09:00     "action": "skipped_exists",
2026-06-09T20:33:33.6300132+09:00     "taskId": "daily-20260609-r01"
2026-06-09T20:33:33.6328020+09:00   },
2026-06-09T20:33:33.6328020+09:00   "reconcile": {
2026-06-09T20:33:33.6328020+09:00     "resetProcessing": 0,
2026-06-09T20:33:33.6411580+09:00     "inserted": 1,
2026-06-09T20:33:33.6411580+09:00     "scanned": 1,
2026-06-09T20:33:33.6579911+09:00     "stale": {
2026-06-09T20:33:33.6579911+09:00       "scanned": 1,
2026-06-09T20:33:33.6667776+09:00       "staleDetected": 0,
2026-06-09T20:33:33.6667776+09:00       "rolledBack": 0,
2026-06-09T20:33:33.6667776+09:00       "skippedCap": 0,
2026-06-09T20:33:33.6667776+09:00       "dryRun": false,
2026-06-09T20:33:33.6745099+09:00       "actions": []
2026-06-09T20:33:33.6745099+09:00     }
2026-06-09T20:33:33.6745099+09:00   },
2026-06-09T20:33:33.6745099+09:00   "dispatch": {
2026-06-09T20:33:33.6745099+09:00     "claimed": 1,
2026-06-09T20:33:33.6828296+09:00     "done": 1,
2026-06-09T20:33:33.6861648+09:00     "failed": 0
2026-06-09T20:33:33.6861648+09:00   },
2026-06-09T20:33:33.6861648+09:00   "step4_poll": {
2026-06-09T20:33:33.6911084+09:00     "scanned": 1,
2026-06-09T20:33:33.6911084+09:00     "awaiting": 1,
2026-06-09T20:33:33.6911084+09:00     "polled": 0,
2026-06-09T20:33:33.6911084+09:00     "picks_applied": 0,
2026-06-09T20:33:33.6911084+09:00     "pick_errors": 0,
2026-06-09T20:33:33.6994862+09:00     "timeouts": 0,
2026-06-09T20:33:33.6994862+09:00     "skipped": 0,
2026-06-09T20:33:33.6994862+09:00     "results": [
2026-06-09T20:33:33.6994862+09:00       {
2026-06-09T20:33:33.7078062+09:00         "task_id": "daily-20260609-r01",
2026-06-09T20:33:33.7078062+09:00         "result": {
2026-06-09T20:33:33.7078062+09:00           "outcome": "no_new_messages"
2026-06-09T20:33:33.7078062+09:00         }
2026-06-09T20:33:33.7078062+09:00       }
2026-06-09T20:33:33.7078062+09:00     ]
2026-06-09T20:33:33.7161447+09:00   },
2026-06-09T20:33:33.7161447+09:00   "step7_retry_poll": {
2026-06-09T20:33:33.7161447+09:00     "scanned": 1,
2026-06-09T20:33:33.7161447+09:00     "eligible": 0,
2026-06-09T20:33:33.7161447+09:00     "polled": 0,
2026-06-09T20:33:33.7161447+09:00     "retries_triggered": 0,
2026-06-09T20:33:33.7244741+09:00     "retry_errors": 0,
2026-06-09T20:33:33.7244741+09:00     "skipped": 0,
2026-06-09T20:33:33.7244741+09:00     "results": []
2026-06-09T20:33:33.7244741+09:00   }
2026-06-09T20:33:33.7244741+09:00 }
2026-06-09T20:33:33.7327873+09:00 OK run-once finished
2026-06-09T20:38:31.9284782+09:00 START dispatch-run-once
2026-06-09T20:38:32.3033049+09:00 
2026-06-09T20:38:32.3033049+09:00 > orchestrator
2026-06-09T20:38:32.3033049+09:00 > tsx src/cli/orchestrator.ts run-once --limit 10
2026-06-09T20:38:32.3091795+09:00 
2026-06-09T20:38:33.6555220+09:00 {
2026-06-09T20:38:33.6618033+09:00   "ensure_daily": {
2026-06-09T20:38:33.6618033+09:00     "action": "skipped_exists",
2026-06-09T20:38:33.6618033+09:00     "taskId": "daily-20260609-r01"
2026-06-09T20:38:33.6700534+09:00   },
2026-06-09T20:38:33.6700534+09:00   "reconcile": {
2026-06-09T20:38:33.6700534+09:00     "resetProcessing": 0,
2026-06-09T20:38:33.6700534+09:00     "inserted": 1,
2026-06-09T20:38:33.6783783+09:00     "scanned": 1,
2026-06-09T20:38:33.6950608+09:00     "stale": {
2026-06-09T20:38:33.6950608+09:00       "scanned": 1,
2026-06-09T20:38:33.7033687+09:00       "staleDetected": 0,
2026-06-09T20:38:33.7033687+09:00       "rolledBack": 0,
2026-06-09T20:38:33.7033687+09:00       "skippedCap": 0,
2026-06-09T20:38:33.7033687+09:00       "dryRun": false,
2026-06-09T20:38:33.7117029+09:00       "actions": []
2026-06-09T20:38:33.7117029+09:00     }
2026-06-09T20:38:33.7117029+09:00   },
2026-06-09T20:38:33.7117029+09:00   "dispatch": {
2026-06-09T20:38:33.7117029+09:00     "claimed": 1,
2026-06-09T20:38:33.7199646+09:00     "done": 1,
2026-06-09T20:38:33.7199646+09:00     "failed": 0
2026-06-09T20:38:33.7199646+09:00   },
2026-06-09T20:38:33.7199646+09:00   "step4_poll": {
2026-06-09T20:38:33.7281058+09:00     "scanned": 1,
2026-06-09T20:38:33.7281058+09:00     "awaiting": 1,
2026-06-09T20:38:33.7281058+09:00     "polled": 0,
2026-06-09T20:38:33.7281058+09:00     "picks_applied": 0,
2026-06-09T20:38:33.7281058+09:00     "pick_errors": 0,
2026-06-09T20:38:33.7281058+09:00     "timeouts": 0,
2026-06-09T20:38:33.7366441+09:00     "skipped": 0,
2026-06-09T20:38:33.7366441+09:00     "results": [
2026-06-09T20:38:33.7366441+09:00       {
2026-06-09T20:38:33.7420095+09:00         "task_id": "daily-20260609-r01",
2026-06-09T20:38:33.7420095+09:00         "result": {
2026-06-09T20:38:33.7449512+09:00           "outcome": "no_new_messages"
2026-06-09T20:38:33.7449512+09:00         }
2026-06-09T20:38:33.7449512+09:00       }
2026-06-09T20:38:33.7449512+09:00     ]
2026-06-09T20:38:33.7449512+09:00   },
2026-06-09T20:38:33.7532718+09:00   "step7_retry_poll": {
2026-06-09T20:38:33.7532718+09:00     "scanned": 1,
2026-06-09T20:38:33.7532718+09:00     "eligible": 0,
2026-06-09T20:38:33.7532718+09:00     "polled": 0,
2026-06-09T20:38:33.7532718+09:00     "retries_triggered": 0,
2026-06-09T20:38:33.7532718+09:00     "retry_errors": 0,
2026-06-09T20:38:33.7616360+09:00     "skipped": 0,
2026-06-09T20:38:33.7616360+09:00     "results": []
2026-06-09T20:38:33.7616360+09:00   }
2026-06-09T20:38:33.7616360+09:00 }
2026-06-09T20:38:33.7616360+09:00 OK run-once finished
2026-06-09T20:43:32.9739311+09:00 START dispatch-run-once
2026-06-09T20:43:33.3530511+09:00 
2026-06-09T20:43:33.3572040+09:00 > orchestrator
2026-06-09T20:43:33.3572040+09:00 > tsx src/cli/orchestrator.ts run-once --limit 10
2026-06-09T20:43:33.3572040+09:00 
2026-06-09T20:43:34.7072420+09:00 {
2026-06-09T20:43:34.7072420+09:00   "ensure_daily": {
2026-06-09T20:43:34.7072420+09:00     "action": "skipped_exists",
2026-06-09T20:43:34.7155084+09:00     "taskId": "daily-20260609-r01"
2026-06-09T20:43:34.7155084+09:00   },
2026-06-09T20:43:34.7155084+09:00   "reconcile": {
2026-06-09T20:43:34.7155084+09:00     "resetProcessing": 0,
2026-06-09T20:43:34.7239044+09:00     "inserted": 1,
2026-06-09T20:43:34.7260048+09:00     "scanned": 1,
2026-06-09T20:43:34.7453364+09:00     "stale": {
2026-06-09T20:43:34.7490061+09:00       "scanned": 1,
2026-06-09T20:43:34.7490061+09:00       "staleDetected": 0,
2026-06-09T20:43:34.7490061+09:00       "rolledBack": 0,
2026-06-09T20:43:34.7490061+09:00       "skippedCap": 0,
2026-06-09T20:43:34.7571272+09:00       "dryRun": false,
2026-06-09T20:43:34.7571272+09:00       "actions": []
2026-06-09T20:43:34.7571272+09:00     }
2026-06-09T20:43:34.7571272+09:00   },
2026-06-09T20:43:34.7571272+09:00   "dispatch": {
2026-06-09T20:43:34.7655107+09:00     "claimed": 1,
2026-06-09T20:43:34.7655107+09:00     "done": 1,
2026-06-09T20:43:34.7655107+09:00     "failed": 0
2026-06-09T20:43:34.7655107+09:00   },
2026-06-09T20:43:34.7738178+09:00   "step4_poll": {
2026-06-09T20:43:34.7738178+09:00     "scanned": 1,
2026-06-09T20:43:34.7738178+09:00     "awaiting": 1,
2026-06-09T20:43:34.7738178+09:00     "polled": 0,
2026-06-09T20:43:34.7821473+09:00     "picks_applied": 0,
2026-06-09T20:43:34.7821473+09:00     "pick_errors": 0,
2026-06-09T20:43:34.7821473+09:00     "timeouts": 0,
2026-06-09T20:43:34.7821473+09:00     "skipped": 0,
2026-06-09T20:43:34.7905705+09:00     "results": [
2026-06-09T20:43:34.7905705+09:00       {
2026-06-09T20:43:34.7905705+09:00         "task_id": "daily-20260609-r01",
2026-06-09T20:43:34.7905705+09:00         "result": {
2026-06-09T20:43:34.7905705+09:00           "outcome": "no_new_messages"
2026-06-09T20:43:34.7988135+09:00         }
2026-06-09T20:43:34.7988135+09:00       }
2026-06-09T20:43:34.7988135+09:00     ]
2026-06-09T20:43:34.7988135+09:00   },
2026-06-09T20:43:34.7988135+09:00   "step7_retry_poll": {
2026-06-09T20:43:34.7988135+09:00     "scanned": 1,
2026-06-09T20:43:34.8071309+09:00     "eligible": 0,
2026-06-09T20:43:34.8071309+09:00     "polled": 0,
2026-06-09T20:43:34.8071309+09:00     "retries_triggered": 0,
2026-06-09T20:43:34.8071309+09:00     "retry_errors": 0,
2026-06-09T20:43:34.8071309+09:00     "skipped": 0,
2026-06-09T20:43:34.8071309+09:00     "results": []
2026-06-09T20:43:34.8154649+09:00   }
2026-06-09T20:43:34.8154649+09:00 }
2026-06-09T20:43:34.8154649+09:00 OK run-once finished
2026-06-09T20:48:31.3111522+09:00 START dispatch-run-once
2026-06-09T20:48:31.6860352+09:00 
2026-06-09T20:48:31.6860352+09:00 > orchestrator
2026-06-09T20:48:31.6943582+09:00 > tsx src/cli/orchestrator.ts run-once --limit 10
2026-06-09T20:48:31.6943582+09:00 
2026-06-09T20:48:33.0194416+09:00 {
2026-06-09T20:48:33.0248969+09:00   "ensure_daily": {
2026-06-09T20:48:33.0278949+09:00     "action": "skipped_exists",
2026-06-09T20:48:33.0278949+09:00     "taskId": "daily-20260609-r01"
2026-06-09T20:48:33.0278949+09:00   },
2026-06-09T20:48:33.0360646+09:00   "reconcile": {
2026-06-09T20:48:33.0360646+09:00     "resetProcessing": 0,
2026-06-09T20:48:33.0360646+09:00     "inserted": 1,
2026-06-09T20:48:33.0438013+09:00     "scanned": 1,
2026-06-09T20:48:33.0611614+09:00     "stale": {
2026-06-09T20:48:33.0611614+09:00       "scanned": 1,
2026-06-09T20:48:33.0611614+09:00       "staleDetected": 0,
2026-06-09T20:48:33.0611614+09:00       "rolledBack": 0,
2026-06-09T20:48:33.0693923+09:00       "skippedCap": 0,
2026-06-09T20:48:33.0693923+09:00       "dryRun": false,
2026-06-09T20:48:33.0735496+09:00       "actions": []
2026-06-09T20:48:33.0755560+09:00     }
2026-06-09T20:48:33.0778760+09:00   },
2026-06-09T20:48:33.0778760+09:00   "dispatch": {
2026-06-09T20:48:33.0778760+09:00     "claimed": 1,
2026-06-09T20:48:33.0778760+09:00     "done": 1,
2026-06-09T20:48:33.0860113+09:00     "failed": 0
2026-06-09T20:48:33.0860113+09:00   },
2026-06-09T20:48:33.0860113+09:00   "step4_poll": {
2026-06-09T20:48:33.0860113+09:00     "scanned": 1,
2026-06-09T20:48:33.0860113+09:00     "awaiting": 1,
2026-06-09T20:48:33.0943553+09:00     "polled": 0,
2026-06-09T20:48:33.0943553+09:00     "picks_applied": 0,
2026-06-09T20:48:33.0991783+09:00     "pick_errors": 0,
2026-06-09T20:48:33.1011865+09:00     "timeouts": 0,
2026-06-09T20:48:33.1026811+09:00     "skipped": 0,
2026-06-09T20:48:33.1026811+09:00     "results": [
2026-06-09T20:48:33.1026811+09:00       {
2026-06-09T20:48:33.1026811+09:00         "task_id": "daily-20260609-r01",
2026-06-09T20:48:33.1026811+09:00         "result": {
2026-06-09T20:48:33.1110318+09:00           "outcome": "no_new_messages"
2026-06-09T20:48:33.1110318+09:00         }
2026-06-09T20:48:33.1110318+09:00       }
2026-06-09T20:48:33.1110318+09:00     ]
2026-06-09T20:48:33.1110318+09:00   },
2026-06-09T20:48:33.1110318+09:00   "step7_retry_poll": {
2026-06-09T20:48:33.1193438+09:00     "scanned": 1,
2026-06-09T20:48:33.1193438+09:00     "eligible": 0,
2026-06-09T20:48:33.1193438+09:00     "polled": 0,
2026-06-09T20:48:33.1193438+09:00     "retries_triggered": 0,
2026-06-09T20:48:33.1193438+09:00     "retry_errors": 0,
2026-06-09T20:48:33.1271491+09:00     "skipped": 0,
2026-06-09T20:48:33.1276425+09:00     "results": []
2026-06-09T20:48:33.1276425+09:00   }
2026-06-09T20:48:33.1276425+09:00 }
2026-06-09T20:48:33.1276425+09:00 OK run-once finished
2026-06-09T20:53:37.7649366+09:00 START dispatch-run-once
2026-06-09T20:53:38.1398426+09:00 
2026-06-09T20:53:38.1398426+09:00 > orchestrator
2026-06-09T20:53:38.1481029+09:00 > tsx src/cli/orchestrator.ts run-once --limit 10
2026-06-09T20:53:38.1481029+09:00 
2026-06-09T20:53:39.5065127+09:00 {
2026-06-09T20:53:39.5107776+09:00   "ensure_daily": {
2026-06-09T20:53:39.5147666+09:00     "action": "skipped_exists",
2026-06-09T20:53:39.5169315+09:00     "taskId": "daily-20260609-r01"
2026-06-09T20:53:39.5169315+09:00   },
2026-06-09T20:53:39.5231496+09:00   "reconcile": {
2026-06-09T20:53:39.5231496+09:00     "resetProcessing": 0,
2026-06-09T20:53:39.5231496+09:00     "inserted": 1,
2026-06-09T20:53:39.5314638+09:00     "scanned": 1,
2026-06-09T20:53:39.5480055+09:00     "stale": {
2026-06-09T20:53:39.5480055+09:00       "scanned": 1,
2026-06-09T20:53:39.5480055+09:00       "staleDetected": 0,
2026-06-09T20:53:39.5564220+09:00       "rolledBack": 0,
2026-06-09T20:53:39.5564220+09:00       "skippedCap": 0,
2026-06-09T20:53:39.5564220+09:00       "dryRun": false,
2026-06-09T20:53:39.5564220+09:00       "actions": []
2026-06-09T20:53:39.5647593+09:00     }
2026-06-09T20:53:39.5667476+09:00   },
2026-06-09T20:53:39.5687538+09:00   "dispatch": {
2026-06-09T20:53:39.5687538+09:00     "claimed": 1,
2026-06-09T20:53:39.5731217+09:00     "done": 1,
2026-06-09T20:53:39.5731217+09:00     "failed": 0
2026-06-09T20:53:39.5731217+09:00   },
2026-06-09T20:53:39.5731217+09:00   "step4_poll": {
2026-06-09T20:53:39.5731217+09:00     "scanned": 1,
2026-06-09T20:53:39.5814464+09:00     "awaiting": 1,
2026-06-09T20:53:39.5814464+09:00     "polled": 0,
2026-06-09T20:53:39.5814464+09:00     "picks_applied": 0,
2026-06-09T20:53:39.5886170+09:00     "pick_errors": 0,
2026-06-09T20:53:39.5897748+09:00     "timeouts": 0,
2026-06-09T20:53:39.5897748+09:00     "skipped": 0,
2026-06-09T20:53:39.5897748+09:00     "results": [
2026-06-09T20:53:39.5897748+09:00       {
2026-06-09T20:53:39.5981199+09:00         "task_id": "daily-20260609-r01",
2026-06-09T20:53:39.5981199+09:00         "result": {
2026-06-09T20:53:39.5981199+09:00           "outcome": "no_new_messages"
2026-06-09T20:53:39.5981199+09:00         }
2026-06-09T20:53:39.5981199+09:00       }
2026-06-09T20:53:39.6064461+09:00     ]
2026-06-09T20:53:39.6064461+09:00   },
2026-06-09T20:53:39.6064461+09:00   "step7_retry_poll": {
2026-06-09T20:53:39.6064461+09:00     "scanned": 1,
2026-06-09T20:53:39.6064461+09:00     "eligible": 0,
2026-06-09T20:53:39.6147635+09:00     "polled": 0,
2026-06-09T20:53:39.6147635+09:00     "retries_triggered": 0,
2026-06-09T20:53:39.6147635+09:00     "retry_errors": 0,
2026-06-09T20:53:39.6147635+09:00     "skipped": 0,
2026-06-09T20:53:39.6147635+09:00     "results": []
2026-06-09T20:53:39.6147635+09:00   }
2026-06-09T20:53:39.6231225+09:00 }
2026-06-09T20:53:39.6231225+09:00 OK run-once finished
2026-06-09T20:58:32.5604394+09:00 START dispatch-run-once
2026-06-09T20:58:32.9353747+09:00 
2026-06-09T20:58:32.9353747+09:00 > orchestrator
2026-06-09T20:58:32.9353747+09:00 > tsx src/cli/orchestrator.ts run-once --limit 10
2026-06-09T20:58:32.9437352+09:00 
2026-06-09T20:58:34.3314819+09:00 {
2026-06-09T20:58:34.3354688+09:00   "ensure_daily": {
2026-06-09T20:58:34.3354688+09:00     "action": "skipped_exists",
2026-06-09T20:58:34.3437681+09:00     "taskId": "daily-20260609-r01"
2026-06-09T20:58:34.3437681+09:00   },
2026-06-09T20:58:34.3437681+09:00   "reconcile": {
2026-06-09T20:58:34.3437681+09:00     "resetProcessing": 0,
2026-06-09T20:58:34.3520733+09:00     "inserted": 1,
2026-06-09T20:58:34.3561717+09:00     "scanned": 1,
2026-06-09T20:58:34.3769051+09:00     "stale": {
2026-06-09T20:58:34.3791389+09:00       "scanned": 1,
2026-06-09T20:58:34.3811472+09:00       "staleDetected": 0,
2026-06-09T20:58:34.3831724+09:00       "rolledBack": 0,
2026-06-09T20:58:34.3854916+09:00       "skippedCap": 0,
2026-06-09T20:58:34.3854916+09:00       "dryRun": false,
2026-06-09T20:58:34.3902557+09:00       "actions": []
2026-06-09T20:58:34.3938158+09:00     }
2026-06-09T20:58:34.3938158+09:00   },
2026-06-09T20:58:34.3938158+09:00   "dispatch": {
2026-06-09T20:58:34.4020560+09:00     "claimed": 1,
2026-06-09T20:58:34.4020560+09:00     "done": 1,
2026-06-09T20:58:34.4020560+09:00     "failed": 0
2026-06-09T20:58:34.4020560+09:00   },
2026-06-09T20:58:34.4103747+09:00   "step4_poll": {
2026-06-09T20:58:34.4103747+09:00     "scanned": 1,
2026-06-09T20:58:34.4103747+09:00     "awaiting": 1,
2026-06-09T20:58:34.4103747+09:00     "polled": 0,
2026-06-09T20:58:34.4187515+09:00     "picks_applied": 0,
2026-06-09T20:58:34.4228492+09:00     "pick_errors": 0,
2026-06-09T20:58:34.4248549+09:00     "timeouts": 0,
2026-06-09T20:58:34.4268603+09:00     "skipped": 0,
2026-06-09T20:58:34.4268603+09:00     "results": [
2026-06-09T20:58:34.4268603+09:00       {
2026-06-09T20:58:34.4268603+09:00         "task_id": "daily-20260609-r01",
2026-06-09T20:58:34.4354825+09:00         "result": {
2026-06-09T20:58:34.4354825+09:00           "outcome": "no_new_messages"
2026-06-09T20:58:34.4354825+09:00         }
2026-06-09T20:58:34.4354825+09:00       }
2026-06-09T20:58:34.4436736+09:00     ]
2026-06-09T20:58:34.4436736+09:00   },
2026-06-09T20:58:34.4436736+09:00   "step7_retry_poll": {
2026-06-09T20:58:34.4436736+09:00     "scanned": 1,
2026-06-09T20:58:34.4520033+09:00     "eligible": 0,
2026-06-09T20:58:34.4520033+09:00     "polled": 0,
2026-06-09T20:58:34.4520033+09:00     "retries_triggered": 0,
2026-06-09T20:58:34.4520033+09:00     "retry_errors": 0,
2026-06-09T20:58:34.4520033+09:00     "skipped": 0,
2026-06-09T20:58:34.4603356+09:00     "results": []
2026-06-09T20:58:34.4603356+09:00   }
2026-06-09T20:58:34.4603356+09:00 }
2026-06-09T20:58:34.4603356+09:00 OK run-once finished
2026-06-09T21:03:40.9642571+09:00 START dispatch-run-once
2026-06-09T21:03:41.3392428+09:00 
2026-06-09T21:03:41.3474170+09:00 > orchestrator
2026-06-09T21:03:41.3474170+09:00 > tsx src/cli/orchestrator.ts run-once --limit 10
2026-06-09T21:03:41.3505850+09:00 
2026-06-09T21:03:42.7501913+09:00 {
2026-06-09T21:03:42.7542179+09:00   "ensure_daily": {
2026-06-09T21:03:42.7558678+09:00     "action": "skipped_exists",
2026-06-09T21:03:42.7558678+09:00     "taskId": "daily-20260609-r01"
2026-06-09T21:03:42.7641022+09:00   },
2026-06-09T21:03:42.7641022+09:00   "reconcile": {
2026-06-09T21:03:42.7675833+09:00     "resetProcessing": 0,
2026-06-09T21:03:42.7675833+09:00     "inserted": 1,
2026-06-09T21:03:42.7724430+09:00     "scanned": 1,
2026-06-09T21:03:42.7892471+09:00     "stale": {
2026-06-09T21:03:42.7892471+09:00       "scanned": 1,
2026-06-09T21:03:42.7892471+09:00       "staleDetected": 0,
2026-06-09T21:03:42.7974711+09:00       "rolledBack": 0,
2026-06-09T21:03:42.7974711+09:00       "skippedCap": 0,
2026-06-09T21:03:42.7974711+09:00       "dryRun": false,
2026-06-09T21:03:42.7974711+09:00       "actions": []
2026-06-09T21:03:42.7974711+09:00     }
2026-06-09T21:03:42.8057500+09:00   },
2026-06-09T21:03:42.8057500+09:00   "dispatch": {
2026-06-09T21:03:42.8103956+09:00     "claimed": 1,
2026-06-09T21:03:42.8124036+09:00     "done": 1,
2026-06-09T21:03:42.8141184+09:00     "failed": 0
2026-06-09T21:03:42.8141184+09:00   },
2026-06-09T21:03:42.8141184+09:00   "step4_poll": {
2026-06-09T21:03:42.8141184+09:00     "scanned": 1,
2026-06-09T21:03:42.8141184+09:00     "awaiting": 1,
2026-06-09T21:03:42.8223966+09:00     "polled": 0,
2026-06-09T21:03:42.8223966+09:00     "picks_applied": 0,
2026-06-09T21:03:42.8223966+09:00     "pick_errors": 0,
2026-06-09T21:03:42.8223966+09:00     "timeouts": 0,
2026-06-09T21:03:42.8307832+09:00     "skipped": 0,
2026-06-09T21:03:42.8307832+09:00     "results": [
2026-06-09T21:03:42.8307832+09:00       {
2026-06-09T21:03:42.8307832+09:00         "task_id": "daily-20260609-r01",
2026-06-09T21:03:42.8307832+09:00         "result": {
2026-06-09T21:03:42.8391398+09:00           "outcome": "no_new_messages"
2026-06-09T21:03:42.8391398+09:00         }
2026-06-09T21:03:42.8391398+09:00       }
2026-06-09T21:03:42.8391398+09:00     ]
2026-06-09T21:03:42.8391398+09:00   },
2026-06-09T21:03:42.8474004+09:00   "step7_retry_poll": {
2026-06-09T21:03:42.8474004+09:00     "scanned": 1,
2026-06-09T21:03:42.8474004+09:00     "eligible": 0,
2026-06-09T21:03:42.8474004+09:00     "polled": 0,
2026-06-09T21:03:42.8474004+09:00     "retries_triggered": 0,
2026-06-09T21:03:42.8474004+09:00     "retry_errors": 0,
2026-06-09T21:03:42.8557371+09:00     "skipped": 0,
2026-06-09T21:03:42.8557371+09:00     "results": []
2026-06-09T21:03:42.8557371+09:00   }
2026-06-09T21:03:42.8557371+09:00 }
2026-06-09T21:03:42.8557371+09:00 OK run-once finished
2026-06-09T21:08:32.4098569+09:00 START dispatch-run-once
2026-06-09T21:08:32.8847769+09:00 
2026-06-09T21:08:32.8847769+09:00 > orchestrator
2026-06-09T21:08:32.8931298+09:00 > tsx src/cli/orchestrator.ts run-once --limit 10
2026-06-09T21:08:32.8931298+09:00 
2026-06-09T21:08:34.2599250+09:00 {
2026-06-09T21:08:34.2681472+09:00   "ensure_daily": {
2026-06-09T21:08:34.2681472+09:00     "action": "skipped_exists",
2026-06-09T21:08:34.2681472+09:00     "taskId": "daily-20260609-r01"
2026-06-09T21:08:34.2764033+09:00   },
2026-06-09T21:08:34.2764033+09:00   "reconcile": {
2026-06-09T21:08:34.2829986+09:00     "resetProcessing": 0,
2026-06-09T21:08:34.2847643+09:00     "inserted": 1,
2026-06-09T21:08:34.2847643+09:00     "scanned": 1,
2026-06-09T21:08:34.3014704+09:00     "stale": {
2026-06-09T21:08:34.3014704+09:00       "scanned": 1,
2026-06-09T21:08:34.3098000+09:00       "staleDetected": 0,
2026-06-09T21:08:34.3098000+09:00       "rolledBack": 0,
2026-06-09T21:08:34.3098000+09:00       "skippedCap": 0,
2026-06-09T21:08:34.3180978+09:00       "dryRun": false,
2026-06-09T21:08:34.3180978+09:00       "actions": []
2026-06-09T21:08:34.3180978+09:00     }
2026-06-09T21:08:34.3180978+09:00   },
2026-06-09T21:08:34.3263970+09:00   "dispatch": {
2026-06-09T21:08:34.3263970+09:00     "claimed": 1,
2026-06-09T21:08:34.3311293+09:00     "done": 1,
2026-06-09T21:08:34.3311293+09:00     "failed": 0
2026-06-09T21:08:34.3347745+09:00   },
2026-06-09T21:08:34.3347745+09:00   "step4_poll": {
2026-06-09T21:08:34.3347745+09:00     "scanned": 1,
2026-06-09T21:08:34.3431152+09:00     "awaiting": 1,
2026-06-09T21:08:34.3431152+09:00     "polled": 0,
2026-06-09T21:08:34.3431152+09:00     "picks_applied": 0,
2026-06-09T21:08:34.3431152+09:00     "pick_errors": 0,
2026-06-09T21:08:34.3514133+09:00     "timeouts": 0,
2026-06-09T21:08:34.3514133+09:00     "skipped": 0,
2026-06-09T21:08:34.3514133+09:00     "results": [
2026-06-09T21:08:34.3514133+09:00       {
2026-06-09T21:08:34.3597468+09:00         "task_id": "daily-20260609-r01",
2026-06-09T21:08:34.3597468+09:00         "result": {
2026-06-09T21:08:34.3597468+09:00           "outcome": "no_new_messages"
2026-06-09T21:08:34.3597468+09:00         }
2026-06-09T21:08:34.3680905+09:00       }
2026-06-09T21:08:34.3680905+09:00     ]
2026-06-09T21:08:34.3680905+09:00   },
2026-06-09T21:08:34.3680905+09:00   "step7_retry_poll": {
2026-06-09T21:08:34.3680905+09:00     "scanned": 1,
2026-06-09T21:08:34.3764056+09:00     "eligible": 0,
2026-06-09T21:08:34.3764056+09:00     "polled": 0,
2026-06-09T21:08:34.3764056+09:00     "retries_triggered": 0,
2026-06-09T21:08:34.3764056+09:00     "retry_errors": 0,
2026-06-09T21:08:34.3764056+09:00     "skipped": 0,
2026-06-09T21:08:34.3847095+09:00     "results": []
2026-06-09T21:08:34.3867830+09:00   }
2026-06-09T21:08:34.3887896+09:00 }
2026-06-09T21:08:34.3907960+09:00 OK run-once finished
2026-06-09T21:13:36.1719813+09:00 START dispatch-run-once
2026-06-09T21:13:36.5552295+09:00 
2026-06-09T21:13:36.5552295+09:00 > orchestrator
2026-06-09T21:13:36.5552295+09:00 > tsx src/cli/orchestrator.ts run-once --limit 10
2026-06-09T21:13:36.5552295+09:00 
2026-06-09T21:13:37.9309554+09:00 {
2026-06-09T21:13:37.9385924+09:00   "ensure_daily": {
2026-06-09T21:13:37.9385924+09:00     "action": "skipped_exists",
2026-06-09T21:13:37.9385924+09:00     "taskId": "daily-20260609-r01"
2026-06-09T21:13:37.9470058+09:00   },
2026-06-09T21:13:37.9470058+09:00   "reconcile": {
2026-06-09T21:13:37.9537306+09:00     "resetProcessing": 0,
2026-06-09T21:13:37.9552070+09:00     "inserted": 1,
2026-06-09T21:13:37.9573060+09:00     "scanned": 1,
2026-06-09T21:13:37.9720966+09:00     "stale": {
2026-06-09T21:13:37.9720966+09:00       "scanned": 1,
2026-06-09T21:13:37.9802834+09:00       "staleDetected": 0,
2026-06-09T21:13:37.9824290+09:00       "rolledBack": 0,
2026-06-09T21:13:37.9824290+09:00       "skippedCap": 0,
2026-06-09T21:13:37.9824290+09:00       "dryRun": false,
2026-06-09T21:13:37.9864102+09:00       "actions": []
2026-06-09T21:13:37.9884168+09:00     }
2026-06-09T21:13:37.9884168+09:00   },
2026-06-09T21:13:37.9884168+09:00   "dispatch": {
2026-06-09T21:13:37.9884168+09:00     "claimed": 1,
2026-06-09T21:13:37.9968531+09:00     "done": 1,
2026-06-09T21:13:37.9968531+09:00     "failed": 0
2026-06-09T21:13:37.9968531+09:00   },
2026-06-09T21:13:37.9968531+09:00   "step4_poll": {
2026-06-09T21:13:37.9968531+09:00     "scanned": 1,
2026-06-09T21:13:38.0052013+09:00     "awaiting": 1,
2026-06-09T21:13:38.0052013+09:00     "polled": 0,
2026-06-09T21:13:38.0052013+09:00     "picks_applied": 0,
2026-06-09T21:13:38.0052013+09:00     "pick_errors": 0,
2026-06-09T21:13:38.0135555+09:00     "timeouts": 0,
2026-06-09T21:13:38.0156753+09:00     "skipped": 0,
2026-06-09T21:13:38.0176828+09:00     "results": [
2026-06-09T21:13:38.0176828+09:00       {
2026-06-09T21:13:38.0196901+09:00         "task_id": "daily-20260609-r01",
2026-06-09T21:13:38.0216981+09:00         "result": {
2026-06-09T21:13:38.0216981+09:00           "outcome": "no_new_messages"
2026-06-09T21:13:38.0216981+09:00         }
2026-06-09T21:13:38.0216981+09:00       }
2026-06-09T21:13:38.0216981+09:00     ]
2026-06-09T21:13:38.0216981+09:00   },
2026-06-09T21:13:38.0313712+09:00   "step7_retry_poll": {
2026-06-09T21:13:38.0313712+09:00     "scanned": 1,
2026-06-09T21:13:38.0313712+09:00     "eligible": 0,
2026-06-09T21:13:38.0313712+09:00     "polled": 0,
2026-06-09T21:13:38.0313712+09:00     "retries_triggered": 0,
2026-06-09T21:13:38.0386006+09:00     "retry_errors": 0,
2026-06-09T21:13:38.0386006+09:00     "skipped": 0,
2026-06-09T21:13:38.0386006+09:00     "results": []
2026-06-09T21:13:38.0386006+09:00   }
2026-06-09T21:13:38.0386006+09:00 }
2026-06-09T21:13:38.0469019+09:00 OK run-once finished
2026-06-09T21:18:32.1842201+09:00 START dispatch-run-once
2026-06-09T21:18:32.5669839+09:00 
2026-06-09T21:18:32.5674869+09:00 > orchestrator
2026-06-09T21:18:32.5674869+09:00 > tsx src/cli/orchestrator.ts run-once --limit 10
2026-06-09T21:18:32.5674869+09:00 
2026-06-09T21:18:33.9258059+09:00 {
2026-06-09T21:18:33.9258059+09:00   "ensure_daily": {
2026-06-09T21:18:33.9258059+09:00     "action": "skipped_exists",
2026-06-09T21:18:33.9342900+09:00     "taskId": "daily-20260609-r01"
2026-06-09T21:18:33.9364770+09:00   },
2026-06-09T21:18:33.9384853+09:00   "reconcile": {
2026-06-09T21:18:33.9425496+09:00     "resetProcessing": 0,
2026-06-09T21:18:33.9425496+09:00     "inserted": 1,
2026-06-09T21:18:33.9470805+09:00     "scanned": 1,
2026-06-09T21:18:33.9591923+09:00     "stale": {
2026-06-09T21:18:33.9674652+09:00       "scanned": 1,
2026-06-09T21:18:33.9674652+09:00       "staleDetected": 0,
2026-06-09T21:18:33.9674652+09:00       "rolledBack": 0,
2026-06-09T21:18:33.9674652+09:00       "skippedCap": 0,
2026-06-09T21:18:33.9757946+09:00       "dryRun": false,
2026-06-09T21:18:33.9757946+09:00       "actions": []
2026-06-09T21:18:33.9757946+09:00     }
2026-06-09T21:18:33.9757946+09:00   },
2026-06-09T21:18:33.9840934+09:00   "dispatch": {
2026-06-09T21:18:33.9840934+09:00     "claimed": 1,
2026-06-09T21:18:33.9840934+09:00     "done": 1,
2026-06-09T21:18:33.9840934+09:00     "failed": 0
2026-06-09T21:18:33.9840934+09:00   },
2026-06-09T21:18:33.9924343+09:00   "step4_poll": {
2026-06-09T21:18:33.9924343+09:00     "scanned": 1,
2026-06-09T21:18:33.9924343+09:00     "awaiting": 1,
2026-06-09T21:18:34.0002213+09:00     "polled": 0,
2026-06-09T21:18:34.0007718+09:00     "picks_applied": 0,
2026-06-09T21:18:34.0026692+09:00     "pick_errors": 0,
2026-06-09T21:18:34.0046761+09:00     "timeouts": 0,
2026-06-09T21:18:34.0072818+09:00     "skipped": 0,
2026-06-09T21:18:34.0091497+09:00     "results": [
2026-06-09T21:18:34.0091497+09:00       {
2026-06-09T21:18:34.0091497+09:00         "task_id": "daily-20260609-r01",
2026-06-09T21:18:34.0091497+09:00         "result": {
2026-06-09T21:18:34.0091497+09:00           "outcome": "no_new_messages"
2026-06-09T21:18:34.0174226+09:00         }
2026-06-09T21:18:34.0174226+09:00       }
2026-06-09T21:18:34.0174226+09:00     ]
2026-06-09T21:18:34.0174226+09:00   },
2026-06-09T21:18:34.0174226+09:00   "step7_retry_poll": {
2026-06-09T21:18:34.0174226+09:00     "scanned": 1,
2026-06-09T21:18:34.0257622+09:00     "eligible": 0,
2026-06-09T21:18:34.0257622+09:00     "polled": 0,
2026-06-09T21:18:34.0257622+09:00     "retries_triggered": 0,
2026-06-09T21:18:34.0257622+09:00     "retry_errors": 0,
2026-06-09T21:18:34.0257622+09:00     "skipped": 0,
2026-06-09T21:18:34.0257622+09:00     "results": []
2026-06-09T21:18:34.0340850+09:00   }
2026-06-09T21:18:34.0340850+09:00 }
2026-06-09T21:18:34.0340850+09:00 OK run-once finished
2026-06-09T21:23:33.3058691+09:00 START dispatch-run-once
2026-06-09T21:23:33.6963385+09:00 
2026-06-09T21:23:33.7046433+09:00 > orchestrator
2026-06-09T21:23:33.7062131+09:00 > tsx src/cli/orchestrator.ts run-once --limit 10
2026-06-09T21:23:33.7062131+09:00 
2026-06-09T21:23:35.0962964+09:00 {
2026-06-09T21:23:35.0995565+09:00   "ensure_daily": {
2026-06-09T21:23:35.0995565+09:00     "action": "skipped_exists",
2026-06-09T21:23:35.1067319+09:00     "taskId": "daily-20260609-r01"
2026-06-09T21:23:35.1082407+09:00   },
2026-06-09T21:23:35.1082407+09:00   "reconcile": {
2026-06-09T21:23:35.1129976+09:00     "resetProcessing": 0,
2026-06-09T21:23:35.1166177+09:00     "inserted": 1,
2026-06-09T21:23:35.1166177+09:00     "scanned": 1,
2026-06-09T21:23:35.1380514+09:00     "stale": {
2026-06-09T21:23:35.1380514+09:00       "scanned": 1,
2026-06-09T21:23:35.1380514+09:00       "staleDetected": 0,
2026-06-09T21:23:35.1380514+09:00       "rolledBack": 0,
2026-06-09T21:23:35.1462903+09:00       "skippedCap": 0,
2026-06-09T21:23:35.1462903+09:00       "dryRun": false,
2026-06-09T21:23:35.1462903+09:00       "actions": []
2026-06-09T21:23:35.1462903+09:00     }
2026-06-09T21:23:35.1462903+09:00   },
2026-06-09T21:23:35.1545718+09:00   "dispatch": {
2026-06-09T21:23:35.1545718+09:00     "claimed": 1,
2026-06-09T21:23:35.1545718+09:00     "done": 1,
2026-06-09T21:23:35.1545718+09:00     "failed": 0
2026-06-09T21:23:35.1629507+09:00   },
2026-06-09T21:23:35.1629507+09:00   "step4_poll": {
2026-06-09T21:23:35.1667002+09:00     "scanned": 1,
2026-06-09T21:23:35.1690638+09:00     "awaiting": 1,
2026-06-09T21:23:35.1713324+09:00     "polled": 0,
2026-06-09T21:23:35.1713324+09:00     "picks_applied": 0,
2026-06-09T21:23:35.1713324+09:00     "pick_errors": 0,
2026-06-09T21:23:35.1774729+09:00     "timeouts": 0,
2026-06-09T21:23:35.1796727+09:00     "skipped": 0,
2026-06-09T21:23:35.1796727+09:00     "results": [
2026-06-09T21:23:35.1796727+09:00       {
2026-06-09T21:23:35.1796727+09:00         "task_id": "daily-20260609-r01",
2026-06-09T21:23:35.1796727+09:00         "result": {
2026-06-09T21:23:35.1879339+09:00           "outcome": "no_new_messages"
2026-06-09T21:23:35.1879339+09:00         }
2026-06-09T21:23:35.1879339+09:00       }
2026-06-09T21:23:35.1879339+09:00     ]
2026-06-09T21:23:35.1879339+09:00   },
2026-06-09T21:23:35.1879339+09:00   "step7_retry_poll": {
2026-06-09T21:23:35.1962349+09:00     "scanned": 1,
2026-06-09T21:23:35.1962349+09:00     "eligible": 0,
2026-06-09T21:23:35.1962349+09:00     "polled": 0,
2026-06-09T21:23:35.2045786+09:00     "retries_triggered": 0,
2026-06-09T21:23:35.2045786+09:00     "retry_errors": 0,
2026-06-09T21:23:35.2045786+09:00     "skipped": 0,
2026-06-09T21:23:35.2081910+09:00     "results": []
2026-06-09T21:23:35.2081910+09:00   }
2026-06-09T21:23:35.2081910+09:00 }
2026-06-09T21:23:35.2128805+09:00 OK run-once finished
2026-06-09T21:28:32.6375900+09:00 START dispatch-run-once
2026-06-09T21:28:33.0085056+09:00 
2026-06-09T21:28:33.0167918+09:00 > orchestrator
2026-06-09T21:28:33.0167918+09:00 > tsx src/cli/orchestrator.ts run-once --limit 10
2026-06-09T21:28:33.0167918+09:00 
2026-06-09T21:28:34.3835092+09:00 {
2026-06-09T21:28:34.3856286+09:00   "ensure_daily": {
2026-06-09T21:28:34.3887835+09:00     "action": "skipped_exists",
2026-06-09T21:28:34.3918382+09:00     "taskId": "daily-20260609-r01"
2026-06-09T21:28:34.3939716+09:00   },
2026-06-09T21:28:34.3959772+09:00   "reconcile": {
2026-06-09T21:28:34.3979830+09:00     "resetProcessing": 0,
2026-06-09T21:28:34.3999895+09:00     "inserted": 1,
2026-06-09T21:28:34.4035748+09:00     "scanned": 1,
2026-06-09T21:28:34.4209834+09:00     "stale": {
2026-06-09T21:28:34.4250122+09:00       "scanned": 1,
2026-06-09T21:28:34.4250122+09:00       "staleDetected": 0,
2026-06-09T21:28:34.4250122+09:00       "rolledBack": 0,
2026-06-09T21:28:34.4250122+09:00       "skippedCap": 0,
2026-06-09T21:28:34.4335362+09:00       "dryRun": false,
2026-06-09T21:28:34.4335362+09:00       "actions": []
2026-06-09T21:28:34.4335362+09:00     }
2026-06-09T21:28:34.4335362+09:00   },
2026-06-09T21:28:34.4417967+09:00   "dispatch": {
2026-06-09T21:28:34.4417967+09:00     "claimed": 1,
2026-06-09T21:28:34.4417967+09:00     "done": 1,
2026-06-09T21:28:34.4417967+09:00     "failed": 0
2026-06-09T21:28:34.4501043+09:00   },
2026-06-09T21:28:34.4501043+09:00   "step4_poll": {
2026-06-09T21:28:34.4501043+09:00     "scanned": 1,
2026-06-09T21:28:34.4501043+09:00     "awaiting": 1,
2026-06-09T21:28:34.4501043+09:00     "polled": 0,
2026-06-09T21:28:34.4585048+09:00     "picks_applied": 0,
2026-06-09T21:28:34.4585048+09:00     "pick_errors": 0,
2026-06-09T21:28:34.4585048+09:00     "timeouts": 0,
2026-06-09T21:28:34.4585048+09:00     "skipped": 0,
2026-06-09T21:28:34.4667815+09:00     "results": [
2026-06-09T21:28:34.4688711+09:00       {
2026-06-09T21:28:34.4708788+09:00         "task_id": "daily-20260609-r01",
2026-06-09T21:28:34.4708788+09:00         "result": {
2026-06-09T21:28:34.4708788+09:00           "outcome": "no_new_messages"
2026-06-09T21:28:34.4752310+09:00         }
2026-06-09T21:28:34.4752310+09:00       }
2026-06-09T21:28:34.4752310+09:00     ]
2026-06-09T21:28:34.4752310+09:00   },
2026-06-09T21:28:34.4752310+09:00   "step7_retry_poll": {
2026-06-09T21:28:34.4752310+09:00     "scanned": 1,
2026-06-09T21:28:34.4835438+09:00     "eligible": 0,
2026-06-09T21:28:34.4835438+09:00     "polled": 0,
2026-06-09T21:28:34.4835438+09:00     "retries_triggered": 0,
2026-06-09T21:28:34.4888608+09:00     "retry_errors": 0,
2026-06-09T21:28:34.4888608+09:00     "skipped": 0,
2026-06-09T21:28:34.4917827+09:00     "results": []
2026-06-09T21:28:34.4917827+09:00   }
2026-06-09T21:28:34.4917827+09:00 }
2026-06-09T21:28:34.4917827+09:00 OK run-once finished
2026-06-09T21:33:34.0373924+09:00 START dispatch-run-once
2026-06-09T21:33:34.4124064+09:00 
2026-06-09T21:33:34.4206456+09:00 > orchestrator
2026-06-09T21:33:34.4206456+09:00 > tsx src/cli/orchestrator.ts run-once --limit 10
2026-06-09T21:33:34.4242136+09:00 
2026-06-09T21:33:35.7610933+09:00 {
2026-06-09T21:33:35.7623283+09:00   "ensure_daily": {
2026-06-09T21:33:35.7623283+09:00     "action": "skipped_exists",
2026-06-09T21:33:35.7686428+09:00     "taskId": "daily-20260609-r01"
2026-06-09T21:33:35.7707232+09:00   },
2026-06-09T21:33:35.7707232+09:00   "reconcile": {
2026-06-09T21:33:35.7707232+09:00     "resetProcessing": 0,
2026-06-09T21:33:35.7790427+09:00     "inserted": 1,
2026-06-09T21:33:35.7811231+09:00     "scanned": 1,
2026-06-09T21:33:35.8007373+09:00     "stale": {
2026-06-09T21:33:35.8027447+09:00       "scanned": 1,
2026-06-09T21:33:35.8040027+09:00       "staleDetected": 0,
2026-06-09T21:33:35.8040027+09:00       "rolledBack": 0,
2026-06-09T21:33:35.8081674+09:00       "skippedCap": 0,
2026-06-09T21:33:35.8081674+09:00       "dryRun": false,
2026-06-09T21:33:35.8122920+09:00       "actions": []
2026-06-09T21:33:35.8122920+09:00     }
2026-06-09T21:33:35.8122920+09:00   },
2026-06-09T21:33:35.8122920+09:00   "dispatch": {
2026-06-09T21:33:35.8122920+09:00     "claimed": 1,
2026-06-09T21:33:35.8206391+09:00     "done": 1,
2026-06-09T21:33:35.8206391+09:00     "failed": 0
2026-06-09T21:33:35.8206391+09:00   },
2026-06-09T21:33:35.8206391+09:00   "step4_poll": {
2026-06-09T21:33:35.8206391+09:00     "scanned": 1,
2026-06-09T21:33:35.8289618+09:00     "awaiting": 1,
2026-06-09T21:33:35.8289618+09:00     "polled": 0,
2026-06-09T21:33:35.8289618+09:00     "picks_applied": 0,
2026-06-09T21:33:35.8289618+09:00     "pick_errors": 0,
2026-06-09T21:33:35.8371090+09:00     "timeouts": 0,
2026-06-09T21:33:35.8393564+09:00     "skipped": 0,
2026-06-09T21:33:35.8393564+09:00     "results": [
2026-06-09T21:33:35.8413636+09:00       {
2026-06-09T21:33:35.8433713+09:00         "task_id": "daily-20260609-r01",
2026-06-09T21:33:35.8453778+09:00         "result": {
2026-06-09T21:33:35.8453778+09:00           "outcome": "no_new_messages"
2026-06-09T21:33:35.8453778+09:00         }
2026-06-09T21:33:35.8453778+09:00       }
2026-06-09T21:33:35.8453778+09:00     ]
2026-06-09T21:33:35.8453778+09:00   },
2026-06-09T21:33:35.8539498+09:00   "step7_retry_poll": {
2026-06-09T21:33:35.8539498+09:00     "scanned": 1,
2026-06-09T21:33:35.8539498+09:00     "eligible": 0,
2026-06-09T21:33:35.8539498+09:00     "polled": 0,
2026-06-09T21:33:35.8539498+09:00     "retries_triggered": 0,
2026-06-09T21:33:35.8539498+09:00     "retry_errors": 0,
2026-06-09T21:33:35.8622766+09:00     "skipped": 0,
2026-06-09T21:33:35.8622766+09:00     "results": []
2026-06-09T21:33:35.8622766+09:00   }
2026-06-09T21:33:35.8622766+09:00 }
2026-06-09T21:33:35.8622766+09:00 OK run-once finished
2026-06-09T21:38:31.6162902+09:00 START dispatch-run-once
2026-06-09T21:38:31.9911544+09:00 
2026-06-09T21:38:31.9911544+09:00 > orchestrator
2026-06-09T21:38:31.9977443+09:00 > tsx src/cli/orchestrator.ts run-once --limit 10
2026-06-09T21:38:31.9995237+09:00 
2026-06-09T21:38:33.3579487+09:00 {
2026-06-09T21:38:33.3579487+09:00   "ensure_daily": {
2026-06-09T21:38:33.3663139+09:00     "action": "skipped_exists",
2026-06-09T21:38:33.3663139+09:00     "taskId": "daily-20260609-r01"
2026-06-09T21:38:33.3663139+09:00   },
2026-06-09T21:38:33.3746510+09:00   "reconcile": {
2026-06-09T21:38:33.3767634+09:00     "resetProcessing": 0,
2026-06-09T21:38:33.3787697+09:00     "inserted": 1,
2026-06-09T21:38:33.3830151+09:00     "scanned": 1,
2026-06-09T21:38:33.4002273+09:00     "stale": {
2026-06-09T21:38:33.4002273+09:00       "scanned": 1,
2026-06-09T21:38:33.4002273+09:00       "staleDetected": 0,
2026-06-09T21:38:33.4002273+09:00       "rolledBack": 0,
2026-06-09T21:38:33.4078615+09:00       "skippedCap": 0,
2026-06-09T21:38:33.4078615+09:00       "dryRun": false,
2026-06-09T21:38:33.4078615+09:00       "actions": []
2026-06-09T21:38:33.4078615+09:00     }
2026-06-09T21:38:33.4161715+09:00   },
2026-06-09T21:38:33.4161715+09:00   "dispatch": {
2026-06-09T21:38:33.4161715+09:00     "claimed": 1,
2026-06-09T21:38:33.4161715+09:00     "done": 1,
2026-06-09T21:38:33.4161715+09:00     "failed": 0
2026-06-09T21:38:33.4245214+09:00   },
2026-06-09T21:38:33.4245214+09:00   "step4_poll": {
2026-06-09T21:38:33.4245214+09:00     "scanned": 1,
2026-06-09T21:38:33.4245214+09:00     "awaiting": 1,
2026-06-09T21:38:33.4328373+09:00     "polled": 0,
2026-06-09T21:38:33.4328373+09:00     "picks_applied": 0,
2026-06-09T21:38:33.4328373+09:00     "pick_errors": 0,
2026-06-09T21:38:33.4328373+09:00     "timeouts": 0,
2026-06-09T21:38:33.4328373+09:00     "skipped": 0,
2026-06-09T21:38:33.4411384+09:00     "results": [
2026-06-09T21:38:33.4411384+09:00       {
2026-06-09T21:38:33.4411384+09:00         "task_id": "daily-20260609-r01",
2026-06-09T21:38:33.4411384+09:00         "result": {
2026-06-09T21:38:33.4411384+09:00           "outcome": "no_new_messages"
2026-06-09T21:38:33.4494772+09:00         }
2026-06-09T21:38:33.4494772+09:00       }
2026-06-09T21:38:33.4494772+09:00     ]
2026-06-09T21:38:33.4494772+09:00   },
2026-06-09T21:38:33.4494772+09:00   "step7_retry_poll": {
2026-06-09T21:38:33.4494772+09:00     "scanned": 1,
2026-06-09T21:38:33.4578474+09:00     "eligible": 0,
2026-06-09T21:38:33.4578474+09:00     "polled": 0,
2026-06-09T21:38:33.4578474+09:00     "retries_triggered": 0,
2026-06-09T21:38:33.4578474+09:00     "retry_errors": 0,
2026-06-09T21:38:33.4578474+09:00     "skipped": 0,
2026-06-09T21:38:33.4578474+09:00     "results": []
2026-06-09T21:38:33.4661729+09:00   }
2026-06-09T21:38:33.4661729+09:00 }
2026-06-09T21:38:33.4661729+09:00 OK run-once finished
2026-06-09T21:43:32.9097584+09:00 START dispatch-run-once
2026-06-09T21:43:33.2866906+09:00 
2026-06-09T21:43:33.2908482+09:00 > orchestrator
2026-06-09T21:43:33.2908482+09:00 > tsx src/cli/orchestrator.ts run-once --limit 10
2026-06-09T21:43:33.2908482+09:00 
2026-06-09T21:43:34.6450755+09:00 {
2026-06-09T21:43:34.6473813+09:00   "ensure_daily": {
2026-06-09T21:43:34.6473813+09:00     "action": "skipped_exists",
2026-06-09T21:43:34.6534254+09:00     "taskId": "daily-20260609-r01"
2026-06-09T21:43:34.6534254+09:00   },
2026-06-09T21:43:34.6580349+09:00   "reconcile": {
2026-06-09T21:43:34.6616787+09:00     "resetProcessing": 0,
2026-06-09T21:43:34.6616787+09:00     "inserted": 1,
2026-06-09T21:43:34.6616787+09:00     "scanned": 1,
2026-06-09T21:43:34.6824885+09:00     "stale": {
2026-06-09T21:43:34.6867031+09:00       "scanned": 1,
2026-06-09T21:43:34.6867031+09:00       "staleDetected": 0,
2026-06-09T21:43:34.6867031+09:00       "rolledBack": 0,
2026-06-09T21:43:34.6949826+09:00       "skippedCap": 0,
2026-06-09T21:43:34.6949826+09:00       "dryRun": false,
2026-06-09T21:43:34.6949826+09:00       "actions": []
2026-06-09T21:43:34.6949826+09:00     }
2026-06-09T21:43:34.7026410+09:00   },
2026-06-09T21:43:34.7033137+09:00   "dispatch": {
2026-06-09T21:43:34.7033137+09:00     "claimed": 1,
2026-06-09T21:43:34.7033137+09:00     "done": 1,
2026-06-09T21:43:34.7033137+09:00     "failed": 0
2026-06-09T21:43:34.7117249+09:00   },
2026-06-09T21:43:34.7123611+09:00   "step4_poll": {
2026-06-09T21:43:34.7123611+09:00     "scanned": 1,
2026-06-09T21:43:34.7123611+09:00     "awaiting": 1,
2026-06-09T21:43:34.7123611+09:00     "polled": 0,
2026-06-09T21:43:34.7199883+09:00     "picks_applied": 0,
2026-06-09T21:43:34.7230586+09:00     "pick_errors": 0,
2026-06-09T21:43:34.7250669+09:00     "timeouts": 0,
2026-06-09T21:43:34.7283339+09:00     "skipped": 0,
2026-06-09T21:43:34.7283339+09:00     "results": [
2026-06-09T21:43:34.7283339+09:00       {
2026-06-09T21:43:34.7283339+09:00         "task_id": "daily-20260609-r01",
2026-06-09T21:43:34.7283339+09:00         "result": {
2026-06-09T21:43:34.7366768+09:00           "outcome": "no_new_messages"
2026-06-09T21:43:34.7366768+09:00         }
2026-06-09T21:43:34.7366768+09:00       }
2026-06-09T21:43:34.7366768+09:00     ]
2026-06-09T21:43:34.7366768+09:00   },
2026-06-09T21:43:34.7366768+09:00   "step7_retry_poll": {
2026-06-09T21:43:34.7449887+09:00     "scanned": 1,
2026-06-09T21:43:34.7449887+09:00     "eligible": 0,
2026-06-09T21:43:34.7449887+09:00     "polled": 0,
2026-06-09T21:43:34.7449887+09:00     "retries_triggered": 0,
2026-06-09T21:43:34.7449887+09:00     "retry_errors": 0,
2026-06-09T21:43:34.7449887+09:00     "skipped": 0,
2026-06-09T21:43:34.7533153+09:00     "results": []
2026-06-09T21:43:34.7533153+09:00   }
2026-06-09T21:43:34.7533153+09:00 }
2026-06-09T21:43:34.7533153+09:00 OK run-once finished
2026-06-09T21:48:32.7322586+09:00 START dispatch-run-once
2026-06-09T21:48:33.1072014+09:00 
2026-06-09T21:48:33.1072014+09:00 > orchestrator
2026-06-09T21:48:33.1072014+09:00 > tsx src/cli/orchestrator.ts run-once --limit 10
2026-06-09T21:48:33.1155477+09:00 
2026-06-09T21:48:34.4623049+09:00 {
2026-06-09T21:48:34.4643149+09:00   "ensure_daily": {
2026-06-09T21:48:34.4656187+09:00     "action": "skipped_exists",
2026-06-09T21:48:34.4704314+09:00     "taskId": "daily-20260609-r01"
2026-06-09T21:48:34.4724579+09:00   },
2026-06-09T21:48:34.4738605+09:00   "reconcile": {
2026-06-09T21:48:34.4771961+09:00     "resetProcessing": 0,
2026-06-09T21:48:34.4792015+09:00     "inserted": 1,
2026-06-09T21:48:34.4822089+09:00     "scanned": 1,
2026-06-09T21:48:34.4989680+09:00     "stale": {
2026-06-09T21:48:34.4989680+09:00       "scanned": 1,
2026-06-09T21:48:34.4989680+09:00       "staleDetected": 0,
2026-06-09T21:48:34.4989680+09:00       "rolledBack": 0,
2026-06-09T21:48:34.5072686+09:00       "skippedCap": 0,
2026-06-09T21:48:34.5072686+09:00       "dryRun": false,
2026-06-09T21:48:34.5072686+09:00       "actions": []
2026-06-09T21:48:34.5072686+09:00     }
2026-06-09T21:48:34.5154943+09:00   },
2026-06-09T21:48:34.5154943+09:00   "dispatch": {
2026-06-09T21:48:34.5154943+09:00     "claimed": 1,
2026-06-09T21:48:34.5154943+09:00     "done": 1,
2026-06-09T21:48:34.5154943+09:00     "failed": 0
2026-06-09T21:48:34.5238453+09:00   },
2026-06-09T21:48:34.5238453+09:00   "step4_poll": {
2026-06-09T21:48:34.5238453+09:00     "scanned": 1,
2026-06-09T21:48:34.5238453+09:00     "awaiting": 1,
2026-06-09T21:48:34.5322000+09:00     "polled": 0,
2026-06-09T21:48:34.5322000+09:00     "picks_applied": 0,
2026-06-09T21:48:34.5322000+09:00     "pick_errors": 0,
2026-06-09T21:48:34.5322000+09:00     "timeouts": 0,
2026-06-09T21:48:34.5405224+09:00     "skipped": 0,
2026-06-09T21:48:34.5405224+09:00     "results": [
2026-06-09T21:48:34.5405224+09:00       {
2026-06-09T21:48:34.5405224+09:00         "task_id": "daily-20260609-r01",
2026-06-09T21:48:34.5488409+09:00         "result": {
2026-06-09T21:48:34.5488409+09:00           "outcome": "no_new_messages"
2026-06-09T21:48:34.5488409+09:00         }
2026-06-09T21:48:34.5488409+09:00       }
2026-06-09T21:48:34.5488409+09:00     ]
2026-06-09T21:48:34.5488409+09:00   },
2026-06-09T21:48:34.5571440+09:00   "step7_retry_poll": {
2026-06-09T21:48:34.5571440+09:00     "scanned": 1,
2026-06-09T21:48:34.5571440+09:00     "eligible": 0,
2026-06-09T21:48:34.5571440+09:00     "polled": 0,
2026-06-09T21:48:34.5571440+09:00     "retries_triggered": 0,
2026-06-09T21:48:34.5571440+09:00     "retry_errors": 0,
2026-06-09T21:48:34.5655527+09:00     "skipped": 0,
2026-06-09T21:48:34.5655527+09:00     "results": []
2026-06-09T21:48:34.5655527+09:00   }
2026-06-09T21:48:34.5655527+09:00 }
2026-06-09T21:48:34.5655527+09:00 OK run-once finished
2026-06-09T21:53:33.4444769+09:00 START dispatch-run-once
2026-06-09T21:53:33.8277203+09:00 
2026-06-09T21:53:33.8277203+09:00 > orchestrator
2026-06-09T21:53:33.8277203+09:00 > tsx src/cli/orchestrator.ts run-once --limit 10
2026-06-09T21:53:33.8360292+09:00 
2026-06-09T21:53:35.1841714+09:00 {
2026-06-09T21:53:35.1882312+09:00   "ensure_daily": {
2026-06-09T21:53:35.1918906+09:00     "action": "skipped_exists",
2026-06-09T21:53:35.1943854+09:00     "taskId": "daily-20260609-r01"
2026-06-09T21:53:35.1965044+09:00   },
2026-06-09T21:53:35.2005225+09:00   "reconcile": {
2026-06-09T21:53:35.2025299+09:00     "resetProcessing": 0,
2026-06-09T21:53:35.2049616+09:00     "inserted": 1,
2026-06-09T21:53:35.2049616+09:00     "scanned": 1,
2026-06-09T21:53:35.2194986+09:00     "stale": {
2026-06-09T21:53:35.2278032+09:00       "scanned": 1,
2026-06-09T21:53:35.2278032+09:00       "staleDetected": 0,
2026-06-09T21:53:35.2278032+09:00       "rolledBack": 0,
2026-06-09T21:53:35.2361679+09:00       "skippedCap": 0,
2026-06-09T21:53:35.2361679+09:00       "dryRun": false,
2026-06-09T21:53:35.2361679+09:00       "actions": []
2026-06-09T21:53:35.2361679+09:00     }
2026-06-09T21:53:35.2443665+09:00   },
2026-06-09T21:53:35.2443665+09:00   "dispatch": {
2026-06-09T21:53:35.2443665+09:00     "claimed": 1,
2026-06-09T21:53:35.2526830+09:00     "done": 1,
2026-06-09T21:53:35.2526830+09:00     "failed": 0
2026-06-09T21:53:35.2526830+09:00   },
2026-06-09T21:53:35.2526830+09:00   "step4_poll": {
2026-06-09T21:53:35.2526830+09:00     "scanned": 1,
2026-06-09T21:53:35.2610259+09:00     "awaiting": 1,
2026-06-09T21:53:35.2610259+09:00     "polled": 0,
2026-06-09T21:53:35.2610259+09:00     "picks_applied": 0,
2026-06-09T21:53:35.2610259+09:00     "pick_errors": 0,
2026-06-09T21:53:35.2693922+09:00     "timeouts": 0,
2026-06-09T21:53:35.2693922+09:00     "skipped": 0,
2026-06-09T21:53:35.2693922+09:00     "results": [
2026-06-09T21:53:35.2752206+09:00       {
2026-06-09T21:53:35.2752206+09:00         "task_id": "daily-20260609-r01",
2026-06-09T21:53:35.2776712+09:00         "result": {
2026-06-09T21:53:35.2776712+09:00           "outcome": "no_new_messages"
2026-06-09T21:53:35.2776712+09:00         }
2026-06-09T21:53:35.2776712+09:00       }
2026-06-09T21:53:35.2776712+09:00     ]
2026-06-09T21:53:35.2859978+09:00   },
2026-06-09T21:53:35.2859978+09:00   "step7_retry_poll": {
2026-06-09T21:53:35.2859978+09:00     "scanned": 1,
2026-06-09T21:53:35.2859978+09:00     "eligible": 0,
2026-06-09T21:53:35.2859978+09:00     "polled": 0,
2026-06-09T21:53:35.2859978+09:00     "retries_triggered": 0,
2026-06-09T21:53:35.2943754+09:00     "retry_errors": 0,
2026-06-09T21:53:35.2943754+09:00     "skipped": 0,
2026-06-09T21:53:35.2943754+09:00     "results": []
2026-06-09T21:53:35.2943754+09:00   }
2026-06-09T21:53:35.2943754+09:00 }
2026-06-09T21:53:35.3027362+09:00 OK run-once finished
2026-06-09T21:58:36.9649582+09:00 START dispatch-run-once
2026-06-09T21:58:37.3398444+09:00 
2026-06-09T21:58:37.3398444+09:00 > orchestrator
2026-06-09T21:58:37.3398444+09:00 > tsx src/cli/orchestrator.ts run-once --limit 10
2026-06-09T21:58:37.3398444+09:00 
2026-06-09T21:58:38.8528245+09:00 {
2026-06-09T21:58:38.8565379+09:00   "ensure_daily": {
2026-06-09T21:58:38.8587961+09:00     "action": "skipped_exists",
2026-06-09T21:58:38.8610917+09:00     "taskId": "daily-20260609-r01"
2026-06-09T21:58:38.8630973+09:00   },
2026-06-09T21:58:38.8648527+09:00   "reconcile": {
2026-06-09T21:58:38.8684737+09:00     "resetProcessing": 0,
2026-06-09T21:58:38.8704805+09:00     "inserted": 1,
2026-06-09T21:58:38.8724872+09:00     "scanned": 1,
2026-06-09T21:58:38.8899057+09:00     "stale": {
2026-06-09T21:58:38.8899057+09:00       "scanned": 1,
2026-06-09T21:58:38.8899057+09:00       "staleDetected": 0,
2026-06-09T21:58:38.8899057+09:00       "rolledBack": 0,
2026-06-09T21:58:38.8981447+09:00       "skippedCap": 0,
2026-06-09T21:58:38.8981447+09:00       "dryRun": false,
2026-06-09T21:58:38.8981447+09:00       "actions": []
2026-06-09T21:58:38.8981447+09:00     }
2026-06-09T21:58:38.9065281+09:00   },
2026-06-09T21:58:38.9065281+09:00   "dispatch": {
2026-06-09T21:58:38.9065281+09:00     "claimed": 1,
2026-06-09T21:58:38.9124187+09:00     "done": 1,
2026-06-09T21:58:38.9148370+09:00     "failed": 0
2026-06-09T21:58:38.9148370+09:00   },
2026-06-09T21:58:38.9148370+09:00   "step4_poll": {
2026-06-09T21:58:38.9201836+09:00     "scanned": 1,
2026-06-09T21:58:38.9221590+09:00     "awaiting": 1,
2026-06-09T21:58:38.9231676+09:00     "polled": 0,
2026-06-09T21:58:38.9261089+09:00     "picks_applied": 0,
2026-06-09T21:58:38.9276151+09:00     "pick_errors": 0,
2026-06-09T21:58:38.9296216+09:00     "timeouts": 0,
2026-06-09T21:58:38.9315420+09:00     "skipped": 0,
2026-06-09T21:58:38.9315420+09:00     "results": [
2026-06-09T21:58:38.9315420+09:00       {
2026-06-09T21:58:38.9315420+09:00         "task_id": "daily-20260609-r01",
2026-06-09T21:58:38.9315420+09:00         "result": {
2026-06-09T21:58:38.9398496+09:00           "outcome": "no_new_messages"
2026-06-09T21:58:38.9398496+09:00         }
2026-06-09T21:58:38.9398496+09:00       }
2026-06-09T21:58:38.9398496+09:00     ]
2026-06-09T21:58:38.9398496+09:00   },
2026-06-09T21:58:38.9481521+09:00   "step7_retry_poll": {
2026-06-09T21:58:38.9481521+09:00     "scanned": 1,
2026-06-09T21:58:38.9481521+09:00     "eligible": 0,
2026-06-09T21:58:38.9481521+09:00     "polled": 0,
2026-06-09T21:58:38.9481521+09:00     "retries_triggered": 0,
2026-06-09T21:58:38.9481521+09:00     "retry_errors": 0,
2026-06-09T21:58:38.9564484+09:00     "skipped": 0,
2026-06-09T21:58:38.9564484+09:00     "results": []
2026-06-09T21:58:38.9564484+09:00   }
2026-06-09T21:58:38.9564484+09:00 }
2026-06-09T21:58:38.9564484+09:00 OK run-once finished
2026-06-09T22:03:40.8604147+09:00 START dispatch-run-once
2026-06-09T22:03:41.2519548+09:00 
2026-06-09T22:03:41.2519548+09:00 > orchestrator
2026-06-09T22:03:41.2603036+09:00 > tsx src/cli/orchestrator.ts run-once --limit 10
2026-06-09T22:03:41.2603036+09:00 
2026-06-09T22:03:42.6354032+09:00 {
2026-06-09T22:03:42.6354032+09:00   "ensure_daily": {
2026-06-09T22:03:42.6436433+09:00     "action": "skipped_exists",
2026-06-09T22:03:42.6436433+09:00     "taskId": "daily-20260609-r01"
2026-06-09T22:03:42.6436433+09:00   },
2026-06-09T22:03:42.6519597+09:00   "reconcile": {
2026-06-09T22:03:42.6519597+09:00     "resetProcessing": 0,
2026-06-09T22:03:42.6519597+09:00     "inserted": 1,
2026-06-09T22:03:42.6519597+09:00     "scanned": 1,
2026-06-09T22:03:42.6769870+09:00     "stale": {
2026-06-09T22:03:42.6769870+09:00       "scanned": 1,
2026-06-09T22:03:42.6769870+09:00       "staleDetected": 0,
2026-06-09T22:03:42.6853035+09:00       "rolledBack": 0,
2026-06-09T22:03:42.6873987+09:00       "skippedCap": 0,
2026-06-09T22:03:42.6894057+09:00       "dryRun": false,
2026-06-09T22:03:42.6936108+09:00       "actions": []
2026-06-09T22:03:42.6957029+09:00     }
2026-06-09T22:03:42.6957029+09:00   },
2026-06-09T22:03:42.6957029+09:00   "dispatch": {
2026-06-09T22:03:42.7019672+09:00     "claimed": 1,
2026-06-09T22:03:42.7019672+09:00     "done": 1,
2026-06-09T22:03:42.7075027+09:00     "failed": 0
2026-06-09T22:03:42.7093210+09:00   },
2026-06-09T22:03:42.7102914+09:00   "step4_poll": {
2026-06-09T22:03:42.7102914+09:00     "scanned": 1,
2026-06-09T22:03:42.7102914+09:00     "awaiting": 1,
2026-06-09T22:03:42.7186186+09:00     "polled": 0,
2026-06-09T22:03:42.7205400+09:00     "picks_applied": 0,
2026-06-09T22:03:42.7225460+09:00     "pick_errors": 0,
2026-06-09T22:03:42.7245523+09:00     "timeouts": 0,
2026-06-09T22:03:42.7269690+09:00     "skipped": 0,
2026-06-09T22:03:42.7290724+09:00     "results": [
2026-06-09T22:03:42.7310799+09:00       {
2026-06-09T22:03:42.7352738+09:00         "task_id": "daily-20260609-r01",
2026-06-09T22:03:42.7352738+09:00         "result": {
2026-06-09T22:03:42.7352738+09:00           "outcome": "no_new_messages"
2026-06-09T22:03:42.7352738+09:00         }
2026-06-09T22:03:42.7352738+09:00       }
2026-06-09T22:03:42.7352738+09:00     ]
2026-06-09T22:03:42.7436369+09:00   },
2026-06-09T22:03:42.7436369+09:00   "step7_retry_poll": {
2026-06-09T22:03:42.7436369+09:00     "scanned": 1,
2026-06-09T22:03:42.7436369+09:00     "eligible": 0,
2026-06-09T22:03:42.7436369+09:00     "polled": 0,
2026-06-09T22:03:42.7519216+09:00     "retries_triggered": 0,
2026-06-09T22:03:42.7519216+09:00     "retry_errors": 0,
2026-06-09T22:03:42.7519216+09:00     "skipped": 0,
2026-06-09T22:03:42.7519216+09:00     "results": []
2026-06-09T22:03:42.7519216+09:00   }
2026-06-09T22:03:42.7602616+09:00 }
2026-06-09T22:03:42.7623274+09:00 OK run-once finished
2026-06-09T22:08:32.3727119+09:00 START dispatch-run-once
2026-06-09T22:08:32.7700054+09:00 
2026-06-09T22:08:32.7726151+09:00 > orchestrator
2026-06-09T22:08:32.7726151+09:00 > tsx src/cli/orchestrator.ts run-once --limit 10
2026-06-09T22:08:32.7726151+09:00 
2026-06-09T22:08:34.1560111+09:00 {
2026-06-09T22:08:34.1597418+09:00   "ensure_daily": {
2026-06-09T22:08:34.1643012+09:00     "action": "skipped_exists",
2026-06-09T22:08:34.1662220+09:00     "taskId": "daily-20260609-r01"
2026-06-09T22:08:34.1682303+09:00   },
2026-06-09T22:08:34.1702381+09:00   "reconcile": {
2026-06-09T22:08:34.1725949+09:00     "resetProcessing": 0,
2026-06-09T22:08:34.1725949+09:00     "inserted": 1,
2026-06-09T22:08:34.1725949+09:00     "scanned": 1,
2026-06-09T22:08:34.1976543+09:00     "stale": {
2026-06-09T22:08:34.1976543+09:00       "scanned": 1,
2026-06-09T22:08:34.1976543+09:00       "staleDetected": 0,
2026-06-09T22:08:34.2059705+09:00       "rolledBack": 0,
2026-06-09T22:08:34.2059705+09:00       "skippedCap": 0,
2026-06-09T22:08:34.2059705+09:00       "dryRun": false,
2026-06-09T22:08:34.2059705+09:00       "actions": []
2026-06-09T22:08:34.2142592+09:00     }
2026-06-09T22:08:34.2163803+09:00   },
2026-06-09T22:08:34.2183876+09:00   "dispatch": {
2026-06-09T22:08:34.2203951+09:00     "claimed": 1,
2026-06-09T22:08:34.2226256+09:00     "done": 1,
2026-06-09T22:08:34.2226256+09:00     "failed": 0
2026-06-09T22:08:34.2226256+09:00   },
2026-06-09T22:08:34.2226256+09:00   "step4_poll": {
2026-06-09T22:08:34.2309455+09:00     "scanned": 1,
2026-06-09T22:08:34.2339936+09:00     "awaiting": 1,
2026-06-09T22:08:34.2339936+09:00     "polled": 0,
2026-06-09T22:08:34.2392428+09:00     "picks_applied": 0,
2026-06-09T22:08:34.2392428+09:00     "pick_errors": 0,
2026-06-09T22:08:34.2436266+09:00     "timeouts": 0,
2026-06-09T22:08:34.2456338+09:00     "skipped": 0,
2026-06-09T22:08:34.2476221+09:00     "results": [
2026-06-09T22:08:34.2476221+09:00       {
2026-06-09T22:08:34.2476221+09:00         "task_id": "daily-20260609-r01",
2026-06-09T22:08:34.2529467+09:00         "result": {
2026-06-09T22:08:34.2559383+09:00           "outcome": "no_new_messages"
2026-06-09T22:08:34.2559383+09:00         }
2026-06-09T22:08:34.2559383+09:00       }
2026-06-09T22:08:34.2559383+09:00     ]
2026-06-09T22:08:34.2642304+09:00   },
2026-06-09T22:08:34.2642304+09:00   "step7_retry_poll": {
2026-06-09T22:08:34.2642304+09:00     "scanned": 1,
2026-06-09T22:08:34.2642304+09:00     "eligible": 0,
2026-06-09T22:08:34.2642304+09:00     "polled": 0,
2026-06-09T22:08:34.2725680+09:00     "retries_triggered": 0,
2026-06-09T22:08:34.2725680+09:00     "retry_errors": 0,
2026-06-09T22:08:34.2725680+09:00     "skipped": 0,
2026-06-09T22:08:34.2725680+09:00     "results": []
2026-06-09T22:08:34.2725680+09:00   }
2026-06-09T22:08:34.2725680+09:00 }
2026-06-09T22:08:34.2808939+09:00 OK run-once finished
2026-06-09T22:13:32.6014906+09:00 START dispatch-run-once
2026-06-09T22:13:33.0181726+09:00 
2026-06-09T22:13:33.0181726+09:00 > orchestrator
2026-06-09T22:13:33.0181726+09:00 > tsx src/cli/orchestrator.ts run-once --limit 10
2026-06-09T22:13:33.0181726+09:00 
2026-06-09T22:13:34.4578859+09:00 {
2026-06-09T22:13:34.4598189+09:00   "ensure_daily": {
2026-06-09T22:13:34.4598189+09:00     "action": "skipped_exists",
2026-06-09T22:13:34.4598189+09:00     "taskId": "daily-20260609-r01"
2026-06-09T22:13:34.4702343+09:00   },
2026-06-09T22:13:34.4722432+09:00   "reconcile": {
2026-06-09T22:13:34.4742483+09:00     "resetProcessing": 0,
2026-06-09T22:13:34.4762547+09:00     "inserted": 1,
2026-06-09T22:13:34.4803387+09:00     "scanned": 1,
2026-06-09T22:13:34.4931976+09:00     "stale": {
2026-06-09T22:13:34.4931976+09:00       "scanned": 1,
2026-06-09T22:13:34.5014347+09:00       "staleDetected": 0,
2026-06-09T22:13:34.5014347+09:00       "rolledBack": 0,
2026-06-09T22:13:34.5073895+09:00       "skippedCap": 0,
2026-06-09T22:13:34.5073895+09:00       "dryRun": false,
2026-06-09T22:13:34.5097741+09:00       "actions": []
2026-06-09T22:13:34.5097741+09:00     }
2026-06-09T22:13:34.5097741+09:00   },
2026-06-09T22:13:34.5097741+09:00   "dispatch": {
2026-06-09T22:13:34.5182042+09:00     "claimed": 1,
2026-06-09T22:13:34.5182042+09:00     "done": 1,
2026-06-09T22:13:34.5182042+09:00     "failed": 0
2026-06-09T22:13:34.5182042+09:00   },
2026-06-09T22:13:34.5264351+09:00   "step4_poll": {
2026-06-09T22:13:34.5264351+09:00     "scanned": 1,
2026-06-09T22:13:34.5264351+09:00     "awaiting": 1,
2026-06-09T22:13:34.5324597+09:00     "polled": 0,
2026-06-09T22:13:34.5347752+09:00     "picks_applied": 0,
2026-06-09T22:13:34.5347752+09:00     "pick_errors": 0,
2026-06-09T22:13:34.5347752+09:00     "timeouts": 0,
2026-06-09T22:13:34.5347752+09:00     "skipped": 0,
2026-06-09T22:13:34.5347752+09:00     "results": [
2026-06-09T22:13:34.5430887+09:00       {
2026-06-09T22:13:34.5430887+09:00         "task_id": "daily-20260609-r01",
2026-06-09T22:13:34.5430887+09:00         "result": {
2026-06-09T22:13:34.5430887+09:00           "outcome": "no_new_messages"
2026-06-09T22:13:34.5430887+09:00         }
2026-06-09T22:13:34.5514262+09:00       }
2026-06-09T22:13:34.5514262+09:00     ]
2026-06-09T22:13:34.5514262+09:00   },
2026-06-09T22:13:34.5514262+09:00   "step7_retry_poll": {
2026-06-09T22:13:34.5514262+09:00     "scanned": 1,
2026-06-09T22:13:34.5597707+09:00     "eligible": 0,
2026-06-09T22:13:34.5597707+09:00     "polled": 0,
2026-06-09T22:13:34.5597707+09:00     "retries_triggered": 0,
2026-06-09T22:13:34.5597707+09:00     "retry_errors": 0,
2026-06-09T22:13:34.5597707+09:00     "skipped": 0,
2026-06-09T22:13:34.5680907+09:00     "results": []
2026-06-09T22:13:34.5701571+09:00   }
2026-06-09T22:13:34.5701571+09:00 }
2026-06-09T22:13:34.5701571+09:00 OK run-once finished
2026-06-09T22:18:35.8220021+09:00 START dispatch-run-once
2026-06-09T22:18:39.5302827+09:00 
2026-06-09T22:18:39.5302827+09:00 > orchestrator
2026-06-09T22:18:39.5385860+09:00 > tsx src/cli/orchestrator.ts run-once --limit 10
2026-06-09T22:18:39.5385860+09:00 
2026-06-09T22:18:45.9656938+09:00 {
2026-06-09T22:18:45.9656938+09:00   "ensure_daily": {
2026-06-09T22:18:45.9718442+09:00     "action": "skipped_exists",
2026-06-09T22:18:45.9718442+09:00     "taskId": "daily-20260609-r01"
2026-06-09T22:18:45.9770534+09:00   },
2026-06-09T22:18:45.9801574+09:00   "reconcile": {
2026-06-09T22:18:45.9801574+09:00     "resetProcessing": 0,
2026-06-09T22:18:45.9836967+09:00     "inserted": 1,
2026-06-09T22:18:45.9857023+09:00     "scanned": 1,
2026-06-09T22:18:45.9924576+09:00     "stale": {
2026-06-09T22:18:45.9924576+09:00       "scanned": 1,
2026-06-09T22:18:45.9968290+09:00       "staleDetected": 0,
2026-06-09T22:18:45.9968290+09:00       "rolledBack": 0,
2026-06-09T22:18:45.9968290+09:00       "skippedCap": 0,
2026-06-09T22:18:45.9968290+09:00       "dryRun": false,
2026-06-09T22:18:46.0051082+09:00       "actions": []
2026-06-09T22:18:46.0051082+09:00     }
2026-06-09T22:18:46.0051082+09:00   },
2026-06-09T22:18:46.0051082+09:00   "dispatch": {
2026-06-09T22:18:46.0051082+09:00     "claimed": 1,
2026-06-09T22:18:46.0134431+09:00     "done": 1,
2026-06-09T22:18:46.0134431+09:00     "failed": 0
2026-06-09T22:18:46.0181805+09:00   },
2026-06-09T22:18:46.0181805+09:00   "step4_poll": {
2026-06-09T22:18:46.0223143+09:00     "scanned": 1,
2026-06-09T22:18:46.0223143+09:00     "awaiting": 1,
2026-06-09T22:18:46.0223143+09:00     "polled": 0,
2026-06-09T22:18:46.0223143+09:00     "picks_applied": 0,
2026-06-09T22:18:46.0301176+09:00     "pick_errors": 0,
2026-06-09T22:18:46.0327258+09:00     "timeouts": 0,
2026-06-09T22:18:46.0347335+09:00     "skipped": 0,
2026-06-09T22:18:46.0347335+09:00     "results": [
2026-06-09T22:18:46.0384636+09:00       {
2026-06-09T22:18:46.0384636+09:00         "task_id": "daily-20260609-r01",
2026-06-09T22:18:46.0422535+09:00         "result": {
2026-06-09T22:18:46.0445791+09:00           "outcome": "no_new_messages"
2026-06-09T22:18:46.0467722+09:00         }
2026-06-09T22:18:46.0467722+09:00       }
2026-06-09T22:18:46.0467722+09:00     ]
2026-06-09T22:18:46.0467722+09:00   },
2026-06-09T22:18:46.0467722+09:00   "step7_retry_poll": {
2026-06-09T22:18:46.0467722+09:00     "scanned": 1,
2026-06-09T22:18:46.0551183+09:00     "eligible": 0,
2026-06-09T22:18:46.0551183+09:00     "polled": 0,
2026-06-09T22:18:46.0551183+09:00     "retries_triggered": 0,
2026-06-09T22:18:46.0551183+09:00     "retry_errors": 0,
2026-06-09T22:18:46.0551183+09:00     "skipped": 0,
2026-06-09T22:18:46.0634366+09:00     "results": []
2026-06-09T22:18:46.0634366+09:00   }
2026-06-09T22:18:46.0634366+09:00 }
2026-06-09T22:18:46.0634366+09:00 OK run-once finished
2026-06-09T22:23:34.0175559+09:00 START dispatch-run-once
2026-06-09T22:23:34.4071402+09:00 
2026-06-09T22:23:34.4091390+09:00 > orchestrator
2026-06-09T22:23:34.4091390+09:00 > tsx src/cli/orchestrator.ts run-once --limit 10
2026-06-09T22:23:34.4091390+09:00 
2026-06-09T22:23:35.8238084+09:00 {
2026-06-09T22:23:35.8258731+09:00   "ensure_daily": {
2026-06-09T22:23:35.8258731+09:00     "action": "skipped_exists",
2026-06-09T22:23:35.8341856+09:00     "taskId": "daily-20260609-r01"
2026-06-09T22:23:35.8362229+09:00   },
2026-06-09T22:23:35.8382288+09:00   "reconcile": {
2026-06-09T22:23:35.8402344+09:00     "resetProcessing": 0,
2026-06-09T22:23:35.8422452+09:00     "inserted": 1,
2026-06-09T22:23:35.8422452+09:00     "scanned": 1,
2026-06-09T22:23:35.8591961+09:00     "stale": {
2026-06-09T22:23:35.8591961+09:00       "scanned": 1,
2026-06-09T22:23:35.8674814+09:00       "staleDetected": 0,
2026-06-09T22:23:35.8674814+09:00       "rolledBack": 0,
2026-06-09T22:23:35.8674814+09:00       "skippedCap": 0,
2026-06-09T22:23:35.8674814+09:00       "dryRun": false,
2026-06-09T22:23:35.8757892+09:00       "actions": []
2026-06-09T22:23:35.8757892+09:00     }
2026-06-09T22:23:35.8757892+09:00   },
2026-06-09T22:23:35.8757892+09:00   "dispatch": {
2026-06-09T22:23:35.8841323+09:00     "claimed": 1,
2026-06-09T22:23:35.8841323+09:00     "done": 1,
2026-06-09T22:23:35.8880388+09:00     "failed": 0
2026-06-09T22:23:35.8900472+09:00   },
2026-06-09T22:23:35.8924568+09:00   "step4_poll": {
2026-06-09T22:23:35.8924568+09:00     "scanned": 1,
2026-06-09T22:23:35.8967724+09:00     "awaiting": 1,
2026-06-09T22:23:35.8967724+09:00     "polled": 0,
2026-06-09T22:23:35.9008392+09:00     "picks_applied": 0,
2026-06-09T22:23:35.9008392+09:00     "pick_errors": 0,
2026-06-09T22:23:35.9045530+09:00     "timeouts": 0,
2026-06-09T22:23:35.9065621+09:00     "skipped": 0,
2026-06-09T22:23:35.9091463+09:00     "results": [
2026-06-09T22:23:35.9091463+09:00       {
2026-06-09T22:23:35.9091463+09:00         "task_id": "daily-20260609-r01",
2026-06-09T22:23:35.9091463+09:00         "result": {
2026-06-09T22:23:35.9174277+09:00           "outcome": "no_new_messages"
2026-06-09T22:23:35.9174277+09:00         }
2026-06-09T22:23:35.9174277+09:00       }
2026-06-09T22:23:35.9174277+09:00     ]
2026-06-09T22:23:35.9174277+09:00   },
2026-06-09T22:23:35.9174277+09:00   "step7_retry_poll": {
2026-06-09T22:23:35.9257837+09:00     "scanned": 1,
2026-06-09T22:23:35.9257837+09:00     "eligible": 0,
2026-06-09T22:23:35.9257837+09:00     "polled": 0,
2026-06-09T22:23:35.9257837+09:00     "retries_triggered": 0,
2026-06-09T22:23:35.9257837+09:00     "retry_errors": 0,
2026-06-09T22:23:35.9257837+09:00     "skipped": 0,
2026-06-09T22:23:35.9341026+09:00     "results": []
2026-06-09T22:23:35.9341026+09:00   }
2026-06-09T22:23:35.9341026+09:00 }
2026-06-09T22:23:35.9341026+09:00 OK run-once finished
2026-06-09T22:28:38.0251590+09:00 START dispatch-run-once
2026-06-09T22:28:38.4194595+09:00 
2026-06-09T22:28:38.4212468+09:00 > orchestrator
2026-06-09T22:28:38.4212468+09:00 > tsx src/cli/orchestrator.ts run-once --limit 10
2026-06-09T22:28:38.4248048+09:00 
2026-06-09T22:28:39.7962925+09:00 {
2026-06-09T22:28:39.7962925+09:00   "ensure_daily": {
2026-06-09T22:28:39.7962925+09:00     "action": "skipped_exists",
2026-06-09T22:28:39.8046437+09:00     "taskId": "daily-20260609-r01"
2026-06-09T22:28:39.8046437+09:00   },
2026-06-09T22:28:39.8046437+09:00   "reconcile": {
2026-06-09T22:28:39.8128996+09:00     "resetProcessing": 0,
2026-06-09T22:28:39.8128996+09:00     "inserted": 1,
2026-06-09T22:28:39.8128996+09:00     "scanned": 1,
2026-06-09T22:28:39.8317180+09:00     "stale": {
2026-06-09T22:28:39.8379058+09:00       "scanned": 1,
2026-06-09T22:28:39.8379058+09:00       "staleDetected": 0,
2026-06-09T22:28:39.8379058+09:00       "rolledBack": 0,
2026-06-09T22:28:39.8379058+09:00       "skippedCap": 0,
2026-06-09T22:28:39.8462510+09:00       "dryRun": false,
2026-06-09T22:28:39.8462510+09:00       "actions": []
2026-06-09T22:28:39.8500914+09:00     }
2026-06-09T22:28:39.8500914+09:00   },
2026-06-09T22:28:39.8566682+09:00   "dispatch": {
2026-06-09T22:28:39.8566682+09:00     "claimed": 1,
2026-06-09T22:28:39.8566682+09:00     "done": 1,
2026-06-09T22:28:39.8629450+09:00     "failed": 0
2026-06-09T22:28:39.8629450+09:00   },
2026-06-09T22:28:39.8666355+09:00   "step4_poll": {
2026-06-09T22:28:39.8666355+09:00     "scanned": 1,
2026-06-09T22:28:39.8712874+09:00     "awaiting": 1,
2026-06-09T22:28:39.8712874+09:00     "polled": 0,
2026-06-09T22:28:39.8795800+09:00     "picks_applied": 0,
2026-06-09T22:28:39.8795800+09:00     "pick_errors": 0,
2026-06-09T22:28:39.8795800+09:00     "timeouts": 0,
2026-06-09T22:28:39.8795800+09:00     "skipped": 0,
2026-06-09T22:28:39.8879239+09:00     "results": [
2026-06-09T22:28:39.8879239+09:00       {
2026-06-09T22:28:39.8879239+09:00         "task_id": "daily-20260609-r01",
2026-06-09T22:28:39.8879239+09:00         "result": {
2026-06-09T22:28:39.8962422+09:00           "outcome": "no_new_messages"
2026-06-09T22:28:39.8983400+09:00         }
2026-06-09T22:28:39.9003475+09:00       }
2026-06-09T22:28:39.9023540+09:00     ]
2026-06-09T22:28:39.9043627+09:00   },
2026-06-09T22:28:39.9043627+09:00   "step7_retry_poll": {
2026-06-09T22:28:39.9065356+09:00     "scanned": 1,
2026-06-09T22:28:39.9085425+09:00     "eligible": 0,
2026-06-09T22:28:39.9105495+09:00     "polled": 0,
2026-06-09T22:28:39.9105495+09:00     "retries_triggered": 0,
2026-06-09T22:28:39.9128684+09:00     "retry_errors": 0,
2026-06-09T22:28:39.9128684+09:00     "skipped": 0,
2026-06-09T22:28:39.9128684+09:00     "results": []
2026-06-09T22:28:39.9128684+09:00   }
2026-06-09T22:28:39.9128684+09:00 }
2026-06-09T22:28:39.9212185+09:00 OK run-once finished
2026-06-09T22:33:34.4669023+09:00 START dispatch-run-once
2026-06-09T22:33:34.8501380+09:00 
2026-06-09T22:33:34.8501380+09:00 > orchestrator
2026-06-09T22:33:34.8584687+09:00 > tsx src/cli/orchestrator.ts run-once --limit 10
2026-06-09T22:33:34.8584687+09:00 
2026-06-09T22:33:36.2085225+09:00 {
2026-06-09T22:33:36.2129337+09:00   "ensure_daily": {
2026-06-09T22:33:36.2129337+09:00     "action": "skipped_exists",
2026-06-09T22:33:36.2168546+09:00     "taskId": "daily-20260609-r01"
2026-06-09T22:33:36.2210160+09:00   },
2026-06-09T22:33:36.2210160+09:00   "reconcile": {
2026-06-09T22:33:36.2252296+09:00     "resetProcessing": 0,
2026-06-09T22:33:36.2273443+09:00     "inserted": 1,
2026-06-09T22:33:36.2293509+09:00     "scanned": 1,
2026-06-09T22:33:36.2500734+09:00     "stale": {
2026-06-09T22:33:36.2500734+09:00       "scanned": 1,
2026-06-09T22:33:36.2500734+09:00       "staleDetected": 0,
2026-06-09T22:33:36.2500734+09:00       "rolledBack": 0,
2026-06-09T22:33:36.2500734+09:00       "skippedCap": 0,
2026-06-09T22:33:36.2584756+09:00       "dryRun": false,
2026-06-09T22:33:36.2584756+09:00       "actions": []
2026-06-09T22:33:36.2584756+09:00     }
2026-06-09T22:33:36.2584756+09:00   },
2026-06-09T22:33:36.2667929+09:00   "dispatch": {
2026-06-09T22:33:36.2667929+09:00     "claimed": 1,
2026-06-09T22:33:36.2667929+09:00     "done": 1,
2026-06-09T22:33:36.2751706+09:00     "failed": 0
2026-06-09T22:33:36.2751706+09:00   },
2026-06-09T22:33:36.2790907+09:00   "step4_poll": {
2026-06-09T22:33:36.2790907+09:00     "scanned": 1,
2026-06-09T22:33:36.2834645+09:00     "awaiting": 1,
2026-06-09T22:33:36.2834645+09:00     "polled": 0,
2026-06-09T22:33:36.2834645+09:00     "picks_applied": 0,
2026-06-09T22:33:36.2909423+09:00     "pick_errors": 0,
2026-06-09T22:33:36.2939035+09:00     "timeouts": 0,
2026-06-09T22:33:36.2959091+09:00     "skipped": 0,
2026-06-09T22:33:36.2959091+09:00     "results": [
2026-06-09T22:33:36.2979161+09:00       {
2026-06-09T22:33:36.3002366+09:00         "task_id": "daily-20260609-r01",
2026-06-09T22:33:36.3002366+09:00         "result": {
2026-06-09T22:33:36.3002366+09:00           "outcome": "no_new_messages"
2026-06-09T22:33:36.3002366+09:00         }
2026-06-09T22:33:36.3002366+09:00       }
2026-06-09T22:33:36.3085082+09:00     ]
2026-06-09T22:33:36.3085082+09:00   },
2026-06-09T22:33:36.3085082+09:00   "step7_retry_poll": {
2026-06-09T22:33:36.3131211+09:00     "scanned": 1,
2026-06-09T22:33:36.3131211+09:00     "eligible": 0,
2026-06-09T22:33:36.3168358+09:00     "polled": 0,
2026-06-09T22:33:36.3168358+09:00     "retries_triggered": 0,
2026-06-09T22:33:36.3168358+09:00     "retry_errors": 0,
2026-06-09T22:33:36.3168358+09:00     "skipped": 0,
2026-06-09T22:33:36.3168358+09:00     "results": []
2026-06-09T22:33:36.3168358+09:00   }
2026-06-09T22:33:36.3251122+09:00 }
2026-06-09T22:33:36.3251122+09:00 OK run-once finished
2026-06-09T22:38:33.0374379+09:00 START dispatch-run-once
2026-06-09T22:38:33.4206545+09:00 
2026-06-09T22:38:33.4206545+09:00 > orchestrator
2026-06-09T22:38:33.4206545+09:00 > tsx src/cli/orchestrator.ts run-once --limit 10
2026-06-09T22:38:33.4206545+09:00 
2026-06-09T22:38:34.9541378+09:00 {
2026-06-09T22:38:34.9541378+09:00   "ensure_daily": {
2026-06-09T22:38:34.9541378+09:00     "action": "skipped_exists",
2026-06-09T22:38:34.9623413+09:00     "taskId": "daily-20260609-r01"
2026-06-09T22:38:34.9623413+09:00   },
2026-06-09T22:38:34.9623413+09:00   "reconcile": {
2026-06-09T22:38:34.9623413+09:00     "resetProcessing": 0,
2026-06-09T22:38:34.9706802+09:00     "inserted": 1,
2026-06-09T22:38:34.9743545+09:00     "scanned": 1,
2026-06-09T22:38:34.9874153+09:00     "stale": {
2026-06-09T22:38:34.9957312+09:00       "scanned": 1,
2026-06-09T22:38:34.9957312+09:00       "staleDetected": 0,
2026-06-09T22:38:34.9957312+09:00       "rolledBack": 0,
2026-06-09T22:38:34.9957312+09:00       "skippedCap": 0,
2026-06-09T22:38:34.9957312+09:00       "dryRun": false,
2026-06-09T22:38:35.0040497+09:00       "actions": []
2026-06-09T22:38:35.0040497+09:00     }
2026-06-09T22:38:35.0078666+09:00   },
2026-06-09T22:38:35.0078666+09:00   "dispatch": {
2026-06-09T22:38:35.0123486+09:00     "claimed": 1,
2026-06-09T22:38:35.0123486+09:00     "done": 1,
2026-06-09T22:38:35.0123486+09:00     "failed": 0
2026-06-09T22:38:35.0123486+09:00   },
2026-06-09T22:38:35.0123486+09:00   "step4_poll": {
2026-06-09T22:38:35.0206459+09:00     "scanned": 1,
2026-06-09T22:38:35.0206459+09:00     "awaiting": 1,
2026-06-09T22:38:35.0206459+09:00     "polled": 0,
2026-06-09T22:38:35.0206459+09:00     "picks_applied": 0,
2026-06-09T22:38:35.0289850+09:00     "pick_errors": 0,
2026-06-09T22:38:35.0289850+09:00     "timeouts": 0,
2026-06-09T22:38:35.0289850+09:00     "skipped": 0,
2026-06-09T22:38:35.0289850+09:00     "results": [
2026-06-09T22:38:35.0289850+09:00       {
2026-06-09T22:38:35.0373497+09:00         "task_id": "daily-20260609-r01",
2026-06-09T22:38:35.0373497+09:00         "result": {
2026-06-09T22:38:35.0373497+09:00           "outcome": "no_new_messages"
2026-06-09T22:38:35.0373497+09:00         }
2026-06-09T22:38:35.0373497+09:00       }
2026-06-09T22:38:35.0373497+09:00     ]
2026-06-09T22:38:35.0457259+09:00   },
2026-06-09T22:38:35.0457259+09:00   "step7_retry_poll": {
2026-06-09T22:38:35.0457259+09:00     "scanned": 1,
2026-06-09T22:38:35.0457259+09:00     "eligible": 0,
2026-06-09T22:38:35.0457259+09:00     "polled": 0,
2026-06-09T22:38:35.0540195+09:00     "retries_triggered": 0,
2026-06-09T22:38:35.0540195+09:00     "retry_errors": 0,
2026-06-09T22:38:35.0540195+09:00     "skipped": 0,
2026-06-09T22:38:35.0540195+09:00     "results": []
2026-06-09T22:38:35.0540195+09:00   }
2026-06-09T22:38:35.0540195+09:00 }
2026-06-09T22:38:35.0623567+09:00 OK run-once finished
2026-06-09T22:43:32.9580082+09:00 START dispatch-run-once
2026-06-09T22:43:33.3328429+09:00 
2026-06-09T22:43:33.3745338+09:00 > orchestrator
2026-06-09T22:43:33.3828842+09:00 > tsx src/cli/orchestrator.ts run-once --limit 10
2026-06-09T22:43:33.3828842+09:00 
2026-06-09T22:43:35.1328701+09:00 {
2026-06-09T22:43:35.1328701+09:00   "ensure_daily": {
2026-06-09T22:43:35.1328701+09:00     "action": "skipped_exists",
2026-06-09T22:43:35.1412317+09:00     "taskId": "daily-20260609-r01"
2026-06-09T22:43:35.1433382+09:00   },
2026-06-09T22:43:35.1433382+09:00   "reconcile": {
2026-06-09T22:43:35.1495276+09:00     "resetProcessing": 0,
2026-06-09T22:43:35.1506214+09:00     "inserted": 1,
2026-06-09T22:43:35.1506214+09:00     "scanned": 1,
2026-06-09T22:43:35.1662665+09:00     "stale": {
2026-06-09T22:43:35.1662665+09:00       "scanned": 1,
2026-06-09T22:43:35.1745303+09:00       "staleDetected": 0,
2026-06-09T22:43:35.1745303+09:00       "rolledBack": 0,
2026-06-09T22:43:35.1745303+09:00       "skippedCap": 0,
2026-06-09T22:43:35.1745303+09:00       "dryRun": false,
2026-06-09T22:43:35.1828684+09:00       "actions": []
2026-06-09T22:43:35.1828684+09:00     }
2026-06-09T22:43:35.1828684+09:00   },
2026-06-09T22:43:35.1828684+09:00   "dispatch": {
2026-06-09T22:43:35.1911605+09:00     "claimed": 1,
2026-06-09T22:43:35.1911605+09:00     "done": 1,
2026-06-09T22:43:35.1960231+09:00     "failed": 0
2026-06-09T22:43:35.1960231+09:00   },
2026-06-09T22:43:35.1960231+09:00   "step4_poll": {
2026-06-09T22:43:35.1995040+09:00     "scanned": 1,
2026-06-09T22:43:35.1995040+09:00     "awaiting": 1,
2026-06-09T22:43:35.1995040+09:00     "polled": 0,
2026-06-09T22:43:35.1995040+09:00     "picks_applied": 0,
2026-06-09T22:43:35.2078676+09:00     "pick_errors": 0,
2026-06-09T22:43:35.2099714+09:00     "timeouts": 0,
2026-06-09T22:43:35.2099714+09:00     "skipped": 0,
2026-06-09T22:43:35.2099714+09:00     "results": [
2026-06-09T22:43:35.2161826+09:00       {
2026-06-09T22:43:35.2161826+09:00         "task_id": "daily-20260609-r01",
2026-06-09T22:43:35.2161826+09:00         "result": {
2026-06-09T22:43:35.2161826+09:00           "outcome": "no_new_messages"
2026-06-09T22:43:35.2161826+09:00         }
2026-06-09T22:43:35.2244948+09:00       }
2026-06-09T22:43:35.2244948+09:00     ]
2026-06-09T22:43:35.2244948+09:00   },
2026-06-09T22:43:35.2244948+09:00   "step7_retry_poll": {
2026-06-09T22:43:35.2244948+09:00     "scanned": 1,
2026-06-09T22:43:35.2244948+09:00     "eligible": 0,
2026-06-09T22:43:35.2328237+09:00     "polled": 0,
2026-06-09T22:43:35.2328237+09:00     "retries_triggered": 0,
2026-06-09T22:43:35.2328237+09:00     "retry_errors": 0,
2026-06-09T22:43:35.2328237+09:00     "skipped": 0,
2026-06-09T22:43:35.2328237+09:00     "results": []
2026-06-09T22:43:35.2328237+09:00   }
2026-06-09T22:43:35.2411624+09:00 }
2026-06-09T22:43:35.2411624+09:00 OK run-once finished
2026-06-09T22:48:32.8701610+09:00 START dispatch-run-once
2026-06-09T22:48:33.2450100+09:00 
2026-06-09T22:48:33.2450100+09:00 > orchestrator
2026-06-09T22:48:33.2450100+09:00 > tsx src/cli/orchestrator.ts run-once --limit 10
2026-06-09T22:48:33.2533994+09:00 
2026-06-09T22:48:34.7555564+09:00 {
2026-06-09T22:48:34.7575685+09:00   "ensure_daily": {
2026-06-09T22:48:34.7617743+09:00     "action": "skipped_exists",
2026-06-09T22:48:34.7638960+09:00     "taskId": "daily-20260609-r01"
2026-06-09T22:48:34.7638960+09:00   },
2026-06-09T22:48:34.7720083+09:00   "reconcile": {
2026-06-09T22:48:34.7740139+09:00     "resetProcessing": 0,
2026-06-09T22:48:34.7760198+09:00     "inserted": 1,
2026-06-09T22:48:34.7783653+09:00     "scanned": 1,
2026-06-09T22:48:34.7951191+09:00     "stale": {
2026-06-09T22:48:34.7951191+09:00       "scanned": 1,
2026-06-09T22:48:34.7951191+09:00       "staleDetected": 0,
2026-06-09T22:48:34.7951191+09:00       "rolledBack": 0,
2026-06-09T22:48:34.8034063+09:00       "skippedCap": 0,
2026-06-09T22:48:34.8034063+09:00       "dryRun": false,
2026-06-09T22:48:34.8034063+09:00       "actions": []
2026-06-09T22:48:34.8034063+09:00     }
2026-06-09T22:48:34.8117315+09:00   },
2026-06-09T22:48:34.8117315+09:00   "dispatch": {
2026-06-09T22:48:34.8117315+09:00     "claimed": 1,
2026-06-09T22:48:34.8117315+09:00     "done": 1,
2026-06-09T22:48:34.8117315+09:00     "failed": 0
2026-06-09T22:48:34.8200374+09:00   },
2026-06-09T22:48:34.8200374+09:00   "step4_poll": {
2026-06-09T22:48:34.8200374+09:00     "scanned": 1,
2026-06-09T22:48:34.8200374+09:00     "awaiting": 1,
2026-06-09T22:48:34.8200374+09:00     "polled": 0,
2026-06-09T22:48:34.8283779+09:00     "picks_applied": 0,
2026-06-09T22:48:34.8283779+09:00     "pick_errors": 0,
2026-06-09T22:48:34.8331794+09:00     "timeouts": 0,
2026-06-09T22:48:34.8354760+09:00     "skipped": 0,
2026-06-09T22:48:34.8367639+09:00     "results": [
2026-06-09T22:48:34.8367639+09:00       {
2026-06-09T22:48:34.8367639+09:00         "task_id": "daily-20260609-r01",
2026-06-09T22:48:34.8367639+09:00         "result": {
2026-06-09T22:48:34.8450793+09:00           "outcome": "no_new_messages"
2026-06-09T22:48:34.8450793+09:00         }
2026-06-09T22:48:34.8450793+09:00       }
2026-06-09T22:48:34.8450793+09:00     ]
2026-06-09T22:48:34.8450793+09:00   },
2026-06-09T22:48:34.8450793+09:00   "step7_retry_poll": {
2026-06-09T22:48:34.8533371+09:00     "scanned": 1,
2026-06-09T22:48:34.8533371+09:00     "eligible": 0,
2026-06-09T22:48:34.8533371+09:00     "polled": 0,
2026-06-09T22:48:34.8533371+09:00     "retries_triggered": 0,
2026-06-09T22:48:34.8533371+09:00     "retry_errors": 0,
2026-06-09T22:48:34.8533371+09:00     "skipped": 0,
2026-06-09T22:48:34.8616691+09:00     "results": []
2026-06-09T22:48:34.8616691+09:00   }
2026-06-09T22:48:34.8616691+09:00 }
2026-06-09T22:48:34.8616691+09:00 OK run-once finished
2026-06-09T22:53:33.4406560+09:00 START dispatch-run-once
2026-06-09T22:53:33.8156096+09:00 
2026-06-09T22:53:33.8156096+09:00 > orchestrator
2026-06-09T22:53:33.8239035+09:00 > tsx src/cli/orchestrator.ts run-once --limit 10
2026-06-09T22:53:33.8239035+09:00 
2026-06-09T22:53:35.1489398+09:00 {
2026-06-09T22:53:35.1572511+09:00   "ensure_daily": {
2026-06-09T22:53:35.1600323+09:00     "action": "skipped_exists",
2026-06-09T22:53:35.1620420+09:00     "taskId": "daily-20260609-r01"
2026-06-09T22:53:35.1640490+09:00   },
2026-06-09T22:53:35.1657483+09:00   "reconcile": {
2026-06-09T22:53:35.1657483+09:00     "resetProcessing": 0,
2026-06-09T22:53:35.1657483+09:00     "inserted": 1,
2026-06-09T22:53:35.1739003+09:00     "scanned": 1,
2026-06-09T22:53:35.1906465+09:00     "stale": {
2026-06-09T22:53:35.1906465+09:00       "scanned": 1,
2026-06-09T22:53:35.1906465+09:00       "staleDetected": 0,
2026-06-09T22:53:35.1906465+09:00       "rolledBack": 0,
2026-06-09T22:53:35.1988526+09:00       "skippedCap": 0,
2026-06-09T22:53:35.1988526+09:00       "dryRun": false,
2026-06-09T22:53:35.2036505+09:00       "actions": []
2026-06-09T22:53:35.2036505+09:00     }
2026-06-09T22:53:35.2072183+09:00   },
2026-06-09T22:53:35.2072183+09:00   "dispatch": {
2026-06-09T22:53:35.2072183+09:00     "claimed": 1,
2026-06-09T22:53:35.2072183+09:00     "done": 1,
2026-06-09T22:53:35.2072183+09:00     "failed": 0
2026-06-09T22:53:35.2155637+09:00   },
2026-06-09T22:53:35.2155637+09:00   "step4_poll": {
2026-06-09T22:53:35.2155637+09:00     "scanned": 1,
2026-06-09T22:53:35.2155637+09:00     "awaiting": 1,
2026-06-09T22:53:35.2238745+09:00     "polled": 0,
2026-06-09T22:53:35.2238745+09:00     "picks_applied": 0,
2026-06-09T22:53:35.2238745+09:00     "pick_errors": 0,
2026-06-09T22:53:35.2238745+09:00     "timeouts": 0,
2026-06-09T22:53:35.2322938+09:00     "skipped": 0,
2026-06-09T22:53:35.2322938+09:00     "results": [
2026-06-09T22:53:35.2322938+09:00       {
2026-06-09T22:53:35.2322938+09:00         "task_id": "daily-20260609-r01",
2026-06-09T22:53:35.2322938+09:00         "result": {
2026-06-09T22:53:35.2405535+09:00           "outcome": "no_new_messages"
2026-06-09T22:53:35.2405535+09:00         }
2026-06-09T22:53:35.2405535+09:00       }
2026-06-09T22:53:35.2405535+09:00     ]
2026-06-09T22:53:35.2405535+09:00   },
2026-06-09T22:53:35.2488449+09:00   "step7_retry_poll": {
2026-06-09T22:53:35.2488449+09:00     "scanned": 1,
2026-06-09T22:53:35.2488449+09:00     "eligible": 0,
2026-06-09T22:53:35.2488449+09:00     "polled": 0,
2026-06-09T22:53:35.2488449+09:00     "retries_triggered": 0,
2026-06-09T22:53:35.2488449+09:00     "retry_errors": 0,
2026-06-09T22:53:35.2571801+09:00     "skipped": 0,
2026-06-09T22:53:35.2571801+09:00     "results": []
2026-06-09T22:53:35.2571801+09:00   }
2026-06-09T22:53:35.2571801+09:00 }
2026-06-09T22:53:35.2571801+09:00 OK run-once finished
2026-06-09T22:58:32.0372845+09:00 START dispatch-run-once
2026-06-09T22:58:32.4222911+09:00 
2026-06-09T22:58:32.4243005+09:00 > orchestrator
2026-06-09T22:58:32.4243005+09:00 > tsx src/cli/orchestrator.ts run-once --limit 10
2026-06-09T22:58:32.4277726+09:00 
2026-06-09T22:58:33.9318287+09:00 {
2026-06-09T22:58:33.9361175+09:00   "ensure_daily": {
2026-06-09T22:58:33.9382134+09:00     "action": "skipped_exists",
2026-06-09T22:58:33.9407650+09:00     "taskId": "daily-20260609-r01"
2026-06-09T22:58:33.9407650+09:00   },
2026-06-09T22:58:33.9444636+09:00   "reconcile": {
2026-06-09T22:58:33.9444636+09:00     "resetProcessing": 0,
2026-06-09T22:58:33.9492521+09:00     "inserted": 1,
2026-06-09T22:58:33.9527863+09:00     "scanned": 1,
2026-06-09T22:58:33.9696215+09:00     "stale": {
2026-06-09T22:58:33.9696215+09:00       "scanned": 1,
2026-06-09T22:58:33.9696215+09:00       "staleDetected": 0,
2026-06-09T22:58:33.9799470+09:00       "rolledBack": 0,
2026-06-09T22:58:33.9819538+09:00       "skippedCap": 0,
2026-06-09T22:58:33.9819538+09:00       "dryRun": false,
2026-06-09T22:58:33.9860806+09:00       "actions": []
2026-06-09T22:58:33.9860806+09:00     }
2026-06-09T22:58:33.9860806+09:00   },
2026-06-09T22:58:33.9860806+09:00   "dispatch": {
2026-06-09T22:58:33.9860806+09:00     "claimed": 1,
2026-06-09T22:58:33.9944112+09:00     "done": 1,
2026-06-09T22:58:33.9965025+09:00     "failed": 0
2026-06-09T22:58:33.9985100+09:00   },
2026-06-09T22:58:33.9985100+09:00   "step4_poll": {
2026-06-09T22:58:34.0028111+09:00     "scanned": 1,
2026-06-09T22:58:34.0028111+09:00     "awaiting": 1,
2026-06-09T22:58:34.0028111+09:00     "polled": 0,
2026-06-09T22:58:34.0028111+09:00     "picks_applied": 0,
2026-06-09T22:58:34.0028111+09:00     "pick_errors": 0,
2026-06-09T22:58:34.0110737+09:00     "timeouts": 0,
2026-06-09T22:58:34.0131639+09:00     "skipped": 0,
2026-06-09T22:58:34.0151695+09:00     "results": [
2026-06-09T22:58:34.0171762+09:00       {
2026-06-09T22:58:34.0195075+09:00         "task_id": "daily-20260609-r01",
2026-06-09T22:58:34.0195075+09:00         "result": {
2026-06-09T22:58:34.0195075+09:00           "outcome": "no_new_messages"
2026-06-09T22:58:34.0195075+09:00         }
2026-06-09T22:58:34.0195075+09:00       }
2026-06-09T22:58:34.0195075+09:00     ]
2026-06-09T22:58:34.0276977+09:00   },
2026-06-09T22:58:34.0276977+09:00   "step7_retry_poll": {
2026-06-09T22:58:34.0276977+09:00     "scanned": 1,
2026-06-09T22:58:34.0276977+09:00     "eligible": 0,
2026-06-09T22:58:34.0276977+09:00     "polled": 0,
2026-06-09T22:58:34.0276977+09:00     "retries_triggered": 0,
2026-06-09T22:58:34.0360207+09:00     "retry_errors": 0,
2026-06-09T22:58:34.0360207+09:00     "skipped": 0,
2026-06-09T22:58:34.0360207+09:00     "results": []
2026-06-09T22:58:34.0411074+09:00   }
2026-06-09T22:58:34.0411074+09:00 }
2026-06-09T22:58:34.0443638+09:00 OK run-once finished
2026-06-09T23:03:33.8068075+09:00 START dispatch-run-once
2026-06-09T23:03:34.1898834+09:00 
2026-06-09T23:03:34.1898834+09:00 > orchestrator
2026-06-09T23:03:34.1898834+09:00 > tsx src/cli/orchestrator.ts run-once --limit 10
2026-06-09T23:03:34.1959759+09:00 
2026-06-09T23:03:35.5232472+09:00 {
2026-06-09T23:03:35.5232472+09:00   "ensure_daily": {
2026-06-09T23:03:35.5232472+09:00     "action": "skipped_exists",
2026-06-09T23:03:35.5316058+09:00     "taskId": "daily-20260609-r01"
2026-06-09T23:03:35.5316058+09:00   },
2026-06-09T23:03:35.5316058+09:00   "reconcile": {
2026-06-09T23:03:35.5399171+09:00     "resetProcessing": 0,
2026-06-09T23:03:35.5399171+09:00     "inserted": 1,
2026-06-09T23:03:35.5399171+09:00     "scanned": 1,
2026-06-09T23:03:35.5566507+09:00     "stale": {
2026-06-09T23:03:35.5566507+09:00       "scanned": 1,
2026-06-09T23:03:35.5649162+09:00       "staleDetected": 0,
2026-06-09T23:03:35.5649162+09:00       "rolledBack": 0,
2026-06-09T23:03:35.5699611+09:00       "skippedCap": 0,
2026-06-09T23:03:35.5732095+09:00       "dryRun": false,
2026-06-09T23:03:35.5732095+09:00       "actions": []
2026-06-09T23:03:35.5732095+09:00     }
2026-06-09T23:03:35.5732095+09:00   },
2026-06-09T23:03:35.5732095+09:00   "dispatch": {
2026-06-09T23:03:35.5815436+09:00     "claimed": 1,
2026-06-09T23:03:35.5815436+09:00     "done": 1,
2026-06-09T23:03:35.5815436+09:00     "failed": 0
2026-06-09T23:03:35.5874424+09:00   },
2026-06-09T23:03:35.5898955+09:00   "step4_poll": {
2026-06-09T23:03:35.5898955+09:00     "scanned": 1,
2026-06-09T23:03:35.5898955+09:00     "awaiting": 1,
2026-06-09T23:03:35.5898955+09:00     "polled": 0,
2026-06-09T23:03:35.5982266+09:00     "picks_applied": 0,
2026-06-09T23:03:35.5982266+09:00     "pick_errors": 0,
2026-06-09T23:03:35.6021418+09:00     "timeouts": 0,
2026-06-09T23:03:35.6041539+09:00     "skipped": 0,
2026-06-09T23:03:35.6066018+09:00     "results": [
2026-06-09T23:03:35.6076835+09:00       {
2026-06-09T23:03:35.6076835+09:00         "task_id": "daily-20260609-r01",
2026-06-09T23:03:35.6076835+09:00         "result": {
2026-06-09T23:03:35.6076835+09:00           "outcome": "no_new_messages"
2026-06-09T23:03:35.6076835+09:00         }
2026-06-09T23:03:35.6149667+09:00       }
2026-06-09T23:03:35.6149667+09:00     ]
2026-06-09T23:03:35.6149667+09:00   },
2026-06-09T23:03:35.6149667+09:00   "step7_retry_poll": {
2026-06-09T23:03:35.6149667+09:00     "scanned": 1,
2026-06-09T23:03:35.6231962+09:00     "eligible": 0,
2026-06-09T23:03:35.6231962+09:00     "polled": 0,
2026-06-09T23:03:35.6231962+09:00     "retries_triggered": 0,
2026-06-09T23:03:35.6231962+09:00     "retry_errors": 0,
2026-06-09T23:03:35.6231962+09:00     "skipped": 0,
2026-06-09T23:03:35.6231962+09:00     "results": []
2026-06-09T23:03:35.6315713+09:00   }
2026-06-09T23:03:35.6315713+09:00 }
2026-06-09T23:03:35.6315713+09:00 OK run-once finished
2026-06-09T23:08:43.8020449+09:00 START dispatch-run-once
2026-06-09T23:08:44.1769492+09:00 
2026-06-09T23:08:44.1769492+09:00 > orchestrator
2026-06-09T23:08:44.1769492+09:00 > tsx src/cli/orchestrator.ts run-once --limit 10
2026-06-09T23:08:44.1769492+09:00 
2026-06-09T23:08:45.7207628+09:00 {
2026-06-09T23:08:45.7269778+09:00   "ensure_daily": {
2026-06-09T23:08:45.7290700+09:00     "action": "skipped_exists",
2026-06-09T23:08:45.7310773+09:00     "taskId": "daily-20260609-r01"
2026-06-09T23:08:45.7350918+09:00   },
2026-06-09T23:08:45.7350918+09:00   "reconcile": {
2026-06-09T23:08:45.7436146+09:00     "resetProcessing": 0,
2026-06-09T23:08:45.7456931+09:00     "inserted": 1,
2026-06-09T23:08:45.7476989+09:00     "scanned": 1,
2026-06-09T23:08:45.7686421+09:00     "stale": {
2026-06-09T23:08:45.7686421+09:00       "scanned": 1,
2026-06-09T23:08:45.7686421+09:00       "staleDetected": 0,
2026-06-09T23:08:45.7686421+09:00       "rolledBack": 0,
2026-06-09T23:08:45.7769636+09:00       "skippedCap": 0,
2026-06-09T23:08:45.7769636+09:00       "dryRun": false,
2026-06-09T23:08:45.7769636+09:00       "actions": []
2026-06-09T23:08:45.7852767+09:00     }
2026-06-09T23:08:45.7852767+09:00   },
2026-06-09T23:08:45.7852767+09:00   "dispatch": {
2026-06-09T23:08:45.7936454+09:00     "claimed": 1,
2026-06-09T23:08:45.7936454+09:00     "done": 1,
2026-06-09T23:08:45.7989757+09:00     "failed": 0
2026-06-09T23:08:45.8018555+09:00   },
2026-06-09T23:08:45.8040151+09:00   "step4_poll": {
2026-06-09T23:08:45.8060287+09:00     "scanned": 1,
2026-06-09T23:08:45.8080344+09:00     "awaiting": 1,
2026-06-09T23:08:45.8103421+09:00     "polled": 0,
2026-06-09T23:08:45.8103421+09:00     "picks_applied": 0,
2026-06-09T23:08:45.8103421+09:00     "pick_errors": 0,
2026-06-09T23:08:45.8185381+09:00     "timeouts": 0,
2026-06-09T23:08:45.8207427+09:00     "skipped": 0,
2026-06-09T23:08:45.8207427+09:00     "results": [
2026-06-09T23:08:45.8207427+09:00       {
2026-06-09T23:08:45.8269504+09:00         "task_id": "daily-20260609-r01",
2026-06-09T23:08:45.8269504+09:00         "result": {
2026-06-09T23:08:45.8269504+09:00           "outcome": "no_new_messages"
2026-06-09T23:08:45.8269504+09:00         }
2026-06-09T23:08:45.8352400+09:00       }
2026-06-09T23:08:45.8352400+09:00     ]
2026-06-09T23:08:45.8352400+09:00   },
2026-06-09T23:08:45.8352400+09:00   "step7_retry_poll": {
2026-06-09T23:08:45.8352400+09:00     "scanned": 1,
2026-06-09T23:08:45.8435677+09:00     "eligible": 0,
2026-06-09T23:08:45.8435677+09:00     "polled": 0,
2026-06-09T23:08:45.8435677+09:00     "retries_triggered": 0,
2026-06-09T23:08:45.8435677+09:00     "retry_errors": 0,
2026-06-09T23:08:45.8519106+09:00     "skipped": 0,
2026-06-09T23:08:45.8539755+09:00     "results": []
2026-06-09T23:08:45.8539755+09:00   }
2026-06-09T23:08:45.8559835+09:00 }
2026-06-09T23:08:45.8559835+09:00 OK run-once finished
2026-06-09T23:13:45.0975745+09:00 START dispatch-run-once
2026-06-09T23:13:45.4725653+09:00 
2026-06-09T23:13:45.4807698+09:00 > orchestrator
2026-06-09T23:13:45.4807698+09:00 > tsx src/cli/orchestrator.ts run-once --limit 10
2026-06-09T23:13:45.4807698+09:00 
2026-06-09T23:13:47.0057933+09:00 {
2026-06-09T23:13:47.0057933+09:00   "ensure_daily": {
2026-06-09T23:13:47.0057933+09:00     "action": "skipped_exists",
2026-06-09T23:13:47.0141474+09:00     "taskId": "daily-20260609-r01"
2026-06-09T23:13:47.0141474+09:00   },
2026-06-09T23:13:47.0141474+09:00   "reconcile": {
2026-06-09T23:13:47.0141474+09:00     "resetProcessing": 0,
2026-06-09T23:13:47.0224432+09:00     "inserted": 1,
2026-06-09T23:13:47.0224432+09:00     "scanned": 1,
2026-06-09T23:13:47.0476276+09:00     "stale": {
2026-06-09T23:13:47.0516411+09:00       "scanned": 1,
2026-06-09T23:13:47.0536478+09:00       "staleDetected": 0,
2026-06-09T23:13:47.0556541+09:00       "rolledBack": 0,
2026-06-09T23:13:47.0556541+09:00       "skippedCap": 0,
2026-06-09T23:13:47.0556541+09:00       "dryRun": false,
2026-06-09T23:13:47.0556541+09:00       "actions": []
2026-06-09T23:13:47.0641290+09:00     }
2026-06-09T23:13:47.0641290+09:00   },
2026-06-09T23:13:47.0641290+09:00   "dispatch": {
2026-06-09T23:13:47.0641290+09:00     "claimed": 1,
2026-06-09T23:13:47.0724985+09:00     "done": 1,
2026-06-09T23:13:47.0724985+09:00     "failed": 0
2026-06-09T23:13:47.0724985+09:00   },
2026-06-09T23:13:47.0807926+09:00   "step4_poll": {
2026-06-09T23:13:47.0829077+09:00     "scanned": 1,
2026-06-09T23:13:47.0829077+09:00     "awaiting": 1,
2026-06-09T23:13:47.0829077+09:00     "polled": 0,
2026-06-09T23:13:47.0891744+09:00     "picks_applied": 0,
2026-06-09T23:13:47.0891744+09:00     "pick_errors": 0,
2026-06-09T23:13:47.0891744+09:00     "timeouts": 0,
2026-06-09T23:13:47.0974317+09:00     "skipped": 0,
2026-06-09T23:13:47.0974317+09:00     "results": [
2026-06-09T23:13:47.0974317+09:00       {
2026-06-09T23:13:47.0974317+09:00         "task_id": "daily-20260609-r01",
2026-06-09T23:13:47.1057724+09:00         "result": {
2026-06-09T23:13:47.1057724+09:00           "outcome": "no_new_messages"
2026-06-09T23:13:47.1057724+09:00         }
2026-06-09T23:13:47.1057724+09:00       }
2026-06-09T23:13:47.1141600+09:00     ]
2026-06-09T23:13:47.1141600+09:00   },
2026-06-09T23:13:47.1141600+09:00   "step7_retry_poll": {
2026-06-09T23:13:47.1141600+09:00     "scanned": 1,
2026-06-09T23:13:47.1141600+09:00     "eligible": 0,
2026-06-09T23:13:47.1224517+09:00     "polled": 0,
2026-06-09T23:13:47.1224517+09:00     "retries_triggered": 0,
2026-06-09T23:13:47.1224517+09:00     "retry_errors": 0,
2026-06-09T23:13:47.1224517+09:00     "skipped": 0,
2026-06-09T23:13:47.1307460+09:00     "results": []
2026-06-09T23:13:47.1307460+09:00   }
2026-06-09T23:13:47.1307460+09:00 }
2026-06-09T23:13:47.1307460+09:00 OK run-once finished
2026-06-09T23:18:33.4682139+09:00 START dispatch-run-once
2026-06-09T23:18:33.9265675+09:00 
2026-06-09T23:18:33.9347855+09:00 > orchestrator
2026-06-09T23:18:33.9347855+09:00 > tsx src/cli/orchestrator.ts run-once --limit 10
2026-06-09T23:18:33.9391136+09:00 
2026-06-09T23:18:35.4559701+09:00 {
2026-06-09T23:18:35.4598356+09:00   "ensure_daily": {
2026-06-09T23:18:35.4598356+09:00     "action": "skipped_exists",
2026-06-09T23:18:35.4598356+09:00     "taskId": "daily-20260609-r01"
2026-06-09T23:18:35.4681381+09:00   },
2026-06-09T23:18:35.4681381+09:00   "reconcile": {
2026-06-09T23:18:35.4681381+09:00     "resetProcessing": 0,
2026-06-09T23:18:35.4681381+09:00     "inserted": 1,
2026-06-09T23:18:35.4764874+09:00     "scanned": 1,
2026-06-09T23:18:35.5015955+09:00     "stale": {
2026-06-09T23:18:35.5015955+09:00       "scanned": 1,
2026-06-09T23:18:35.5015955+09:00       "staleDetected": 0,
2026-06-09T23:18:35.5098025+09:00       "rolledBack": 0,
2026-06-09T23:18:35.5108862+09:00       "skippedCap": 0,
2026-06-09T23:18:35.5108862+09:00       "dryRun": false,
2026-06-09T23:18:35.5108862+09:00       "actions": []
2026-06-09T23:18:35.5181977+09:00     }
2026-06-09T23:18:35.5181977+09:00   },
2026-06-09T23:18:35.5241457+09:00   "dispatch": {
2026-06-09T23:18:35.5265013+09:00     "claimed": 1,
2026-06-09T23:18:35.5265013+09:00     "done": 1,
2026-06-09T23:18:35.5265013+09:00     "failed": 0
2026-06-09T23:18:35.5265013+09:00   },
2026-06-09T23:18:35.5347920+09:00   "step4_poll": {
2026-06-09T23:18:35.5372729+09:00     "scanned": 1,
2026-06-09T23:18:35.5392785+09:00     "awaiting": 1,
2026-06-09T23:18:35.5412889+09:00     "polled": 0,
2026-06-09T23:18:35.5431695+09:00     "picks_applied": 0,
2026-06-09T23:18:35.5431695+09:00     "pick_errors": 0,
2026-06-09T23:18:35.5487907+09:00     "timeouts": 0,
2026-06-09T23:18:35.5507977+09:00     "skipped": 0,
2026-06-09T23:18:35.5515874+09:00     "results": [
2026-06-09T23:18:35.5515874+09:00       {
2026-06-09T23:18:35.5515874+09:00         "task_id": "daily-20260609-r01",
2026-06-09T23:18:35.5597567+09:00         "result": {
2026-06-09T23:18:35.5597567+09:00           "outcome": "no_new_messages"
2026-06-09T23:18:35.5597567+09:00         }
2026-06-09T23:18:35.5597567+09:00       }
2026-06-09T23:18:35.5597567+09:00     ]
2026-06-09T23:18:35.5597567+09:00   },
2026-06-09T23:18:35.5680905+09:00   "step7_retry_poll": {
2026-06-09T23:18:35.5680905+09:00     "scanned": 1,
2026-06-09T23:18:35.5680905+09:00     "eligible": 0,
2026-06-09T23:18:35.5680905+09:00     "polled": 0,
2026-06-09T23:18:35.5764712+09:00     "retries_triggered": 0,
2026-06-09T23:18:35.5764712+09:00     "retry_errors": 0,
2026-06-09T23:18:35.5764712+09:00     "skipped": 0,
2026-06-09T23:18:35.5764712+09:00     "results": []
2026-06-09T23:18:35.5764712+09:00   }
2026-06-09T23:18:35.5847805+09:00 }
2026-06-09T23:18:35.5847805+09:00 OK run-once finished
2026-06-09T23:23:33.3749563+09:00 START dispatch-run-once
2026-06-09T23:23:33.7636388+09:00 
2026-06-09T23:23:33.7636388+09:00 > orchestrator
2026-06-09T23:23:33.7720093+09:00 > tsx src/cli/orchestrator.ts run-once --limit 10
2026-06-09T23:23:33.7720093+09:00 
2026-06-09T23:23:35.1304020+09:00 {
2026-06-09T23:23:35.1364413+09:00   "ensure_daily": {
2026-06-09T23:23:35.1407894+09:00     "action": "skipped_exists",
2026-06-09T23:23:35.1407894+09:00     "taskId": "daily-20260609-r01"
2026-06-09T23:23:35.1407894+09:00   },
2026-06-09T23:23:35.1469776+09:00   "reconcile": {
2026-06-09T23:23:35.1469776+09:00     "resetProcessing": 0,
2026-06-09T23:23:35.1469776+09:00     "inserted": 1,
2026-06-09T23:23:35.1469776+09:00     "scanned": 1,
2026-06-09T23:23:35.1720581+09:00     "stale": {
2026-06-09T23:23:35.1720581+09:00       "scanned": 1,
2026-06-09T23:23:35.1768386+09:00       "staleDetected": 0,
2026-06-09T23:23:35.1803065+09:00       "rolledBack": 0,
2026-06-09T23:23:35.1803065+09:00       "skippedCap": 0,
2026-06-09T23:23:35.1803065+09:00       "dryRun": false,
2026-06-09T23:23:35.1803065+09:00       "actions": []
2026-06-09T23:23:35.1803065+09:00     }
2026-06-09T23:23:35.1886473+09:00   },
2026-06-09T23:23:35.1886473+09:00   "dispatch": {
2026-06-09T23:23:35.1886473+09:00     "claimed": 1,
2026-06-09T23:23:35.1886473+09:00     "done": 1,
2026-06-09T23:23:35.1886473+09:00     "failed": 0
2026-06-09T23:23:35.1969974+09:00   },
2026-06-09T23:23:35.1969974+09:00   "step4_poll": {
2026-06-09T23:23:35.1969974+09:00     "scanned": 1,
2026-06-09T23:23:35.1969974+09:00     "awaiting": 1,
2026-06-09T23:23:35.2053257+09:00     "polled": 0,
2026-06-09T23:23:35.2053257+09:00     "picks_applied": 0,
2026-06-09T23:23:35.2053257+09:00     "pick_errors": 0,
2026-06-09T23:23:35.2101553+09:00     "timeouts": 0,
2026-06-09T23:23:35.2136648+09:00     "skipped": 0,
2026-06-09T23:23:35.2136648+09:00     "results": [
2026-06-09T23:23:35.2183750+09:00       {
2026-06-09T23:23:35.2203831+09:00         "task_id": "daily-20260609-r01",
2026-06-09T23:23:35.2220514+09:00         "result": {
2026-06-09T23:23:35.2220514+09:00           "outcome": "no_new_messages"
2026-06-09T23:23:35.2220514+09:00         }
2026-06-09T23:23:35.2220514+09:00       }
2026-06-09T23:23:35.2220514+09:00     ]
2026-06-09T23:23:35.2302951+09:00   },
2026-06-09T23:23:35.2302951+09:00   "step7_retry_poll": {
2026-06-09T23:23:35.2302951+09:00     "scanned": 1,
2026-06-09T23:23:35.2302951+09:00     "eligible": 0,
2026-06-09T23:23:35.2302951+09:00     "polled": 0,
2026-06-09T23:23:35.2302951+09:00     "retries_triggered": 0,
2026-06-09T23:23:35.2386013+09:00     "retry_errors": 0,
2026-06-09T23:23:35.2386013+09:00     "skipped": 0,
2026-06-09T23:23:35.2386013+09:00     "results": []
2026-06-09T23:23:35.2386013+09:00   }
2026-06-09T23:23:35.2386013+09:00 }
2026-06-09T23:23:35.2469641+09:00 OK run-once finished
2026-06-09T23:28:32.0092855+09:00 START dispatch-run-once
2026-06-09T23:28:32.3925450+09:00 
2026-06-09T23:28:32.3925450+09:00 > orchestrator
2026-06-09T23:28:32.3925450+09:00 > tsx src/cli/orchestrator.ts run-once --limit 10
2026-06-09T23:28:32.3985863+09:00 
2026-06-09T23:28:33.9009047+09:00 {
2026-06-09T23:28:33.9050190+09:00   "ensure_daily": {
2026-06-09T23:28:33.9050190+09:00     "action": "skipped_exists",
2026-06-09T23:28:33.9092624+09:00     "taskId": "daily-20260609-r01"
2026-06-09T23:28:33.9092624+09:00   },
2026-06-09T23:28:33.9092624+09:00   "reconcile": {
2026-06-09T23:28:33.9175102+09:00     "resetProcessing": 0,
2026-06-09T23:28:33.9195760+09:00     "inserted": 1,
2026-06-09T23:28:33.9215815+09:00     "scanned": 1,
2026-06-09T23:28:33.9425876+09:00     "stale": {
2026-06-09T23:28:33.9425876+09:00       "scanned": 1,
2026-06-09T23:28:33.9425876+09:00       "staleDetected": 0,
2026-06-09T23:28:33.9425876+09:00       "rolledBack": 0,
2026-06-09T23:28:33.9508527+09:00       "skippedCap": 0,
2026-06-09T23:28:33.9508527+09:00       "dryRun": false,
2026-06-09T23:28:33.9508527+09:00       "actions": []
2026-06-09T23:28:33.9591681+09:00     }
2026-06-09T23:28:33.9591681+09:00   },
2026-06-09T23:28:33.9591681+09:00   "dispatch": {
2026-06-09T23:28:33.9591681+09:00     "claimed": 1,
2026-06-09T23:28:33.9591681+09:00     "done": 1,
2026-06-09T23:28:33.9675081+09:00     "failed": 0
2026-06-09T23:28:33.9675081+09:00   },
2026-06-09T23:28:33.9675081+09:00   "step4_poll": {
2026-06-09T23:28:33.9675081+09:00     "scanned": 1,
2026-06-09T23:28:33.9758499+09:00     "awaiting": 1,
2026-06-09T23:28:33.9786703+09:00     "polled": 0,
2026-06-09T23:28:33.9786703+09:00     "picks_applied": 0,
2026-06-09T23:28:33.9841717+09:00     "pick_errors": 0,
2026-06-09T23:28:33.9841717+09:00     "timeouts": 0,
2026-06-09T23:28:33.9841717+09:00     "skipped": 0,
2026-06-09T23:28:33.9899623+09:00     "results": [
2026-06-09T23:28:33.9925329+09:00       {
2026-06-09T23:28:33.9946403+09:00         "task_id": "daily-20260609-r01",
2026-06-09T23:28:33.9946403+09:00         "result": {
2026-06-09T23:28:33.9946403+09:00           "outcome": "no_new_messages"
2026-06-09T23:28:34.0008640+09:00         }
2026-06-09T23:28:34.0008640+09:00       }
2026-06-09T23:28:34.0008640+09:00     ]
2026-06-09T23:28:34.0008640+09:00   },
2026-06-09T23:28:34.0008640+09:00   "step7_retry_poll": {
2026-06-09T23:28:34.0091456+09:00     "scanned": 1,
2026-06-09T23:28:34.0091456+09:00     "eligible": 0,
2026-06-09T23:28:34.0091456+09:00     "polled": 0,
2026-06-09T23:28:34.0091456+09:00     "retries_triggered": 0,
2026-06-09T23:28:34.0091456+09:00     "retry_errors": 0,
2026-06-09T23:28:34.0174992+09:00     "skipped": 0,
2026-06-09T23:28:34.0174992+09:00     "results": []
2026-06-09T23:28:34.0174992+09:00   }
2026-06-09T23:28:34.0174992+09:00 }
2026-06-09T23:28:34.0174992+09:00 OK run-once finished
2026-06-09T23:33:32.0548683+09:00 START dispatch-run-once
2026-06-09T23:33:32.4296707+09:00 
2026-06-09T23:33:32.4296707+09:00 > orchestrator
2026-06-09T23:33:32.4296707+09:00 > tsx src/cli/orchestrator.ts run-once --limit 10
2026-06-09T23:33:32.4296707+09:00 
2026-06-09T23:33:33.9235528+09:00 {
2026-06-09T23:33:33.9297242+09:00   "ensure_daily": {
2026-06-09T23:33:33.9297242+09:00     "action": "skipped_exists",
2026-06-09T23:33:33.9297242+09:00     "taskId": "daily-20260609-r01"
2026-06-09T23:33:33.9381404+09:00   },
2026-06-09T23:33:33.9381404+09:00   "reconcile": {
2026-06-09T23:33:33.9381404+09:00     "resetProcessing": 0,
2026-06-09T23:33:33.9463681+09:00     "inserted": 1,
2026-06-09T23:33:33.9463681+09:00     "scanned": 1,
2026-06-09T23:33:33.9630882+09:00     "stale": {
2026-06-09T23:33:33.9630882+09:00       "scanned": 1,
2026-06-09T23:33:33.9713613+09:00       "staleDetected": 0,
2026-06-09T23:33:33.9713613+09:00       "rolledBack": 0,
2026-06-09T23:33:33.9713613+09:00       "skippedCap": 0,
2026-06-09T23:33:33.9769157+09:00       "dryRun": false,
2026-06-09T23:33:33.9798006+09:00       "actions": []
2026-06-09T23:33:33.9798006+09:00     }
2026-06-09T23:33:33.9798006+09:00   },
2026-06-09T23:33:33.9848276+09:00   "dispatch": {
2026-06-09T23:33:33.9868366+09:00     "claimed": 1,
2026-06-09T23:33:33.9880227+09:00     "done": 1,
2026-06-09T23:33:33.9880227+09:00     "failed": 0
2026-06-09T23:33:33.9880227+09:00   },
2026-06-09T23:33:33.9880227+09:00   "step4_poll": {
2026-06-09T23:33:33.9963629+09:00     "scanned": 1,
2026-06-09T23:33:33.9963629+09:00     "awaiting": 1,
2026-06-09T23:33:33.9963629+09:00     "polled": 0,
2026-06-09T23:33:34.0010487+09:00     "picks_applied": 0,
2026-06-09T23:33:34.0046960+09:00     "pick_errors": 0,
2026-06-09T23:33:34.0046960+09:00     "timeouts": 0,
2026-06-09T23:33:34.0046960+09:00     "skipped": 0,
2026-06-09T23:33:34.0046960+09:00     "results": [
2026-06-09T23:33:34.0046960+09:00       {
2026-06-09T23:33:34.0130160+09:00         "task_id": "daily-20260609-r01",
2026-06-09T23:33:34.0130160+09:00         "result": {
2026-06-09T23:33:34.0130160+09:00           "outcome": "no_new_messages"
2026-06-09T23:33:34.0130160+09:00         }
2026-06-09T23:33:34.0130160+09:00       }
2026-06-09T23:33:34.0213351+09:00     ]
2026-06-09T23:33:34.0213351+09:00   },
2026-06-09T23:33:34.0213351+09:00   "step7_retry_poll": {
2026-06-09T23:33:34.0213351+09:00     "scanned": 1,
2026-06-09T23:33:34.0213351+09:00     "eligible": 0,
2026-06-09T23:33:34.0213351+09:00     "polled": 0,
2026-06-09T23:33:34.0296814+09:00     "retries_triggered": 0,
2026-06-09T23:33:34.0296814+09:00     "retry_errors": 0,
2026-06-09T23:33:34.0296814+09:00     "skipped": 0,
2026-06-09T23:33:34.0296814+09:00     "results": []
2026-06-09T23:33:34.0296814+09:00   }
2026-06-09T23:33:34.0296814+09:00 }
2026-06-09T23:33:34.0380073+09:00 OK run-once finished
2026-06-09T23:38:32.6252914+09:00 START dispatch-run-once
2026-06-09T23:38:33.0086149+09:00 
2026-06-09T23:38:33.0086149+09:00 > orchestrator
2026-06-09T23:38:33.0086149+09:00 > tsx src/cli/orchestrator.ts run-once --limit 10
2026-06-09T23:38:33.0086149+09:00 
2026-06-09T23:38:34.5335936+09:00 {
2026-06-09T23:38:34.5419418+09:00   "ensure_daily": {
2026-06-09T23:38:34.5419418+09:00     "action": "skipped_exists",
2026-06-09T23:38:34.5466244+09:00     "taskId": "daily-20260609-r01"
2026-06-09T23:38:34.5486307+09:00   },
2026-06-09T23:38:34.5501889+09:00   "reconcile": {
2026-06-09T23:38:34.5501889+09:00     "resetProcessing": 0,
2026-06-09T23:38:34.5501889+09:00     "inserted": 1,
2026-06-09T23:38:34.5501889+09:00     "scanned": 1,
2026-06-09T23:38:34.5753637+09:00     "stale": {
2026-06-09T23:38:34.5753637+09:00       "scanned": 1,
2026-06-09T23:38:34.5753637+09:00       "staleDetected": 0,
2026-06-09T23:38:34.5835315+09:00       "rolledBack": 0,
2026-06-09T23:38:34.5835315+09:00       "skippedCap": 0,
2026-06-09T23:38:34.5835315+09:00       "dryRun": false,
2026-06-09T23:38:34.5918932+09:00       "actions": []
2026-06-09T23:38:34.5918932+09:00     }
2026-06-09T23:38:34.5972463+09:00   },
2026-06-09T23:38:34.5972463+09:00   "dispatch": {
2026-06-09T23:38:34.6002020+09:00     "claimed": 1,
2026-06-09T23:38:34.6002020+09:00     "done": 1,
2026-06-09T23:38:34.6002020+09:00     "failed": 0
2026-06-09T23:38:34.6002020+09:00   },
2026-06-09T23:38:34.6086490+09:00   "step4_poll": {
2026-06-09T23:38:34.6086490+09:00     "scanned": 1,
2026-06-09T23:38:34.6086490+09:00     "awaiting": 1,
2026-06-09T23:38:34.6169673+09:00     "polled": 0,
2026-06-09T23:38:34.6169673+09:00     "picks_applied": 0,
2026-06-09T23:38:34.6169673+09:00     "pick_errors": 0,
2026-06-09T23:38:34.6240405+09:00     "timeouts": 0,
2026-06-09T23:38:34.6252087+09:00     "skipped": 0,
2026-06-09T23:38:34.6252087+09:00     "results": [
2026-06-09T23:38:34.6252087+09:00       {
2026-06-09T23:38:34.6335387+09:00         "task_id": "daily-20260609-r01",
2026-06-09T23:38:34.6335387+09:00         "result": {
2026-06-09T23:38:34.6335387+09:00           "outcome": "no_new_messages"
2026-06-09T23:38:34.6335387+09:00         }
2026-06-09T23:38:34.6335387+09:00       }
2026-06-09T23:38:34.6418310+09:00     ]
2026-06-09T23:38:34.6418310+09:00   },
2026-06-09T23:38:34.6418310+09:00   "step7_retry_poll": {
2026-06-09T23:38:34.6418310+09:00     "scanned": 1,
2026-06-09T23:38:34.6418310+09:00     "eligible": 0,
2026-06-09T23:38:34.6502008+09:00     "polled": 0,
2026-06-09T23:38:34.6523191+09:00     "retries_triggered": 0,
2026-06-09T23:38:34.6543245+09:00     "retry_errors": 0,
2026-06-09T23:38:34.6563297+09:00     "skipped": 0,
2026-06-09T23:38:34.6583395+09:00     "results": []
2026-06-09T23:38:34.6583395+09:00   }
2026-06-09T23:38:34.6583395+09:00 }
2026-06-09T23:38:34.6583395+09:00 OK run-once finished
2026-06-09T23:43:32.7541655+09:00 START dispatch-run-once
2026-06-09T23:43:33.1290649+09:00 
2026-06-09T23:43:33.1290649+09:00 > orchestrator
2026-06-09T23:43:33.1290649+09:00 > tsx src/cli/orchestrator.ts run-once --limit 10
2026-06-09T23:43:33.1374002+09:00 
2026-06-09T23:43:34.6186690+09:00 {
2026-06-09T23:43:34.6208255+09:00   "ensure_daily": {
2026-06-09T23:43:34.6254813+09:00     "action": "skipped_exists",
2026-06-09T23:43:34.6274879+09:00     "taskId": "daily-20260609-r01"
2026-06-09T23:43:34.6290756+09:00   },
2026-06-09T23:43:34.6290756+09:00   "reconcile": {
2026-06-09T23:43:34.6290756+09:00     "resetProcessing": 0,
2026-06-09T23:43:34.6373768+09:00     "inserted": 1,
2026-06-09T23:43:34.6373768+09:00     "scanned": 1,
2026-06-09T23:43:34.6541230+09:00     "stale": {
2026-06-09T23:43:34.6541230+09:00       "scanned": 1,
2026-06-09T23:43:34.6623950+09:00       "staleDetected": 0,
2026-06-09T23:43:34.6623950+09:00       "rolledBack": 0,
2026-06-09T23:43:34.6623950+09:00       "skippedCap": 0,
2026-06-09T23:43:34.6623950+09:00       "dryRun": false,
2026-06-09T23:43:34.6706912+09:00       "actions": []
2026-06-09T23:43:34.6706912+09:00     }
2026-06-09T23:43:34.6706912+09:00   },
2026-06-09T23:43:34.6706912+09:00   "dispatch": {
2026-06-09T23:43:34.6706912+09:00     "claimed": 1,
2026-06-09T23:43:34.6790946+09:00     "done": 1,
2026-06-09T23:43:34.6790946+09:00     "failed": 0
2026-06-09T23:43:34.6790946+09:00   },
2026-06-09T23:43:34.6790946+09:00   "step4_poll": {
2026-06-09T23:43:34.6873484+09:00     "scanned": 1,
2026-06-09T23:43:34.6873484+09:00     "awaiting": 1,
2026-06-09T23:43:34.6873484+09:00     "polled": 0,
2026-06-09T23:43:34.6873484+09:00     "picks_applied": 0,
2026-06-09T23:43:34.6957216+09:00     "pick_errors": 0,
2026-06-09T23:43:34.6957216+09:00     "timeouts": 0,
2026-06-09T23:43:34.6957216+09:00     "skipped": 0,
2026-06-09T23:43:34.6957216+09:00     "results": [
2026-06-09T23:43:34.7040672+09:00       {
2026-06-09T23:43:34.7040672+09:00         "task_id": "daily-20260609-r01",
2026-06-09T23:43:34.7040672+09:00         "result": {
2026-06-09T23:43:34.7040672+09:00           "outcome": "no_new_messages"
2026-06-09T23:43:34.7040672+09:00         }
2026-06-09T23:43:34.7124247+09:00       }
2026-06-09T23:43:34.7124247+09:00     ]
2026-06-09T23:43:34.7124247+09:00   },
2026-06-09T23:43:34.7124247+09:00   "step7_retry_poll": {
2026-06-09T23:43:34.7124247+09:00     "scanned": 1,
2026-06-09T23:43:34.7207204+09:00     "eligible": 0,
2026-06-09T23:43:34.7207204+09:00     "polled": 0,
2026-06-09T23:43:34.7207204+09:00     "retries_triggered": 0,
2026-06-09T23:43:34.7254121+09:00     "retry_errors": 0,
2026-06-09T23:43:34.7254121+09:00     "skipped": 0,
2026-06-09T23:43:34.7254121+09:00     "results": []
2026-06-09T23:43:34.7290259+09:00   }
2026-06-09T23:43:34.7290259+09:00 }
2026-06-09T23:43:34.7290259+09:00 OK run-once finished
2026-06-09T23:48:34.6329917+09:00 START dispatch-run-once
2026-06-09T23:48:35.0161756+09:00 
2026-06-09T23:48:35.0161756+09:00 > orchestrator
2026-06-09T23:48:35.0245361+09:00 > tsx src/cli/orchestrator.ts run-once --limit 10
2026-06-09T23:48:35.0245361+09:00 
2026-06-09T23:48:36.5669949+09:00 {
2026-06-09T23:48:36.5669949+09:00   "ensure_daily": {
2026-06-09T23:48:36.5746299+09:00     "action": "skipped_exists",
2026-06-09T23:48:36.5746299+09:00     "taskId": "daily-20260609-r01"
2026-06-09T23:48:36.5746299+09:00   },
2026-06-09T23:48:36.5829922+09:00   "reconcile": {
2026-06-09T23:48:36.5829922+09:00     "resetProcessing": 0,
2026-06-09T23:48:36.5829922+09:00     "inserted": 1,
2026-06-09T23:48:36.5912499+09:00     "scanned": 1,
2026-06-09T23:48:36.6079869+09:00     "stale": {
2026-06-09T23:48:36.6079869+09:00       "scanned": 1,
2026-06-09T23:48:36.6079869+09:00       "staleDetected": 0,
2026-06-09T23:48:36.6161957+09:00       "rolledBack": 0,
2026-06-09T23:48:36.6161957+09:00       "skippedCap": 0,
2026-06-09T23:48:36.6161957+09:00       "dryRun": false,
2026-06-09T23:48:36.6161957+09:00       "actions": []
2026-06-09T23:48:36.6245699+09:00     }
2026-06-09T23:48:36.6245699+09:00   },
2026-06-09T23:48:36.6245699+09:00   "dispatch": {
2026-06-09T23:48:36.6245699+09:00     "claimed": 1,
2026-06-09T23:48:36.6245699+09:00     "done": 1,
2026-06-09T23:48:36.6328712+09:00     "failed": 0
2026-06-09T23:48:36.6328712+09:00   },
2026-06-09T23:48:36.6328712+09:00   "step4_poll": {
2026-06-09T23:48:36.6328712+09:00     "scanned": 1,
2026-06-09T23:48:36.6412098+09:00     "awaiting": 1,
2026-06-09T23:48:36.6412098+09:00     "polled": 0,
2026-06-09T23:48:36.6412098+09:00     "picks_applied": 0,
2026-06-09T23:48:36.6412098+09:00     "pick_errors": 0,
2026-06-09T23:48:36.6412098+09:00     "timeouts": 0,
2026-06-09T23:48:36.6500893+09:00     "skipped": 0,
2026-06-09T23:48:36.6500893+09:00     "results": [
2026-06-09T23:48:36.6500893+09:00       {
2026-06-09T23:48:36.6500893+09:00         "task_id": "daily-20260609-r01",
2026-06-09T23:48:36.6500893+09:00         "result": {
2026-06-09T23:48:36.6578591+09:00           "outcome": "no_new_messages"
2026-06-09T23:48:36.6578591+09:00         }
2026-06-09T23:48:36.6578591+09:00       }
2026-06-09T23:48:36.6578591+09:00     ]
2026-06-09T23:48:36.6578591+09:00   },
2026-06-09T23:48:36.6578591+09:00   "step7_retry_poll": {
2026-06-09T23:48:36.6661542+09:00     "scanned": 1,
2026-06-09T23:48:36.6661542+09:00     "eligible": 0,
2026-06-09T23:48:36.6661542+09:00     "polled": 0,
2026-06-09T23:48:36.6661542+09:00     "retries_triggered": 0,
2026-06-09T23:48:36.6661542+09:00     "retry_errors": 0,
2026-06-09T23:48:36.6661542+09:00     "skipped": 0,
2026-06-09T23:48:36.6745103+09:00     "results": []
2026-06-09T23:48:36.6745103+09:00   }
2026-06-09T23:48:36.6745103+09:00 }
2026-06-09T23:48:36.6745103+09:00 OK run-once finished
2026-06-09T23:53:32.6201978+09:00 START dispatch-run-once
2026-06-09T23:53:33.0006662+09:00 
2026-06-09T23:53:33.0026747+09:00 > orchestrator
2026-06-09T23:53:33.0034020+09:00 > tsx src/cli/orchestrator.ts run-once --limit 10
2026-06-09T23:53:33.0034020+09:00 
2026-06-09T23:53:34.4909250+09:00 {
2026-06-09T23:53:34.4962548+09:00   "ensure_daily": {
2026-06-09T23:53:34.4962548+09:00     "action": "skipped_exists",
2026-06-09T23:53:34.4962548+09:00     "taskId": "daily-20260609-r01"
2026-06-09T23:53:34.5034941+09:00   },
2026-06-09T23:53:34.5076227+09:00   "reconcile": {
2026-06-09T23:53:34.5096291+09:00     "resetProcessing": 0,
2026-06-09T23:53:34.5116356+09:00     "inserted": 1,
2026-06-09T23:53:34.5116356+09:00     "scanned": 1,
2026-06-09T23:53:34.5284903+09:00     "stale": {
2026-06-09T23:53:34.5284903+09:00       "scanned": 1,
2026-06-09T23:53:34.5367861+09:00       "staleDetected": 0,
2026-06-09T23:53:34.5367861+09:00       "rolledBack": 0,
2026-06-09T23:53:34.5367861+09:00       "skippedCap": 0,
2026-06-09T23:53:34.5367861+09:00       "dryRun": false,
2026-06-09T23:53:34.5450782+09:00       "actions": []
2026-06-09T23:53:34.5450782+09:00     }
2026-06-09T23:53:34.5450782+09:00   },
2026-06-09T23:53:34.5450782+09:00   "dispatch": {
2026-06-09T23:53:34.5534537+09:00     "claimed": 1,
2026-06-09T23:53:34.5534537+09:00     "done": 1,
2026-06-09T23:53:34.5534537+09:00     "failed": 0
2026-06-09T23:53:34.5534537+09:00   },
2026-06-09T23:53:34.5609439+09:00   "step4_poll": {
2026-06-09T23:53:34.5617213+09:00     "scanned": 1,
2026-06-09T23:53:34.5617213+09:00     "awaiting": 1,
2026-06-09T23:53:34.5617213+09:00     "polled": 0,
2026-06-09T23:53:34.5617213+09:00     "picks_applied": 0,
2026-06-09T23:53:34.5700942+09:00     "pick_errors": 0,
2026-06-09T23:53:34.5724471+09:00     "timeouts": 0,
2026-06-09T23:53:34.5744529+09:00     "skipped": 0,
2026-06-09T23:53:34.5744529+09:00     "results": [
2026-06-09T23:53:34.5744529+09:00       {
2026-06-09T23:53:34.5784009+09:00         "task_id": "daily-20260609-r01",
2026-06-09T23:53:34.5784009+09:00         "result": {
2026-06-09T23:53:34.5784009+09:00           "outcome": "no_new_messages"
2026-06-09T23:53:34.5784009+09:00         }
2026-06-09T23:53:34.5784009+09:00       }
2026-06-09T23:53:34.5867547+09:00     ]
2026-06-09T23:53:34.5867547+09:00   },
2026-06-09T23:53:34.5867547+09:00   "step7_retry_poll": {
2026-06-09T23:53:34.5867547+09:00     "scanned": 1,
2026-06-09T23:53:34.5867547+09:00     "eligible": 0,
2026-06-09T23:53:34.5951107+09:00     "polled": 0,
2026-06-09T23:53:34.5967132+09:00     "retries_triggered": 0,
2026-06-09T23:53:34.5967132+09:00     "retry_errors": 0,
2026-06-09T23:53:34.5967132+09:00     "skipped": 0,
2026-06-09T23:53:34.5967132+09:00     "results": []
2026-06-09T23:53:34.5967132+09:00   }
2026-06-09T23:53:34.6033913+09:00 }
2026-06-09T23:53:34.6033913+09:00 OK run-once finished
2026-06-09T23:58:33.2573624+09:00 START dispatch-run-once
2026-06-09T23:58:33.6479440+09:00 
2026-06-09T23:58:33.6489488+09:00 > orchestrator
2026-06-09T23:58:33.6489488+09:00 > tsx src/cli/orchestrator.ts run-once --limit 10
2026-06-09T23:58:33.6489488+09:00 
2026-06-09T23:58:35.1573365+09:00 {
2026-06-09T23:58:35.1678361+09:00   "ensure_daily": {
2026-06-09T23:58:35.1678361+09:00     "action": "skipped_exists",
2026-06-09T23:58:35.1740028+09:00     "taskId": "daily-20260609-r01"
2026-06-09T23:58:35.1760977+09:00   },
2026-06-09T23:58:35.1781038+09:00   "reconcile": {
2026-06-09T23:58:35.1801096+09:00     "resetProcessing": 0,
2026-06-09T23:58:35.1821160+09:00     "inserted": 1,
2026-06-09T23:58:35.1843711+09:00     "scanned": 1,
2026-06-09T23:58:35.2033772+09:00     "stale": {
2026-06-09T23:58:35.2072535+09:00       "scanned": 1,
2026-06-09T23:58:35.2091994+09:00       "staleDetected": 0,
2026-06-09T23:58:35.2112076+09:00       "rolledBack": 0,
2026-06-09T23:58:35.2132144+09:00       "skippedCap": 0,
2026-06-09T23:58:35.2177027+09:00       "dryRun": false,
2026-06-09T23:58:35.2197128+09:00       "actions": []
2026-06-09T23:58:35.2217196+09:00     }
2026-06-09T23:58:35.2244811+09:00   },
2026-06-09T23:58:35.2244811+09:00   "dispatch": {
2026-06-09T23:58:35.2301465+09:00     "claimed": 1,
2026-06-09T23:58:35.2322509+09:00     "done": 1,
2026-06-09T23:58:35.2322509+09:00     "failed": 0
2026-06-09T23:58:35.2322509+09:00   },
2026-06-09T23:58:35.2322509+09:00   "step4_poll": {
2026-06-09T23:58:35.2406017+09:00     "scanned": 1,
2026-06-09T23:58:35.2406017+09:00     "awaiting": 1,
2026-06-09T23:58:35.2452356+09:00     "polled": 0,
2026-06-09T23:58:35.2472423+09:00     "picks_applied": 0,
2026-06-09T23:58:35.2489306+09:00     "pick_errors": 0,
2026-06-09T23:58:35.2528132+09:00     "timeouts": 0,
2026-06-09T23:58:35.2528132+09:00     "skipped": 0,
2026-06-09T23:58:35.2573231+09:00     "results": [
2026-06-09T23:58:35.2573231+09:00       {
2026-06-09T23:58:35.2573231+09:00         "task_id": "daily-20260609-r01",
2026-06-09T23:58:35.2573231+09:00         "result": {
2026-06-09T23:58:35.2655927+09:00           "outcome": "no_new_messages"
2026-06-09T23:58:35.2655927+09:00         }
2026-06-09T23:58:35.2655927+09:00       }
2026-06-09T23:58:35.2655927+09:00     ]
2026-06-09T23:58:35.2655927+09:00   },
2026-06-09T23:58:35.2739259+09:00   "step7_retry_poll": {
2026-06-09T23:58:35.2760227+09:00     "scanned": 1,
2026-06-09T23:58:35.2780292+09:00     "eligible": 0,
2026-06-09T23:58:35.2800359+09:00     "polled": 0,
2026-06-09T23:58:35.2820635+09:00     "retries_triggered": 0,
2026-06-09T23:58:35.2820635+09:00     "retry_errors": 0,
2026-06-09T23:58:35.2820635+09:00     "skipped": 0,
2026-06-09T23:58:35.2820635+09:00     "results": []
2026-06-09T23:58:35.2820635+09:00   }
2026-06-09T23:58:35.2906155+09:00 }
2026-06-09T23:58:35.2906155+09:00 OK run-once finished
