2026-06-16T08:57:48.5963889+09:00 START dispatch-run-once
2026-06-16T08:57:49.8325901+09:00 
2026-06-16T08:57:49.8356069+09:00 > orchestrator
2026-06-16T08:57:49.8356069+09:00 > tsx src/cli/orchestrator.ts run-once --limit 10
2026-06-16T08:57:49.8356069+09:00 
2026-06-16T08:57:54.6525111+09:00 {
2026-06-16T08:57:54.6525111+09:00   "ensure_daily": {
2026-06-16T08:57:54.6577304+09:00     "runs": [
2026-06-16T08:57:54.6577304+09:00       {
2026-06-16T08:57:54.6577304+09:00         "run_id": "r01",
2026-06-16T08:57:54.6577304+09:00         "action": "not_due",
2026-06-16T08:57:54.6631975+09:00         "taskId": "daily-20260616-r01",
2026-06-16T08:57:54.6631975+09:00         "reason": "jst_hour=8"
2026-06-16T08:57:54.6686070+09:00       },
2026-06-16T08:57:54.6881993+09:00       {
2026-06-16T08:57:54.6897051+09:00         "run_id": "r02",
2026-06-16T08:57:54.6897051+09:00         "action": "not_due",
2026-06-16T08:57:54.6950761+09:00         "taskId": "daily-20260616-r02",
2026-06-16T08:57:54.6970878+09:00         "reason": "jst_hour=8"
2026-06-16T08:57:54.6990940+09:00       },
2026-06-16T08:57:54.7000999+09:00       {
2026-06-16T08:57:54.7000999+09:00         "run_id": "r03",
2026-06-16T08:57:54.7052376+09:00         "action": "not_due",
2026-06-16T08:57:54.7052376+09:00         "taskId": "daily-20260616-r03",
2026-06-16T08:57:54.7104134+09:00         "reason": "jst_hour=8"
2026-06-16T08:57:54.7104134+09:00       }
2026-06-16T08:57:54.7154507+09:00     ]
2026-06-16T08:57:54.7154507+09:00   },
2026-06-16T08:57:54.7154507+09:00   "reconcile": {
2026-06-16T08:57:54.7205123+09:00     "resetProcessing": 0,
2026-06-16T08:57:54.7205123+09:00     "inserted": 1,
2026-06-16T08:57:54.7256029+09:00     "scanned": 13,
2026-06-16T08:57:54.7256029+09:00     "stale": {
2026-06-16T08:57:54.7308653+09:00       "scanned": 13,
2026-06-16T08:57:54.7308653+09:00       "staleDetected": 0,
2026-06-16T08:57:54.7339890+09:00       "rolledBack": 0,
2026-06-16T08:57:54.7359951+09:00       "skippedCap": 0,
2026-06-16T08:57:54.7359951+09:00       "dryRun": false,
2026-06-16T08:57:54.7422089+09:00       "actions": []
2026-06-16T08:57:54.7422089+09:00     }
2026-06-16T08:57:54.7465711+09:00   },
2026-06-16T08:57:54.7465711+09:00   "dispatch": {
2026-06-16T08:57:54.7519369+09:00     "claimed": 1,
2026-06-16T08:57:54.7541630+09:00     "done": 1,
2026-06-16T08:57:54.7561687+09:00     "failed": 0
2026-06-16T08:57:54.7591803+09:00   },
2026-06-16T08:57:54.7591803+09:00   "step4_poll": {
2026-06-16T08:57:54.7622066+09:00     "scanned": 13,
2026-06-16T08:57:54.7622066+09:00     "awaiting": 1,
2026-06-16T08:57:54.7673254+09:00     "polled": 0,
2026-06-16T08:57:54.7673254+09:00     "picks_applied": 0,
2026-06-16T08:57:54.7673254+09:00     "pick_errors": 0,
2026-06-16T08:57:54.7724711+09:00     "timeouts": 0,
2026-06-16T08:57:54.7724711+09:00     "skipped": 0,
2026-06-16T08:57:54.7779319+09:00     "results": [
2026-06-16T08:57:54.7779319+09:00       {
2026-06-16T08:57:54.7779319+09:00         "task_id": "daily-20260615-r02",
2026-06-16T08:57:54.7829826+09:00         "result": {
2026-06-16T08:57:54.7861662+09:00           "outcome": "no_new_messages"
2026-06-16T08:57:54.7881756+09:00         }
2026-06-16T08:57:54.7881756+09:00       }
2026-06-16T08:57:54.7911116+09:00     ]
2026-06-16T08:57:54.7936317+09:00   },
2026-06-16T08:57:54.7936317+09:00   "step7_retry_poll": {
2026-06-16T08:57:54.7936317+09:00     "scanned": 13,
2026-06-16T08:57:54.7990161+09:00     "eligible": 10,
2026-06-16T08:57:54.7990161+09:00     "polled": 0,
2026-06-16T08:57:54.8041193+09:00     "retries_triggered": 0,
2026-06-16T08:57:54.8041193+09:00     "retry_errors": 0,
2026-06-16T08:57:54.8041193+09:00     "skipped": 0,
2026-06-16T08:57:54.8092981+09:00     "results": []
2026-06-16T08:57:54.8113077+09:00   }
2026-06-16T08:57:54.8113077+09:00 }
2026-06-16T08:57:54.8198287+09:00 OK run-once finished
2026-06-16T09:02:47.9101768+09:00 START dispatch-run-once
2026-06-16T09:02:48.3050551+09:00 
2026-06-16T09:02:48.3070624+09:00 > orchestrator
2026-06-16T09:02:48.3105508+09:00 > tsx src/cli/orchestrator.ts run-once --limit 10
2026-06-16T09:02:48.3105508+09:00 
2026-06-16T09:02:57.3679010+09:00 {
2026-06-16T09:02:57.3679010+09:00   "ensure_daily": {
2026-06-16T09:02:57.3710399+09:00     "runs": [
2026-06-16T09:02:57.3735491+09:00       {
2026-06-16T09:02:57.3761703+09:00         "run_id": "r01",
2026-06-16T09:02:57.3811931+09:00         "action": "skipped_exists",
2026-06-16T09:02:57.3837022+09:00         "taskId": "daily-20260616-r01"
2026-06-16T09:02:57.3862895+09:00       },
2026-06-16T09:02:57.3862895+09:00       {
2026-06-16T09:02:57.4073714+09:00         "run_id": "r02",
2026-06-16T09:02:57.4073714+09:00         "action": "not_due",
2026-06-16T09:02:57.4073714+09:00         "taskId": "daily-20260616-r02",
2026-06-16T09:02:57.4133419+09:00         "reason": "jst_hour=9"
2026-06-16T09:02:57.4133419+09:00       },
2026-06-16T09:02:57.4178699+09:00       {
2026-06-16T09:02:57.4178699+09:00         "run_id": "r03",
2026-06-16T09:02:57.4178699+09:00         "action": "not_due",
2026-06-16T09:02:57.4234477+09:00         "taskId": "daily-20260616-r03",
2026-06-16T09:02:57.4234477+09:00         "reason": "jst_hour=9"
2026-06-16T09:02:57.4234477+09:00       }
2026-06-16T09:02:57.4279654+09:00     ]
2026-06-16T09:02:57.4279654+09:00   },
2026-06-16T09:02:57.4334870+09:00   "reconcile": {
2026-06-16T09:02:57.4334870+09:00     "resetProcessing": 0,
2026-06-16T09:02:57.4334870+09:00     "inserted": 1,
2026-06-16T09:02:57.4387957+09:00     "scanned": 14,
2026-06-16T09:02:57.4387957+09:00     "stale": {
2026-06-16T09:02:57.4387957+09:00       "scanned": 14,
2026-06-16T09:02:57.4434548+09:00       "staleDetected": 0,
2026-06-16T09:02:57.4434548+09:00       "rolledBack": 0,
2026-06-16T09:02:57.4487801+09:00       "skippedCap": 0,
2026-06-16T09:02:57.4487801+09:00       "dryRun": false,
2026-06-16T09:02:57.4536564+09:00       "actions": []
2026-06-16T09:02:57.4553954+09:00     }
2026-06-16T09:02:57.4565701+09:00   },
2026-06-16T09:02:57.4587319+09:00   "dispatch": {
2026-06-16T09:02:57.4587319+09:00     "claimed": 2,
2026-06-16T09:02:57.4587319+09:00     "done": 2,
2026-06-16T09:02:57.4587319+09:00     "failed": 0
2026-06-16T09:02:57.4635099+09:00   },
2026-06-16T09:02:57.4635099+09:00   "step4_poll": {
2026-06-16T09:02:57.4635099+09:00     "scanned": 14,
2026-06-16T09:02:57.4688496+09:00     "awaiting": 1,
2026-06-16T09:02:57.4688496+09:00     "polled": 0,
2026-06-16T09:02:57.4688496+09:00     "picks_applied": 0,
2026-06-16T09:02:57.4734492+09:00     "pick_errors": 0,
2026-06-16T09:02:57.4734492+09:00     "timeouts": 0,
2026-06-16T09:02:57.4734492+09:00     "skipped": 0,
2026-06-16T09:02:57.4784993+09:00     "results": [
2026-06-16T09:02:57.4784993+09:00       {
2026-06-16T09:02:57.4784993+09:00         "task_id": "daily-20260615-r02",
2026-06-16T09:02:57.4784993+09:00         "result": {
2026-06-16T09:02:57.4834826+09:00           "outcome": "no_new_messages"
2026-06-16T09:02:57.4834826+09:00         }
2026-06-16T09:02:57.4834826+09:00       }
2026-06-16T09:02:57.4885108+09:00     ]
2026-06-16T09:02:57.4885108+09:00   },
2026-06-16T09:02:57.4885108+09:00   "step7_retry_poll": {
2026-06-16T09:02:57.4885108+09:00     "scanned": 14,
2026-06-16T09:02:57.4944419+09:00     "eligible": 10,
2026-06-16T09:02:57.4944419+09:00     "polled": 0,
2026-06-16T09:02:57.4944419+09:00     "retries_triggered": 0,
2026-06-16T09:02:57.4985188+09:00     "retry_errors": 0,
2026-06-16T09:02:57.4985188+09:00     "skipped": 0,
2026-06-16T09:02:57.4985188+09:00     "results": []
2026-06-16T09:02:57.4985188+09:00   }
2026-06-16T09:02:57.5034276+09:00 }
2026-06-16T09:02:57.5034276+09:00 OK run-once finished
2026-06-16T09:07:48.2367988+09:00 START dispatch-run-once
2026-06-16T09:07:52.2064541+09:00 
2026-06-16T09:07:52.2084615+09:00 > orchestrator
2026-06-16T09:07:52.2115949+09:00 > tsx src/cli/orchestrator.ts run-once --limit 10
2026-06-16T09:07:52.2141001+09:00 
2026-06-16T09:08:03.2198070+09:00 {
2026-06-16T09:08:03.2218078+09:00   "ensure_daily": {
2026-06-16T09:08:03.2263295+09:00     "runs": [
2026-06-16T09:08:03.2293390+09:00       {
2026-06-16T09:08:03.2313378+09:00         "run_id": "r01",
2026-06-16T09:08:03.2333358+09:00         "action": "skipped_exists",
2026-06-16T09:08:03.2348392+09:00         "taskId": "daily-20260616-r01"
2026-06-16T09:08:03.2383552+09:00       },
2026-06-16T09:08:03.2448561+09:00       {
2026-06-16T09:08:03.2473764+09:00         "run_id": "r02",
2026-06-16T09:08:03.2503791+09:00         "action": "not_due",
2026-06-16T09:08:03.2523756+09:00         "taskId": "daily-20260616-r02",
2026-06-16T09:08:03.2543780+09:00         "reason": "jst_hour=9"
2026-06-16T09:08:03.2577830+09:00       },
2026-06-16T09:08:03.2607827+09:00       {
2026-06-16T09:08:03.2627836+09:00         "run_id": "r03",
2026-06-16T09:08:03.2663011+09:00         "action": "not_due",
2026-06-16T09:08:03.2683006+09:00         "taskId": "daily-20260616-r03",
2026-06-16T09:08:03.2703016+09:00         "reason": "jst_hour=9"
2026-06-16T09:08:03.2743002+09:00       }
2026-06-16T09:08:03.2773228+09:00     ]
2026-06-16T09:08:03.2803210+09:00   },
2026-06-16T09:08:03.2833210+09:00   "reconcile": {
2026-06-16T09:08:03.2854268+09:00     "resetProcessing": 0,
2026-06-16T09:08:03.2894273+09:00     "inserted": 1,
2026-06-16T09:08:03.2924288+09:00     "scanned": 14,
2026-06-16T09:08:03.2944268+09:00     "stale": {
2026-06-16T09:08:03.2975286+09:00       "scanned": 14,
2026-06-16T09:08:03.2995318+09:00       "staleDetected": 0,
2026-06-16T09:08:03.3025277+09:00       "rolledBack": 0,
2026-06-16T09:08:03.3050367+09:00       "skippedCap": 0,
2026-06-16T09:08:03.3085599+09:00       "dryRun": false,
2026-06-16T09:08:03.3105609+09:00       "actions": []
2026-06-16T09:08:03.3125621+09:00     }
2026-06-16T09:08:03.3150805+09:00   },
2026-06-16T09:08:03.3180941+09:00   "dispatch": {
2026-06-16T09:08:03.3201030+09:00     "claimed": 2,
2026-06-16T09:08:03.3231052+09:00     "done": 2,
2026-06-16T09:08:03.3251639+09:00     "failed": 0
2026-06-16T09:08:03.3276800+09:00   },
2026-06-16T09:08:03.3306819+09:00   "step4_poll": {
2026-06-16T09:08:03.3326836+09:00     "scanned": 14,
2026-06-16T09:08:03.3341917+09:00     "awaiting": 1,
2026-06-16T09:08:03.3367086+09:00     "polled": 0,
2026-06-16T09:08:03.3397204+09:00     "picks_applied": 0,
2026-06-16T09:08:03.3417192+09:00     "pick_errors": 0,
2026-06-16T09:08:03.3427197+09:00     "timeouts": 0,
2026-06-16T09:08:03.3452401+09:00     "skipped": 0,
2026-06-16T09:08:03.3477571+09:00     "results": [
2026-06-16T09:08:03.3497565+09:00       {
2026-06-16T09:08:03.3507561+09:00         "task_id": "daily-20260615-r02",
2026-06-16T09:08:03.3533792+09:00         "result": {
2026-06-16T09:08:03.3558450+09:00           "outcome": "no_new_messages"
2026-06-16T09:08:03.3578516+09:00         }
2026-06-16T09:08:03.3593627+09:00       }
2026-06-16T09:08:03.3603630+09:00     ]
2026-06-16T09:08:03.3623630+09:00   },
2026-06-16T09:08:03.3648702+09:00   "step7_retry_poll": {
2026-06-16T09:08:03.3663767+09:00     "scanned": 14,
2026-06-16T09:08:03.3683869+09:00     "eligible": 10,
2026-06-16T09:08:03.3703847+09:00     "polled": 0,
2026-06-16T09:08:03.3723851+09:00     "retries_triggered": 0,
2026-06-16T09:08:03.3733845+09:00     "retry_errors": 0,
2026-06-16T09:08:03.3748940+09:00     "skipped": 0,
2026-06-16T09:08:03.3774076+09:00     "results": []
2026-06-16T09:08:03.3784086+09:00   }
2026-06-16T09:08:03.3804078+09:00 }
2026-06-16T09:08:03.3834105+09:00 OK run-once finished
2026-06-16T09:12:47.3606411+09:00 START dispatch-run-once
2026-06-16T09:12:47.7717930+09:00 
2026-06-16T09:12:47.7743162+09:00 > orchestrator
2026-06-16T09:12:47.7763168+09:00 > tsx src/cli/orchestrator.ts run-once --limit 10
2026-06-16T09:12:47.7793153+09:00 
2026-06-16T09:12:51.2267315+09:00 {
2026-06-16T09:12:51.2297290+09:00   "ensure_daily": {
2026-06-16T09:12:51.2317323+09:00     "runs": [
2026-06-16T09:12:51.2342456+09:00       {
2026-06-16T09:12:51.2372473+09:00         "run_id": "r01",
2026-06-16T09:12:51.2392468+09:00         "action": "skipped_exists",
2026-06-16T09:12:51.2412469+09:00         "taskId": "daily-20260616-r01"
2026-06-16T09:12:51.2437533+09:00       },
2026-06-16T09:12:51.2462763+09:00       {
2026-06-16T09:12:51.2674774+09:00         "run_id": "r02",
2026-06-16T09:12:51.2704778+09:00         "action": "not_due",
2026-06-16T09:12:51.2719836+09:00         "taskId": "daily-20260616-r02",
2026-06-16T09:12:51.2755293+09:00         "reason": "jst_hour=9"
2026-06-16T09:12:51.2775298+09:00       },
2026-06-16T09:12:51.2795296+09:00       {
2026-06-16T09:12:51.2825289+09:00         "run_id": "r03",
2026-06-16T09:12:51.2840324+09:00         "action": "not_due",
2026-06-16T09:12:51.2865521+09:00         "taskId": "daily-20260616-r03",
2026-06-16T09:12:51.2885485+09:00         "reason": "jst_hour=9"
2026-06-16T09:12:51.2915486+09:00       }
2026-06-16T09:12:51.2935485+09:00     ]
2026-06-16T09:12:51.2956242+09:00   },
2026-06-16T09:12:51.2976226+09:00   "reconcile": {
2026-06-16T09:12:51.2996244+09:00     "resetProcessing": 0,
2026-06-16T09:12:51.3016220+09:00     "inserted": 1,
2026-06-16T09:12:51.3031307+09:00     "scanned": 14,
2026-06-16T09:12:51.3041409+09:00     "stale": {
2026-06-16T09:12:51.3076538+09:00       "scanned": 14,
2026-06-16T09:12:51.3096560+09:00       "staleDetected": 0,
2026-06-16T09:12:51.3116557+09:00       "rolledBack": 0,
2026-06-16T09:12:51.3131638+09:00       "skippedCap": 0,
2026-06-16T09:12:51.3156787+09:00       "dryRun": false,
2026-06-16T09:12:51.3186880+09:00       "actions": []
2026-06-16T09:12:51.3206868+09:00     }
2026-06-16T09:12:51.3216916+09:00   },
2026-06-16T09:12:51.3242114+09:00   "dispatch": {
2026-06-16T09:12:51.3277257+09:00     "claimed": 2,
2026-06-16T09:12:51.3287264+09:00     "done": 2,
2026-06-16T09:12:51.3307278+09:00     "failed": 0
2026-06-16T09:12:51.3332347+09:00   },
2026-06-16T09:12:51.3342422+09:00   "step4_poll": {
2026-06-16T09:12:51.3362478+09:00     "scanned": 14,
2026-06-16T09:12:51.3382472+09:00     "awaiting": 1,
2026-06-16T09:12:51.3392477+09:00     "polled": 0,
2026-06-16T09:12:51.3412468+09:00     "picks_applied": 0,
2026-06-16T09:12:51.3422484+09:00     "pick_errors": 0,
2026-06-16T09:12:51.3437513+09:00     "timeouts": 0,
2026-06-16T09:12:51.3462680+09:00     "skipped": 0,
2026-06-16T09:12:51.3482680+09:00     "results": [
2026-06-16T09:12:51.3492682+09:00       {
2026-06-16T09:12:51.3522697+09:00         "task_id": "daily-20260615-r02",
2026-06-16T09:12:51.3537739+09:00         "result": {
2026-06-16T09:12:51.3552794+09:00           "outcome": "no_new_messages"
2026-06-16T09:12:51.3572872+09:00         }
2026-06-16T09:12:51.3592875+09:00       }
2026-06-16T09:12:51.3602874+09:00     ]
2026-06-16T09:12:51.3622877+09:00   },
2026-06-16T09:12:51.3637948+09:00   "step7_retry_poll": {
2026-06-16T09:12:51.3673227+09:00     "scanned": 14,
2026-06-16T09:12:51.3693242+09:00     "eligible": 10,
2026-06-16T09:12:51.3703241+09:00     "polled": 0,
2026-06-16T09:12:51.3718328+09:00     "retries_triggered": 0,
2026-06-16T09:12:51.3743783+09:00     "retry_errors": 0,
2026-06-16T09:12:51.3753788+09:00     "skipped": 0,
2026-06-16T09:12:51.3773778+09:00     "results": []
2026-06-16T09:12:51.3783782+09:00   }
2026-06-16T09:12:51.3803770+09:00 }
2026-06-16T09:12:51.3833748+09:00 OK run-once finished
2026-06-16T09:17:47.7664167+09:00 START dispatch-run-once
2026-06-16T09:17:48.1612393+09:00 
2026-06-16T09:17:48.1635979+09:00 > orchestrator
2026-06-16T09:17:48.1655979+09:00 > tsx src/cli/orchestrator.ts run-once --limit 10
2026-06-16T09:17:48.1675972+09:00 
2026-06-16T09:17:51.9230753+09:00 {
2026-06-16T09:17:51.9334522+09:00   "ensure_daily": {
2026-06-16T09:17:51.9423279+09:00     "runs": [
2026-06-16T09:17:51.9505533+09:00       {
2026-06-16T09:17:51.9556600+09:00         "run_id": "r01",
2026-06-16T09:17:51.9606623+09:00         "action": "skipped_exists",
2026-06-16T09:17:51.9642212+09:00         "taskId": "daily-20260616-r01"
2026-06-16T09:17:51.9692611+09:00       },
2026-06-16T09:17:51.9722220+09:00       {
2026-06-16T09:17:51.9944968+09:00         "run_id": "r02",
2026-06-16T09:17:51.9965035+09:00         "action": "not_due",
2026-06-16T09:17:51.9985029+09:00         "taskId": "daily-20260616-r02",
2026-06-16T09:17:52.0005057+09:00         "reason": "jst_hour=9"
2026-06-16T09:17:52.0030190+09:00       },
2026-06-16T09:17:52.0055344+09:00       {
2026-06-16T09:17:52.0085324+09:00         "run_id": "r03",
2026-06-16T09:17:52.0105318+09:00         "action": "not_due",
2026-06-16T09:17:52.0130600+09:00         "taskId": "daily-20260616-r03",
2026-06-16T09:17:52.0165792+09:00         "reason": "jst_hour=9"
2026-06-16T09:17:52.0195800+09:00       }
2026-06-16T09:17:52.0205823+09:00     ]
2026-06-16T09:17:52.0246081+09:00   },
2026-06-16T09:17:52.0266183+09:00   "reconcile": {
2026-06-16T09:17:52.0306148+09:00     "resetProcessing": 0,
2026-06-16T09:17:52.0331274+09:00     "inserted": 1,
2026-06-16T09:17:52.0361350+09:00     "scanned": 14,
2026-06-16T09:17:52.0391351+09:00     "stale": {
2026-06-16T09:17:52.0541733+09:00       "scanned": 14,
2026-06-16T09:17:52.0802314+09:00       "staleDetected": 0,
2026-06-16T09:17:52.1022794+09:00       "rolledBack": 0,
2026-06-16T09:17:52.1183226+09:00       "skippedCap": 0,
2026-06-16T09:17:52.1353636+09:00       "dryRun": false,
2026-06-16T09:17:52.1473859+09:00       "actions": []
2026-06-16T09:17:52.1629108+09:00     }
2026-06-16T09:17:52.1694290+09:00   },
2026-06-16T09:17:52.1729392+09:00   "dispatch": {
2026-06-16T09:17:52.1754567+09:00     "claimed": 3,
2026-06-16T09:17:52.1774595+09:00     "done": 3,
2026-06-16T09:17:52.1794572+09:00     "failed": 0
2026-06-16T09:17:52.1830138+09:00   },
2026-06-16T09:17:52.1855329+09:00   "step4_poll": {
2026-06-16T09:17:52.1875331+09:00     "scanned": 14,
2026-06-16T09:17:52.1905354+09:00     "awaiting": 1,
2026-06-16T09:17:52.1930571+09:00     "polled": 0,
2026-06-16T09:17:52.1955777+09:00     "picks_applied": 0,
2026-06-16T09:17:52.2020802+09:00     "pick_errors": 0,
2026-06-16T09:17:52.2070973+09:00     "timeouts": 0,
2026-06-16T09:17:52.2136101+09:00     "skipped": 0,
2026-06-16T09:17:52.2166170+09:00     "results": [
2026-06-16T09:17:52.2196166+09:00       {
2026-06-16T09:17:52.2206174+09:00         "task_id": "daily-20260615-r02",
2026-06-16T09:17:52.2231352+09:00         "result": {
2026-06-16T09:17:52.2251344+09:00           "outcome": "no_new_messages"
2026-06-16T09:17:52.2271316+09:00         }
2026-06-16T09:17:52.2291327+09:00       }
2026-06-16T09:17:52.2301352+09:00     ]
2026-06-16T09:17:52.2321334+09:00   },
2026-06-16T09:17:52.2334523+09:00   "step7_retry_poll": {
2026-06-16T09:17:52.2354551+09:00     "scanned": 14,
2026-06-16T09:17:52.2374551+09:00     "eligible": 10,
2026-06-16T09:17:52.2384554+09:00     "polled": 0,
2026-06-16T09:17:52.2404541+09:00     "retries_triggered": 0,
2026-06-16T09:17:52.2419609+09:00     "retry_errors": 0,
2026-06-16T09:17:52.2444731+09:00     "skipped": 0,
2026-06-16T09:17:52.2464813+09:00     "results": []
2026-06-16T09:17:52.2474794+09:00   }
2026-06-16T09:17:52.2494809+09:00 }
2026-06-16T09:17:52.2519885+09:00 OK run-once finished
2026-06-16T09:22:47.7752230+09:00 START dispatch-run-once
2026-06-16T09:22:48.1681381+09:00 
2026-06-16T09:22:48.1691382+09:00 > orchestrator
2026-06-16T09:22:48.1716629+09:00 > tsx src/cli/orchestrator.ts run-once --limit 10
2026-06-16T09:22:48.1731670+09:00 
2026-06-16T09:22:51.9132399+09:00 {
2026-06-16T09:22:51.9553824+09:00   "ensure_daily": {
2026-06-16T09:22:52.0160884+09:00     "runs": [
2026-06-16T09:22:52.0271166+09:00       {
2026-06-16T09:22:52.0301161+09:00         "run_id": "r01",
2026-06-16T09:22:52.0331300+09:00         "action": "skipped_exists",
2026-06-16T09:22:52.0361435+09:00         "taskId": "daily-20260616-r01"
2026-06-16T09:22:52.0471706+09:00       },
2026-06-16T09:22:52.0602104+09:00       {
2026-06-16T09:22:52.0862778+09:00         "run_id": "r02",
2026-06-16T09:22:52.0882764+09:00         "action": "not_due",
2026-06-16T09:22:52.0892800+09:00         "taskId": "daily-20260616-r02",
2026-06-16T09:22:52.0912746+09:00         "reason": "jst_hour=9"
2026-06-16T09:22:52.0933240+09:00       },
2026-06-16T09:22:52.0953234+09:00       {
2026-06-16T09:22:52.0963218+09:00         "run_id": "r03",
2026-06-16T09:22:52.0978376+09:00         "action": "not_due",
2026-06-16T09:22:52.0998392+09:00         "taskId": "daily-20260616-r03",
2026-06-16T09:22:52.1023518+09:00         "reason": "jst_hour=9"
2026-06-16T09:22:52.1043595+09:00       }
2026-06-16T09:22:52.1063570+09:00     ]
2026-06-16T09:22:52.1073568+09:00   },
2026-06-16T09:22:52.1093588+09:00   "reconcile": {
2026-06-16T09:22:52.1118734+09:00     "resetProcessing": 0,
2026-06-16T09:22:52.1133801+09:00     "inserted": 1,
2026-06-16T09:22:52.1153872+09:00     "scanned": 14,
2026-06-16T09:22:52.1173867+09:00     "stale": {
2026-06-16T09:22:52.1193881+09:00       "scanned": 14,
2026-06-16T09:22:52.1219064+09:00       "staleDetected": 0,
2026-06-16T09:22:52.1244228+09:00       "rolledBack": 0,
2026-06-16T09:22:52.1274251+09:00       "skippedCap": 0,
2026-06-16T09:22:52.1294247+09:00       "dryRun": false,
2026-06-16T09:22:52.1325597+09:00       "actions": []
2026-06-16T09:22:52.1348393+09:00     }
2026-06-16T09:22:52.1358376+09:00   },
2026-06-16T09:22:52.1378378+09:00   "dispatch": {
2026-06-16T09:22:52.1398404+09:00     "claimed": 2,
2026-06-16T09:22:52.1413550+09:00     "done": 2,
2026-06-16T09:22:52.1443575+09:00     "failed": 0
2026-06-16T09:22:52.1453567+09:00   },
2026-06-16T09:22:52.1473599+09:00   "step4_poll": {
2026-06-16T09:22:52.1493578+09:00     "scanned": 14,
2026-06-16T09:22:52.1508636+09:00     "awaiting": 2,
2026-06-16T09:22:52.1518783+09:00     "polled": 0,
2026-06-16T09:22:52.1543933+09:00     "picks_applied": 0,
2026-06-16T09:22:52.1553925+09:00     "pick_errors": 0,
2026-06-16T09:22:52.1573920+09:00     "timeouts": 0,
2026-06-16T09:22:52.1583929+09:00     "skipped": 0,
2026-06-16T09:22:52.1593936+09:00     "results": [
2026-06-16T09:22:52.1619132+09:00       {
2026-06-16T09:22:52.1645863+09:00         "task_id": "daily-20260615-r02",
2026-06-16T09:22:52.1661801+09:00         "result": {
2026-06-16T09:22:52.1677494+09:00           "outcome": "no_new_messages"
2026-06-16T09:22:52.1693572+09:00         }
2026-06-16T09:22:52.1714685+09:00       },
2026-06-16T09:22:52.1730740+09:00       {
2026-06-16T09:22:52.1741350+09:00         "task_id": "daily-20260616-r01",
2026-06-16T09:22:52.1761433+09:00         "result": {
2026-06-16T09:22:52.1781428+09:00           "outcome": "no_new_messages"
2026-06-16T09:22:52.1801445+09:00         }
2026-06-16T09:22:52.1811432+09:00       }
2026-06-16T09:22:52.1835089+09:00     ]
2026-06-16T09:22:52.1855107+09:00   },
2026-06-16T09:22:52.1875127+09:00   "step7_retry_poll": {
2026-06-16T09:22:52.1885126+09:00     "scanned": 14,
2026-06-16T09:22:52.1895099+09:00     "eligible": 10,
2026-06-16T09:22:52.1920263+09:00     "polled": 0,
2026-06-16T09:22:52.1940257+09:00     "retries_triggered": 0,
2026-06-16T09:22:52.1960280+09:00     "retry_errors": 0,
2026-06-16T09:22:52.1975356+09:00     "skipped": 0,
2026-06-16T09:22:52.1985444+09:00     "results": []
2026-06-16T09:22:52.1995451+09:00   }
2026-06-16T09:22:52.2020687+09:00 }
2026-06-16T09:22:52.2050679+09:00 OK run-once finished
2026-06-16T09:27:47.7598170+09:00 START dispatch-run-once
2026-06-16T09:27:48.2173539+09:00 
2026-06-16T09:27:48.2183875+09:00 > orchestrator
2026-06-16T09:27:48.2209431+09:00 > tsx src/cli/orchestrator.ts run-once --limit 10
2026-06-16T09:27:48.2239429+09:00 
2026-06-16T09:27:51.8799012+09:00 {
2026-06-16T09:27:51.8854601+09:00   "ensure_daily": {
2026-06-16T09:27:51.8899742+09:00     "runs": [
2026-06-16T09:27:51.8939915+09:00       {
2026-06-16T09:27:51.8969921+09:00         "run_id": "r01",
2026-06-16T09:27:51.8999875+09:00         "action": "skipped_exists",
2026-06-16T09:27:51.9030400+09:00         "taskId": "daily-20260616-r01"
2026-06-16T09:27:51.9060396+09:00       },
2026-06-16T09:27:51.9080411+09:00       {
2026-06-16T09:27:51.9289120+09:00         "run_id": "r02",
2026-06-16T09:27:51.9315466+09:00         "action": "not_due",
2026-06-16T09:27:51.9336427+09:00         "taskId": "daily-20260616-r02",
2026-06-16T09:27:51.9362943+09:00         "reason": "jst_hour=9"
2026-06-16T09:27:51.9383041+09:00       },
2026-06-16T09:27:51.9423227+09:00       {
2026-06-16T09:27:51.9453354+09:00         "run_id": "r03",
2026-06-16T09:27:51.9483342+09:00         "action": "not_due",
2026-06-16T09:27:51.9508532+09:00         "taskId": "daily-20260616-r03",
2026-06-16T09:27:51.9533685+09:00         "reason": "jst_hour=9"
2026-06-16T09:27:51.9553696+09:00       }
2026-06-16T09:27:51.9583678+09:00     ]
2026-06-16T09:27:51.9623967+09:00   },
2026-06-16T09:27:51.9644094+09:00   "reconcile": {
2026-06-16T09:27:51.9674106+09:00     "resetProcessing": 0,
2026-06-16T09:27:51.9699243+09:00     "inserted": 2,
2026-06-16T09:27:51.9719341+09:00     "scanned": 14,
2026-06-16T09:27:51.9749427+09:00     "stale": {
2026-06-16T09:27:51.9779421+09:00       "scanned": 14,
2026-06-16T09:27:51.9804510+09:00       "staleDetected": 0,
2026-06-16T09:27:51.9829643+09:00       "rolledBack": 0,
2026-06-16T09:27:51.9859674+09:00       "skippedCap": 0,
2026-06-16T09:27:51.9879649+09:00       "dryRun": false,
2026-06-16T09:27:51.9904758+09:00       "actions": []
2026-06-16T09:27:51.9929923+09:00     }
2026-06-16T09:27:51.9959900+09:00   },
2026-06-16T09:27:51.9989894+09:00   "dispatch": {
2026-06-16T09:27:52.0019999+09:00     "claimed": 2,
2026-06-16T09:27:52.0050075+09:00     "done": 2,
2026-06-16T09:27:52.0070071+09:00     "failed": 0
2026-06-16T09:27:52.0090065+09:00   },
2026-06-16T09:27:52.0120183+09:00   "step4_poll": {
2026-06-16T09:27:52.0140267+09:00     "scanned": 14,
2026-06-16T09:27:52.0160239+09:00     "awaiting": 2,
2026-06-16T09:27:52.0190247+09:00     "polled": 0,
2026-06-16T09:27:52.0212013+09:00     "picks_applied": 0,
2026-06-16T09:27:52.0242167+09:00     "pick_errors": 0,
2026-06-16T09:27:52.0262152+09:00     "timeouts": 0,
2026-06-16T09:27:52.0282166+09:00     "skipped": 0,
2026-06-16T09:27:52.0307256+09:00     "results": [
2026-06-16T09:27:52.0327390+09:00       {
2026-06-16T09:27:52.0347462+09:00         "task_id": "daily-20260615-r02",
2026-06-16T09:27:52.0367464+09:00         "result": {
2026-06-16T09:27:52.0387476+09:00           "outcome": "no_new_messages"
2026-06-16T09:27:52.0412625+09:00         }
2026-06-16T09:27:52.0432650+09:00       },
2026-06-16T09:27:52.0452624+09:00       {
2026-06-16T09:27:52.0472648+09:00         "task_id": "daily-20260616-r01",
2026-06-16T09:27:52.0482662+09:00         "result": {
2026-06-16T09:27:52.0502639+09:00           "outcome": "no_new_messages"
2026-06-16T09:27:52.0507720+09:00         }
2026-06-16T09:27:52.0532851+09:00       }
2026-06-16T09:27:52.0552878+09:00     ]
2026-06-16T09:27:52.0562871+09:00   },
2026-06-16T09:27:52.0582858+09:00   "step7_retry_poll": {
2026-06-16T09:27:52.0608094+09:00     "scanned": 14,
2026-06-16T09:27:52.0633299+09:00     "eligible": 10,
2026-06-16T09:27:52.0643350+09:00     "polled": 0,
2026-06-16T09:27:52.0673326+09:00     "retries_triggered": 0,
2026-06-16T09:27:52.0683312+09:00     "retry_errors": 0,
2026-06-16T09:27:52.0708476+09:00     "skipped": 0,
2026-06-16T09:27:52.0723563+09:00     "results": []
2026-06-16T09:27:52.0743691+09:00   }
2026-06-16T09:27:52.0763656+09:00 }
2026-06-16T09:27:52.0783634+09:00 OK run-once finished
2026-06-16T09:32:48.1987181+09:00 START dispatch-run-once
2026-06-16T09:32:48.5941090+09:00 
2026-06-16T09:32:48.5961103+09:00 > orchestrator
2026-06-16T09:32:48.5971113+09:00 > tsx src/cli/orchestrator.ts run-once --limit 10
2026-06-16T09:32:48.5996260+09:00 
2026-06-16T09:32:50.7146164+09:00 2026-06-16T00:32:50.713Z [info] [Step5 research daily-20260616-r01/custom_96d40069a4f89204] [-] run_agent start {"timeout_ms":600000,"idempotency_key":"step5-research-daily-20260616-r01-r01-custom_96d40069a4f89204-1781569970713"}
2026-06-16T09:32:50.7176011+09:00 2026-06-16T00:32:50.714Z [info] [Step5 research daily-20260616-r01/custom_96d40069a4f89204] [-] rpc agent begin {"timeout_ms":600000}
2026-06-16T09:32:51.0528368+09:00 2026-06-16T00:32:51.052Z [info] [Step5 research daily-20260616-r01/custom_96d40069a4f89204] [-] rpc agent ok {"duration_ms":338}
2026-06-16T09:32:51.0558047+09:00 2026-06-16T00:32:51.052Z [info] [Step5 research daily-20260616-r01/custom_96d40069a4f89204] [-] rpc agent.wait begin {"timeout_ms":600000}
2026-06-16T09:33:00.4122493+09:00 2026-06-16T00:33:00.411Z [info] [Step5 research daily-20260616-r01/custom_96d40069a4f89204] [-] rpc agent.wait ok {"duration_ms":9359}
2026-06-16T09:33:00.4142518+09:00 2026-06-16T00:33:00.412Z [info] [Step5 research daily-20260616-r01/custom_96d40069a4f89204] [-] rpc chat.history begin {"timeout_ms":600000}
2026-06-16T09:33:00.4638378+09:00 2026-06-16T00:33:00.463Z [info] [Step5 research daily-20260616-r01/custom_96d40069a4f89204] [-] rpc chat.history ok {"duration_ms":51}
2026-06-16T09:33:00.4738645+09:00 2026-06-16T00:33:00.464Z [info] [Step5 research daily-20260616-r01/custom_96d40069a4f89204] [-] run_agent done {"duration_ms":9751,"gateway_run_id":"step5-research-daily-20260616-r01-r01-custom_96d40069a4f89204-1781569970713","content_chars":810}
2026-06-16T09:33:00.7830970+09:00 2026-06-16T00:33:00.781Z [info] [Step6 copy daily-20260616-r01/custom_96d40069a4f89204 attempt=1] [-] run_agent start {"timeout_ms":600000,"idempotency_key":"step6-copy-daily-20260616-r01-r01-custom_96d40069a4f89204-1781569980780-1"}
2026-06-16T09:33:00.8114914+09:00 2026-06-16T00:33:00.782Z [info] [Step6 copy daily-20260616-r01/custom_96d40069a4f89204 attempt=1] [-] rpc agent begin {"timeout_ms":600000}
2026-06-16T09:33:00.8401673+09:00 2026-06-16T00:33:00.839Z [info] [Step6 copy daily-20260616-r01/custom_96d40069a4f89204 attempt=1] [-] rpc agent ok {"duration_ms":57}
2026-06-16T09:33:00.8432149+09:00 2026-06-16T00:33:00.840Z [info] [Step6 copy daily-20260616-r01/custom_96d40069a4f89204 attempt=1] [-] rpc agent.wait begin {"timeout_ms":600000}
2026-06-16T09:33:15.6654032+09:00 2026-06-16T00:33:15.663Z [info] [Step6 copy daily-20260616-r01/custom_96d40069a4f89204 attempt=1] [-] rpc agent.wait ok {"duration_ms":14823}
2026-06-16T09:33:15.6689192+09:00 2026-06-16T00:33:15.664Z [info] [Step6 copy daily-20260616-r01/custom_96d40069a4f89204 attempt=1] [-] rpc chat.history begin {"timeout_ms":600000}
2026-06-16T09:33:15.7021791+09:00 2026-06-16T00:33:15.701Z [info] [Step6 copy daily-20260616-r01/custom_96d40069a4f89204 attempt=1] [-] rpc chat.history ok {"duration_ms":37}
2026-06-16T09:33:15.7048342+09:00 2026-06-16T00:33:15.701Z [info] [Step6 copy daily-20260616-r01/custom_96d40069a4f89204 attempt=1] [-] run_agent done {"duration_ms":14920,"gateway_run_id":"step6-copy-daily-20260616-r01-r01-custom_96d40069a4f89204-1781569980780-1","content_chars":6516}
2026-06-16T09:33:15.7078374+09:00 [content-copy] daily-20260616-r01/custom_96d40069a4f89204: CONTENT_COPY_DRAFT_LIMIT: 蟆冗ｺ｢荵ｦ (xiaohongshu) title: 19 chars, max 16; X (x) body: 275 chars, max 200 窶・retry 2/3
2026-06-16T09:33:15.7108579+09:00 2026-06-16T00:33:15.704Z [info] [Step6 copy daily-20260616-r01/custom_96d40069a4f89204 attempt=2] [-] run_agent start {"timeout_ms":600000,"idempotency_key":"step6-copy-daily-20260616-r01-r01-custom_96d40069a4f89204-1781569995704-2"}
2026-06-16T09:33:15.7138700+09:00 2026-06-16T00:33:15.704Z [info] [Step6 copy daily-20260616-r01/custom_96d40069a4f89204 attempt=2] [-] rpc agent begin {"timeout_ms":600000}
2026-06-16T09:33:15.7794689+09:00 2026-06-16T00:33:15.779Z [info] [Step6 copy daily-20260616-r01/custom_96d40069a4f89204 attempt=2] [-] rpc agent ok {"duration_ms":75}
2026-06-16T09:33:15.7829913+09:00 2026-06-16T00:33:15.779Z [info] [Step6 copy daily-20260616-r01/custom_96d40069a4f89204 attempt=2] [-] rpc agent.wait begin {"timeout_ms":600000}
2026-06-16T09:33:28.5588147+09:00 2026-06-16T00:33:28.557Z [info] [Step6 copy daily-20260616-r01/custom_96d40069a4f89204 attempt=2] [-] rpc agent.wait ok {"duration_ms":12778}
2026-06-16T09:33:28.5636145+09:00 2026-06-16T00:33:28.558Z [info] [Step6 copy daily-20260616-r01/custom_96d40069a4f89204 attempt=2] [-] rpc chat.history begin {"timeout_ms":600000}
2026-06-16T09:33:28.5951904+09:00 2026-06-16T00:33:28.594Z [info] [Step6 copy daily-20260616-r01/custom_96d40069a4f89204 attempt=2] [-] rpc chat.history ok {"duration_ms":36}
2026-06-16T09:33:28.5971914+09:00 2026-06-16T00:33:28.595Z [info] [Step6 copy daily-20260616-r01/custom_96d40069a4f89204 attempt=2] [-] run_agent done {"duration_ms":12891,"gateway_run_id":"step6-copy-daily-20260616-r01-r01-custom_96d40069a4f89204-1781569995704-2","content_chars":2510}
2026-06-16T09:33:28.6007116+09:00 [content-copy] daily-20260616-r01/custom_96d40069a4f89204: CONTENT_COPY_DRAFT_LIMIT: 蟆冗ｺ｢荵ｦ (xiaohongshu) title: 17 chars, max 16; X (x) body: 253 chars, max 200 窶・retry 3/3
2026-06-16T09:33:28.6027233+09:00 2026-06-16T00:33:28.596Z [info] [Step6 copy daily-20260616-r01/custom_96d40069a4f89204 attempt=3] [-] run_agent start {"timeout_ms":600000,"idempotency_key":"step6-copy-daily-20260616-r01-r01-custom_96d40069a4f89204-1781570008596-3"}
2026-06-16T09:33:28.6057197+09:00 2026-06-16T00:33:28.597Z [info] [Step6 copy daily-20260616-r01/custom_96d40069a4f89204 attempt=3] [-] rpc agent begin {"timeout_ms":600000}
2026-06-16T09:33:28.6657359+09:00 2026-06-16T00:33:28.665Z [info] [Step6 copy daily-20260616-r01/custom_96d40069a4f89204 attempt=3] [-] rpc agent ok {"duration_ms":68}
2026-06-16T09:33:28.6677330+09:00 2026-06-16T00:33:28.665Z [info] [Step6 copy daily-20260616-r01/custom_96d40069a4f89204 attempt=3] [-] rpc agent.wait begin {"timeout_ms":600000}
2026-06-16T09:34:15.8046010+09:00 2026-06-16T00:34:15.803Z [info] [Step6 copy daily-20260616-r01/custom_96d40069a4f89204 attempt=3] [-] rpc agent.wait ok {"duration_ms":47138}
2026-06-16T09:34:15.8066040+09:00 2026-06-16T00:34:15.804Z [info] [Step6 copy daily-20260616-r01/custom_96d40069a4f89204 attempt=3] [-] rpc chat.history begin {"timeout_ms":600000}
2026-06-16T09:34:15.8469740+09:00 2026-06-16T00:34:15.847Z [info] [Step6 copy daily-20260616-r01/custom_96d40069a4f89204 attempt=3] [-] rpc chat.history ok {"duration_ms":43}
2026-06-16T09:34:15.8504937+09:00 2026-06-16T00:34:15.847Z [info] [Step6 copy daily-20260616-r01/custom_96d40069a4f89204 attempt=3] [-] run_agent done {"duration_ms":47251,"gateway_run_id":"step6-copy-daily-20260616-r01-r01-custom_96d40069a4f89204-1781570008596-3","content_chars":2505}
2026-06-16T09:34:15.8534903+09:00 [content-copy] daily-20260616-r01/custom_96d40069a4f89204: limits still exceeded after 3 attempts; applied local clamp (CONTENT_COPY_DRAFT_LIMIT: X (x) body: 262 chars, max 200)
2026-06-16T09:34:45.9226073+09:00 [2026-06-16T00:34:45.922Z] 蠑蟋句書蟶・mode=post platform=xiaohongshu profile=default job=C:\Users\compu\.openclaw\publish-system\data\tasks\daily-20260616-r01\publish\publish_job_20260616_r01.json
2026-06-16T09:37:48.2462922+09:00 START dispatch-run-once
2026-06-16T09:37:48.7486738+09:00 
2026-06-16T09:37:48.7506812+09:00 > orchestrator
2026-06-16T09:37:48.7526821+09:00 > tsx src/cli/orchestrator.ts run-once --limit 10
2026-06-16T09:37:48.7546860+09:00 
2026-06-16T09:37:52.2712143+09:00 {
2026-06-16T09:37:52.2787447+09:00   "ensure_daily": {
2026-06-16T09:37:52.2842734+09:00     "runs": [
2026-06-16T09:37:52.2877825+09:00       {
2026-06-16T09:37:52.2917934+09:00         "run_id": "r01",
2026-06-16T09:37:52.2947960+09:00         "action": "skipped_exists",
2026-06-16T09:37:52.2967951+09:00         "taskId": "daily-20260616-r01"
2026-06-16T09:37:52.3011818+09:00       },
2026-06-16T09:37:52.3041786+09:00       {
2026-06-16T09:37:52.3277146+09:00         "run_id": "r02",
2026-06-16T09:37:52.3297585+09:00         "action": "not_due",
2026-06-16T09:37:52.3337632+09:00         "taskId": "daily-20260616-r02",
2026-06-16T09:37:52.3357608+09:00         "reason": "jst_hour=9"
2026-06-16T09:37:52.3377614+09:00       },
2026-06-16T09:37:52.3408796+09:00       {
2026-06-16T09:37:52.3438813+09:00         "run_id": "r03",
2026-06-16T09:37:52.3458819+09:00         "action": "not_due",
2026-06-16T09:37:52.3499539+09:00         "taskId": "daily-20260616-r03",
2026-06-16T09:37:52.3519545+09:00         "reason": "jst_hour=9"
2026-06-16T09:37:52.3539539+09:00       }
2026-06-16T09:37:52.3559555+09:00     ]
2026-06-16T09:37:52.3590082+09:00   },
2026-06-16T09:37:52.3610063+09:00   "reconcile": {
2026-06-16T09:37:52.3630064+09:00     "resetProcessing": 0,
2026-06-16T09:37:52.3660066+09:00     "inserted": 0,
2026-06-16T09:37:52.3685348+09:00     "scanned": 14,
2026-06-16T09:37:52.3700420+09:00     "stale": {
2026-06-16T09:37:52.3720498+09:00       "scanned": 14,
2026-06-16T09:37:52.3750499+09:00       "staleDetected": 0,
2026-06-16T09:37:52.3775605+09:00       "rolledBack": 0,
2026-06-16T09:37:52.3800760+09:00       "skippedCap": 0,
2026-06-16T09:37:52.3815885+09:00       "dryRun": false,
2026-06-16T09:37:52.3845897+09:00       "actions": []
2026-06-16T09:37:52.3855884+09:00     }
2026-06-16T09:37:52.3875907+09:00   },
2026-06-16T09:37:52.3901580+09:00   "dispatch": {
2026-06-16T09:37:52.3921671+09:00     "claimed": 7,
2026-06-16T09:37:52.3941668+09:00     "done": 7,
2026-06-16T09:37:52.3961671+09:00     "failed": 0
2026-06-16T09:37:52.3976750+09:00   },
2026-06-16T09:37:52.3996850+09:00   "step4_poll": {
2026-06-16T09:37:52.4016934+09:00     "scanned": 14,
2026-06-16T09:37:52.4036941+09:00     "awaiting": 1,
2026-06-16T09:37:52.4046922+09:00     "polled": 0,
2026-06-16T09:37:52.4066926+09:00     "picks_applied": 0,
2026-06-16T09:37:52.4097784+09:00     "pick_errors": 0,
2026-06-16T09:37:52.4118539+09:00     "timeouts": 0,
2026-06-16T09:37:52.4133894+09:00     "skipped": 0,
2026-06-16T09:37:52.4143873+09:00     "results": [
2026-06-16T09:37:52.4163892+09:00       {
2026-06-16T09:37:52.4189032+09:00         "task_id": "daily-20260615-r02",
2026-06-16T09:37:52.4209107+09:00         "result": {
2026-06-16T09:37:52.4219098+09:00           "outcome": "no_new_messages"
2026-06-16T09:37:52.4249135+09:00         }
2026-06-16T09:37:52.4269111+09:00       }
2026-06-16T09:37:52.4293116+09:00     ]
2026-06-16T09:37:52.4303108+09:00   },
2026-06-16T09:37:52.4333116+09:00   "step7_retry_poll": {
2026-06-16T09:37:52.4343097+09:00     "scanned": 14,
2026-06-16T09:37:52.4363099+09:00     "eligible": 10,
2026-06-16T09:37:52.4378176+09:00     "polled": 0,
2026-06-16T09:37:52.4398358+09:00     "retries_triggered": 0,
2026-06-16T09:37:52.4418253+09:00     "retry_errors": 0,
2026-06-16T09:37:52.4438255+09:00     "skipped": 0,
2026-06-16T09:37:52.4458256+09:00     "results": []
2026-06-16T09:37:52.4468248+09:00   }
2026-06-16T09:37:52.4491327+09:00 }
2026-06-16T09:37:52.4511393+09:00 OK run-once finished
2026-06-16T09:38:51.5260677+09:00 [2026-06-16T00:38:51.525Z] 逋ｻ蠖墓∝ｷｲ菫晏ｭ・ C:\Users\compu\.openclaw\publish-system\data\auth\xiaohongshu\default\state.json
2026-06-16T09:38:51.7148526+09:00 [2026-06-16T00:38:51.714Z] 扈捺棡蟾ｲ菫晏ｭ・ C:\Users\compu\.openclaw\publish-system\logs\task\daily-20260616-r01\xiaohongshu\default\result.json
2026-06-16T09:38:51.7173574+09:00 [2026-06-16T00:38:51.716Z] 蠑蟋句書蟶・mode=post platform=facebook profile=default job=C:\Users\compu\.openclaw\publish-system\data\tasks\daily-20260616-r01\publish\publish_job_20260616_r01.json
2026-06-16T09:42:47.0536531+09:00 START dispatch-run-once
2026-06-16T09:42:47.5832832+09:00 
2026-06-16T09:42:47.5852862+09:00 > orchestrator
2026-06-16T09:42:47.5878008+09:00 > tsx src/cli/orchestrator.ts run-once --limit 10
2026-06-16T09:42:47.5898080+09:00 
2026-06-16T09:42:51.0173469+09:00 {
2026-06-16T09:42:51.0198635+09:00   "ensure_daily": {
2026-06-16T09:42:51.0218633+09:00     "runs": [
2026-06-16T09:42:51.0238646+09:00       {
2026-06-16T09:42:51.0268632+09:00         "run_id": "r01",
2026-06-16T09:42:51.0288744+09:00         "action": "skipped_exists",
2026-06-16T09:42:51.0308837+09:00         "taskId": "daily-20260616-r01"
2026-06-16T09:42:51.0318823+09:00       },
2026-06-16T09:42:51.0348836+09:00       {
2026-06-16T09:42:51.0530264+09:00         "run_id": "r02",
2026-06-16T09:42:51.0550263+09:00         "action": "not_due",
2026-06-16T09:42:51.0565326+09:00         "taskId": "daily-20260616-r02",
2026-06-16T09:42:51.0600573+09:00         "reason": "jst_hour=9"
2026-06-16T09:42:51.0620576+09:00       },
2026-06-16T09:42:51.0630568+09:00       {
2026-06-16T09:42:51.0650609+09:00         "run_id": "r03",
2026-06-16T09:42:51.0675758+09:00         "action": "not_due",
2026-06-16T09:42:51.0700886+09:00         "taskId": "daily-20260616-r03",
2026-06-16T09:42:51.0720918+09:00         "reason": "jst_hour=9"
2026-06-16T09:42:51.0741226+09:00       }
2026-06-16T09:42:51.0765949+09:00     ]
2026-06-16T09:42:51.0776026+09:00   },
2026-06-16T09:42:51.0796019+09:00   "reconcile": {
2026-06-16T09:42:51.0806019+09:00     "resetProcessing": 0,
2026-06-16T09:42:51.0826016+09:00     "inserted": 1,
2026-06-16T09:42:51.0836018+09:00     "scanned": 14,
2026-06-16T09:42:51.0856010+09:00     "stale": {
2026-06-16T09:42:51.0866009+09:00       "scanned": 14,
2026-06-16T09:42:51.0886995+09:00       "staleDetected": 0,
2026-06-16T09:42:51.0906972+09:00       "rolledBack": 0,
2026-06-16T09:42:51.0926996+09:00       "skippedCap": 0,
2026-06-16T09:42:51.0946994+09:00       "dryRun": false,
2026-06-16T09:42:51.0957000+09:00       "actions": []
2026-06-16T09:42:51.0972114+09:00     }
2026-06-16T09:42:51.0997731+09:00   },
2026-06-16T09:42:51.1007698+09:00   "dispatch": {
2026-06-16T09:42:51.1017712+09:00     "claimed": 1,
2026-06-16T09:42:51.1042762+09:00     "done": 1,
2026-06-16T09:42:51.1052769+09:00     "failed": 0
2026-06-16T09:42:51.1078230+09:00   },
2026-06-16T09:42:51.1098294+09:00   "step4_poll": {
2026-06-16T09:42:51.1108293+09:00     "scanned": 14,
2026-06-16T09:42:51.1118274+09:00     "awaiting": 1,
2026-06-16T09:42:51.1138291+09:00     "polled": 0,
2026-06-16T09:42:51.1148287+09:00     "picks_applied": 0,
2026-06-16T09:42:51.1158277+09:00     "pick_errors": 0,
2026-06-16T09:42:51.1181063+09:00     "timeouts": 0,
2026-06-16T09:42:51.1201073+09:00     "skipped": 0,
2026-06-16T09:42:51.1211059+09:00     "results": [
2026-06-16T09:42:51.1231065+09:00       {
2026-06-16T09:42:51.1241052+09:00         "task_id": "daily-20260615-r02",
2026-06-16T09:42:51.1251068+09:00         "result": {
2026-06-16T09:42:51.1266130+09:00           "outcome": "no_new_messages"
2026-06-16T09:42:51.1286206+09:00         }
2026-06-16T09:42:51.1296196+09:00       }
2026-06-16T09:42:51.1316189+09:00     ]
2026-06-16T09:42:51.1326194+09:00   },
2026-06-16T09:42:51.1336209+09:00   "step7_retry_poll": {
2026-06-16T09:42:51.1356208+09:00     "scanned": 14,
2026-06-16T09:42:51.1366198+09:00     "eligible": 10,
2026-06-16T09:42:51.1388335+09:00     "polled": 0,
2026-06-16T09:42:51.1398322+09:00     "retries_triggered": 0,
2026-06-16T09:42:51.1418335+09:00     "retry_errors": 0,
2026-06-16T09:42:51.1428333+09:00     "skipped": 0,
2026-06-16T09:42:51.1448344+09:00     "results": []
2026-06-16T09:42:51.1458330+09:00   }
2026-06-16T09:42:51.1468332+09:00 }
2026-06-16T09:42:51.1488744+09:00 OK run-once finished
2026-06-16T09:45:04.5227877+09:00 [2026-06-16T00:45:04.521Z] 逋ｻ蠖墓∝ｷｲ菫晏ｭ・ C:\Users\compu\.openclaw\publish-system\data\auth\facebook\default\state.json
2026-06-16T09:45:05.0233537+09:00 [2026-06-16T00:45:05.022Z] 扈捺棡蟾ｲ菫晏ｭ・ C:\Users\compu\.openclaw\publish-system\logs\task\daily-20260616-r01\facebook\default\result.json
2026-06-16T09:45:05.0268775+09:00 [2026-06-16T00:45:05.025Z] 蠑蟋句書蟶・mode=post platform=x profile=default job=C:\Users\compu\.openclaw\publish-system\data\tasks\daily-20260616-r01\publish\publish_job_20260616_r01.json
2026-06-16T09:46:11.6802673+09:00 [2026-06-16T00:46:11.679Z] 逋ｻ蠖墓∝ｷｲ菫晏ｭ・ C:\Users\compu\.openclaw\publish-system\data\auth\x\default\state.json
2026-06-16T09:46:12.0292409+09:00 [2026-06-16T00:46:12.028Z] 扈捺棡蟾ｲ菫晏ｭ・ C:\Users\compu\.openclaw\publish-system\logs\task\daily-20260616-r01\x\default\result.json
2026-06-16T09:46:12.0317707+09:00 [2026-06-16T00:46:12.030Z] 蠑蟋句書蟶・mode=post platform=instagram profile=default job=C:\Users\compu\.openclaw\publish-system\data\tasks\daily-20260616-r01\publish\publish_job_20260616_r01.json
2026-06-16T09:47:54.2486880+09:00 START dispatch-run-once
2026-06-16T09:47:54.6679076+09:00 
2026-06-16T09:47:54.6699207+09:00 > orchestrator
2026-06-16T09:47:54.6729190+09:00 > tsx src/cli/orchestrator.ts run-once --limit 10
2026-06-16T09:47:54.6754326+09:00 
2026-06-16T09:47:55.8704283+09:00 [2026-06-16T00:47:55.869Z] 逋ｻ蠖墓∝ｷｲ菫晏ｭ・ C:\Users\compu\.openclaw\publish-system\data\auth\instagram\default\state.json
2026-06-16T09:47:56.2906587+09:00 [2026-06-16T00:47:56.290Z] 扈捺棡蟾ｲ菫晏ｭ・ C:\Users\compu\.openclaw\publish-system\logs\task\daily-20260616-r01\instagram\default\result.json
2026-06-16T09:47:58.8488460+09:00 {
2026-06-16T09:47:58.8508466+09:00   "ensure_daily": {
2026-06-16T09:47:58.8528442+09:00     "runs": [
2026-06-16T09:47:58.8558852+09:00       {
2026-06-16T09:47:58.8588981+09:00         "run_id": "r01",
2026-06-16T09:47:58.8619014+09:00         "action": "skipped_exists",
2026-06-16T09:47:58.8638980+09:00         "taskId": "daily-20260616-r01"
2026-06-16T09:47:58.8654073+09:00       },
2026-06-16T09:47:58.8679224+09:00       {
2026-06-16T09:47:58.8895107+09:00         "run_id": "r02",
2026-06-16T09:47:58.8915119+09:00         "action": "not_due",
2026-06-16T09:47:58.8935108+09:00         "taskId": "daily-20260616-r02",
2026-06-16T09:47:58.8960189+09:00         "reason": "jst_hour=9"
2026-06-16T09:47:58.8985331+09:00       },
2026-06-16T09:47:58.9005372+09:00       {
2026-06-16T09:47:58.9035320+09:00         "run_id": "r03",
2026-06-16T09:47:58.9066823+09:00         "action": "not_due",
2026-06-16T09:47:58.9086878+09:00         "taskId": "daily-20260616-r03",
2026-06-16T09:47:58.9106895+09:00         "reason": "jst_hour=9"
2026-06-16T09:47:58.9130225+09:00       }
2026-06-16T09:47:58.9140236+09:00     ]
2026-06-16T09:47:58.9155301+09:00   },
2026-06-16T09:47:58.9175388+09:00   "reconcile": {
2026-06-16T09:47:58.9185395+09:00     "resetProcessing": 0,
2026-06-16T09:47:58.9205372+09:00     "inserted": 1,
2026-06-16T09:47:58.9225387+09:00     "scanned": 14,
2026-06-16T09:47:58.9235380+09:00     "stale": {
2026-06-16T09:47:58.9255386+09:00       "scanned": 14,
2026-06-16T09:47:58.9275558+09:00       "staleDetected": 0,
2026-06-16T09:47:58.9285624+09:00       "rolledBack": 0,
2026-06-16T09:47:58.9305615+09:00       "skippedCap": 0,
2026-06-16T09:47:58.9325648+09:00       "dryRun": false,
2026-06-16T09:47:58.9335638+09:00       "actions": []
2026-06-16T09:47:58.9360696+09:00     }
2026-06-16T09:47:58.9385900+09:00   },
2026-06-16T09:47:58.9393457+09:00   "dispatch": {
2026-06-16T09:47:58.9413527+09:00     "claimed": 3,
2026-06-16T09:47:58.9423517+09:00     "done": 3,
2026-06-16T09:47:58.9443518+09:00     "failed": 0
2026-06-16T09:47:58.9453512+09:00   },
2026-06-16T09:47:58.9474662+09:00   "step4_poll": {
2026-06-16T09:47:58.9484637+09:00     "scanned": 14,
2026-06-16T09:47:58.9494644+09:00     "awaiting": 1,
2026-06-16T09:47:58.9514656+09:00     "polled": 0,
2026-06-16T09:47:58.9524666+09:00     "picks_applied": 0,
2026-06-16T09:47:58.9550996+09:00     "pick_errors": 0,
2026-06-16T09:47:58.9566584+09:00     "timeouts": 0,
2026-06-16T09:47:58.9582232+09:00     "skipped": 0,
2026-06-16T09:47:58.9597958+09:00     "results": [
2026-06-16T09:47:58.9613632+09:00       {
2026-06-16T09:47:58.9624031+09:00         "task_id": "daily-20260615-r02",
2026-06-16T09:47:58.9639664+09:00         "result": {
2026-06-16T09:47:58.9655209+09:00           "outcome": "no_new_messages"
2026-06-16T09:47:58.9665288+09:00         }
2026-06-16T09:47:58.9685285+09:00       }
2026-06-16T09:47:58.9695264+09:00     ]
2026-06-16T09:47:58.9715277+09:00   },
2026-06-16T09:47:58.9735285+09:00   "step7_retry_poll": {
2026-06-16T09:47:58.9745281+09:00     "scanned": 14,
2026-06-16T09:47:58.9768648+09:00     "eligible": 11,
2026-06-16T09:47:58.9778616+09:00     "polled": 0,
2026-06-16T09:47:58.9798616+09:00     "retries_triggered": 0,
2026-06-16T09:47:58.9808622+09:00     "retry_errors": 0,
2026-06-16T09:47:58.9818598+09:00     "skipped": 0,
2026-06-16T09:47:58.9838615+09:00     "results": []
2026-06-16T09:47:58.9853681+09:00   }
2026-06-16T09:47:58.9863745+09:00 }
2026-06-16T09:47:58.9888867+09:00 OK run-once finished
2026-06-16T09:47:59.7844131+09:00 {
2026-06-16T09:47:59.7908569+09:00   "ensure_daily": {
2026-06-16T09:47:59.7963947+09:00     "runs": [
2026-06-16T09:47:59.7999310+09:00       {
2026-06-16T09:47:59.8029284+09:00         "run_id": "r01",
2026-06-16T09:47:59.8064516+09:00         "action": "skipped_exists",
2026-06-16T09:47:59.8089698+09:00         "taskId": "daily-20260616-r01"
2026-06-16T09:47:59.8109709+09:00       },
2026-06-16T09:47:59.8139662+09:00       {
2026-06-16T09:47:59.8154731+09:00         "run_id": "r02",
2026-06-16T09:47:59.8184903+09:00         "action": "not_due",
2026-06-16T09:47:59.8204922+09:00         "taskId": "daily-20260616-r02",
2026-06-16T09:47:59.8224916+09:00         "reason": "jst_hour=9"
2026-06-16T09:47:59.8247594+09:00       },
2026-06-16T09:47:59.8277768+09:00       {
2026-06-16T09:47:59.8297760+09:00         "run_id": "r03",
2026-06-16T09:47:59.8307749+09:00         "action": "not_due",
2026-06-16T09:47:59.8337764+09:00         "taskId": "daily-20260616-r03",
2026-06-16T09:47:59.8357757+09:00         "reason": "jst_hour=9"
2026-06-16T09:47:59.8380827+09:00       }
2026-06-16T09:47:59.8400821+09:00     ]
2026-06-16T09:47:59.8420849+09:00   },
2026-06-16T09:47:59.8430834+09:00   "reconcile": {
2026-06-16T09:47:59.8455908+09:00     "resetProcessing": 0,
2026-06-16T09:47:59.8465970+09:00     "inserted": 3,
2026-06-16T09:47:59.8485977+09:00     "scanned": 14,
2026-06-16T09:47:59.8495977+09:00     "stale": {
2026-06-16T09:47:59.8515989+09:00       "scanned": 14,
2026-06-16T09:47:59.8525982+09:00       "staleDetected": 0,
2026-06-16T09:47:59.8545976+09:00       "rolledBack": 0,
2026-06-16T09:47:59.8561023+09:00       "skippedCap": 0,
2026-06-16T09:47:59.8576083+09:00       "dryRun": false,
2026-06-16T09:47:59.8596185+09:00       "actions": []
2026-06-16T09:47:59.8616488+09:00     }
2026-06-16T09:47:59.8626157+09:00   },
2026-06-16T09:47:59.8646507+09:00   "dispatch": {
2026-06-16T09:47:59.8661590+09:00     "claimed": 4,
2026-06-16T09:47:59.8661590+09:00     "done": 4,
2026-06-16T09:47:59.8686715+09:00     "failed": 0
2026-06-16T09:47:59.8696707+09:00   },
2026-06-16T09:47:59.8716717+09:00   "step4_poll": {
2026-06-16T09:47:59.8726722+09:00     "scanned": 14,
2026-06-16T09:47:59.8746738+09:00     "awaiting": 2,
2026-06-16T09:47:59.8767604+09:00     "polled": 1,
2026-06-16T09:47:59.8787608+09:00     "picks_applied": 1,
2026-06-16T09:47:59.8797595+09:00     "pick_errors": 0,
2026-06-16T09:47:59.8817606+09:00     "timeouts": 0,
2026-06-16T09:47:59.8827613+09:00     "skipped": 0,
2026-06-16T09:47:59.8837603+09:00     "results": [
2026-06-16T09:47:59.8857609+09:00       {
2026-06-16T09:47:59.8862671+09:00         "task_id": "daily-20260615-r02",
2026-06-16T09:47:59.8887787+09:00         "result": {
2026-06-16T09:47:59.8897771+09:00           "outcome": "no_new_messages"
2026-06-16T09:47:59.8917784+09:00         }
2026-06-16T09:47:59.8927784+09:00       },
2026-06-16T09:47:59.8947785+09:00       {
2026-06-16T09:47:59.8957783+09:00         "task_id": "daily-20260616-r01",
2026-06-16T09:47:59.8962834+09:00         "result": {
2026-06-16T09:47:59.8987959+09:00           "outcome": "pick_applied",
2026-06-16T09:47:59.8997944+09:00           "task_id": "daily-20260616-r01"
2026-06-16T09:47:59.9017949+09:00         }
2026-06-16T09:47:59.9027950+09:00       }
2026-06-16T09:47:59.9037957+09:00     ]
2026-06-16T09:47:59.9063091+09:00   },
2026-06-16T09:47:59.9078151+09:00   "step7_retry_poll": {
2026-06-16T09:47:59.9098221+09:00     "scanned": 14,
2026-06-16T09:47:59.9108220+09:00     "eligible": 11,
2026-06-16T09:47:59.9118203+09:00     "polled": 0,
2026-06-16T09:47:59.9138221+09:00     "retries_triggered": 0,
2026-06-16T09:47:59.9153280+09:00     "retry_errors": 0,
2026-06-16T09:47:59.9163356+09:00     "skipped": 0,
2026-06-16T09:47:59.9178417+09:00     "results": []
2026-06-16T09:47:59.9198483+09:00   }
2026-06-16T09:47:59.9218494+09:00 }
2026-06-16T09:47:59.9278633+09:00 OK run-once finished
2026-06-16T09:52:47.6998583+09:00 START dispatch-run-once
2026-06-16T09:52:48.1174011+09:00 
2026-06-16T09:52:48.1193699+09:00 > orchestrator
2026-06-16T09:52:48.1213711+09:00 > tsx src/cli/orchestrator.ts run-once --limit 10
2026-06-16T09:52:48.1233689+09:00 
2026-06-16T09:52:51.7215004+09:00 {
2026-06-16T09:52:51.7250146+09:00   "ensure_daily": {
2026-06-16T09:52:51.7295362+09:00     "runs": [
2026-06-16T09:52:51.7325313+09:00       {
2026-06-16T09:52:51.7358282+09:00         "run_id": "r01",
2026-06-16T09:52:51.7378279+09:00         "action": "skipped_exists",
2026-06-16T09:52:51.7408253+09:00         "taskId": "daily-20260616-r01"
2026-06-16T09:52:51.7428238+09:00       },
2026-06-16T09:52:51.7453350+09:00       {
2026-06-16T09:52:51.7664192+09:00         "run_id": "r02",
2026-06-16T09:52:51.7694312+09:00         "action": "not_due",
2026-06-16T09:52:51.7714261+09:00         "taskId": "daily-20260616-r02",
2026-06-16T09:52:51.7734252+09:00         "reason": "jst_hour=9"
2026-06-16T09:52:51.7758032+09:00       },
2026-06-16T09:52:51.7778272+09:00       {
2026-06-16T09:52:51.7788271+09:00         "run_id": "r03",
2026-06-16T09:52:51.7801263+09:00         "action": "not_due",
2026-06-16T09:52:51.7821322+09:00         "taskId": "daily-20260616-r03",
2026-06-16T09:52:51.7831314+09:00         "reason": "jst_hour=9"
2026-06-16T09:52:51.7856461+09:00       }
2026-06-16T09:52:51.7866529+09:00     ]
2026-06-16T09:52:51.7886514+09:00   },
2026-06-16T09:52:51.7906537+09:00   "reconcile": {
2026-06-16T09:52:51.7916519+09:00     "resetProcessing": 0,
2026-06-16T09:52:51.7936538+09:00     "inserted": 1,
2026-06-16T09:52:51.7957213+09:00     "scanned": 14,
2026-06-16T09:52:51.7967275+09:00     "stale": {
2026-06-16T09:52:51.7987285+09:00       "scanned": 14,
2026-06-16T09:52:51.8007295+09:00       "staleDetected": 0,
2026-06-16T09:52:51.8027283+09:00       "rolledBack": 0,
2026-06-16T09:52:51.8052453+09:00       "skippedCap": 0,
2026-06-16T09:52:51.8067526+09:00       "dryRun": false,
2026-06-16T09:52:51.8087605+09:00       "actions": []
2026-06-16T09:52:51.8107601+09:00     }
2026-06-16T09:52:51.8127598+09:00   },
2026-06-16T09:52:51.8142687+09:00   "dispatch": {
2026-06-16T09:52:51.8167807+09:00     "claimed": 1,
2026-06-16T09:52:51.8187926+09:00     "done": 1,
2026-06-16T09:52:51.8207871+09:00     "failed": 0
2026-06-16T09:52:51.8217890+09:00   },
2026-06-16T09:52:51.8242966+09:00   "step4_poll": {
2026-06-16T09:52:51.8253029+09:00     "scanned": 14,
2026-06-16T09:52:51.8278201+09:00     "awaiting": 1,
2026-06-16T09:52:51.8298188+09:00     "polled": 0,
2026-06-16T09:52:51.8308189+09:00     "picks_applied": 0,
2026-06-16T09:52:51.8328177+09:00     "pick_errors": 0,
2026-06-16T09:52:51.8343228+09:00     "timeouts": 0,
2026-06-16T09:52:51.8368407+09:00     "skipped": 0,
2026-06-16T09:52:51.8378474+09:00     "results": [
2026-06-16T09:52:51.8398469+09:00       {
2026-06-16T09:52:51.8418500+09:00         "task_id": "daily-20260615-r02",
2026-06-16T09:52:51.8428469+09:00         "result": {
2026-06-16T09:52:51.8453619+09:00           "outcome": "no_new_messages"
2026-06-16T09:52:51.8473675+09:00         }
2026-06-16T09:52:51.8493674+09:00       }
2026-06-16T09:52:51.8503691+09:00     ]
2026-06-16T09:52:51.8533711+09:00   },
2026-06-16T09:52:51.8563848+09:00   "step7_retry_poll": {
2026-06-16T09:52:51.8583979+09:00     "scanned": 14,
2026-06-16T09:52:51.8613975+09:00     "eligible": 11,
2026-06-16T09:52:51.8633941+09:00     "polled": 0,
2026-06-16T09:52:51.8655074+09:00     "retries_triggered": 0,
2026-06-16T09:52:51.8685075+09:00     "retry_errors": 0,
2026-06-16T09:52:51.8705074+09:00     "skipped": 0,
2026-06-16T09:52:51.8725087+09:00     "results": []
2026-06-16T09:52:51.8755515+09:00   }
2026-06-16T09:52:51.8775530+09:00 }
2026-06-16T09:52:51.8805490+09:00 OK run-once finished
2026-06-16T09:57:47.2367059+09:00 START dispatch-run-once
2026-06-16T09:57:47.6344285+09:00 
2026-06-16T09:57:47.6364377+09:00 > orchestrator
2026-06-16T09:57:47.6384722+09:00 > tsx src/cli/orchestrator.ts run-once --limit 10
2026-06-16T09:57:47.6404363+09:00 
2026-06-16T09:57:51.2519631+09:00 {
2026-06-16T09:57:51.2604645+09:00   "ensure_daily": {
2026-06-16T09:57:51.2646536+09:00     "runs": [
2026-06-16T09:57:51.2686684+09:00       {
2026-06-16T09:57:51.2731747+09:00         "run_id": "r01",
2026-06-16T09:57:51.2757011+09:00         "action": "skipped_exists",
2026-06-16T09:57:51.2787129+09:00         "taskId": "daily-20260616-r01"
2026-06-16T09:57:51.2817118+09:00       },
2026-06-16T09:57:51.2857357+09:00       {
2026-06-16T09:57:51.3053193+09:00         "run_id": "r02",
2026-06-16T09:57:51.3073173+09:00         "action": "not_due",
2026-06-16T09:57:51.3093198+09:00         "taskId": "daily-20260616-r02",
2026-06-16T09:57:51.3113202+09:00         "reason": "jst_hour=9"
2026-06-16T09:57:51.3133183+09:00       },
2026-06-16T09:57:51.3163721+09:00       {
2026-06-16T09:57:51.3173703+09:00         "run_id": "r03",
2026-06-16T09:57:51.3193716+09:00         "action": "not_due",
2026-06-16T09:57:51.3213259+09:00         "taskId": "daily-20260616-r03",
2026-06-16T09:57:51.3223228+09:00         "reason": "jst_hour=9"
2026-06-16T09:57:51.3248598+09:00       }
2026-06-16T09:57:51.3268593+09:00     ]
2026-06-16T09:57:51.3288635+09:00   },
2026-06-16T09:57:51.3298632+09:00   "reconcile": {
2026-06-16T09:57:51.3318627+09:00     "resetProcessing": 0,
2026-06-16T09:57:51.3333727+09:00     "inserted": 1,
2026-06-16T09:57:51.3363945+09:00     "scanned": 14,
2026-06-16T09:57:51.3373939+09:00     "stale": {
2026-06-16T09:57:51.3393901+09:00       "scanned": 14,
2026-06-16T09:57:51.3409062+09:00       "staleDetected": 0,
2026-06-16T09:57:51.3419078+09:00       "rolledBack": 0,
2026-06-16T09:57:51.3444242+09:00       "skippedCap": 0,
2026-06-16T09:57:51.3464254+09:00       "dryRun": false,
2026-06-16T09:57:51.3484271+09:00       "actions": []
2026-06-16T09:57:51.3504236+09:00     }
2026-06-16T09:57:51.3524255+09:00   },
2026-06-16T09:57:51.3539369+09:00   "dispatch": {
2026-06-16T09:57:51.3564568+09:00     "claimed": 1,
2026-06-16T09:57:51.3574542+09:00     "done": 1,
2026-06-16T09:57:51.3584546+09:00     "failed": 0
2026-06-16T09:57:51.3604555+09:00   },
2026-06-16T09:57:51.3614562+09:00   "step4_poll": {
2026-06-16T09:57:51.3634566+09:00     "scanned": 14,
2026-06-16T09:57:51.3649581+09:00     "awaiting": 1,
2026-06-16T09:57:51.3669581+09:00     "polled": 0,
2026-06-16T09:57:51.3679582+09:00     "picks_applied": 0,
2026-06-16T09:57:51.3689577+09:00     "pick_errors": 0,
2026-06-16T09:57:51.3709579+09:00     "timeouts": 0,
2026-06-16T09:57:51.3719587+09:00     "skipped": 0,
2026-06-16T09:57:51.3734653+09:00     "results": [
2026-06-16T09:57:51.3754748+09:00       {
2026-06-16T09:57:51.3764724+09:00         "task_id": "daily-20260615-r02",
2026-06-16T09:57:51.3784742+09:00         "result": {
2026-06-16T09:57:51.3794747+09:00           "outcome": "no_new_messages"
2026-06-16T09:57:51.3814759+09:00         }
2026-06-16T09:57:51.3834743+09:00       }
2026-06-16T09:57:51.3839848+09:00     ]
2026-06-16T09:57:51.3865025+09:00   },
2026-06-16T09:57:51.3873365+09:00   "step7_retry_poll": {
2026-06-16T09:57:51.3893460+09:00     "scanned": 14,
2026-06-16T09:57:51.3903762+09:00     "eligible": 11,
2026-06-16T09:57:51.3923788+09:00     "polled": 0,
2026-06-16T09:57:51.3938840+09:00     "retries_triggered": 0,
2026-06-16T09:57:51.3954235+09:00     "retry_errors": 0,
2026-06-16T09:57:51.3974337+09:00     "skipped": 0,
2026-06-16T09:57:51.3984318+09:00     "results": []
2026-06-16T09:57:51.4004306+09:00   }
2026-06-16T09:57:51.4014292+09:00 }
2026-06-16T09:57:51.4039367+09:00 OK run-once finished
2026-06-16T10:02:47.8206269+09:00 START dispatch-run-once
2026-06-16T10:02:48.2604483+09:00 
2026-06-16T10:02:48.2619560+09:00 > orchestrator
2026-06-16T10:02:48.2644754+09:00 > tsx src/cli/orchestrator.ts run-once --limit 10
2026-06-16T10:02:48.2664854+09:00 
2026-06-16T10:02:52.0181070+09:00 {
2026-06-16T10:02:52.0210697+09:00   "ensure_daily": {
2026-06-16T10:02:52.0245916+09:00     "runs": [
2026-06-16T10:02:52.0265895+09:00       {
2026-06-16T10:02:52.0295904+09:00         "run_id": "r01",
2026-06-16T10:02:52.0320983+09:00         "action": "skipped_exists",
2026-06-16T10:02:52.0331178+09:00         "taskId": "daily-20260616-r01"
2026-06-16T10:02:52.0366362+09:00       },
2026-06-16T10:02:52.0386348+09:00       {
2026-06-16T10:02:52.0581447+09:00         "run_id": "r02",
2026-06-16T10:02:52.0611419+09:00         "action": "not_due",
2026-06-16T10:02:52.0626482+09:00         "taskId": "daily-20260616-r02",
2026-06-16T10:02:52.0661659+09:00         "reason": "jst_hour=10"
2026-06-16T10:02:52.0681659+09:00       },
2026-06-16T10:02:52.0711654+09:00       {
2026-06-16T10:02:52.0753641+09:00         "run_id": "r03",
2026-06-16T10:02:52.0783603+09:00         "action": "not_due",
2026-06-16T10:02:52.0803591+09:00         "taskId": "daily-20260616-r03",
2026-06-16T10:02:52.0823603+09:00         "reason": "jst_hour=10"
2026-06-16T10:02:52.0855043+09:00       }
2026-06-16T10:02:52.0875036+09:00     ]
2026-06-16T10:02:52.0895030+09:00   },
2026-06-16T10:02:52.0920079+09:00   "reconcile": {
2026-06-16T10:02:52.0928292+09:00     "resetProcessing": 0,
2026-06-16T10:02:52.0953467+09:00     "inserted": 1,
2026-06-16T10:02:52.0963447+09:00     "scanned": 14,
2026-06-16T10:02:52.0983454+09:00     "stale": {
2026-06-16T10:02:52.0993469+09:00       "scanned": 14,
2026-06-16T10:02:52.1013486+09:00       "staleDetected": 0,
2026-06-16T10:02:52.1028595+09:00       "rolledBack": 0,
2026-06-16T10:02:52.1053804+09:00       "skippedCap": 0,
2026-06-16T10:02:52.1073817+09:00       "dryRun": false,
2026-06-16T10:02:52.1093777+09:00       "actions": []
2026-06-16T10:02:52.1113773+09:00     }
2026-06-16T10:02:52.1123786+09:00   },
2026-06-16T10:02:52.1145003+09:00   "dispatch": {
2026-06-16T10:02:52.1155005+09:00     "claimed": 1,
2026-06-16T10:02:52.1175001+09:00     "done": 1,
2026-06-16T10:02:52.1184997+09:00     "failed": 0
2026-06-16T10:02:52.1204992+09:00   },
2026-06-16T10:02:52.1220060+09:00   "step4_poll": {
2026-06-16T10:02:52.1230155+09:00     "scanned": 14,
2026-06-16T10:02:52.1250271+09:00     "awaiting": 1,
2026-06-16T10:02:52.1261180+09:00     "polled": 0,
2026-06-16T10:02:52.1281237+09:00     "picks_applied": 0,
2026-06-16T10:02:52.1291287+09:00     "pick_errors": 0,
2026-06-16T10:02:52.1321282+09:00     "timeouts": 0,
2026-06-16T10:02:52.1334659+09:00     "skipped": 0,
2026-06-16T10:02:52.1354735+09:00     "results": [
2026-06-16T10:02:52.1374746+09:00       {
2026-06-16T10:02:52.1384744+09:00         "task_id": "daily-20260615-r02",
2026-06-16T10:02:52.1404731+09:00         "result": {
2026-06-16T10:02:52.1429952+09:00           "outcome": "no_new_messages"
2026-06-16T10:02:52.1445029+09:00         }
2026-06-16T10:02:52.1465123+09:00       }
2026-06-16T10:02:52.1475125+09:00     ]
2026-06-16T10:02:52.1495102+09:00   },
2026-06-16T10:02:52.1505115+09:00   "step7_retry_poll": {
2026-06-16T10:02:52.1520183+09:00     "scanned": 14,
2026-06-16T10:02:52.1545332+09:00     "eligible": 11,
2026-06-16T10:02:52.1555398+09:00     "polled": 0,
2026-06-16T10:02:52.1575410+09:00     "retries_triggered": 0,
2026-06-16T10:02:52.1595425+09:00     "retry_errors": 0,
2026-06-16T10:02:52.1605413+09:00     "skipped": 0,
2026-06-16T10:02:52.1620485+09:00     "results": []
2026-06-16T10:02:52.1630569+09:00   }
2026-06-16T10:02:52.1655729+09:00 }
2026-06-16T10:02:52.1675710+09:00 OK run-once finished
2026-06-16T10:07:47.2867841+09:00 START dispatch-run-once
2026-06-16T10:07:47.6715979+09:00 
2026-06-16T10:07:47.6746037+09:00 > orchestrator
2026-06-16T10:07:47.6766014+09:00 > tsx src/cli/orchestrator.ts run-once --limit 10
2026-06-16T10:07:47.6781102+09:00 
2026-06-16T10:07:51.3792986+09:00 {
2026-06-16T10:07:51.3825206+09:00   "ensure_daily": {
2026-06-16T10:07:51.3855274+09:00     "runs": [
2026-06-16T10:07:51.3885366+09:00       {
2026-06-16T10:07:51.3910476+09:00         "run_id": "r01",
2026-06-16T10:07:51.3930666+09:00         "action": "skipped_exists",
2026-06-16T10:07:51.3960570+09:00         "taskId": "daily-20260616-r01"
2026-06-16T10:07:51.3970564+09:00       },
2026-06-16T10:07:51.3995684+09:00       {
2026-06-16T10:07:51.4186196+09:00         "run_id": "r02",
2026-06-16T10:07:51.4211338+09:00         "action": "not_due",
2026-06-16T10:07:51.4231442+09:00         "taskId": "daily-20260616-r02",
2026-06-16T10:07:51.4251760+09:00         "reason": "jst_hour=10"
2026-06-16T10:07:51.4271430+09:00       },
2026-06-16T10:07:51.4286517+09:00       {
2026-06-16T10:07:51.4296601+09:00         "run_id": "r03",
2026-06-16T10:07:51.4324978+09:00         "action": "not_due",
2026-06-16T10:07:51.4341951+09:00         "taskId": "daily-20260616-r03",
2026-06-16T10:07:51.4362365+09:00         "reason": "jst_hour=10"
2026-06-16T10:07:51.4382023+09:00       }
2026-06-16T10:07:51.4392019+09:00     ]
2026-06-16T10:07:51.4402012+09:00   },
2026-06-16T10:07:51.4417069+09:00   "reconcile": {
2026-06-16T10:07:51.4432147+09:00     "resetProcessing": 0,
2026-06-16T10:07:51.4452212+09:00     "inserted": 1,
2026-06-16T10:07:51.4462224+09:00     "scanned": 14,
2026-06-16T10:07:51.4482224+09:00     "stale": {
2026-06-16T10:07:51.4492210+09:00       "scanned": 14,
2026-06-16T10:07:51.4512225+09:00       "staleDetected": 0,
2026-06-16T10:07:51.4532783+09:00       "rolledBack": 0,
2026-06-16T10:07:51.4542775+09:00       "skippedCap": 0,
2026-06-16T10:07:51.4562787+09:00       "dryRun": false,
2026-06-16T10:07:51.4582788+09:00       "actions": []
2026-06-16T10:07:51.4592796+09:00     }
2026-06-16T10:07:51.4612787+09:00   },
2026-06-16T10:07:51.4625559+09:00   "dispatch": {
2026-06-16T10:07:51.4645565+09:00     "claimed": 1,
2026-06-16T10:07:51.4665588+09:00     "done": 1,
2026-06-16T10:07:51.4685568+09:00     "failed": 0
2026-06-16T10:07:51.4695560+09:00   },
2026-06-16T10:07:51.4710621+09:00   "step4_poll": {
2026-06-16T10:07:51.4720697+09:00     "scanned": 14,
2026-06-16T10:07:51.4740688+09:00     "awaiting": 1,
2026-06-16T10:07:51.4750726+09:00     "polled": 0,
2026-06-16T10:07:51.4770725+09:00     "picks_applied": 0,
2026-06-16T10:07:51.4795873+09:00     "pick_errors": 0,
2026-06-16T10:07:51.4810937+09:00     "timeouts": 0,
2026-06-16T10:07:51.4821041+09:00     "skipped": 0,
2026-06-16T10:07:51.4840990+09:00     "results": [
2026-06-16T10:07:51.4851007+09:00       {
2026-06-16T10:07:51.4870996+09:00         "task_id": "daily-20260615-r02",
2026-06-16T10:07:51.4886059+09:00         "result": {
2026-06-16T10:07:51.4896118+09:00           "outcome": "no_new_messages"
2026-06-16T10:07:51.4911189+09:00         }
2026-06-16T10:07:51.4931275+09:00       }
2026-06-16T10:07:51.4941259+09:00     ]
2026-06-16T10:07:51.4951250+09:00   },
2026-06-16T10:07:51.4971249+09:00   "step7_retry_poll": {
2026-06-16T10:07:51.4986334+09:00     "scanned": 14,
2026-06-16T10:07:51.4996403+09:00     "eligible": 11,
2026-06-16T10:07:51.5021583+09:00     "polled": 0,
2026-06-16T10:07:51.5031548+09:00     "retries_triggered": 0,
2026-06-16T10:07:51.5051554+09:00     "retry_errors": 0,
2026-06-16T10:07:51.5061550+09:00     "skipped": 0,
2026-06-16T10:07:51.5081560+09:00     "results": []
2026-06-16T10:07:51.5091544+09:00   }
2026-06-16T10:07:51.5101550+09:00 }
2026-06-16T10:07:51.5125384+09:00 OK run-once finished
2026-06-16T10:12:47.6343267+09:00 START dispatch-run-once
2026-06-16T10:12:48.0573782+09:00 
2026-06-16T10:12:48.0609121+09:00 > orchestrator
2026-06-16T10:12:48.0629158+09:00 > tsx src/cli/orchestrator.ts run-once --limit 10
2026-06-16T10:12:48.0659191+09:00 
2026-06-16T10:12:51.7299633+09:00 {
2026-06-16T10:12:51.7339756+09:00   "ensure_daily": {
2026-06-16T10:12:51.7374900+09:00     "runs": [
2026-06-16T10:12:51.7384872+09:00       {
2026-06-16T10:12:51.7410003+09:00         "run_id": "r01",
2026-06-16T10:12:51.7440009+09:00         "action": "skipped_exists",
2026-06-16T10:12:51.7459995+09:00         "taskId": "daily-20260616-r01"
2026-06-16T10:12:51.7480064+09:00       },
2026-06-16T10:12:51.7490058+09:00       {
2026-06-16T10:12:51.7709198+09:00         "run_id": "r02",
2026-06-16T10:12:51.7729442+09:00         "action": "not_due",
2026-06-16T10:12:51.7749445+09:00         "taskId": "daily-20260616-r02",
2026-06-16T10:12:51.7774529+09:00         "reason": "jst_hour=10"
2026-06-16T10:12:51.7799683+09:00       },
2026-06-16T10:12:51.7819753+09:00       {
2026-06-16T10:12:51.7839801+09:00         "run_id": "r03",
2026-06-16T10:12:51.7859808+09:00         "action": "not_due",
2026-06-16T10:12:51.7879841+09:00         "taskId": "daily-20260616-r03",
2026-06-16T10:12:51.7911084+09:00         "reason": "jst_hour=10"
2026-06-16T10:12:51.7931162+09:00       }
2026-06-16T10:12:51.7951125+09:00     ]
2026-06-16T10:12:51.7971130+09:00   },
2026-06-16T10:12:51.8001128+09:00   "reconcile": {
2026-06-16T10:12:51.8026403+09:00     "resetProcessing": 0,
2026-06-16T10:12:51.8046360+09:00     "inserted": 1,
2026-06-16T10:12:51.8071490+09:00     "scanned": 14,
2026-06-16T10:12:51.8091551+09:00     "stale": {
2026-06-16T10:12:51.8106590+09:00       "scanned": 14,
2026-06-16T10:12:51.8136717+09:00       "staleDetected": 0,
2026-06-16T10:12:51.8156712+09:00       "rolledBack": 0,
2026-06-16T10:12:51.8181856+09:00       "skippedCap": 0,
2026-06-16T10:12:51.8217027+09:00       "dryRun": false,
2026-06-16T10:12:51.8237116+09:00       "actions": []
2026-06-16T10:12:51.8257115+09:00     }
2026-06-16T10:12:51.8282240+09:00   },
2026-06-16T10:12:51.8302249+09:00   "dispatch": {
2026-06-16T10:12:51.8317159+09:00     "claimed": 1,
2026-06-16T10:12:51.8337237+09:00     "done": 1,
2026-06-16T10:12:51.8357251+09:00     "failed": 0
2026-06-16T10:12:51.8374620+09:00   },
2026-06-16T10:12:51.8384692+09:00   "step4_poll": {
2026-06-16T10:12:51.8409824+09:00     "scanned": 14,
2026-06-16T10:12:51.8429831+09:00     "awaiting": 1,
2026-06-16T10:12:51.8449815+09:00     "polled": 0,
2026-06-16T10:12:51.8469859+09:00     "picks_applied": 0,
2026-06-16T10:12:51.8479857+09:00     "pick_errors": 0,
2026-06-16T10:12:51.8499831+09:00     "timeouts": 0,
2026-06-16T10:12:51.8521363+09:00     "skipped": 0,
2026-06-16T10:12:51.8541357+09:00     "results": [
2026-06-16T10:12:51.8561354+09:00       {
2026-06-16T10:12:51.8571371+09:00         "task_id": "daily-20260615-r02",
2026-06-16T10:12:51.8591426+09:00         "result": {
2026-06-16T10:12:51.8606468+09:00           "outcome": "no_new_messages"
2026-06-16T10:12:51.8626585+09:00         }
2026-06-16T10:12:51.8646591+09:00       }
2026-06-16T10:12:51.8671664+09:00     ]
2026-06-16T10:12:51.8681731+09:00   },
2026-06-16T10:12:51.8701744+09:00   "step7_retry_poll": {
2026-06-16T10:12:51.8715580+09:00     "scanned": 14,
2026-06-16T10:12:51.8735571+09:00     "eligible": 11,
2026-06-16T10:12:51.8755585+09:00     "polled": 0,
2026-06-16T10:12:51.8770648+09:00     "retries_triggered": 0,
2026-06-16T10:12:51.8780717+09:00     "retry_errors": 0,
2026-06-16T10:12:51.8800707+09:00     "skipped": 0,
2026-06-16T10:12:51.8824707+09:00     "results": []
2026-06-16T10:12:51.8844703+09:00   }
2026-06-16T10:12:51.8854684+09:00 }
2026-06-16T10:12:51.8889809+09:00 OK run-once finished
2026-06-16T10:17:48.8787939+09:00 START dispatch-run-once
2026-06-16T10:17:49.3031363+09:00 
2026-06-16T10:17:49.3051373+09:00 > orchestrator
2026-06-16T10:17:49.3071357+09:00 > tsx src/cli/orchestrator.ts run-once --limit 10
2026-06-16T10:17:49.3096582+09:00 
2026-06-16T10:17:52.9238760+09:00 {
2026-06-16T10:17:52.9268754+09:00   "ensure_daily": {
2026-06-16T10:17:52.9288769+09:00     "runs": [
2026-06-16T10:17:52.9333670+09:00       {
2026-06-16T10:17:52.9358734+09:00         "run_id": "r01",
2026-06-16T10:17:52.9378791+09:00         "action": "skipped_exists",
2026-06-16T10:17:52.9434168+09:00         "taskId": "daily-20260616-r01"
2026-06-16T10:17:52.9459245+09:00       },
2026-06-16T10:17:52.9489313+09:00       {
2026-06-16T10:17:52.9778339+09:00         "run_id": "r02",
2026-06-16T10:17:52.9811785+09:00         "action": "not_due",
2026-06-16T10:17:52.9841882+09:00         "taskId": "daily-20260616-r02",
2026-06-16T10:17:52.9887026+09:00         "reason": "jst_hour=10"
2026-06-16T10:17:52.9937172+09:00       },
2026-06-16T10:17:52.9962196+09:00       {
2026-06-16T10:17:52.9997528+09:00         "run_id": "r03",
2026-06-16T10:17:53.0027510+09:00         "action": "not_due",
2026-06-16T10:17:53.0062614+09:00         "taskId": "daily-20260616-r03",
2026-06-16T10:17:53.0098214+09:00         "reason": "jst_hour=10"
2026-06-16T10:17:53.0118217+09:00       }
2026-06-16T10:17:53.0138251+09:00     ]
2026-06-16T10:17:53.0163453+09:00   },
2026-06-16T10:17:53.0198616+09:00   "reconcile": {
2026-06-16T10:17:53.0228602+09:00     "resetProcessing": 0,
2026-06-16T10:17:53.0248628+09:00     "inserted": 1,
2026-06-16T10:17:53.0268591+09:00     "scanned": 14,
2026-06-16T10:17:53.0288577+09:00     "stale": {
2026-06-16T10:17:53.0330615+09:00       "scanned": 14,
2026-06-16T10:17:53.0360558+09:00       "staleDetected": 0,
2026-06-16T10:17:53.0385695+09:00       "rolledBack": 0,
2026-06-16T10:17:53.0415783+09:00       "skippedCap": 0,
2026-06-16T10:17:53.0435773+09:00       "dryRun": false,
2026-06-16T10:17:53.0446130+09:00       "actions": []
2026-06-16T10:17:53.0486778+09:00     }
2026-06-16T10:17:53.0506877+09:00   },
2026-06-16T10:17:53.0527209+09:00   "dispatch": {
2026-06-16T10:17:53.0546859+09:00     "claimed": 1,
2026-06-16T10:17:53.0561956+09:00     "done": 1,
2026-06-16T10:17:53.0587799+09:00     "failed": 0
2026-06-16T10:17:53.0598269+09:00   },
2026-06-16T10:17:53.0617872+09:00   "step4_poll": {
2026-06-16T10:17:53.0647884+09:00     "scanned": 14,
2026-06-16T10:17:53.0668251+09:00     "awaiting": 1,
2026-06-16T10:17:53.0677870+09:00     "polled": 0,
2026-06-16T10:17:53.0700085+09:00     "picks_applied": 0,
2026-06-16T10:17:53.0710076+09:00     "pick_errors": 0,
2026-06-16T10:17:53.0730082+09:00     "timeouts": 0,
2026-06-16T10:17:53.0750082+09:00     "skipped": 0,
2026-06-16T10:17:53.0770090+09:00     "results": [
2026-06-16T10:17:53.0790105+09:00       {
2026-06-16T10:17:53.0813665+09:00         "task_id": "daily-20260615-r02",
2026-06-16T10:17:53.0833627+09:00         "result": {
2026-06-16T10:17:53.0843727+09:00           "outcome": "no_new_messages"
2026-06-16T10:17:53.0868875+09:00         }
2026-06-16T10:17:53.0888894+09:00       }
2026-06-16T10:17:53.0909325+09:00     ]
2026-06-16T10:17:53.0919324+09:00   },
2026-06-16T10:17:53.0939364+09:00   "step7_retry_poll": {
2026-06-16T10:17:53.0959334+09:00     "scanned": 14,
2026-06-16T10:17:53.0979336+09:00     "eligible": 11,
2026-06-16T10:17:53.1004423+09:00     "polled": 0,
2026-06-16T10:17:53.1014422+09:00     "retries_triggered": 0,
2026-06-16T10:17:53.1034426+09:00     "retry_errors": 0,
2026-06-16T10:17:53.1044408+09:00     "skipped": 0,
2026-06-16T10:17:53.1069570+09:00     "results": []
2026-06-16T10:17:53.1089577+09:00   }
2026-06-16T10:17:53.1104669+09:00 }
2026-06-16T10:17:53.1124683+09:00 OK run-once finished
2026-06-16T10:22:48.1221764+09:00 START dispatch-run-once
2026-06-16T10:22:48.6299353+09:00 
2026-06-16T10:22:48.6319368+09:00 > orchestrator
2026-06-16T10:22:48.6349441+09:00 > tsx src/cli/orchestrator.ts run-once --limit 10
2026-06-16T10:22:48.6359756+09:00 
2026-06-16T10:22:52.2967984+09:00 {
2026-06-16T10:22:52.3048262+09:00   "ensure_daily": {
2026-06-16T10:22:52.3068344+09:00     "runs": [
2026-06-16T10:22:52.3093394+09:00       {
2026-06-16T10:22:52.3123581+09:00         "run_id": "r01",
2026-06-16T10:22:52.3158622+09:00         "action": "skipped_exists",
2026-06-16T10:22:52.3178650+09:00         "taskId": "daily-20260616-r01"
2026-06-16T10:22:52.3211118+09:00       },
2026-06-16T10:22:52.3231107+09:00       {
2026-06-16T10:22:52.3451708+09:00         "run_id": "r02",
2026-06-16T10:22:52.3477188+09:00         "action": "not_due",
2026-06-16T10:22:52.3497254+09:00         "taskId": "daily-20260616-r02",
2026-06-16T10:22:52.3517258+09:00         "reason": "jst_hour=10"
2026-06-16T10:22:52.3537284+09:00       },
2026-06-16T10:22:52.3567252+09:00       {
2026-06-16T10:22:52.3592394+09:00         "run_id": "r03",
2026-06-16T10:22:52.3612490+09:00         "action": "not_due",
2026-06-16T10:22:52.3632455+09:00         "taskId": "daily-20260616-r03",
2026-06-16T10:22:52.3657603+09:00         "reason": "jst_hour=10"
2026-06-16T10:22:52.3682647+09:00       }
2026-06-16T10:22:52.3702801+09:00     ]
2026-06-16T10:22:52.3722758+09:00   },
2026-06-16T10:22:52.3747892+09:00   "reconcile": {
2026-06-16T10:22:52.3767999+09:00     "resetProcessing": 0,
2026-06-16T10:22:52.3777999+09:00     "inserted": 1,
2026-06-16T10:22:52.3810608+09:00     "scanned": 14,
2026-06-16T10:22:52.3830569+09:00     "stale": {
2026-06-16T10:22:52.3850630+09:00       "scanned": 14,
2026-06-16T10:22:52.3860664+09:00       "staleDetected": 0,
2026-06-16T10:22:52.3895854+09:00       "rolledBack": 0,
2026-06-16T10:22:52.3915928+09:00       "skippedCap": 0,
2026-06-16T10:22:52.3935926+09:00       "dryRun": false,
2026-06-16T10:22:52.3961092+09:00       "actions": []
2026-06-16T10:22:52.3997030+09:00     }
2026-06-16T10:22:52.4016997+09:00   },
2026-06-16T10:22:52.4036998+09:00   "dispatch": {
2026-06-16T10:22:52.4077212+09:00     "claimed": 1,
2026-06-16T10:22:52.4097273+09:00     "done": 1,
2026-06-16T10:22:52.4117297+09:00     "failed": 0
2026-06-16T10:22:52.4137292+09:00   },
2026-06-16T10:22:52.4167291+09:00   "step4_poll": {
2026-06-16T10:22:52.4182362+09:00     "scanned": 14,
2026-06-16T10:22:52.4202386+09:00     "awaiting": 1,
2026-06-16T10:22:52.4222403+09:00     "polled": 0,
2026-06-16T10:22:52.4247456+09:00     "picks_applied": 0,
2026-06-16T10:22:52.4267535+09:00     "pick_errors": 0,
2026-06-16T10:22:52.4289767+09:00     "timeouts": 0,
2026-06-16T10:22:52.4299764+09:00     "skipped": 0,
2026-06-16T10:22:52.4319772+09:00     "results": [
2026-06-16T10:22:52.4329775+09:00       {
2026-06-16T10:22:52.4349785+09:00         "task_id": "daily-20260615-r02",
2026-06-16T10:22:52.4369779+09:00         "result": {
2026-06-16T10:22:52.4390857+09:00           "outcome": "no_new_messages"
2026-06-16T10:22:52.4410929+09:00         }
2026-06-16T10:22:52.4420913+09:00       }
2026-06-16T10:22:52.4440919+09:00     ]
2026-06-16T10:22:52.4460926+09:00   },
2026-06-16T10:22:52.4475995+09:00   "step7_retry_poll": {
2026-06-16T10:22:52.4496062+09:00     "scanned": 14,
2026-06-16T10:22:52.4516077+09:00     "eligible": 11,
2026-06-16T10:22:52.4536083+09:00     "polled": 0,
2026-06-16T10:22:52.4551173+09:00     "retries_triggered": 0,
2026-06-16T10:22:52.4561232+09:00     "retry_errors": 0,
2026-06-16T10:22:52.4586370+09:00     "skipped": 0,
2026-06-16T10:22:52.4606391+09:00     "results": []
2026-06-16T10:22:52.4616376+09:00   }
2026-06-16T10:22:52.4636390+09:00 }
2026-06-16T10:22:52.4661530+09:00 OK run-once finished
2026-06-16T10:27:47.6212940+09:00 START dispatch-run-once
2026-06-16T10:27:48.1252834+09:00 
2026-06-16T10:27:48.1288054+09:00 > orchestrator
2026-06-16T10:27:48.1308039+09:00 > tsx src/cli/orchestrator.ts run-once --limit 10
2026-06-16T10:27:48.1328041+09:00 
2026-06-16T10:27:52.0766006+09:00 {
2026-06-16T10:27:52.0806485+09:00   "ensure_daily": {
2026-06-16T10:27:52.0826079+09:00     "runs": [
2026-06-16T10:27:52.0851587+09:00       {
2026-06-16T10:27:52.0876795+09:00         "run_id": "r01",
2026-06-16T10:27:52.0896798+09:00         "action": "skipped_exists",
2026-06-16T10:27:52.0916793+09:00         "taskId": "daily-20260616-r01"
2026-06-16T10:27:52.0941856+09:00       },
2026-06-16T10:27:52.0967025+09:00       {
2026-06-16T10:27:52.1157423+09:00         "run_id": "r02",
2026-06-16T10:27:52.1180225+09:00         "action": "not_due",
2026-06-16T10:27:52.1200290+09:00         "taskId": "daily-20260616-r02",
2026-06-16T10:27:52.1220292+09:00         "reason": "jst_hour=10"
2026-06-16T10:27:52.1240616+09:00       },
2026-06-16T10:27:52.1265416+09:00       {
2026-06-16T10:27:52.1295530+09:00         "run_id": "r03",
2026-06-16T10:27:52.1315520+09:00         "action": "not_due",
2026-06-16T10:27:52.1325540+09:00         "taskId": "daily-20260616-r03",
2026-06-16T10:27:52.1351001+09:00         "reason": "jst_hour=10"
2026-06-16T10:27:52.1366053+09:00       }
2026-06-16T10:27:52.1386483+09:00     ]
2026-06-16T10:27:52.1396148+09:00   },
2026-06-16T10:27:52.1426163+09:00   "reconcile": {
2026-06-16T10:27:52.1441565+09:00     "resetProcessing": 0,
2026-06-16T10:27:52.1451990+09:00     "inserted": 1,
2026-06-16T10:27:52.1467054+09:00     "scanned": 14,
2026-06-16T10:27:52.1487455+09:00     "stale": {
2026-06-16T10:27:52.1497129+09:00       "scanned": 14,
2026-06-16T10:27:52.1517150+09:00       "staleDetected": 0,
2026-06-16T10:27:52.1537148+09:00       "rolledBack": 0,
2026-06-16T10:27:52.1557142+09:00       "skippedCap": 0,
2026-06-16T10:27:52.1592416+09:00       "dryRun": false,
2026-06-16T10:27:52.1612387+09:00       "actions": []
2026-06-16T10:27:52.1622401+09:00     }
2026-06-16T10:27:52.1637471+09:00   },
2026-06-16T10:27:52.1657540+09:00   "dispatch": {
2026-06-16T10:27:52.1677306+09:00     "claimed": 1,
2026-06-16T10:27:52.1687296+09:00     "done": 1,
2026-06-16T10:27:52.1707632+09:00     "failed": 0
2026-06-16T10:27:52.1727303+09:00   },
2026-06-16T10:27:52.1747292+09:00   "step4_poll": {
2026-06-16T10:27:52.1757311+09:00     "scanned": 14,
2026-06-16T10:27:52.1780873+09:00     "awaiting": 1,
2026-06-16T10:27:52.1790862+09:00     "polled": 0,
2026-06-16T10:27:52.1810859+09:00     "picks_applied": 0,
2026-06-16T10:27:52.1820865+09:00     "pick_errors": 0,
2026-06-16T10:27:52.1830873+09:00     "timeouts": 0,
2026-06-16T10:27:52.1850874+09:00     "skipped": 0,
2026-06-16T10:27:52.1865941+09:00     "results": [
2026-06-16T10:27:52.1886013+09:00       {
2026-06-16T10:27:52.1905984+09:00         "task_id": "daily-20260615-r02",
2026-06-16T10:27:52.1926017+09:00         "result": {
2026-06-16T10:27:52.1941099+09:00           "outcome": "no_new_messages"
2026-06-16T10:27:52.1951166+09:00         }
2026-06-16T10:27:52.1976288+09:00       }
2026-06-16T10:27:52.1986296+09:00     ]
2026-06-16T10:27:52.1996274+09:00   },
2026-06-16T10:27:52.2016281+09:00   "step7_retry_poll": {
2026-06-16T10:27:52.2040684+09:00     "scanned": 14,
2026-06-16T10:27:52.2050682+09:00     "eligible": 11,
2026-06-16T10:27:52.2065759+09:00     "polled": 0,
2026-06-16T10:27:52.2085836+09:00     "retries_triggered": 0,
2026-06-16T10:27:52.2105835+09:00     "retry_errors": 0,
2026-06-16T10:27:52.2115833+09:00     "skipped": 0,
2026-06-16T10:27:52.2125862+09:00     "results": []
2026-06-16T10:27:52.2151041+09:00   }
2026-06-16T10:27:52.2151041+09:00 }
2026-06-16T10:27:52.2186177+09:00 OK run-once finished
2026-06-16T10:32:48.1193797+09:00 START dispatch-run-once
2026-06-16T10:32:48.5204722+09:00 
2026-06-16T10:32:48.5224707+09:00 > orchestrator
2026-06-16T10:32:48.5244708+09:00 > tsx src/cli/orchestrator.ts run-once --limit 10
2026-06-16T10:32:48.5267317+09:00 
2026-06-16T10:32:52.3588127+09:00 {
2026-06-16T10:32:52.3628079+09:00   "ensure_daily": {
2026-06-16T10:32:52.3658069+09:00     "runs": [
2026-06-16T10:32:52.3683245+09:00       {
2026-06-16T10:32:52.3713191+09:00         "run_id": "r01",
2026-06-16T10:32:52.3748318+09:00         "action": "skipped_exists",
2026-06-16T10:32:52.3763356+09:00         "taskId": "daily-20260616-r01"
2026-06-16T10:32:52.3793524+09:00       },
2026-06-16T10:32:52.3828603+09:00       {
2026-06-16T10:32:52.4014199+09:00         "run_id": "r02",
2026-06-16T10:32:52.4029324+09:00         "action": "not_due",
2026-06-16T10:32:52.4054457+09:00         "taskId": "daily-20260616-r02",
2026-06-16T10:32:52.4074537+09:00         "reason": "jst_hour=10"
2026-06-16T10:32:52.4104554+09:00       },
2026-06-16T10:32:52.4139756+09:00       {
2026-06-16T10:32:52.4158894+09:00         "run_id": "r03",
2026-06-16T10:32:52.4179015+09:00         "action": "not_due",
2026-06-16T10:32:52.4199034+09:00         "taskId": "daily-20260616-r03",
2026-06-16T10:32:52.4209025+09:00         "reason": "jst_hour=10"
2026-06-16T10:32:52.4229110+09:00       }
2026-06-16T10:32:52.4239088+09:00     ]
2026-06-16T10:32:52.4264228+09:00   },
2026-06-16T10:32:52.4274244+09:00   "reconcile": {
2026-06-16T10:32:52.4294209+09:00     "resetProcessing": 0,
2026-06-16T10:32:52.4304220+09:00     "inserted": 1,
2026-06-16T10:32:52.4314216+09:00     "scanned": 14,
2026-06-16T10:32:52.4339346+09:00     "stale": {
2026-06-16T10:32:52.4354408+09:00       "scanned": 14,
2026-06-16T10:32:52.4374491+09:00       "staleDetected": 0,
2026-06-16T10:32:52.4394511+09:00       "rolledBack": 0,
2026-06-16T10:32:52.4414508+09:00       "skippedCap": 0,
2026-06-16T10:32:52.4439703+09:00       "dryRun": false,
2026-06-16T10:32:52.4454776+09:00       "actions": []
2026-06-16T10:32:52.4474876+09:00     }
2026-06-16T10:32:52.4494834+09:00   },
2026-06-16T10:32:52.4504843+09:00   "dispatch": {
2026-06-16T10:32:52.4529911+09:00     "claimed": 1,
2026-06-16T10:32:52.4539978+09:00     "done": 1,
2026-06-16T10:32:52.4555057+09:00     "failed": 0
2026-06-16T10:32:52.4575123+09:00   },
2026-06-16T10:32:52.4585117+09:00   "step4_poll": {
2026-06-16T10:32:52.4605127+09:00     "scanned": 14,
2026-06-16T10:32:52.4615139+09:00     "awaiting": 1,
2026-06-16T10:32:52.4630197+09:00     "polled": 0,
2026-06-16T10:32:52.4640265+09:00     "picks_applied": 0,
2026-06-16T10:32:52.4665407+09:00     "pick_errors": 0,
2026-06-16T10:32:52.4675386+09:00     "timeouts": 0,
2026-06-16T10:32:52.4695413+09:00     "skipped": 0,
2026-06-16T10:32:52.4705388+09:00     "results": [
2026-06-16T10:32:52.4775731+09:00       {
2026-06-16T10:32:52.4795744+09:00         "task_id": "daily-20260615-r02",
2026-06-16T10:32:52.4805713+09:00         "result": {
2026-06-16T10:32:52.4825713+09:00           "outcome": "no_new_messages"
2026-06-16T10:32:52.4835710+09:00         }
2026-06-16T10:32:52.4855726+09:00       }
2026-06-16T10:32:52.4866011+09:00     ]
2026-06-16T10:32:52.4886080+09:00   },
2026-06-16T10:32:52.4906079+09:00   "step7_retry_poll": {
2026-06-16T10:32:52.4926100+09:00     "scanned": 14,
2026-06-16T10:32:52.4936077+09:00     "eligible": 11,
2026-06-16T10:32:52.4956088+09:00     "polled": 0,
2026-06-16T10:32:52.4968845+09:00     "retries_triggered": 0,
2026-06-16T10:32:52.4988850+09:00     "retry_errors": 0,
2026-06-16T10:32:52.4998836+09:00     "skipped": 0,
2026-06-16T10:32:52.5008845+09:00     "results": []
2026-06-16T10:32:52.5033997+09:00   }
2026-06-16T10:32:52.5053977+09:00 }
2026-06-16T10:32:52.5069087+09:00 OK run-once finished
2026-06-16T10:37:48.3493132+09:00 START dispatch-run-once
2026-06-16T10:37:48.8023572+09:00 
2026-06-16T10:37:48.8048671+09:00 > orchestrator
2026-06-16T10:37:48.8068811+09:00 > tsx src/cli/orchestrator.ts run-once --limit 10
2026-06-16T10:37:48.8088808+09:00 
2026-06-16T10:37:52.4447132+09:00 {
2026-06-16T10:37:52.4472271+09:00   "ensure_daily": {
2026-06-16T10:37:52.4502280+09:00     "runs": [
2026-06-16T10:37:52.4527512+09:00       {
2026-06-16T10:37:52.4558996+09:00         "run_id": "r01",
2026-06-16T10:37:52.4589088+09:00         "action": "skipped_exists",
2026-06-16T10:37:52.4609086+09:00         "taskId": "daily-20260616-r01"
2026-06-16T10:37:52.4629090+09:00       },
2026-06-16T10:37:52.4654316+09:00       {
2026-06-16T10:37:52.4867396+09:00         "run_id": "r02",
2026-06-16T10:37:52.4892557+09:00         "action": "not_due",
2026-06-16T10:37:52.4902572+09:00         "taskId": "daily-20260616-r02",
2026-06-16T10:37:52.4927711+09:00         "reason": "jst_hour=10"
2026-06-16T10:37:52.4952893+09:00       },
2026-06-16T10:37:52.4972964+09:00       {
2026-06-16T10:37:52.4992982+09:00         "run_id": "r03",
2026-06-16T10:37:52.5018046+09:00         "action": "not_due",
2026-06-16T10:37:52.5028107+09:00         "taskId": "daily-20260616-r03",
2026-06-16T10:37:52.5053257+09:00         "reason": "jst_hour=10"
2026-06-16T10:37:52.5063273+09:00       }
2026-06-16T10:37:52.5083248+09:00     ]
2026-06-16T10:37:52.5093242+09:00   },
2026-06-16T10:37:52.5103248+09:00   "reconcile": {
2026-06-16T10:37:52.5128395+09:00     "resetProcessing": 0,
2026-06-16T10:37:52.5143467+09:00     "inserted": 1,
2026-06-16T10:37:52.5163537+09:00     "scanned": 14,
2026-06-16T10:37:52.5173531+09:00     "stale": {
2026-06-16T10:37:52.5193534+09:00       "scanned": 14,
2026-06-16T10:37:52.5218586+09:00       "staleDetected": 0,
2026-06-16T10:37:52.5228655+09:00       "rolledBack": 0,
2026-06-16T10:37:52.5253822+09:00       "skippedCap": 0,
2026-06-16T10:37:52.5263810+09:00       "dryRun": false,
2026-06-16T10:37:52.5283812+09:00       "actions": []
2026-06-16T10:37:52.5303809+09:00     }
2026-06-16T10:37:52.5319039+09:00   },
2026-06-16T10:37:52.5329096+09:00   "dispatch": {
2026-06-16T10:37:52.5344159+09:00     "claimed": 1,
2026-06-16T10:37:52.5374260+09:00     "done": 1,
2026-06-16T10:37:52.5394248+09:00     "failed": 0
2026-06-16T10:37:52.5404234+09:00   },
2026-06-16T10:37:52.5429386+09:00   "step4_poll": {
2026-06-16T10:37:52.5444431+09:00     "scanned": 14,
2026-06-16T10:37:52.5454496+09:00     "awaiting": 1,
2026-06-16T10:37:52.5474495+09:00     "polled": 0,
2026-06-16T10:37:52.5484487+09:00     "picks_applied": 0,
2026-06-16T10:37:52.5504485+09:00     "pick_errors": 0,
2026-06-16T10:37:52.5524539+09:00     "timeouts": 0,
2026-06-16T10:37:52.5534512+09:00     "skipped": 0,
2026-06-16T10:37:52.5559622+09:00     "results": [
2026-06-16T10:37:52.5569610+09:00       {
2026-06-16T10:37:52.5589618+09:00         "task_id": "daily-20260615-r02",
2026-06-16T10:37:52.5599617+09:00         "result": {
2026-06-16T10:37:52.5614670+09:00           "outcome": "no_new_messages"
2026-06-16T10:37:52.5634737+09:00         }
2026-06-16T10:37:52.5649809+09:00       }
2026-06-16T10:37:52.5659848+09:00     ]
2026-06-16T10:37:52.5679845+09:00   },
2026-06-16T10:37:52.5689839+09:00   "step7_retry_poll": {
2026-06-16T10:37:52.5699834+09:00     "scanned": 14,
2026-06-16T10:37:52.5724997+09:00     "eligible": 11,
2026-06-16T10:37:52.5735005+09:00     "polled": 0,
2026-06-16T10:37:52.5745000+09:00     "retries_triggered": 0,
2026-06-16T10:37:52.5768926+09:00     "retry_errors": 0,
2026-06-16T10:37:52.5778926+09:00     "skipped": 0,
2026-06-16T10:37:52.5798938+09:00     "results": []
2026-06-16T10:37:52.5808924+09:00   }
2026-06-16T10:37:52.5828941+09:00 }
2026-06-16T10:37:52.5854076+09:00 OK run-once finished
2026-06-16T10:42:48.4013458+09:00 START dispatch-run-once
2026-06-16T10:42:48.8706561+09:00 
2026-06-16T10:42:48.8716669+09:00 > orchestrator
2026-06-16T10:42:48.8751867+09:00 > tsx src/cli/orchestrator.ts run-once --limit 10
2026-06-16T10:42:48.8772492+09:00 
2026-06-16T10:42:52.7928020+09:00 {
2026-06-16T10:42:52.7953538+09:00   "ensure_daily": {
2026-06-16T10:42:52.7993498+09:00     "runs": [
2026-06-16T10:42:52.8013180+09:00       {
2026-06-16T10:42:52.8033494+09:00         "run_id": "r01",
2026-06-16T10:42:52.8058330+09:00         "action": "skipped_exists",
2026-06-16T10:42:52.8078339+09:00         "taskId": "daily-20260616-r01"
2026-06-16T10:42:52.8088366+09:00       },
2026-06-16T10:42:52.8113569+09:00       {
2026-06-16T10:42:52.8340162+09:00         "run_id": "r02",
2026-06-16T10:42:52.8360280+09:00         "action": "not_due",
2026-06-16T10:42:52.8380293+09:00         "taskId": "daily-20260616-r02",
2026-06-16T10:42:52.8415387+09:00         "reason": "jst_hour=10"
2026-06-16T10:42:52.8440546+09:00       },
2026-06-16T10:42:52.8460688+09:00       {
2026-06-16T10:42:52.8490657+09:00         "run_id": "r03",
2026-06-16T10:42:52.8515818+09:00         "action": "not_due",
2026-06-16T10:42:52.8540970+09:00         "taskId": "daily-20260616-r03",
2026-06-16T10:42:52.8561062+09:00         "reason": "jst_hour=10"
2026-06-16T10:42:52.8581042+09:00       }
2026-06-16T10:42:52.8606464+09:00     ]
2026-06-16T10:42:52.8631970+09:00   },
2026-06-16T10:42:52.8652082+09:00   "reconcile": {
2026-06-16T10:42:52.8672049+09:00     "resetProcessing": 0,
2026-06-16T10:42:52.8692078+09:00     "inserted": 1,
2026-06-16T10:42:52.8717400+09:00     "scanned": 14,
2026-06-16T10:42:52.8752962+09:00     "stale": {
2026-06-16T10:42:52.8782975+09:00       "scanned": 14,
2026-06-16T10:42:52.8814051+09:00       "staleDetected": 0,
2026-06-16T10:42:52.8834371+09:00       "rolledBack": 0,
2026-06-16T10:42:52.8865917+09:00       "skippedCap": 0,
2026-06-16T10:42:52.8895880+09:00       "dryRun": false,
2026-06-16T10:42:52.8915939+09:00       "actions": []
2026-06-16T10:42:52.8951133+09:00     }
2026-06-16T10:42:52.8961126+09:00   },
2026-06-16T10:42:52.8981145+09:00   "dispatch": {
2026-06-16T10:42:52.9006501+09:00     "claimed": 1,
2026-06-16T10:42:52.9022446+09:00     "done": 1,
2026-06-16T10:42:52.9032525+09:00     "failed": 0
2026-06-16T10:42:52.9065392+09:00   },
2026-06-16T10:42:52.9075401+09:00   "step4_poll": {
2026-06-16T10:42:52.9095383+09:00     "scanned": 14,
2026-06-16T10:42:52.9115376+09:00     "awaiting": 1,
2026-06-16T10:42:52.9130443+09:00     "polled": 0,
2026-06-16T10:42:52.9150545+09:00     "picks_applied": 0,
2026-06-16T10:42:52.9170537+09:00     "pick_errors": 0,
2026-06-16T10:42:52.9190530+09:00     "timeouts": 0,
2026-06-16T10:42:52.9205636+09:00     "skipped": 0,
2026-06-16T10:42:52.9231135+09:00     "results": [
2026-06-16T10:42:52.9251222+09:00       {
2026-06-16T10:42:52.9271222+09:00         "task_id": "daily-20260615-r02",
2026-06-16T10:42:52.9281208+09:00         "result": {
2026-06-16T10:42:52.9306299+09:00           "outcome": "no_new_messages"
2026-06-16T10:42:52.9316378+09:00         }
2026-06-16T10:42:52.9341522+09:00       }
2026-06-16T10:42:52.9371539+09:00     ]
2026-06-16T10:42:52.9391542+09:00   },
2026-06-16T10:42:52.9406605+09:00   "step7_retry_poll": {
2026-06-16T10:42:52.9431746+09:00     "scanned": 14,
2026-06-16T10:42:52.9441813+09:00     "eligible": 11,
2026-06-16T10:42:52.9461826+09:00     "polled": 0,
2026-06-16T10:42:52.9471817+09:00     "retries_triggered": 0,
2026-06-16T10:42:52.9491832+09:00     "retry_errors": 0,
2026-06-16T10:42:52.9516990+09:00     "skipped": 0,
2026-06-16T10:42:52.9542168+09:00     "results": []
2026-06-16T10:42:52.9572202+09:00   }
2026-06-16T10:42:52.9592162+09:00 }
2026-06-16T10:42:52.9617335+09:00 OK run-once finished
2026-06-16T10:47:49.5474207+09:00 START dispatch-run-once
2026-06-16T10:47:49.9582020+09:00 
2026-06-16T10:47:49.9612031+09:00 > orchestrator
2026-06-16T10:47:49.9627132+09:00 > tsx src/cli/orchestrator.ts run-once --limit 10
2026-06-16T10:47:49.9647164+09:00 
2026-06-16T10:47:53.5673824+09:00 {
2026-06-16T10:47:53.5693829+09:00   "ensure_daily": {
2026-06-16T10:47:53.5713815+09:00     "runs": [
2026-06-16T10:47:53.5738321+09:00       {
2026-06-16T10:47:53.5768297+09:00         "run_id": "r01",
2026-06-16T10:47:53.5778310+09:00         "action": "skipped_exists",
2026-06-16T10:47:53.5803435+09:00         "taskId": "daily-20260616-r01"
2026-06-16T10:47:53.5823476+09:00       },
2026-06-16T10:47:53.5848651+09:00       {
2026-06-16T10:47:53.6049239+09:00         "run_id": "r02",
2026-06-16T10:47:53.6079293+09:00         "action": "not_due",
2026-06-16T10:47:53.6114543+09:00         "taskId": "daily-20260616-r02",
2026-06-16T10:47:53.6124532+09:00         "reason": "jst_hour=10"
2026-06-16T10:47:53.6156457+09:00       },
2026-06-16T10:47:53.6176438+09:00       {
2026-06-16T10:47:53.6196486+09:00         "run_id": "r03",
2026-06-16T10:47:53.6206491+09:00         "action": "not_due",
2026-06-16T10:47:53.6231654+09:00         "taskId": "daily-20260616-r03",
2026-06-16T10:47:53.6251672+09:00         "reason": "jst_hour=10"
2026-06-16T10:47:53.6261674+09:00       }
2026-06-16T10:47:53.6281697+09:00     ]
2026-06-16T10:47:53.6296757+09:00   },
2026-06-16T10:47:53.6310206+09:00   "reconcile": {
2026-06-16T10:47:53.6320593+09:00     "resetProcessing": 0,
2026-06-16T10:47:53.6346663+09:00     "inserted": 1,
2026-06-16T10:47:53.6356703+09:00     "scanned": 14,
2026-06-16T10:47:53.6376668+09:00     "stale": {
2026-06-16T10:47:53.6396329+09:00       "scanned": 14,
2026-06-16T10:47:53.6406347+09:00       "staleDetected": 0,
2026-06-16T10:47:53.6431489+09:00       "rolledBack": 0,
2026-06-16T10:47:53.6451494+09:00       "skippedCap": 0,
2026-06-16T10:47:53.6461480+09:00       "dryRun": false,
2026-06-16T10:47:53.6481480+09:00       "actions": []
2026-06-16T10:47:53.6506647+09:00     }
2026-06-16T10:47:53.6521714+09:00   },
2026-06-16T10:47:53.6541797+09:00   "dispatch": {
2026-06-16T10:47:53.6561812+09:00     "claimed": 1,
2026-06-16T10:47:53.6581799+09:00     "done": 1,
2026-06-16T10:47:53.6599976+09:00     "failed": 0
2026-06-16T10:47:53.6609949+09:00   },
2026-06-16T10:47:53.6619932+09:00   "step4_poll": {
2026-06-16T10:47:53.6641584+09:00     "scanned": 14,
2026-06-16T10:47:53.6651576+09:00     "awaiting": 1,
2026-06-16T10:47:53.6671580+09:00     "polled": 0,
2026-06-16T10:47:53.6681574+09:00     "picks_applied": 0,
2026-06-16T10:47:53.6706723+09:00     "pick_errors": 0,
2026-06-16T10:47:53.6731869+09:00     "timeouts": 0,
2026-06-16T10:47:53.6741873+09:00     "skipped": 0,
2026-06-16T10:47:53.6761858+09:00     "results": [
2026-06-16T10:47:53.6771872+09:00       {
2026-06-16T10:47:53.6791867+09:00         "task_id": "daily-20260615-r02",
2026-06-16T10:47:53.6801879+09:00         "result": {
2026-06-16T10:47:53.6811868+09:00           "outcome": "no_new_messages"
2026-06-16T10:47:53.6826951+09:00         }
2026-06-16T10:47:53.6846974+09:00       }
2026-06-16T10:47:53.6866974+09:00     ]
2026-06-16T10:47:53.6892083+09:00   },
2026-06-16T10:47:53.6912168+09:00   "step7_retry_poll": {
2026-06-16T10:47:53.6934443+09:00     "scanned": 14,
2026-06-16T10:47:53.6944380+09:00     "eligible": 11,
2026-06-16T10:47:53.6964398+09:00     "polled": 0,
2026-06-16T10:47:53.6984411+09:00     "retries_triggered": 0,
2026-06-16T10:47:53.6994411+09:00     "retry_errors": 0,
2026-06-16T10:47:53.7014394+09:00     "skipped": 0,
2026-06-16T10:47:53.7024395+09:00     "results": []
2026-06-16T10:47:53.7047227+09:00   }
2026-06-16T10:47:53.7067216+09:00 }
2026-06-16T10:47:53.7092326+09:00 OK run-once finished
2026-06-16T10:52:48.0984453+09:00 START dispatch-run-once
2026-06-16T10:52:48.5059841+09:00 
2026-06-16T10:52:48.5069841+09:00 > orchestrator
2026-06-16T10:52:48.5095044+09:00 > tsx src/cli/orchestrator.ts run-once --limit 10
2026-06-16T10:52:48.5120543+09:00 
2026-06-16T10:52:52.1831678+09:00 {
2026-06-16T10:52:52.1861359+09:00   "ensure_daily": {
2026-06-16T10:52:52.1891354+09:00     "runs": [
2026-06-16T10:52:52.1916419+09:00       {
2026-06-16T10:52:52.1936451+09:00         "run_id": "r01",
2026-06-16T10:52:52.1966448+09:00         "action": "skipped_exists",
2026-06-16T10:52:52.1991684+09:00         "taskId": "daily-20260616-r01"
2026-06-16T10:52:52.2011670+09:00       },
2026-06-16T10:52:52.2036574+09:00       {
2026-06-16T10:52:52.2252666+09:00         "run_id": "r02",
2026-06-16T10:52:52.2272644+09:00         "action": "not_due",
2026-06-16T10:52:52.2292738+09:00         "taskId": "daily-20260616-r02",
2026-06-16T10:52:52.2312739+09:00         "reason": "jst_hour=10"
2026-06-16T10:52:52.2337017+09:00       },
2026-06-16T10:52:52.2357028+09:00       {
2026-06-16T10:52:52.2366982+09:00         "run_id": "r03",
2026-06-16T10:52:52.2392174+09:00         "action": "not_due",
2026-06-16T10:52:52.2412182+09:00         "taskId": "daily-20260616-r03",
2026-06-16T10:52:52.2427297+09:00         "reason": "jst_hour=10"
2026-06-16T10:52:52.2447343+09:00       }
2026-06-16T10:52:52.2457323+09:00     ]
2026-06-16T10:52:52.2482422+09:00   },
2026-06-16T10:52:52.2492502+09:00   "reconcile": {
2026-06-16T10:52:52.2512521+09:00     "resetProcessing": 0,
2026-06-16T10:52:52.2523447+09:00     "inserted": 1,
2026-06-16T10:52:52.2543424+09:00     "scanned": 14,
2026-06-16T10:52:52.2553442+09:00     "stale": {
2026-06-16T10:52:52.2588605+09:00       "scanned": 14,
2026-06-16T10:52:52.2608623+09:00       "staleDetected": 0,
2026-06-16T10:52:52.2623750+09:00       "rolledBack": 0,
2026-06-16T10:52:52.2643760+09:00       "skippedCap": 0,
2026-06-16T10:52:52.2653737+09:00       "dryRun": false,
2026-06-16T10:52:52.2673734+09:00       "actions": []
2026-06-16T10:52:52.2693806+09:00     }
2026-06-16T10:52:52.2708881+09:00   },
2026-06-16T10:52:52.2738965+09:00   "dispatch": {
2026-06-16T10:52:52.2758973+09:00     "claimed": 1,
2026-06-16T10:52:52.2768967+09:00     "done": 1,
2026-06-16T10:52:52.2794138+09:00     "failed": 0
2026-06-16T10:52:52.2809202+09:00   },
2026-06-16T10:52:52.2819265+09:00   "step4_poll": {
2026-06-16T10:52:52.2839313+09:00     "scanned": 14,
2026-06-16T10:52:52.2849321+09:00     "awaiting": 1,
2026-06-16T10:52:52.2869316+09:00     "polled": 0,
2026-06-16T10:52:52.2894836+09:00     "picks_applied": 0,
2026-06-16T10:52:52.2920336+09:00     "pick_errors": 0,
2026-06-16T10:52:52.2940664+09:00     "timeouts": 0,
2026-06-16T10:52:52.2960691+09:00     "skipped": 0,
2026-06-16T10:52:52.2980295+09:00     "results": [
2026-06-16T10:52:52.2990306+09:00       {
2026-06-16T10:52:52.3015404+09:00         "task_id": "daily-20260615-r02",
2026-06-16T10:52:52.3025451+09:00         "result": {
2026-06-16T10:52:52.3055440+09:00           "outcome": "no_new_messages"
2026-06-16T10:52:52.3065427+09:00         }
2026-06-16T10:52:52.3080507+09:00       }
2026-06-16T10:52:52.3105635+09:00     ]
2026-06-16T10:52:52.3120888+09:00   },
2026-06-16T10:52:52.3129852+09:00   "step7_retry_poll": {
2026-06-16T10:52:52.3149915+09:00     "scanned": 14,
2026-06-16T10:52:52.3159914+09:00     "eligible": 11,
2026-06-16T10:52:52.3185347+09:00     "polled": 0,
2026-06-16T10:52:52.3195788+09:00     "retries_triggered": 0,
2026-06-16T10:52:52.3221264+09:00     "retry_errors": 0,
2026-06-16T10:52:52.3241254+09:00     "skipped": 0,
2026-06-16T10:52:52.3251252+09:00     "results": []
2026-06-16T10:52:52.3271267+09:00   }
2026-06-16T10:52:52.3281256+09:00 }
2026-06-16T10:52:52.3311256+09:00 OK run-once finished
2026-06-16T10:57:47.2955593+09:00 START dispatch-run-once
2026-06-16T10:57:47.6959089+09:00 
2026-06-16T10:57:47.6974159+09:00 > orchestrator
2026-06-16T10:57:47.6999279+09:00 > tsx src/cli/orchestrator.ts run-once --limit 10
2026-06-16T10:57:47.7019347+09:00 
2026-06-16T10:57:51.3240610+09:00 {
2026-06-16T10:57:51.3260593+09:00   "ensure_daily": {
2026-06-16T10:57:51.3300831+09:00     "runs": [
2026-06-16T10:57:51.3323227+09:00       {
2026-06-16T10:57:51.3353242+09:00         "run_id": "r01",
2026-06-16T10:57:51.3373240+09:00         "action": "skipped_exists",
2026-06-16T10:57:51.3393238+09:00         "taskId": "daily-20260616-r01"
2026-06-16T10:57:51.3418409+09:00       },
2026-06-16T10:57:51.3428400+09:00       {
2026-06-16T10:57:51.3631901+09:00         "run_id": "r02",
2026-06-16T10:57:51.3661866+09:00         "action": "not_due",
2026-06-16T10:57:51.3681885+09:00         "taskId": "daily-20260616-r02",
2026-06-16T10:57:51.3706986+09:00         "reason": "jst_hour=10"
2026-06-16T10:57:51.3727013+09:00       },
2026-06-16T10:57:51.3757009+09:00       {
2026-06-16T10:57:51.3772060+09:00         "run_id": "r03",
2026-06-16T10:57:51.3802138+09:00         "action": "not_due",
2026-06-16T10:57:51.3822507+09:00         "taskId": "daily-20260616-r03",
2026-06-16T10:57:51.3852488+09:00         "reason": "jst_hour=10"
2026-06-16T10:57:51.3872522+09:00       }
2026-06-16T10:57:51.3892501+09:00     ]
2026-06-16T10:57:51.3917636+09:00   },
2026-06-16T10:57:51.3927645+09:00   "reconcile": {
2026-06-16T10:57:51.3957663+09:00     "resetProcessing": 0,
2026-06-16T10:57:51.3982850+09:00     "inserted": 1,
2026-06-16T10:57:51.3992814+09:00     "scanned": 14,
2026-06-16T10:57:51.4018001+09:00     "stale": {
2026-06-16T10:57:51.4037964+09:00       "scanned": 14,
2026-06-16T10:57:51.4057961+09:00       "staleDetected": 0,
2026-06-16T10:57:51.4073037+09:00       "rolledBack": 0,
2026-06-16T10:57:51.4098549+09:00       "skippedCap": 0,
2026-06-16T10:57:51.4128717+09:00       "dryRun": false,
2026-06-16T10:57:51.4158719+09:00       "actions": []
2026-06-16T10:57:51.4183857+09:00     }
2026-06-16T10:57:51.4209022+09:00   },
2026-06-16T10:57:51.4229025+09:00   "dispatch": {
2026-06-16T10:57:51.4248994+09:00     "claimed": 1,
2026-06-16T10:57:51.4259000+09:00     "done": 1,
2026-06-16T10:57:51.4284195+09:00     "failed": 0
2026-06-16T10:57:51.4299262+09:00   },
2026-06-16T10:57:51.4309363+09:00   "step4_poll": {
2026-06-16T10:57:51.4329333+09:00     "scanned": 14,
2026-06-16T10:57:51.4339345+09:00     "awaiting": 1,
2026-06-16T10:57:51.4359333+09:00     "polled": 0,
2026-06-16T10:57:51.4374393+09:00     "picks_applied": 0,
2026-06-16T10:57:51.4399543+09:00     "pick_errors": 0,
2026-06-16T10:57:51.4409608+09:00     "timeouts": 0,
2026-06-16T10:57:51.4429629+09:00     "skipped": 0,
2026-06-16T10:57:51.4449623+09:00     "results": [
2026-06-16T10:57:51.4459638+09:00       {
2026-06-16T10:57:51.4484818+09:00         "task_id": "daily-20260615-r02",
2026-06-16T10:57:51.4499889+09:00         "result": {
2026-06-16T10:57:51.4509978+09:00           "outcome": "no_new_messages"
2026-06-16T10:57:51.4529962+09:00         }
2026-06-16T10:57:51.4549975+09:00       }
2026-06-16T10:57:51.4559982+09:00     ]
2026-06-16T10:57:51.4575100+09:00   },
2026-06-16T10:57:51.4610438+09:00   "step7_retry_poll": {
2026-06-16T10:57:51.4630403+09:00     "scanned": 14,
2026-06-16T10:57:51.4640374+09:00     "eligible": 11,
2026-06-16T10:57:51.4660400+09:00     "polled": 0,
2026-06-16T10:57:51.4675488+09:00     "retries_triggered": 0,
2026-06-16T10:57:51.4685580+09:00     "retry_errors": 0,
2026-06-16T10:57:51.4710743+09:00     "skipped": 0,
2026-06-16T10:57:51.4720756+09:00     "results": []
2026-06-16T10:57:51.4740736+09:00   }
2026-06-16T10:57:51.4777123+09:00 }
2026-06-16T10:57:51.4802276+09:00 OK run-once finished
2026-06-16T11:02:47.2960589+09:00 START dispatch-run-once
2026-06-16T11:02:47.6916165+09:00 
2026-06-16T11:02:47.6936520+09:00 > orchestrator
2026-06-16T11:02:47.6946525+09:00 > tsx src/cli/orchestrator.ts run-once --limit 10
2026-06-16T11:02:47.6972031+09:00 
2026-06-16T11:02:51.4627276+09:00 {
2026-06-16T11:02:51.4662369+09:00   "ensure_daily": {
2026-06-16T11:02:51.4687510+09:00     "runs": [
2026-06-16T11:02:51.4707609+09:00       {
2026-06-16T11:02:51.4727618+09:00         "run_id": "r01",
2026-06-16T11:02:51.4747575+09:00         "action": "skipped_exists",
2026-06-16T11:02:51.4772755+09:00         "taskId": "daily-20260616-r01"
2026-06-16T11:02:51.4797881+09:00       },
2026-06-16T11:02:51.4817897+09:00       {
2026-06-16T11:02:51.5008814+09:00         "run_id": "r02",
2026-06-16T11:02:51.5033989+09:00         "action": "not_due",
2026-06-16T11:02:51.5064063+09:00         "taskId": "daily-20260616-r02",
2026-06-16T11:02:51.5074068+09:00         "reason": "jst_hour=11"
2026-06-16T11:02:51.5109203+09:00       },
2026-06-16T11:02:51.5129241+09:00       {
2026-06-16T11:02:51.5149194+09:00         "run_id": "r03",
2026-06-16T11:02:51.5174349+09:00         "action": "not_due",
2026-06-16T11:02:51.5199467+09:00         "taskId": "daily-20260616-r03",
2026-06-16T11:02:51.5229544+09:00         "reason": "jst_hour=11"
2026-06-16T11:02:51.5249512+09:00       }
2026-06-16T11:02:51.5279552+09:00     ]
2026-06-16T11:02:51.5300724+09:00   },
2026-06-16T11:02:51.5310713+09:00   "reconcile": {
2026-06-16T11:02:51.5335910+09:00     "resetProcessing": 0,
2026-06-16T11:02:51.5345909+09:00     "inserted": 1,
2026-06-16T11:02:51.5381080+09:00     "scanned": 14,
2026-06-16T11:02:51.5406194+09:00     "stale": {
2026-06-16T11:02:51.5426257+09:00       "scanned": 14,
2026-06-16T11:02:51.5446249+09:00       "staleDetected": 0,
2026-06-16T11:02:51.5466386+09:00       "rolledBack": 0,
2026-06-16T11:02:51.5491546+09:00       "skippedCap": 0,
2026-06-16T11:02:51.5521611+09:00       "dryRun": false,
2026-06-16T11:02:51.5551620+09:00       "actions": []
2026-06-16T11:02:51.5581700+09:00     }
2026-06-16T11:02:51.5591681+09:00   },
2026-06-16T11:02:51.5614483+09:00   "dispatch": {
2026-06-16T11:02:51.5634504+09:00     "claimed": 1,
2026-06-16T11:02:51.5644491+09:00     "done": 1,
2026-06-16T11:02:51.5669647+09:00     "failed": 0
2026-06-16T11:02:51.5689650+09:00   },
2026-06-16T11:02:51.5704790+09:00   "step4_poll": {
2026-06-16T11:02:51.5724748+09:00     "scanned": 14,
2026-06-16T11:02:51.5744771+09:00     "awaiting": 1,
2026-06-16T11:02:51.5759839+09:00     "polled": 0,
2026-06-16T11:02:51.5779908+09:00     "picks_applied": 0,
2026-06-16T11:02:51.5794977+09:00     "pick_errors": 0,
2026-06-16T11:02:51.5805022+09:00     "timeouts": 0,
2026-06-16T11:02:51.5825015+09:00     "skipped": 0,
2026-06-16T11:02:51.5850106+09:00     "results": [
2026-06-16T11:02:51.5871711+09:00       {
2026-06-16T11:02:51.5891699+09:00         "task_id": "daily-20260615-r02",
2026-06-16T11:02:51.5906807+09:00         "result": {
2026-06-16T11:02:51.5926867+09:00           "outcome": "no_new_messages"
2026-06-16T11:02:51.5936871+09:00         }
2026-06-16T11:02:51.5946861+09:00       }
2026-06-16T11:02:51.5972033+09:00     ]
2026-06-16T11:02:51.5982030+09:00   },
2026-06-16T11:02:51.6005796+09:00   "step7_retry_poll": {
2026-06-16T11:02:51.6025759+09:00     "scanned": 14,
2026-06-16T11:02:51.6045768+09:00     "eligible": 11,
2026-06-16T11:02:51.6060843+09:00     "polled": 0,
2026-06-16T11:02:51.6080936+09:00     "retries_triggered": 0,
2026-06-16T11:02:51.6096025+09:00     "retry_errors": 0,
2026-06-16T11:02:51.6106044+09:00     "skipped": 0,
2026-06-16T11:02:51.6126054+09:00     "results": []
2026-06-16T11:02:51.6136055+09:00   }
2026-06-16T11:02:51.6161126+09:00 }
2026-06-16T11:02:51.6181209+09:00 OK run-once finished
2026-06-16T11:07:48.0969553+09:00 START dispatch-run-once
2026-06-16T11:07:48.5561096+09:00 
2026-06-16T11:07:48.5576175+09:00 > orchestrator
2026-06-16T11:07:48.5601546+09:00 > tsx src/cli/orchestrator.ts run-once --limit 10
2026-06-16T11:07:48.5621538+09:00 
2026-06-16T11:07:52.3360349+09:00 {
2026-06-16T11:07:52.3391253+09:00   "ensure_daily": {
2026-06-16T11:07:52.3421378+09:00     "runs": [
2026-06-16T11:07:52.3441364+09:00       {
2026-06-16T11:07:52.3461355+09:00         "run_id": "r01",
2026-06-16T11:07:52.3476458+09:00         "action": "skipped_exists",
2026-06-16T11:07:52.3511949+09:00         "taskId": "daily-20260616-r01"
2026-06-16T11:07:52.3531951+09:00       },
2026-06-16T11:07:52.3551921+09:00       {
2026-06-16T11:07:52.3763589+09:00         "run_id": "r02",
2026-06-16T11:07:52.3804949+09:00         "action": "not_due",
2026-06-16T11:07:52.3834803+09:00         "taskId": "daily-20260616-r02",
2026-06-16T11:07:52.3864805+09:00         "reason": "jst_hour=11"
2026-06-16T11:07:52.3890033+09:00       },
2026-06-16T11:07:52.3929980+09:00       {
2026-06-16T11:07:52.3950297+09:00         "run_id": "r03",
2026-06-16T11:07:52.3979992+09:00         "action": "not_due",
2026-06-16T11:07:52.4017717+09:00         "taskId": "daily-20260616-r03",
2026-06-16T11:07:52.4038025+09:00         "reason": "jst_hour=11"
2026-06-16T11:07:52.4058078+09:00       }
2026-06-16T11:07:52.4078081+09:00     ]
2026-06-16T11:07:52.4098485+09:00   },
2026-06-16T11:07:52.4118509+09:00   "reconcile": {
2026-06-16T11:07:52.4138483+09:00     "resetProcessing": 0,
2026-06-16T11:07:52.4158498+09:00     "inserted": 1,
2026-06-16T11:07:52.4168477+09:00     "scanned": 14,
2026-06-16T11:07:52.4193603+09:00     "stale": {
2026-06-16T11:07:52.4203605+09:00       "scanned": 14,
2026-06-16T11:07:52.4223613+09:00       "staleDetected": 0,
2026-06-16T11:07:52.4243598+09:00       "rolledBack": 0,
2026-06-16T11:07:52.4263597+09:00       "skippedCap": 0,
2026-06-16T11:07:52.4288772+09:00       "dryRun": false,
2026-06-16T11:07:52.4308827+09:00       "actions": []
2026-06-16T11:07:52.4328839+09:00     }
2026-06-16T11:07:52.4338809+09:00   },
2026-06-16T11:07:52.4358829+09:00   "dispatch": {
2026-06-16T11:07:52.4368808+09:00     "claimed": 1,
2026-06-16T11:07:52.4393944+09:00     "done": 1,
2026-06-16T11:07:52.4413935+09:00     "failed": 0
2026-06-16T11:07:52.4423941+09:00   },
2026-06-16T11:07:52.4443939+09:00   "step4_poll": {
2026-06-16T11:07:52.4453928+09:00     "scanned": 14,
2026-06-16T11:07:52.4463928+09:00     "awaiting": 1,
2026-06-16T11:07:52.4489065+09:00     "polled": 0,
2026-06-16T11:07:52.4499056+09:00     "picks_applied": 0,
2026-06-16T11:07:52.4519064+09:00     "pick_errors": 0,
2026-06-16T11:07:52.4529054+09:00     "timeouts": 0,
2026-06-16T11:07:52.4539050+09:00     "skipped": 0,
2026-06-16T11:07:52.4559072+09:00     "results": [
2026-06-16T11:07:52.4569054+09:00       {
2026-06-16T11:07:52.4604231+09:00         "task_id": "daily-20260615-r02",
2026-06-16T11:07:52.4614216+09:00         "result": {
2026-06-16T11:07:52.4634200+09:00           "outcome": "no_new_messages"
2026-06-16T11:07:52.4644215+09:00         }
2026-06-16T11:07:52.4664230+09:00       }
2026-06-16T11:07:52.4679310+09:00     ]
2026-06-16T11:07:52.4689409+09:00   },
2026-06-16T11:07:52.4709375+09:00   "step7_retry_poll": {
2026-06-16T11:07:52.4719375+09:00     "scanned": 14,
2026-06-16T11:07:52.4729384+09:00     "eligible": 11,
2026-06-16T11:07:52.4759428+09:00     "polled": 0,
2026-06-16T11:07:52.4769382+09:00     "retries_triggered": 0,
2026-06-16T11:07:52.4784445+09:00     "retry_errors": 0,
2026-06-16T11:07:52.4804510+09:00     "skipped": 0,
2026-06-16T11:07:52.4824523+09:00     "results": []
2026-06-16T11:07:52.4834507+09:00   }
2026-06-16T11:07:52.4844518+09:00 }
2026-06-16T11:07:52.4864495+09:00 OK run-once finished
2026-06-16T11:12:47.2422517+09:00 START dispatch-run-once
2026-06-16T11:12:47.6404841+09:00 
2026-06-16T11:12:47.6424853+09:00 > orchestrator
2026-06-16T11:12:47.6454848+09:00 > tsx src/cli/orchestrator.ts run-once --limit 10
2026-06-16T11:12:47.6469896+09:00 
2026-06-16T11:12:51.3749705+09:00 {
2026-06-16T11:12:51.3870411+09:00   "ensure_daily": {
2026-06-16T11:12:51.3967038+09:00     "runs": [
2026-06-16T11:12:51.4066644+09:00       {
2026-06-16T11:12:51.4138462+09:00         "run_id": "r01",
2026-06-16T11:12:51.4193839+09:00         "action": "skipped_exists",
2026-06-16T11:12:51.4223743+09:00         "taskId": "daily-20260616-r01"
2026-06-16T11:12:51.4243749+09:00       },
2026-06-16T11:12:51.4268809+09:00       {
2026-06-16T11:12:51.4474153+09:00         "run_id": "r02",
2026-06-16T11:12:51.4504307+09:00         "action": "not_due",
2026-06-16T11:12:51.4524337+09:00         "taskId": "daily-20260616-r02",
2026-06-16T11:12:51.4544295+09:00         "reason": "jst_hour=11"
2026-06-16T11:12:51.4554297+09:00       },
2026-06-16T11:12:51.4589438+09:00       {
2026-06-16T11:12:51.4609439+09:00         "run_id": "r03",
2026-06-16T11:12:51.4629442+09:00         "action": "not_due",
2026-06-16T11:12:51.4659464+09:00         "taskId": "daily-20260616-r03",
2026-06-16T11:12:51.4689816+09:00         "reason": "jst_hour=11"
2026-06-16T11:12:51.4704851+09:00       }
2026-06-16T11:12:51.4724915+09:00     ]
2026-06-16T11:12:51.4744931+09:00   },
2026-06-16T11:12:51.4764923+09:00   "reconcile": {
2026-06-16T11:12:51.4792131+09:00     "resetProcessing": 0,
2026-06-16T11:12:51.4802141+09:00     "inserted": 1,
2026-06-16T11:12:51.4822139+09:00     "scanned": 14,
2026-06-16T11:12:51.4842134+09:00     "stale": {
2026-06-16T11:12:51.4852137+09:00       "scanned": 14,
2026-06-16T11:12:51.4867194+09:00       "staleDetected": 0,
2026-06-16T11:12:51.4892820+09:00       "rolledBack": 0,
2026-06-16T11:12:51.4912821+09:00       "skippedCap": 0,
2026-06-16T11:12:51.4922811+09:00       "dryRun": false,
2026-06-16T11:12:51.4942816+09:00       "actions": []
2026-06-16T11:12:51.4952817+09:00     }
2026-06-16T11:12:51.4977953+09:00   },
2026-06-16T11:12:51.4997950+09:00   "dispatch": {
2026-06-16T11:12:51.5007952+09:00     "claimed": 1,
2026-06-16T11:12:51.5027954+09:00     "done": 1,
2026-06-16T11:12:51.5037961+09:00     "failed": 0
2026-06-16T11:12:51.5057947+09:00   },
2026-06-16T11:12:51.5067935+09:00   "step4_poll": {
2026-06-16T11:12:51.5088886+09:00     "scanned": 14,
2026-06-16T11:12:51.5098881+09:00     "awaiting": 1,
2026-06-16T11:12:51.5118888+09:00     "polled": 0,
2026-06-16T11:12:51.5128877+09:00     "picks_applied": 0,
2026-06-16T11:12:51.5148890+09:00     "pick_errors": 0,
2026-06-16T11:12:51.5158893+09:00     "timeouts": 0,
2026-06-16T11:12:51.5173937+09:00     "skipped": 0,
2026-06-16T11:12:51.5194011+09:00     "results": [
2026-06-16T11:12:51.5204009+09:00       {
2026-06-16T11:12:51.5224003+09:00         "task_id": "daily-20260615-r02",
2026-06-16T11:12:51.5234005+09:00         "result": {
2026-06-16T11:12:51.5254021+09:00           "outcome": "no_new_messages"
2026-06-16T11:12:51.5279191+09:00         }
2026-06-16T11:12:51.5289173+09:00       }
2026-06-16T11:12:51.5309189+09:00     ]
2026-06-16T11:12:51.5319175+09:00   },
2026-06-16T11:12:51.5339191+09:00   "step7_retry_poll": {
2026-06-16T11:12:51.5349168+09:00     "scanned": 14,
2026-06-16T11:12:51.5369171+09:00     "eligible": 11,
2026-06-16T11:12:51.5384297+09:00     "polled": 0,
2026-06-16T11:12:51.5394277+09:00     "retries_triggered": 0,
2026-06-16T11:12:51.5414351+09:00     "retry_errors": 0,
2026-06-16T11:12:51.5434289+09:00     "skipped": 0,
2026-06-16T11:12:51.5449371+09:00     "results": []
2026-06-16T11:12:51.5469442+09:00   }
2026-06-16T11:12:51.5484553+09:00 }
2026-06-16T11:12:51.5504547+09:00 OK run-once finished
2026-06-16T11:17:50.0268299+09:00 START dispatch-run-once
2026-06-16T11:17:50.4297363+09:00 
2026-06-16T11:17:50.4327043+09:00 > orchestrator
2026-06-16T11:17:50.4347028+09:00 > tsx src/cli/orchestrator.ts run-once --limit 10
2026-06-16T11:17:50.4362099+09:00 
2026-06-16T11:17:54.3122825+09:00 {
2026-06-16T11:17:54.3198466+09:00   "ensure_daily": {
2026-06-16T11:17:54.3281841+09:00     "runs": [
2026-06-16T11:17:54.3357606+09:00       {
2026-06-16T11:17:54.3413288+09:00         "run_id": "r01",
2026-06-16T11:17:54.3458405+09:00         "action": "skipped_exists",
2026-06-16T11:17:54.3478500+09:00         "taskId": "daily-20260616-r01"
2026-06-16T11:17:54.3508523+09:00       },
2026-06-16T11:17:54.3528874+09:00       {
2026-06-16T11:17:54.3730609+09:00         "run_id": "r02",
2026-06-16T11:17:54.3756031+09:00         "action": "not_due",
2026-06-16T11:17:54.3782228+09:00         "taskId": "daily-20260616-r02",
2026-06-16T11:17:54.3802226+09:00         "reason": "jst_hour=11"
2026-06-16T11:17:54.3822226+09:00       },
2026-06-16T11:17:54.3842242+09:00       {
2026-06-16T11:17:54.3877408+09:00         "run_id": "r03",
2026-06-16T11:17:54.3897415+09:00         "action": "not_due",
2026-06-16T11:17:54.3927394+09:00         "taskId": "daily-20260616-r03",
2026-06-16T11:17:54.3947432+09:00         "reason": "jst_hour=11"
2026-06-16T11:17:54.3957407+09:00       }
2026-06-16T11:17:54.3978206+09:00     ]
2026-06-16T11:17:54.3998210+09:00   },
2026-06-16T11:17:54.4008203+09:00   "reconcile": {
2026-06-16T11:17:54.4028229+09:00     "resetProcessing": 0,
2026-06-16T11:17:54.4038219+09:00     "inserted": 1,
2026-06-16T11:17:54.4071163+09:00     "scanned": 14,
2026-06-16T11:17:54.4081127+09:00     "stale": {
2026-06-16T11:17:54.4101163+09:00       "scanned": 14,
2026-06-16T11:17:54.4121152+09:00       "staleDetected": 0,
2026-06-16T11:17:54.4131161+09:00       "rolledBack": 0,
2026-06-16T11:17:54.4141132+09:00       "skippedCap": 0,
2026-06-16T11:17:54.4171833+09:00       "dryRun": false,
2026-06-16T11:17:54.4191909+09:00       "actions": []
2026-06-16T11:17:54.4211905+09:00     }
2026-06-16T11:17:54.4231911+09:00   },
2026-06-16T11:17:54.4241920+09:00   "dispatch": {
2026-06-16T11:17:54.4256993+09:00     "claimed": 1,
2026-06-16T11:17:54.4277134+09:00     "done": 1,
2026-06-16T11:17:54.4287130+09:00     "failed": 0
2026-06-16T11:17:54.4307121+09:00   },
2026-06-16T11:17:54.4317121+09:00   "step4_poll": {
2026-06-16T11:17:54.4337126+09:00     "scanned": 14,
2026-06-16T11:17:54.4347117+09:00     "awaiting": 1,
2026-06-16T11:17:54.4372272+09:00     "polled": 0,
2026-06-16T11:17:54.4382280+09:00     "picks_applied": 0,
2026-06-16T11:17:54.4402292+09:00     "pick_errors": 0,
2026-06-16T11:17:54.4412279+09:00     "timeouts": 0,
2026-06-16T11:17:54.4422271+09:00     "skipped": 0,
2026-06-16T11:17:54.4442063+09:00     "results": [
2026-06-16T11:17:54.4457136+09:00       {
2026-06-16T11:17:54.4477552+09:00         "task_id": "daily-20260615-r02",
2026-06-16T11:17:54.4487563+09:00         "result": {
2026-06-16T11:17:54.4507556+09:00           "outcome": "no_new_messages"
2026-06-16T11:17:54.4533029+09:00         }
2026-06-16T11:17:54.4548924+09:00       }
2026-06-16T11:17:54.4564598+09:00     ]
2026-06-16T11:17:54.4580515+09:00   },
2026-06-16T11:17:54.4596258+09:00   "step7_retry_poll": {
2026-06-16T11:17:54.4612088+09:00     "scanned": 14,
2026-06-16T11:17:54.4627703+09:00     "eligible": 11,
2026-06-16T11:17:54.4638108+09:00     "polled": 0,
2026-06-16T11:17:54.4643362+09:00     "retries_triggered": 0,
2026-06-16T11:17:54.4668604+09:00     "retry_errors": 0,
2026-06-16T11:17:54.4688629+09:00     "skipped": 0,
2026-06-16T11:17:54.4708574+09:00     "results": []
2026-06-16T11:17:54.4718574+09:00   }
2026-06-16T11:17:54.4728555+09:00 }
2026-06-16T11:17:54.4753641+09:00 OK run-once finished
2026-06-16T11:22:48.3770106+09:00 START dispatch-run-once
2026-06-16T11:22:48.7735063+09:00 
2026-06-16T11:22:48.7756726+09:00 > orchestrator
2026-06-16T11:22:48.7776737+09:00 > tsx src/cli/orchestrator.ts run-once --limit 10
2026-06-16T11:22:48.7796740+09:00 
2026-06-16T11:22:52.4244886+09:00 {
2026-06-16T11:22:52.4290206+09:00   "ensure_daily": {
2026-06-16T11:22:52.4330166+09:00     "runs": [
2026-06-16T11:22:52.4361031+09:00       {
2026-06-16T11:22:52.4401149+09:00         "run_id": "r01",
2026-06-16T11:22:52.4421155+09:00         "action": "skipped_exists",
2026-06-16T11:22:52.4446238+09:00         "taskId": "daily-20260616-r01"
2026-06-16T11:22:52.4466319+09:00       },
2026-06-16T11:22:52.4496406+09:00       {
2026-06-16T11:22:52.4706636+09:00         "run_id": "r02",
2026-06-16T11:22:52.4729841+09:00         "action": "not_due",
2026-06-16T11:22:52.4744972+09:00         "taskId": "daily-20260616-r02",
2026-06-16T11:22:52.4770343+09:00         "reason": "jst_hour=11"
2026-06-16T11:22:52.4790339+09:00       },
2026-06-16T11:22:52.4810342+09:00       {
2026-06-16T11:22:52.4830316+09:00         "run_id": "r03",
2026-06-16T11:22:52.4845371+09:00         "action": "not_due",
2026-06-16T11:22:52.4870711+09:00         "taskId": "daily-20260616-r03",
2026-06-16T11:22:52.4890703+09:00         "reason": "jst_hour=11"
2026-06-16T11:22:52.4900707+09:00       }
2026-06-16T11:22:52.4910713+09:00     ]
2026-06-16T11:22:52.4930711+09:00   },
2026-06-16T11:22:52.4945757+09:00   "reconcile": {
2026-06-16T11:22:52.4965912+09:00     "resetProcessing": 0,
2026-06-16T11:22:52.4985923+09:00     "inserted": 1,
2026-06-16T11:22:52.4996004+09:00     "scanned": 14,
2026-06-16T11:22:52.5015920+09:00     "stale": {
2026-06-16T11:22:52.5025922+09:00       "scanned": 14,
2026-06-16T11:22:52.5045931+09:00       "staleDetected": 0,
2026-06-16T11:22:52.5066909+09:00       "rolledBack": 0,
2026-06-16T11:22:52.5076911+09:00       "skippedCap": 0,
2026-06-16T11:22:52.5096878+09:00       "dryRun": false,
2026-06-16T11:22:52.5126916+09:00       "actions": []
2026-06-16T11:22:52.5146882+09:00     }
2026-06-16T11:22:52.5158714+09:00   },
2026-06-16T11:22:52.5183777+09:00   "dispatch": {
2026-06-16T11:22:52.5193850+09:00     "claimed": 1,
2026-06-16T11:22:52.5203839+09:00     "done": 1,
2026-06-16T11:22:52.5223845+09:00     "failed": 0
2026-06-16T11:22:52.5233830+09:00   },
2026-06-16T11:22:52.5243846+09:00   "step4_poll": {
2026-06-16T11:22:52.5270495+09:00     "scanned": 14,
2026-06-16T11:22:52.5290526+09:00     "awaiting": 1,
2026-06-16T11:22:52.5310501+09:00     "polled": 0,
2026-06-16T11:22:52.5320502+09:00     "picks_applied": 0,
2026-06-16T11:22:52.5330492+09:00     "pick_errors": 0,
2026-06-16T11:22:52.5345548+09:00     "timeouts": 0,
2026-06-16T11:22:52.5365599+09:00     "skipped": 0,
2026-06-16T11:22:52.5375615+09:00     "results": [
2026-06-16T11:22:52.5395612+09:00       {
2026-06-16T11:22:52.5405616+09:00         "task_id": "daily-20260615-r02",
2026-06-16T11:22:52.5425630+09:00         "result": {
2026-06-16T11:22:52.5435616+09:00           "outcome": "no_new_messages"
2026-06-16T11:22:52.5459975+09:00         }
2026-06-16T11:22:52.5469984+09:00       }
2026-06-16T11:22:52.5489971+09:00     ]
2026-06-16T11:22:52.5499978+09:00   },
2026-06-16T11:22:52.5509970+09:00   "step7_retry_poll": {
2026-06-16T11:22:52.5529971+09:00     "scanned": 14,
2026-06-16T11:22:52.5545022+09:00     "eligible": 11,
2026-06-16T11:22:52.5560242+09:00     "polled": 0,
2026-06-16T11:22:52.5580338+09:00     "retries_triggered": 0,
2026-06-16T11:22:52.5600339+09:00     "retry_errors": 0,
2026-06-16T11:22:52.5610313+09:00     "skipped": 0,
2026-06-16T11:22:52.5630305+09:00     "results": []
2026-06-16T11:22:52.5645373+09:00   }
2026-06-16T11:22:52.5655458+09:00 }
2026-06-16T11:22:52.5675449+09:00 OK run-once finished
2026-06-16T11:27:48.4144652+09:00 START dispatch-run-once
2026-06-16T11:27:50.9795497+09:00 
2026-06-16T11:27:50.9825507+09:00 > orchestrator
2026-06-16T11:27:50.9846107+09:00 > tsx src/cli/orchestrator.ts run-once --limit 10
2026-06-16T11:27:50.9866182+09:00 
2026-06-16T11:27:59.7180350+09:00 {
2026-06-16T11:27:59.7276196+09:00   "ensure_daily": {
2026-06-16T11:27:59.7331645+09:00     "runs": [
2026-06-16T11:27:59.7356238+09:00       {
2026-06-16T11:27:59.7377661+09:00         "run_id": "r01",
2026-06-16T11:27:59.7397674+09:00         "action": "skipped_exists",
2026-06-16T11:27:59.7417645+09:00         "taskId": "daily-20260616-r01"
2026-06-16T11:27:59.7432718+09:00       },
2026-06-16T11:27:59.7478106+09:00       {
2026-06-16T11:27:59.7508143+09:00         "run_id": "r02",
2026-06-16T11:27:59.7518113+09:00         "action": "not_due",
2026-06-16T11:27:59.7533207+09:00         "taskId": "daily-20260616-r02",
2026-06-16T11:27:59.7559049+09:00         "reason": "jst_hour=11"
2026-06-16T11:27:59.7579033+09:00       },
2026-06-16T11:27:59.7599034+09:00       {
2026-06-16T11:27:59.7619068+09:00         "run_id": "r03",
2026-06-16T11:27:59.7644321+09:00         "action": "not_due",
2026-06-16T11:27:59.7674227+09:00         "taskId": "daily-20260616-r03",
2026-06-16T11:27:59.7694230+09:00         "reason": "jst_hour=11"
2026-06-16T11:27:59.7714230+09:00       }
2026-06-16T11:27:59.7734232+09:00     ]
2026-06-16T11:27:59.7771309+09:00   },
2026-06-16T11:27:59.7791336+09:00   "reconcile": {
2026-06-16T11:27:59.7831369+09:00     "resetProcessing": 0,
2026-06-16T11:27:59.7866964+09:00     "inserted": 1,
2026-06-16T11:27:59.7896971+09:00     "scanned": 14,
2026-06-16T11:27:59.7916977+09:00     "stale": {
2026-06-16T11:27:59.7957765+09:00       "scanned": 14,
2026-06-16T11:27:59.7987753+09:00       "staleDetected": 0,
2026-06-16T11:27:59.8017775+09:00       "rolledBack": 0,
2026-06-16T11:27:59.8032873+09:00       "skippedCap": 0,
2026-06-16T11:27:59.8058340+09:00       "dryRun": false,
2026-06-16T11:27:59.8078342+09:00       "actions": []
2026-06-16T11:27:59.8098327+09:00     }
2026-06-16T11:27:59.8118333+09:00   },
2026-06-16T11:27:59.8133410+09:00   "dispatch": {
2026-06-16T11:27:59.8159251+09:00     "claimed": 1,
2026-06-16T11:27:59.8179247+09:00     "done": 1,
2026-06-16T11:27:59.8189242+09:00     "failed": 0
2026-06-16T11:27:59.8209246+09:00   },
2026-06-16T11:27:59.8219292+09:00   "step4_poll": {
2026-06-16T11:27:59.8244459+09:00     "scanned": 14,
2026-06-16T11:27:59.8254518+09:00     "awaiting": 1,
2026-06-16T11:27:59.8274517+09:00     "polled": 0,
2026-06-16T11:27:59.8294512+09:00     "picks_applied": 0,
2026-06-16T11:27:59.8314513+09:00     "pick_errors": 0,
2026-06-16T11:27:59.8324516+09:00     "timeouts": 0,
2026-06-16T11:27:59.8345973+09:00     "skipped": 0,
2026-06-16T11:27:59.8355936+09:00     "results": [
2026-06-16T11:27:59.8375948+09:00       {
2026-06-16T11:27:59.8385987+09:00         "task_id": "daily-20260615-r02",
2026-06-16T11:27:59.8405945+09:00         "result": {
2026-06-16T11:27:59.8415945+09:00           "outcome": "no_new_messages"
2026-06-16T11:27:59.8430994+09:00         }
2026-06-16T11:27:59.8456794+09:00       }
2026-06-16T11:27:59.8476797+09:00     ]
2026-06-16T11:27:59.8486783+09:00   },
2026-06-16T11:27:59.8506788+09:00   "step7_retry_poll": {
2026-06-16T11:27:59.8516780+09:00     "scanned": 14,
2026-06-16T11:27:59.8531826+09:00     "eligible": 11,
2026-06-16T11:27:59.8547072+09:00     "polled": 0,
2026-06-16T11:27:59.8567148+09:00     "retries_triggered": 0,
2026-06-16T11:27:59.8577123+09:00     "retry_errors": 0,
2026-06-16T11:27:59.8597161+09:00     "skipped": 0,
2026-06-16T11:27:59.8617143+09:00     "results": []
2026-06-16T11:27:59.8632205+09:00   }
2026-06-16T11:27:59.8647448+09:00 }
2026-06-16T11:27:59.8667512+09:00 OK run-once finished
2026-06-16T11:32:48.1866326+09:00 START dispatch-run-once
2026-06-16T11:32:48.5874171+09:00 
2026-06-16T11:32:48.5894174+09:00 > orchestrator
2026-06-16T11:32:48.5914172+09:00 > tsx src/cli/orchestrator.ts run-once --limit 10
2026-06-16T11:32:48.5939670+09:00 
2026-06-16T11:32:52.6949589+09:00 {
2026-06-16T11:32:52.6969570+09:00   "ensure_daily": {
2026-06-16T11:32:52.6999576+09:00     "runs": [
2026-06-16T11:32:52.7020057+09:00       {
2026-06-16T11:32:52.7035363+09:00         "run_id": "r01",
2026-06-16T11:32:52.7055443+09:00         "action": "skipped_exists",
2026-06-16T11:32:52.7075434+09:00         "taskId": "daily-20260616-r01"
2026-06-16T11:32:52.7095449+09:00       },
2026-06-16T11:32:52.7120496+09:00       {
2026-06-16T11:32:52.7322188+09:00         "run_id": "r02",
2026-06-16T11:32:52.7342262+09:00         "action": "not_due",
2026-06-16T11:32:52.7362250+09:00         "taskId": "daily-20260616-r02",
2026-06-16T11:32:52.7382271+09:00         "reason": "jst_hour=11"
2026-06-16T11:32:52.7412268+09:00       },
2026-06-16T11:32:52.7447477+09:00       {
2026-06-16T11:32:52.7457465+09:00         "run_id": "r03",
2026-06-16T11:32:52.7477474+09:00         "action": "not_due",
2026-06-16T11:32:52.7497475+09:00         "taskId": "daily-20260616-r03",
2026-06-16T11:32:52.7522618+09:00         "reason": "jst_hour=11"
2026-06-16T11:32:52.7542890+09:00       }
2026-06-16T11:32:52.7562678+09:00     ]
2026-06-16T11:32:52.7582687+09:00   },
2026-06-16T11:32:52.7602683+09:00   "reconcile": {
2026-06-16T11:32:52.7622711+09:00     "resetProcessing": 0,
2026-06-16T11:32:52.7634473+09:00     "inserted": 1,
2026-06-16T11:32:52.7654563+09:00     "scanned": 14,
2026-06-16T11:32:52.7674532+09:00     "stale": {
2026-06-16T11:32:52.7684540+09:00       "scanned": 14,
2026-06-16T11:32:52.7704541+09:00       "staleDetected": 0,
2026-06-16T11:32:52.7719608+09:00       "rolledBack": 0,
2026-06-16T11:32:52.7755097+09:00       "skippedCap": 0,
2026-06-16T11:32:52.7785154+09:00       "dryRun": false,
2026-06-16T11:32:52.7805431+09:00       "actions": []
2026-06-16T11:32:52.7820502+09:00     }
2026-06-16T11:32:52.7845849+09:00   },
2026-06-16T11:32:52.7885844+09:00   "dispatch": {
2026-06-16T11:32:52.7895821+09:00     "claimed": 1,
2026-06-16T11:32:52.7920899+09:00     "done": 1,
2026-06-16T11:32:52.7936223+09:00     "failed": 0
2026-06-16T11:32:52.7956295+09:00   },
2026-06-16T11:32:52.7966287+09:00   "step4_poll": {
2026-06-16T11:32:52.7976279+09:00     "scanned": 14,
2026-06-16T11:32:52.7986291+09:00     "awaiting": 1,
2026-06-16T11:32:52.8011448+09:00     "polled": 0,
2026-06-16T11:32:52.8026468+09:00     "picks_applied": 0,
2026-06-16T11:32:52.8046626+09:00     "pick_errors": 0,
2026-06-16T11:32:52.8056624+09:00     "timeouts": 0,
2026-06-16T11:32:52.8076622+09:00     "skipped": 0,
2026-06-16T11:32:52.8096610+09:00     "results": [
2026-06-16T11:32:52.8106605+09:00       {
2026-06-16T11:32:52.8121665+09:00         "task_id": "daily-20260615-r02",
2026-06-16T11:32:52.8136933+09:00         "result": {
2026-06-16T11:32:52.8157054+09:00           "outcome": "no_new_messages"
2026-06-16T11:32:52.8177042+09:00         }
2026-06-16T11:32:52.8187040+09:00       }
2026-06-16T11:32:52.8207046+09:00     ]
2026-06-16T11:32:52.8232239+09:00   },
2026-06-16T11:32:52.8252262+09:00   "step7_retry_poll": {
2026-06-16T11:32:52.8262266+09:00     "scanned": 14,
2026-06-16T11:32:52.8282222+09:00     "eligible": 11,
2026-06-16T11:32:52.8292240+09:00     "polled": 0,
2026-06-16T11:32:52.8312228+09:00     "retries_triggered": 0,
2026-06-16T11:32:52.8322264+09:00     "retry_errors": 0,
2026-06-16T11:32:52.8343279+09:00     "skipped": 0,
2026-06-16T11:32:52.8363282+09:00     "results": []
2026-06-16T11:32:52.8383596+09:00   }
2026-06-16T11:32:52.8393608+09:00 }
2026-06-16T11:32:52.8423248+09:00 OK run-once finished
2026-06-16T11:37:48.3333981+09:00 START dispatch-run-once
2026-06-16T11:37:48.7310556+09:00 
2026-06-16T11:37:48.7335717+09:00 > orchestrator
2026-06-16T11:37:48.7355730+09:00 > tsx src/cli/orchestrator.ts run-once --limit 10
2026-06-16T11:37:48.7375733+09:00 
2026-06-16T11:37:52.4810170+09:00 {
2026-06-16T11:37:52.4867703+09:00   "ensure_daily": {
2026-06-16T11:37:52.4912756+09:00     "runs": [
2026-06-16T11:37:52.4978978+09:00       {
2026-06-16T11:37:52.4998854+09:00         "run_id": "r01",
2026-06-16T11:37:52.5024027+09:00         "action": "skipped_exists",
2026-06-16T11:37:52.5054015+09:00         "taskId": "daily-20260616-r01"
2026-06-16T11:37:52.5074006+09:00       },
2026-06-16T11:37:52.5094001+09:00       {
2026-06-16T11:37:52.5312453+09:00         "run_id": "r02",
2026-06-16T11:37:52.5338517+09:00         "action": "not_due",
2026-06-16T11:37:52.5368514+09:00         "taskId": "daily-20260616-r02",
2026-06-16T11:37:52.5388531+09:00         "reason": "jst_hour=11"
2026-06-16T11:37:52.5413935+09:00       },
2026-06-16T11:37:52.5434016+09:00       {
2026-06-16T11:37:52.5464014+09:00         "run_id": "r03",
2026-06-16T11:37:52.5484041+09:00         "action": "not_due",
2026-06-16T11:37:52.5504043+09:00         "taskId": "daily-20260616-r03",
2026-06-16T11:37:52.5534856+09:00         "reason": "jst_hour=11"
2026-06-16T11:37:52.5556276+09:00       }
2026-06-16T11:37:52.5571982+09:00     ]
2026-06-16T11:37:52.5587726+09:00   },
2026-06-16T11:37:52.5608693+09:00   "reconcile": {
2026-06-16T11:37:52.5641475+09:00     "resetProcessing": 0,
2026-06-16T11:37:52.5661483+09:00     "inserted": 1,
2026-06-16T11:37:52.5696640+09:00     "scanned": 14,
2026-06-16T11:37:52.5711791+09:00     "stale": {
2026-06-16T11:37:52.5727359+09:00       "scanned": 14,
2026-06-16T11:37:52.5747464+09:00       "staleDetected": 0,
2026-06-16T11:37:52.5777427+09:00       "rolledBack": 0,
2026-06-16T11:37:52.5797422+09:00       "skippedCap": 0,
2026-06-16T11:37:52.5822577+09:00       "dryRun": false,
2026-06-16T11:37:52.5852560+09:00       "actions": []
2026-06-16T11:37:52.5872537+09:00     }
2026-06-16T11:37:52.5892546+09:00   },
2026-06-16T11:37:52.5912567+09:00   "dispatch": {
2026-06-16T11:37:52.5943667+09:00     "claimed": 1,
2026-06-16T11:37:52.5963984+09:00     "done": 1,
2026-06-16T11:37:52.5983644+09:00     "failed": 0
2026-06-16T11:37:52.6003636+09:00   },
2026-06-16T11:37:52.6025147+09:00   "step4_poll": {
2026-06-16T11:37:52.6045136+09:00     "scanned": 14,
2026-06-16T11:37:52.6065161+09:00     "awaiting": 1,
2026-06-16T11:37:52.6085159+09:00     "polled": 0,
2026-06-16T11:37:52.6114943+09:00     "picks_applied": 0,
2026-06-16T11:37:52.6136095+09:00     "pick_errors": 0,
2026-06-16T11:37:52.6146168+09:00     "timeouts": 0,
2026-06-16T11:37:52.6166168+09:00     "skipped": 0,
2026-06-16T11:37:52.6186186+09:00     "results": [
2026-06-16T11:37:52.6196172+09:00       {
2026-06-16T11:37:52.6211217+09:00         "task_id": "daily-20260615-r02",
2026-06-16T11:37:52.6226471+09:00         "result": {
2026-06-16T11:37:52.6246535+09:00           "outcome": "no_new_messages"
2026-06-16T11:37:52.6266549+09:00         }
2026-06-16T11:37:52.6286557+09:00       }
2026-06-16T11:37:52.6296539+09:00     ]
2026-06-16T11:37:52.6311635+09:00   },
2026-06-16T11:37:52.6337320+09:00   "step7_retry_poll": {
2026-06-16T11:37:52.6347321+09:00     "scanned": 14,
2026-06-16T11:37:52.6367317+09:00     "eligible": 11,
2026-06-16T11:37:52.6387316+09:00     "polled": 0,
2026-06-16T11:37:52.6412375+09:00     "retries_triggered": 0,
2026-06-16T11:37:52.6432484+09:00     "retry_errors": 0,
2026-06-16T11:37:52.6452446+09:00     "skipped": 0,
2026-06-16T11:37:52.6472477+09:00     "results": []
2026-06-16T11:37:52.6482463+09:00   }
2026-06-16T11:37:52.6502468+09:00 }
2026-06-16T11:37:52.6524910+09:00 OK run-once finished
2026-06-16T11:42:47.4367450+09:00 START dispatch-run-once
2026-06-16T11:42:47.8297895+09:00 
2026-06-16T11:42:47.8313193+09:00 > orchestrator
2026-06-16T11:42:47.8343266+09:00 > tsx src/cli/orchestrator.ts run-once --limit 10
2026-06-16T11:42:47.8363268+09:00 
2026-06-16T11:42:51.5465706+09:00 {
2026-06-16T11:42:51.5485759+09:00   "ensure_daily": {
2026-06-16T11:42:51.5510899+09:00     "runs": [
2026-06-16T11:42:51.5530884+09:00       {
2026-06-16T11:42:51.5550879+09:00         "run_id": "r01",
2026-06-16T11:42:51.5570891+09:00         "action": "skipped_exists",
2026-06-16T11:42:51.5590884+09:00         "taskId": "daily-20260616-r01"
2026-06-16T11:42:51.5600864+09:00       },
2026-06-16T11:42:51.5631690+09:00       {
2026-06-16T11:42:51.5841981+09:00         "run_id": "r02",
2026-06-16T11:42:51.5861953+09:00         "action": "not_due",
2026-06-16T11:42:51.5891945+09:00         "taskId": "daily-20260616-r02",
2026-06-16T11:42:51.5907069+09:00         "reason": "jst_hour=11"
2026-06-16T11:42:51.5937144+09:00       },
2026-06-16T11:42:51.5967162+09:00       {
2026-06-16T11:42:51.5987177+09:00         "run_id": "r03",
2026-06-16T11:42:51.6012332+09:00         "action": "not_due",
2026-06-16T11:42:51.6042321+09:00         "taskId": "daily-20260616-r03",
2026-06-16T11:42:51.6062314+09:00         "reason": "jst_hour=11"
2026-06-16T11:42:51.6082347+09:00       }
2026-06-16T11:42:51.6102298+09:00     ]
2026-06-16T11:42:51.6137566+09:00   },
2026-06-16T11:42:51.6147600+09:00   "reconcile": {
2026-06-16T11:42:51.6167584+09:00     "resetProcessing": 0,
2026-06-16T11:42:51.6187572+09:00     "inserted": 1,
2026-06-16T11:42:51.6202632+09:00     "scanned": 14,
2026-06-16T11:42:51.6222699+09:00     "stale": {
2026-06-16T11:42:51.6242717+09:00       "scanned": 14,
2026-06-16T11:42:51.6272709+09:00       "staleDetected": 0,
2026-06-16T11:42:51.6297835+09:00       "rolledBack": 0,
2026-06-16T11:42:51.6333215+09:00       "skippedCap": 0,
2026-06-16T11:42:51.6373188+09:00       "dryRun": false,
2026-06-16T11:42:51.6398242+09:00       "actions": []
2026-06-16T11:42:51.6428629+09:00     }
2026-06-16T11:42:51.6469033+09:00   },
2026-06-16T11:42:51.6488700+09:00   "dispatch": {
2026-06-16T11:42:51.6512255+09:00     "claimed": 1,
2026-06-16T11:42:51.6532282+09:00     "done": 1,
2026-06-16T11:42:51.6564658+09:00     "failed": 0
2026-06-16T11:42:51.6592421+09:00   },
2026-06-16T11:42:51.6617396+09:00   "step4_poll": {
2026-06-16T11:42:51.6639413+09:00     "scanned": 14,
2026-06-16T11:42:51.6665434+09:00     "awaiting": 1,
2026-06-16T11:42:51.6685482+09:00     "polled": 0,
2026-06-16T11:42:51.6726755+09:00     "picks_applied": 0,
2026-06-16T11:42:51.6746757+09:00     "pick_errors": 0,
2026-06-16T11:42:51.6766763+09:00     "timeouts": 0,
2026-06-16T11:42:51.6786764+09:00     "skipped": 0,
2026-06-16T11:42:51.6811968+09:00     "results": [
2026-06-16T11:42:51.6831973+09:00       {
2026-06-16T11:42:51.6851956+09:00         "task_id": "daily-20260615-r02",
2026-06-16T11:42:51.6871947+09:00         "result": {
2026-06-16T11:42:51.6891958+09:00           "outcome": "no_new_messages"
2026-06-16T11:42:51.6914742+09:00         }
2026-06-16T11:42:51.6934745+09:00       }
2026-06-16T11:42:51.6954737+09:00     ]
2026-06-16T11:42:51.6974744+09:00   },
2026-06-16T11:42:51.6984723+09:00   "step7_retry_poll": {
2026-06-16T11:42:51.6999783+09:00     "scanned": 14,
2026-06-16T11:42:51.7025129+09:00     "eligible": 11,
2026-06-16T11:42:51.7100231+09:00     "polled": 0,
2026-06-16T11:42:51.7135805+09:00     "retries_triggered": 0,
2026-06-16T11:42:51.7155813+09:00     "retry_errors": 0,
2026-06-16T11:42:51.7175848+09:00     "skipped": 0,
2026-06-16T11:42:51.7200885+09:00     "results": []
2026-06-16T11:42:51.7227047+09:00   }
2026-06-16T11:42:51.7247046+09:00 }
2026-06-16T11:42:51.7277035+09:00 OK run-once finished
2026-06-16T11:47:48.4513150+09:00 START dispatch-run-once
2026-06-16T11:47:48.8455555+09:00 
2026-06-16T11:47:48.8475555+09:00 > orchestrator
2026-06-16T11:47:48.8500699+09:00 > tsx src/cli/orchestrator.ts run-once --limit 10
2026-06-16T11:47:48.8530768+09:00 
2026-06-16T11:47:52.5147022+09:00 {
2026-06-16T11:47:52.5246810+09:00   "ensure_daily": {
2026-06-16T11:47:52.5348307+09:00     "runs": [
2026-06-16T11:47:52.5443025+09:00       {
2026-06-16T11:47:52.5514325+09:00         "run_id": "r01",
2026-06-16T11:47:52.5574410+09:00         "action": "skipped_exists",
2026-06-16T11:47:52.5626582+09:00         "taskId": "daily-20260616-r01"
2026-06-16T11:47:52.5666484+09:00       },
2026-06-16T11:47:52.5701842+09:00       {
2026-06-16T11:47:52.5950909+09:00         "run_id": "r02",
2026-06-16T11:47:52.5980933+09:00         "action": "not_due",
2026-06-16T11:47:52.6003239+09:00         "taskId": "daily-20260616-r02",
2026-06-16T11:47:52.6023235+09:00         "reason": "jst_hour=11"
2026-06-16T11:47:52.6058391+09:00       },
2026-06-16T11:47:52.6078378+09:00       {
2026-06-16T11:47:52.6109907+09:00         "run_id": "r03",
2026-06-16T11:47:52.6129976+09:00         "action": "not_due",
2026-06-16T11:47:52.6149981+09:00         "taskId": "daily-20260616-r03",
2026-06-16T11:47:52.6159974+09:00         "reason": "jst_hour=11"
2026-06-16T11:47:52.6183948+09:00       }
2026-06-16T11:47:52.6189332+09:00     ]
2026-06-16T11:47:52.6215537+09:00   },
2026-06-16T11:47:52.6235863+09:00   "reconcile": {
2026-06-16T11:47:52.6245527+09:00     "resetProcessing": 0,
2026-06-16T11:47:52.6265878+09:00     "inserted": 1,
2026-06-16T11:47:52.6275522+09:00     "scanned": 14,
2026-06-16T11:47:52.6300686+09:00     "stale": {
2026-06-16T11:47:52.6310685+09:00       "scanned": 14,
2026-06-16T11:47:52.6330676+09:00       "staleDetected": 0,
2026-06-16T11:47:52.6340673+09:00       "rolledBack": 0,
2026-06-16T11:47:52.6370682+09:00       "skippedCap": 0,
2026-06-16T11:47:52.6390675+09:00       "dryRun": false,
2026-06-16T11:47:52.6412507+09:00       "actions": []
2026-06-16T11:47:52.6422511+09:00     }
2026-06-16T11:47:52.6442521+09:00   },
2026-06-16T11:47:52.6452516+09:00   "dispatch": {
2026-06-16T11:47:52.6472522+09:00     "claimed": 1,
2026-06-16T11:47:52.6487574+09:00     "done": 1,
2026-06-16T11:47:52.6502868+09:00     "failed": 0
2026-06-16T11:47:52.6522954+09:00   },
2026-06-16T11:47:52.6542942+09:00   "step4_poll": {
2026-06-16T11:47:52.6552929+09:00     "scanned": 14,
2026-06-16T11:47:52.6572934+09:00     "awaiting": 1,
2026-06-16T11:47:52.6588009+09:00     "polled": 0,
2026-06-16T11:47:52.6588009+09:00     "picks_applied": 0,
2026-06-16T11:47:52.6613447+09:00     "pick_errors": 0,
2026-06-16T11:47:52.6623425+09:00     "timeouts": 0,
2026-06-16T11:47:52.6643431+09:00     "skipped": 0,
2026-06-16T11:47:52.6653429+09:00     "results": [
2026-06-16T11:47:52.6673424+09:00       {
2026-06-16T11:47:52.6688519+09:00         "task_id": "daily-20260615-r02",
2026-06-16T11:47:52.6713977+09:00         "result": {
2026-06-16T11:47:52.6723951+09:00           "outcome": "no_new_messages"
2026-06-16T11:47:52.6743964+09:00         }
2026-06-16T11:47:52.6753952+09:00       }
2026-06-16T11:47:52.6773959+09:00     ]
2026-06-16T11:47:52.6789019+09:00   },
2026-06-16T11:47:52.6804309+09:00   "step7_retry_poll": {
2026-06-16T11:47:52.6814380+09:00     "scanned": 14,
2026-06-16T11:47:52.6824368+09:00     "eligible": 11,
2026-06-16T11:47:52.6844389+09:00     "polled": 0,
2026-06-16T11:47:52.6854362+09:00     "retries_triggered": 0,
2026-06-16T11:47:52.6874377+09:00     "retry_errors": 0,
2026-06-16T11:47:52.6889439+09:00     "skipped": 0,
2026-06-16T11:47:52.6904694+09:00     "results": []
2026-06-16T11:47:52.6914762+09:00   }
2026-06-16T11:47:52.6934765+09:00 }
2026-06-16T11:47:52.6954756+09:00 OK run-once finished
2026-06-16T11:52:47.7809866+09:00 START dispatch-run-once
2026-06-16T11:52:48.1821613+09:00 
2026-06-16T11:52:48.1841603+09:00 > orchestrator
2026-06-16T11:52:48.1861655+09:00 > tsx src/cli/orchestrator.ts run-once --limit 10
2026-06-16T11:52:48.1876724+09:00 
2026-06-16T11:52:51.8622876+09:00 {
2026-06-16T11:52:51.8678164+09:00   "ensure_daily": {
2026-06-16T11:52:51.8725220+09:00     "runs": [
2026-06-16T11:52:51.8757121+09:00       {
2026-06-16T11:52:51.8777464+09:00         "run_id": "r01",
2026-06-16T11:52:51.8803477+09:00         "action": "skipped_exists",
2026-06-16T11:52:51.8823461+09:00         "taskId": "daily-20260616-r01"
2026-06-16T11:52:51.8843476+09:00       },
2026-06-16T11:52:51.8863462+09:00       {
2026-06-16T11:52:51.9059681+09:00         "run_id": "r02",
2026-06-16T11:52:51.9084832+09:00         "action": "not_due",
2026-06-16T11:52:51.9104844+09:00         "taskId": "daily-20260616-r02",
2026-06-16T11:52:51.9124865+09:00         "reason": "jst_hour=11"
2026-06-16T11:52:51.9154860+09:00       },
2026-06-16T11:52:51.9179908+09:00       {
2026-06-16T11:52:51.9199992+09:00         "run_id": "r03",
2026-06-16T11:52:51.9219982+09:00         "action": "not_due",
2026-06-16T11:52:51.9229985+09:00         "taskId": "daily-20260616-r03",
2026-06-16T11:52:51.9253587+09:00         "reason": "jst_hour=11"
2026-06-16T11:52:51.9263649+09:00       }
2026-06-16T11:52:51.9294168+09:00     ]
2026-06-16T11:52:51.9304231+09:00   },
2026-06-16T11:52:51.9324234+09:00   "reconcile": {
2026-06-16T11:52:51.9334069+09:00     "resetProcessing": 0,
2026-06-16T11:52:51.9354137+09:00     "inserted": 1,
2026-06-16T11:52:51.9364124+09:00     "scanned": 14,
2026-06-16T11:52:51.9379202+09:00     "stale": {
2026-06-16T11:52:51.9399303+09:00       "scanned": 14,
2026-06-16T11:52:51.9419279+09:00       "staleDetected": 0,
2026-06-16T11:52:51.9429287+09:00       "rolledBack": 0,
2026-06-16T11:52:51.9449272+09:00       "skippedCap": 0,
2026-06-16T11:52:51.9469287+09:00       "dryRun": false,
2026-06-16T11:52:51.9494444+09:00       "actions": []
2026-06-16T11:52:51.9514509+09:00     }
2026-06-16T11:52:51.9534842+09:00   },
2026-06-16T11:52:51.9544507+09:00   "dispatch": {
2026-06-16T11:52:51.9564528+09:00     "claimed": 1,
2026-06-16T11:52:51.9579582+09:00     "done": 1,
2026-06-16T11:52:51.9599680+09:00     "failed": 0
2026-06-16T11:52:51.9609684+09:00   },
2026-06-16T11:52:51.9629672+09:00   "step4_poll": {
2026-06-16T11:52:51.9649658+09:00     "scanned": 14,
2026-06-16T11:52:51.9670052+09:00     "awaiting": 1,
2026-06-16T11:52:51.9679675+09:00     "polled": 0,
2026-06-16T11:52:51.9702581+09:00     "picks_applied": 0,
2026-06-16T11:52:51.9712193+09:00     "pick_errors": 0,
2026-06-16T11:52:51.9732210+09:00     "timeouts": 0,
2026-06-16T11:52:51.9732210+09:00     "skipped": 0,
2026-06-16T11:52:51.9757675+09:00     "results": [
2026-06-16T11:52:51.9767669+09:00       {
2026-06-16T11:52:51.9785103+09:00         "task_id": "daily-20260615-r02",
2026-06-16T11:52:51.9808990+09:00         "result": {
2026-06-16T11:52:51.9828948+09:00           "outcome": "no_new_messages"
2026-06-16T11:52:51.9848977+09:00         }
2026-06-16T11:52:51.9858950+09:00       }
2026-06-16T11:52:51.9868927+09:00     ]
2026-06-16T11:52:51.9894446+09:00   },
2026-06-16T11:52:51.9904456+09:00   "step7_retry_poll": {
2026-06-16T11:52:51.9924786+09:00     "scanned": 14,
2026-06-16T11:52:51.9934435+09:00     "eligible": 11,
2026-06-16T11:52:51.9954433+09:00     "polled": 0,
2026-06-16T11:52:51.9964420+09:00     "retries_triggered": 0,
2026-06-16T11:52:51.9979534+09:00     "retry_errors": 0,
2026-06-16T11:52:51.9999612+09:00     "skipped": 0,
2026-06-16T11:52:52.0009627+09:00     "results": []
2026-06-16T11:52:52.0029605+09:00   }
2026-06-16T11:52:52.0039602+09:00 }
2026-06-16T11:52:52.0059599+09:00 OK run-once finished
2026-06-16T11:57:48.2730129+09:00 START dispatch-run-once
2026-06-16T11:57:48.6866035+09:00 
2026-06-16T11:57:48.6901503+09:00 > orchestrator
2026-06-16T11:57:48.6921484+09:00 > tsx src/cli/orchestrator.ts run-once --limit 10
2026-06-16T11:57:48.6941506+09:00 
2026-06-16T11:57:52.3428705+09:00 {
2026-06-16T11:57:52.3494907+09:00   "ensure_daily": {
2026-06-16T11:57:52.3580490+09:00     "runs": [
2026-06-16T11:57:52.3640923+09:00       {
2026-06-16T11:57:52.3717689+09:00         "run_id": "r01",
2026-06-16T11:57:52.3806167+09:00         "action": "skipped_exists",
2026-06-16T11:57:52.3882037+09:00         "taskId": "daily-20260616-r01"
2026-06-16T11:57:52.3932178+09:00       },
2026-06-16T11:57:52.3983258+09:00       {
2026-06-16T11:57:52.4234003+09:00         "run_id": "r02",
2026-06-16T11:57:52.4254112+09:00         "action": "not_due",
2026-06-16T11:57:52.4279343+09:00         "taskId": "daily-20260616-r02",
2026-06-16T11:57:52.4299331+09:00         "reason": "jst_hour=11"
2026-06-16T11:57:52.4319319+09:00       },
2026-06-16T11:57:52.4349324+09:00       {
2026-06-16T11:57:52.4369325+09:00         "run_id": "r03",
2026-06-16T11:57:52.4393848+09:00         "action": "not_due",
2026-06-16T11:57:52.4403855+09:00         "taskId": "daily-20260616-r03",
2026-06-16T11:57:52.4428985+09:00         "reason": "jst_hour=11"
2026-06-16T11:57:52.4435773+09:00       }
2026-06-16T11:57:52.4455839+09:00     ]
2026-06-16T11:57:52.4465825+09:00   },
2026-06-16T11:57:52.4494284+09:00   "reconcile": {
2026-06-16T11:57:52.4504311+09:00     "resetProcessing": 0,
2026-06-16T11:57:52.4524275+09:00     "inserted": 1,
2026-06-16T11:57:52.4534261+09:00     "scanned": 14,
2026-06-16T11:57:52.4554631+09:00     "stale": {
2026-06-16T11:57:52.4569706+09:00       "scanned": 14,
2026-06-16T11:57:52.4589850+09:00       "staleDetected": 0,
2026-06-16T11:57:52.4599842+09:00       "rolledBack": 0,
2026-06-16T11:57:52.4619837+09:00       "skippedCap": 0,
2026-06-16T11:57:52.4639833+09:00       "dryRun": false,
2026-06-16T11:57:52.4649953+09:00       "actions": []
2026-06-16T11:57:52.4680852+09:00     }
2026-06-16T11:57:52.4690944+09:00   },
2026-06-16T11:57:52.4710925+09:00   "dispatch": {
2026-06-16T11:57:52.4720908+09:00     "claimed": 1,
2026-06-16T11:57:52.4741258+09:00     "done": 1,
2026-06-16T11:57:52.4750955+09:00     "failed": 0
2026-06-16T11:57:52.4766018+09:00   },
2026-06-16T11:57:52.4781740+09:00   "step4_poll": {
2026-06-16T11:57:52.4801800+09:00     "scanned": 14,
2026-06-16T11:57:52.4822146+09:00     "awaiting": 1,
2026-06-16T11:57:52.4831809+09:00     "polled": 0,
2026-06-16T11:57:52.4852143+09:00     "picks_applied": 0,
2026-06-16T11:57:52.4867533+09:00     "pick_errors": 0,
2026-06-16T11:57:52.4883621+09:00     "timeouts": 0,
2026-06-16T11:57:52.4893686+09:00     "skipped": 0,
2026-06-16T11:57:52.4913696+09:00     "results": [
2026-06-16T11:57:52.4923698+09:00       {
2026-06-16T11:57:52.4953724+09:00         "task_id": "daily-20260615-r02",
2026-06-16T11:57:52.4968839+09:00         "result": {
2026-06-16T11:57:52.4988930+09:00           "outcome": "no_new_messages"
2026-06-16T11:57:52.4998911+09:00         }
2026-06-16T11:57:52.5018917+09:00       }
2026-06-16T11:57:52.5028909+09:00     ]
2026-06-16T11:57:52.5038897+09:00   },
2026-06-16T11:57:52.5058911+09:00   "step7_retry_poll": {
2026-06-16T11:57:52.5074055+09:00     "scanned": 14,
2026-06-16T11:57:52.5084077+09:00     "eligible": 11,
2026-06-16T11:57:52.5104078+09:00     "polled": 0,
2026-06-16T11:57:52.5124079+09:00     "retries_triggered": 0,
2026-06-16T11:57:52.5144075+09:00     "retry_errors": 0,
2026-06-16T11:57:52.5154069+09:00     "skipped": 0,
2026-06-16T11:57:52.5169134+09:00     "results": []
2026-06-16T11:57:52.5189215+09:00   }
2026-06-16T11:57:52.5199212+09:00 }
2026-06-16T11:57:52.5219220+09:00 OK run-once finished
2026-06-16T12:02:48.0141497+09:00 START dispatch-run-once
2026-06-16T12:02:48.4266734+09:00 
2026-06-16T12:02:48.4296709+09:00 > orchestrator
2026-06-16T12:02:48.4316745+09:00 > tsx src/cli/orchestrator.ts run-once --limit 10
2026-06-16T12:02:48.4346754+09:00 
2026-06-16T12:02:52.1786185+09:00 {
2026-06-16T12:02:52.1806126+09:00   "ensure_daily": {
2026-06-16T12:02:52.1826176+09:00     "runs": [
2026-06-16T12:02:52.1846138+09:00       {
2026-06-16T12:02:52.1867729+09:00         "run_id": "r01",
2026-06-16T12:02:52.1887729+09:00         "action": "not_due",
2026-06-16T12:02:52.1907748+09:00         "taskId": "daily-20260616-r01",
2026-06-16T12:02:52.1927716+09:00         "reason": "jst_hour=12"
2026-06-16T12:02:52.1937724+09:00       },
2026-06-16T12:02:52.2140780+09:00       {
2026-06-16T12:02:52.2165903+09:00         "run_id": "r02",
2026-06-16T12:02:52.2196039+09:00         "action": "not_due",
2026-06-16T12:02:52.2226060+09:00         "taskId": "daily-20260616-r02",
2026-06-16T12:02:52.2256024+09:00         "reason": "jst_hour=12"
2026-06-16T12:02:52.2281243+09:00       },
2026-06-16T12:02:52.2311220+09:00       {
2026-06-16T12:02:52.2331217+09:00         "run_id": "r03",
2026-06-16T12:02:52.2356275+09:00         "action": "not_due",
2026-06-16T12:02:52.2376403+09:00         "taskId": "daily-20260616-r03",
2026-06-16T12:02:52.2396462+09:00         "reason": "jst_hour=12"
2026-06-16T12:02:52.2416465+09:00       }
2026-06-16T12:02:52.2446575+09:00     ]
2026-06-16T12:02:52.2471833+09:00   },
2026-06-16T12:02:52.2491783+09:00   "reconcile": {
2026-06-16T12:02:52.2511783+09:00     "resetProcessing": 0,
2026-06-16T12:02:52.2541944+09:00     "inserted": 1,
2026-06-16T12:02:52.2567096+09:00     "scanned": 14,
2026-06-16T12:02:52.2587289+09:00     "stale": {
2026-06-16T12:02:52.2617291+09:00       "scanned": 14,
2026-06-16T12:02:52.2637283+09:00       "staleDetected": 0,
2026-06-16T12:02:52.2662374+09:00       "rolledBack": 0,
2026-06-16T12:02:52.2692544+09:00       "skippedCap": 0,
2026-06-16T12:02:52.2722528+09:00       "dryRun": false,
2026-06-16T12:02:52.2742535+09:00       "actions": []
2026-06-16T12:02:52.2767663+09:00     }
2026-06-16T12:02:52.2787704+09:00   },
2026-06-16T12:02:52.2807664+09:00   "dispatch": {
2026-06-16T12:02:52.2837661+09:00     "claimed": 1,
2026-06-16T12:02:52.2852741+09:00     "done": 1,
2026-06-16T12:02:52.2878138+09:00     "failed": 0
2026-06-16T12:02:52.2898148+09:00   },
2026-06-16T12:02:52.2908132+09:00   "step4_poll": {
2026-06-16T12:02:52.2928129+09:00     "scanned": 14,
2026-06-16T12:02:52.2938139+09:00     "awaiting": 1,
2026-06-16T12:02:52.2965617+09:00     "polled": 0,
2026-06-16T12:02:52.2985613+09:00     "picks_applied": 0,
2026-06-16T12:02:52.3015629+09:00     "pick_errors": 0,
2026-06-16T12:02:52.3035630+09:00     "timeouts": 0,
2026-06-16T12:02:52.3055631+09:00     "skipped": 0,
2026-06-16T12:02:52.3069277+09:00     "results": [
2026-06-16T12:02:52.3089292+09:00       {
2026-06-16T12:02:52.3109288+09:00         "task_id": "daily-20260615-r02",
2026-06-16T12:02:52.3119298+09:00         "result": {
2026-06-16T12:02:52.3139347+09:00           "outcome": "no_new_messages"
2026-06-16T12:02:52.3154446+09:00         }
2026-06-16T12:02:52.3179926+09:00       }
2026-06-16T12:02:52.3189927+09:00     ]
2026-06-16T12:02:52.3209928+09:00   },
2026-06-16T12:02:52.3229915+09:00   "step7_retry_poll": {
2026-06-16T12:02:52.3239924+09:00     "scanned": 14,
2026-06-16T12:02:52.3255017+09:00     "eligible": 11,
2026-06-16T12:02:52.3280581+09:00     "polled": 0,
2026-06-16T12:02:52.3300551+09:00     "retries_triggered": 0,
2026-06-16T12:02:52.3320550+09:00     "retry_errors": 0,
2026-06-16T12:02:52.3330555+09:00     "skipped": 0,
2026-06-16T12:02:52.3355650+09:00     "results": []
2026-06-16T12:02:52.3365727+09:00   }
2026-06-16T12:02:52.3385745+09:00 }
2026-06-16T12:02:52.3405756+09:00 OK run-once finished
2026-06-16T12:07:48.6346517+09:00 START dispatch-run-once
2026-06-16T12:07:49.0465312+09:00 
2026-06-16T12:07:49.0485323+09:00 > orchestrator
2026-06-16T12:07:49.0505334+09:00 > tsx src/cli/orchestrator.ts run-once --limit 10
2026-06-16T12:07:49.0525315+09:00 
2026-06-16T12:07:52.7760841+09:00 {
2026-06-16T12:07:52.7885980+09:00   "ensure_daily": {
2026-06-16T12:07:52.7955888+09:00     "runs": [
2026-06-16T12:07:52.8057545+09:00       {
2026-06-16T12:07:52.8133541+09:00         "run_id": "r01",
2026-06-16T12:07:52.8204144+09:00         "action": "not_due",
2026-06-16T12:07:52.8256476+09:00         "taskId": "daily-20260616-r01",
2026-06-16T12:07:52.8294518+09:00         "reason": "jst_hour=12"
2026-06-16T12:07:52.8335453+09:00       },
2026-06-16T12:07:52.8584094+09:00       {
2026-06-16T12:07:52.8604096+09:00         "run_id": "r02",
2026-06-16T12:07:52.8623814+09:00         "action": "not_due",
2026-06-16T12:07:52.8634529+09:00         "taskId": "daily-20260616-r02",
2026-06-16T12:07:52.8654524+09:00         "reason": "jst_hour=12"
2026-06-16T12:07:52.8684505+09:00       },
2026-06-16T12:07:52.8703984+09:00       {
2026-06-16T12:07:52.8724040+09:00         "run_id": "r03",
2026-06-16T12:07:52.8748809+09:00         "action": "not_due",
2026-06-16T12:07:52.8758766+09:00         "taskId": "daily-20260616-r03",
2026-06-16T12:07:52.8758766+09:00         "reason": "jst_hour=12"
2026-06-16T12:07:52.8797449+09:00       }
2026-06-16T12:07:52.8797449+09:00     ]
2026-06-16T12:07:52.8797449+09:00   },
2026-06-16T12:07:52.8797449+09:00   "reconcile": {
2026-06-16T12:07:52.8863307+09:00     "resetProcessing": 0,
2026-06-16T12:07:52.8881594+09:00     "inserted": 1,
2026-06-16T12:07:52.8891250+09:00     "scanned": 14,
2026-06-16T12:07:52.8901578+09:00     "stale": {
2026-06-16T12:07:52.8928068+09:00       "scanned": 14,
2026-06-16T12:07:52.8938136+09:00       "staleDetected": 0,
2026-06-16T12:07:52.8953647+09:00       "rolledBack": 0,
2026-06-16T12:07:52.8953647+09:00       "skippedCap": 0,
2026-06-16T12:07:52.8953647+09:00       "dryRun": false,
2026-06-16T12:07:52.9003101+09:00       "actions": []
2026-06-16T12:07:52.9003101+09:00     }
2026-06-16T12:07:52.9003101+09:00   },
2026-06-16T12:07:52.9057115+09:00   "dispatch": {
2026-06-16T12:07:52.9057115+09:00     "claimed": 1,
2026-06-16T12:07:52.9057115+09:00     "done": 1,
2026-06-16T12:07:52.9057115+09:00     "failed": 0
2026-06-16T12:07:52.9110749+09:00   },
2026-06-16T12:07:52.9110749+09:00   "step4_poll": {
2026-06-16T12:07:52.9110749+09:00     "scanned": 14,
2026-06-16T12:07:52.9110749+09:00     "awaiting": 1,
2026-06-16T12:07:52.9173930+09:00     "polled": 0,
2026-06-16T12:07:52.9184531+09:00     "picks_applied": 0,
2026-06-16T12:07:52.9203090+09:00     "pick_errors": 0,
2026-06-16T12:07:52.9223664+09:00     "timeouts": 0,
2026-06-16T12:07:52.9233665+09:00     "skipped": 0,
2026-06-16T12:07:52.9243652+09:00     "results": [
2026-06-16T12:07:52.9263663+09:00       {
2026-06-16T12:07:52.9273659+09:00         "task_id": "daily-20260615-r02",
2026-06-16T12:07:52.9286729+09:00         "result": {
2026-06-16T12:07:52.9286729+09:00           "outcome": "no_new_messages"
2026-06-16T12:07:52.9286729+09:00         }
2026-06-16T12:07:52.9334191+09:00       }
2026-06-16T12:07:52.9334191+09:00     ]
2026-06-16T12:07:52.9334191+09:00   },
2026-06-16T12:07:52.9334191+09:00   "step7_retry_poll": {
2026-06-16T12:07:52.9384542+09:00     "scanned": 14,
2026-06-16T12:07:52.9384542+09:00     "eligible": 11,
2026-06-16T12:07:52.9384542+09:00     "polled": 0,
2026-06-16T12:07:52.9384542+09:00     "retries_triggered": 0,
2026-06-16T12:07:52.9453234+09:00     "retry_errors": 0,
2026-06-16T12:07:52.9464018+09:00     "skipped": 0,
2026-06-16T12:07:52.9483968+09:00     "results": []
2026-06-16T12:07:52.9493976+09:00   }
2026-06-16T12:07:52.9513968+09:00 }
2026-06-16T12:07:52.9523957+09:00 OK run-once finished
2026-06-16T12:12:48.6988822+09:00 START dispatch-run-once
2026-06-16T12:12:49.2566592+09:00 
2026-06-16T12:12:49.2586521+09:00 > orchestrator
2026-06-16T12:12:49.2606542+09:00 > tsx src/cli/orchestrator.ts run-once --limit 10
2026-06-16T12:12:49.2631612+09:00 
2026-06-16T12:12:53.2059499+09:00 {
2026-06-16T12:12:53.2177716+09:00   "ensure_daily": {
2026-06-16T12:12:53.2293516+09:00     "runs": [
2026-06-16T12:12:53.2401319+09:00       {
2026-06-16T12:12:53.2495957+09:00         "run_id": "r01",
2026-06-16T12:12:53.2555591+09:00         "action": "not_due",
2026-06-16T12:12:53.2609246+09:00         "taskId": "daily-20260616-r01",
2026-06-16T12:12:53.2639171+09:00         "reason": "jst_hour=12"
2026-06-16T12:12:53.2639171+09:00       },
2026-06-16T12:12:53.2876642+09:00       {
2026-06-16T12:12:53.2886726+09:00         "run_id": "r02",
2026-06-16T12:12:53.2886726+09:00         "action": "not_due",
2026-06-16T12:12:53.2938053+09:00         "taskId": "daily-20260616-r02",
2026-06-16T12:12:53.2974214+09:00         "reason": "jst_hour=12"
2026-06-16T12:12:53.2991614+09:00       },
2026-06-16T12:12:53.2991614+09:00       {
2026-06-16T12:12:53.2991614+09:00         "run_id": "r03",
2026-06-16T12:12:53.3064754+09:00         "action": "not_due",
2026-06-16T12:12:53.3084753+09:00         "taskId": "daily-20260616-r03",
2026-06-16T12:12:53.3094736+09:00         "reason": "jst_hour=12"
2026-06-16T12:12:53.3114730+09:00       }
2026-06-16T12:12:53.3124758+09:00     ]
2026-06-16T12:12:53.3144729+09:00   },
2026-06-16T12:12:53.3157097+09:00   "reconcile": {
2026-06-16T12:12:53.3177076+09:00     "resetProcessing": 0,
2026-06-16T12:12:53.3187104+09:00     "inserted": 1,
2026-06-16T12:12:53.3207092+09:00     "scanned": 14,
2026-06-16T12:12:53.3221949+09:00     "stale": {
2026-06-16T12:12:53.3232267+09:00       "scanned": 14,
2026-06-16T12:12:53.3232267+09:00       "staleDetected": 0,
2026-06-16T12:12:53.3282695+09:00       "rolledBack": 0,
2026-06-16T12:12:53.3282695+09:00       "skippedCap": 0,
2026-06-16T12:12:53.3282695+09:00       "dryRun": false,
2026-06-16T12:12:53.3282695+09:00       "actions": []
2026-06-16T12:12:53.3354928+09:00     }
2026-06-16T12:12:53.3364949+09:00   },
2026-06-16T12:12:53.3388921+09:00   "dispatch": {
2026-06-16T12:12:53.3399692+09:00     "claimed": 1,
2026-06-16T12:12:53.3419693+09:00     "done": 1,
2026-06-16T12:12:53.3439709+09:00     "failed": 0
2026-06-16T12:12:53.3449693+09:00   },
2026-06-16T12:12:53.3459686+09:00   "step4_poll": {
2026-06-16T12:12:53.3489542+09:00     "scanned": 14,
2026-06-16T12:12:53.3489542+09:00     "awaiting": 1,
2026-06-16T12:12:53.3522363+09:00     "polled": 0,
2026-06-16T12:12:53.3522363+09:00     "picks_applied": 0,
2026-06-16T12:12:53.3522363+09:00     "pick_errors": 0,
2026-06-16T12:12:53.3522363+09:00     "timeouts": 0,
2026-06-16T12:12:53.3574897+09:00     "skipped": 0,
2026-06-16T12:12:53.3574897+09:00     "results": [
2026-06-16T12:12:53.3574897+09:00       {
2026-06-16T12:12:53.3630790+09:00         "task_id": "daily-20260615-r02",
2026-06-16T12:12:53.3647427+09:00         "result": {
2026-06-16T12:12:53.3667432+09:00           "outcome": "no_new_messages"
2026-06-16T12:12:53.3687447+09:00         }
2026-06-16T12:12:53.3707415+09:00       }
2026-06-16T12:12:53.3727441+09:00     ]
2026-06-16T12:12:53.3737415+09:00   },
2026-06-16T12:12:53.3759405+09:00   "step7_retry_poll": {
2026-06-16T12:12:53.3769404+09:00     "scanned": 14,
2026-06-16T12:12:53.3789437+09:00     "eligible": 11,
2026-06-16T12:12:53.3809481+09:00     "polled": 0,
2026-06-16T12:12:53.3819828+09:00     "retries_triggered": 0,
2026-06-16T12:12:53.3840928+09:00     "retry_errors": 0,
2026-06-16T12:12:53.3850936+09:00     "skipped": 0,
2026-06-16T12:12:53.3870932+09:00     "results": []
2026-06-16T12:12:53.3880933+09:00   }
2026-06-16T12:12:53.3889091+09:00 }
2026-06-16T12:12:53.3889091+09:00 OK run-once finished
2026-06-16T12:17:47.8643679+09:00 START dispatch-run-once
2026-06-16T12:17:48.2534800+09:00 
2026-06-16T12:17:48.2548959+09:00 > orchestrator
2026-06-16T12:17:48.2574611+09:00 > tsx src/cli/orchestrator.ts run-once --limit 10
2026-06-16T12:17:48.2585688+09:00 
2026-06-16T12:17:51.9055656+09:00 {
2026-06-16T12:17:51.9160378+09:00   "ensure_daily": {
2026-06-16T12:17:51.9213153+09:00     "runs": [
2026-06-16T12:17:51.9338865+09:00       {
2026-06-16T12:17:51.9443013+09:00         "run_id": "r01",
2026-06-16T12:17:51.9522223+09:00         "action": "not_due",
2026-06-16T12:17:51.9586276+09:00         "taskId": "daily-20260616-r01",
2026-06-16T12:17:51.9626276+09:00         "reason": "jst_hour=12"
2026-06-16T12:17:51.9663914+09:00       },
2026-06-16T12:17:51.9869377+09:00       {
2026-06-16T12:17:51.9889380+09:00         "run_id": "r02",
2026-06-16T12:17:51.9909524+09:00         "action": "not_due",
2026-06-16T12:17:51.9932192+09:00         "taskId": "daily-20260616-r02",
2026-06-16T12:17:51.9952183+09:00         "reason": "jst_hour=12"
2026-06-16T12:17:51.9972173+09:00       },
2026-06-16T12:17:52.0002848+09:00       {
2026-06-16T12:17:52.0012841+09:00         "run_id": "r03",
2026-06-16T12:17:52.0012841+09:00         "action": "not_due",
2026-06-16T12:17:52.0045570+09:00         "taskId": "daily-20260616-r03",
2026-06-16T12:17:52.0063379+09:00         "reason": "jst_hour=12"
2026-06-16T12:17:52.0063379+09:00       }
2026-06-16T12:17:52.0063379+09:00     ]
2026-06-16T12:17:52.0063379+09:00   },
2026-06-16T12:17:52.0124150+09:00   "reconcile": {
2026-06-16T12:17:52.0144790+09:00     "resetProcessing": 0,
2026-06-16T12:17:52.0154793+09:00     "inserted": 1,
2026-06-16T12:17:52.0177561+09:00     "scanned": 14,
2026-06-16T12:17:52.0187585+09:00     "stale": {
2026-06-16T12:17:52.0207607+09:00       "scanned": 14,
2026-06-16T12:17:52.0217594+09:00       "staleDetected": 0,
2026-06-16T12:17:52.0240868+09:00       "rolledBack": 0,
2026-06-16T12:17:52.0240868+09:00       "skippedCap": 0,
2026-06-16T12:17:52.0240868+09:00       "dryRun": false,
2026-06-16T12:17:52.0289176+09:00       "actions": []
2026-06-16T12:17:52.0289176+09:00     }
2026-06-16T12:17:52.0289176+09:00   },
2026-06-16T12:17:52.0340616+09:00   "dispatch": {
2026-06-16T12:17:52.0340616+09:00     "claimed": 1,
2026-06-16T12:17:52.0340616+09:00     "done": 1,
2026-06-16T12:17:52.0340616+09:00     "failed": 0
2026-06-16T12:17:52.0403177+09:00   },
2026-06-16T12:17:52.0423869+09:00   "step4_poll": {
2026-06-16T12:17:52.0429451+09:00     "scanned": 14,
2026-06-16T12:17:52.0449523+09:00     "awaiting": 1,
2026-06-16T12:17:52.0459523+09:00     "polled": 0,
2026-06-16T12:17:52.0479844+09:00     "picks_applied": 0,
2026-06-16T12:17:52.0489525+09:00     "pick_errors": 0,
2026-06-16T12:17:52.0511924+09:00     "timeouts": 0,
2026-06-16T12:17:52.0521934+09:00     "skipped": 0,
2026-06-16T12:17:52.0531923+09:00     "results": [
2026-06-16T12:17:52.0551930+09:00       {
2026-06-16T12:17:52.0561932+09:00         "task_id": "daily-20260615-r02",
2026-06-16T12:17:52.0571916+09:00         "result": {
2026-06-16T12:17:52.0593944+09:00           "outcome": "no_new_messages"
2026-06-16T12:17:52.0593944+09:00         }
2026-06-16T12:17:52.0593944+09:00       }
2026-06-16T12:17:52.0593944+09:00     ]
2026-06-16T12:17:52.0648864+09:00   },
2026-06-16T12:17:52.0648864+09:00   "step7_retry_poll": {
2026-06-16T12:17:52.0648864+09:00     "scanned": 14,
2026-06-16T12:17:52.0648864+09:00     "eligible": 11,
2026-06-16T12:17:52.0708291+09:00     "polled": 0,
2026-06-16T12:17:52.0722207+09:00     "retries_triggered": 0,
2026-06-16T12:17:52.0740117+09:00     "retry_errors": 0,
2026-06-16T12:17:52.0750710+09:00     "skipped": 0,
2026-06-16T12:17:52.0760685+09:00     "results": []
2026-06-16T12:17:52.0780714+09:00   }
2026-06-16T12:17:52.0790706+09:00 }
2026-06-16T12:17:52.0810706+09:00 OK run-once finished
2026-06-16T12:22:48.4175814+09:00 START dispatch-run-once
2026-06-16T12:22:48.8477619+09:00 
2026-06-16T12:22:48.8497615+09:00 > orchestrator
2026-06-16T12:22:48.8521557+09:00 > tsx src/cli/orchestrator.ts run-once --limit 10
2026-06-16T12:22:48.8541550+09:00 
2026-06-16T12:22:52.4680740+09:00 {
2026-06-16T12:22:52.4728644+09:00   "ensure_daily": {
2026-06-16T12:22:52.4775899+09:00     "runs": [
2026-06-16T12:22:52.4795881+09:00       {
2026-06-16T12:22:52.4825884+09:00         "run_id": "r01",
2026-06-16T12:22:52.4842009+09:00         "action": "not_due",
2026-06-16T12:22:52.4868435+09:00         "taskId": "daily-20260616-r01",
2026-06-16T12:22:52.4888453+09:00         "reason": "jst_hour=12"
2026-06-16T12:22:52.4908429+09:00       },
2026-06-16T12:22:52.5119556+09:00       {
2026-06-16T12:22:52.5139562+09:00         "run_id": "r02",
2026-06-16T12:22:52.5159577+09:00         "action": "not_due",
2026-06-16T12:22:52.5186474+09:00         "taskId": "daily-20260616-r02",
2026-06-16T12:22:52.5216460+09:00         "reason": "jst_hour=12"
2026-06-16T12:22:52.5236469+09:00       },
2026-06-16T12:22:52.5256459+09:00       {
2026-06-16T12:22:52.5256459+09:00         "run_id": "r03",
2026-06-16T12:22:52.5306680+09:00         "action": "not_due",
2026-06-16T12:22:52.5306680+09:00         "taskId": "daily-20260616-r03",
2026-06-16T12:22:52.5357910+09:00         "reason": "jst_hour=12"
2026-06-16T12:22:52.5377922+09:00       }
2026-06-16T12:22:52.5387926+09:00     ]
2026-06-16T12:22:52.5407920+09:00   },
2026-06-16T12:22:52.5430941+09:00   "reconcile": {
2026-06-16T12:22:52.5460982+09:00     "resetProcessing": 0,
2026-06-16T12:22:52.5480983+09:00     "inserted": 1,
2026-06-16T12:22:52.5500976+09:00     "scanned": 14,
2026-06-16T12:22:52.5509092+09:00     "stale": {
2026-06-16T12:22:52.5509092+09:00       "scanned": 14,
2026-06-16T12:22:52.5551129+09:00       "staleDetected": 0,
2026-06-16T12:22:52.5571191+09:00       "rolledBack": 0,
2026-06-16T12:22:52.5618090+09:00       "skippedCap": 0,
2026-06-16T12:22:52.5628101+09:00       "dryRun": false,
2026-06-16T12:22:52.5648084+09:00       "actions": []
2026-06-16T12:22:52.5675411+09:00     }
2026-06-16T12:22:52.5696738+09:00   },
2026-06-16T12:22:52.5726812+09:00   "dispatch": {
2026-06-16T12:22:52.5743047+09:00     "claimed": 1,
2026-06-16T12:22:52.5753009+09:00     "done": 1,
2026-06-16T12:22:52.5773273+09:00     "failed": 0
2026-06-16T12:22:52.5793294+09:00   },
2026-06-16T12:22:52.5803286+09:00   "step4_poll": {
2026-06-16T12:22:52.5823296+09:00     "scanned": 14,
2026-06-16T12:22:52.5833274+09:00     "awaiting": 1,
2026-06-16T12:22:52.5857389+09:00     "polled": 0,
2026-06-16T12:22:52.5857389+09:00     "picks_applied": 0,
2026-06-16T12:22:52.5888039+09:00     "pick_errors": 0,
2026-06-16T12:22:52.5888039+09:00     "timeouts": 0,
2026-06-16T12:22:52.5888039+09:00     "skipped": 0,
2026-06-16T12:22:52.5938399+09:00     "results": [
2026-06-16T12:22:52.5938399+09:00       {
2026-06-16T12:22:52.5938399+09:00         "task_id": "daily-20260615-r02",
2026-06-16T12:22:52.5994323+09:00         "result": {
2026-06-16T12:22:52.6008671+09:00           "outcome": "no_new_messages"
2026-06-16T12:22:52.6029392+09:00         }
2026-06-16T12:22:52.6049395+09:00       }
2026-06-16T12:22:52.6059392+09:00     ]
2026-06-16T12:22:52.6079408+09:00   },
2026-06-16T12:22:52.6089401+09:00   "step7_retry_poll": {
2026-06-16T12:22:52.6089401+09:00     "scanned": 14,
2026-06-16T12:22:52.6089401+09:00     "eligible": 11,
2026-06-16T12:22:52.6141072+09:00     "polled": 0,
2026-06-16T12:22:52.6141072+09:00     "retries_triggered": 0,
2026-06-16T12:22:52.6141072+09:00     "retry_errors": 0,
2026-06-16T12:22:52.6191179+09:00     "skipped": 0,
2026-06-16T12:22:52.6191179+09:00     "results": []
2026-06-16T12:22:52.6191179+09:00   }
2026-06-16T12:22:52.6244785+09:00 }
2026-06-16T12:22:52.6244785+09:00 OK run-once finished
2026-06-16T12:27:47.7110866+09:00 START dispatch-run-once
2026-06-16T12:27:48.1048653+09:00 
2026-06-16T12:27:48.1078670+09:00 > orchestrator
2026-06-16T12:27:48.1088672+09:00 > tsx src/cli/orchestrator.ts run-once --limit 10
2026-06-16T12:27:48.1111943+09:00 
2026-06-16T12:27:51.7282051+09:00 {
2026-06-16T12:27:51.7419598+09:00   "ensure_daily": {
2026-06-16T12:27:51.7531825+09:00     "runs": [
2026-06-16T12:27:51.7614232+09:00       {
2026-06-16T12:27:51.7665261+09:00         "run_id": "r01",
2026-06-16T12:27:51.7694127+09:00         "action": "not_due",
2026-06-16T12:27:51.7725486+09:00         "taskId": "daily-20260616-r01",
2026-06-16T12:27:51.7745496+09:00         "reason": "jst_hour=12"
2026-06-16T12:27:51.7762261+09:00       },
2026-06-16T12:27:51.8026001+09:00       {
2026-06-16T12:27:51.8048611+09:00         "run_id": "r02",
2026-06-16T12:27:51.8068616+09:00         "action": "not_due",
2026-06-16T12:27:51.8098625+09:00         "taskId": "daily-20260616-r02",
2026-06-16T12:27:51.8108595+09:00         "reason": "jst_hour=12"
2026-06-16T12:27:51.8108595+09:00       },
2026-06-16T12:27:51.8159951+09:00       {
2026-06-16T12:27:51.8195235+09:00         "run_id": "r03",
2026-06-16T12:27:51.8219837+09:00         "action": "not_due",
2026-06-16T12:27:51.8229844+09:00         "taskId": "daily-20260616-r03",
2026-06-16T12:27:51.8249832+09:00         "reason": "jst_hour=12"
2026-06-16T12:27:51.8269864+09:00       }
2026-06-16T12:27:51.8298426+09:00     ]
2026-06-16T12:27:51.8318426+09:00   },
2026-06-16T12:27:51.8328419+09:00   "reconcile": {
2026-06-16T12:27:51.8348396+09:00     "resetProcessing": 0,
2026-06-16T12:27:51.8358439+09:00     "inserted": 1,
2026-06-16T12:27:51.8358439+09:00     "scanned": 14,
2026-06-16T12:27:51.8358439+09:00     "stale": {
2026-06-16T12:27:51.8411987+09:00       "scanned": 14,
2026-06-16T12:27:51.8444662+09:00       "staleDetected": 0,
2026-06-16T12:27:51.8460766+09:00       "rolledBack": 0,
2026-06-16T12:27:51.8480766+09:00       "skippedCap": 0,
2026-06-16T12:27:51.8500767+09:00       "dryRun": false,
2026-06-16T12:27:51.8527710+09:00       "actions": []
2026-06-16T12:27:51.8543431+09:00     }
2026-06-16T12:27:51.8563771+09:00   },
2026-06-16T12:27:51.8583773+09:00   "dispatch": {
2026-06-16T12:27:51.8603411+09:00     "claimed": 1,
2026-06-16T12:27:51.8610911+09:00     "done": 1,
2026-06-16T12:27:51.8610911+09:00     "failed": 0
2026-06-16T12:27:51.8653714+09:00   },
2026-06-16T12:27:51.8653714+09:00   "step4_poll": {
2026-06-16T12:27:51.8653714+09:00     "scanned": 14,
2026-06-16T12:27:51.8653714+09:00     "awaiting": 1,
2026-06-16T12:27:51.8725102+09:00     "polled": 0,
2026-06-16T12:27:51.8735088+09:00     "picks_applied": 0,
2026-06-16T12:27:51.8755105+09:00     "pick_errors": 0,
2026-06-16T12:27:51.8765091+09:00     "timeouts": 0,
2026-06-16T12:27:51.8787916+09:00     "skipped": 0,
2026-06-16T12:27:51.8797899+09:00     "results": [
2026-06-16T12:27:51.8817893+09:00       {
2026-06-16T12:27:51.8827899+09:00         "task_id": "daily-20260615-r02",
2026-06-16T12:27:51.8847917+09:00         "result": {
2026-06-16T12:27:51.8867921+09:00           "outcome": "no_new_messages"
2026-06-16T12:27:51.8867921+09:00         }
2026-06-16T12:27:51.8867921+09:00       }
2026-06-16T12:27:51.8920703+09:00     ]
2026-06-16T12:27:51.8920703+09:00   },
2026-06-16T12:27:51.8920703+09:00   "step7_retry_poll": {
2026-06-16T12:27:51.8920703+09:00     "scanned": 14,
2026-06-16T12:27:51.9027554+09:00     "eligible": 11,
2026-06-16T12:27:51.9038283+09:00     "polled": 0,
2026-06-16T12:27:51.9058254+09:00     "retries_triggered": 0,
2026-06-16T12:27:51.9078292+09:00     "retry_errors": 0,
2026-06-16T12:27:51.9088242+09:00     "skipped": 0,
2026-06-16T12:27:51.9108239+09:00     "results": []
2026-06-16T12:27:51.9108239+09:00   }
2026-06-16T12:27:51.9108239+09:00 }
2026-06-16T12:27:51.9160602+09:00 OK run-once finished
2026-06-16T12:32:48.6718446+09:00 START dispatch-run-once
2026-06-16T12:32:49.0906479+09:00 
2026-06-16T12:32:49.0947594+09:00 > orchestrator
2026-06-16T12:32:49.0947594+09:00 > tsx src/cli/orchestrator.ts run-once --limit 10
2026-06-16T12:32:49.0947594+09:00 
2026-06-16T12:32:52.8622141+09:00 {
2026-06-16T12:32:52.8673990+09:00   "ensure_daily": {
2026-06-16T12:32:52.8673990+09:00     "runs": [
2026-06-16T12:32:52.8724383+09:00       {
2026-06-16T12:32:52.8724383+09:00         "run_id": "r01",
2026-06-16T12:32:52.8774837+09:00         "action": "not_due",
2026-06-16T12:32:52.8774837+09:00         "taskId": "daily-20260616-r01",
2026-06-16T12:32:52.8826694+09:00         "reason": "jst_hour=12"
2026-06-16T12:32:52.8851759+09:00       },
2026-06-16T12:32:52.9028558+09:00       {
2026-06-16T12:32:52.9028558+09:00         "run_id": "r02",
2026-06-16T12:32:52.9079533+09:00         "action": "not_due",
2026-06-16T12:32:52.9079533+09:00         "taskId": "daily-20260616-r02",
2026-06-16T12:32:52.9132067+09:00         "reason": "jst_hour=12"
2026-06-16T12:32:52.9132067+09:00       },
2026-06-16T12:32:52.9186638+09:00       {
2026-06-16T12:32:52.9186638+09:00         "run_id": "r03",
2026-06-16T12:32:52.9186638+09:00         "action": "not_due",
2026-06-16T12:32:52.9237287+09:00         "taskId": "daily-20260616-r03",
2026-06-16T12:32:52.9257367+09:00         "reason": "jst_hour=12"
2026-06-16T12:32:52.9277429+09:00       }
2026-06-16T12:32:52.9302549+09:00     ]
2026-06-16T12:32:52.9302549+09:00   },
2026-06-16T12:32:52.9337644+09:00   "reconcile": {
2026-06-16T12:32:52.9337644+09:00     "resetProcessing": 0,
2026-06-16T12:32:52.9337644+09:00     "inserted": 1,
2026-06-16T12:32:52.9389733+09:00     "scanned": 14,
2026-06-16T12:32:52.9389733+09:00     "stale": {
2026-06-16T12:32:52.9441119+09:00       "scanned": 14,
2026-06-16T12:32:52.9461179+09:00       "staleDetected": 0,
2026-06-16T12:32:52.9492401+09:00       "rolledBack": 0,
2026-06-16T12:32:52.9492401+09:00       "skippedCap": 0,
2026-06-16T12:32:52.9492401+09:00       "dryRun": false,
2026-06-16T12:32:52.9543618+09:00       "actions": []
2026-06-16T12:32:52.9543618+09:00     }
2026-06-16T12:32:52.9543618+09:00   },
2026-06-16T12:32:52.9597225+09:00   "dispatch": {
2026-06-16T12:32:52.9597225+09:00     "claimed": 1,
2026-06-16T12:32:52.9648663+09:00     "done": 1,
2026-06-16T12:32:52.9668728+09:00     "failed": 0
2026-06-16T12:32:52.9688803+09:00   },
2026-06-16T12:32:52.9698862+09:00   "step4_poll": {
2026-06-16T12:32:52.9718924+09:00     "scanned": 14,
2026-06-16T12:32:52.9718924+09:00     "awaiting": 1,
2026-06-16T12:32:52.9751730+09:00     "polled": 0,
2026-06-16T12:32:52.9751730+09:00     "picks_applied": 0,
2026-06-16T12:32:52.9751730+09:00     "pick_errors": 0,
2026-06-16T12:32:52.9803946+09:00     "timeouts": 0,
2026-06-16T12:32:52.9803946+09:00     "skipped": 0,
2026-06-16T12:32:52.9803946+09:00     "results": [
2026-06-16T12:32:52.9855083+09:00       {
2026-06-16T12:32:52.9855083+09:00         "task_id": "daily-20260615-r02",
2026-06-16T12:32:52.9855083+09:00         "result": {
2026-06-16T12:32:52.9855083+09:00           "outcome": "no_new_messages"
2026-06-16T12:32:52.9908160+09:00         }
2026-06-16T12:32:52.9908160+09:00       }
2026-06-16T12:32:52.9908160+09:00     ]
2026-06-16T12:32:52.9962066+09:00   },
2026-06-16T12:32:52.9962066+09:00   "step7_retry_poll": {
2026-06-16T12:32:52.9962066+09:00     "scanned": 14,
2026-06-16T12:32:53.0014065+09:00     "eligible": 11,
2026-06-16T12:32:53.0014065+09:00     "polled": 0,
2026-06-16T12:32:53.0014065+09:00     "retries_triggered": 0,
2026-06-16T12:32:53.0064154+09:00     "retry_errors": 0,
2026-06-16T12:32:53.0064154+09:00     "skipped": 0,
2026-06-16T12:32:53.0064154+09:00     "results": []
2026-06-16T12:32:53.0116691+09:00   }
2026-06-16T12:32:53.0116691+09:00 }
2026-06-16T12:32:53.0116691+09:00 OK run-once finished
2026-06-16T12:37:48.7143920+09:00 START dispatch-run-once
2026-06-16T12:37:49.1003310+09:00 
2026-06-16T12:37:49.1003310+09:00 > orchestrator
2026-06-16T12:37:49.1058256+09:00 > tsx src/cli/orchestrator.ts run-once --limit 10
2026-06-16T12:37:49.1058256+09:00 
2026-06-16T12:37:52.8626172+09:00 {
2026-06-16T12:37:52.8724432+09:00   "ensure_daily": {
2026-06-16T12:37:52.8763400+09:00     "runs": [
2026-06-16T12:37:52.8816986+09:00       {
2026-06-16T12:37:52.8868130+09:00         "run_id": "r01",
2026-06-16T12:37:52.8868130+09:00         "action": "not_due",
2026-06-16T12:37:52.8923130+09:00         "taskId": "daily-20260616-r01",
2026-06-16T12:37:52.8923130+09:00         "reason": "jst_hour=12"
2026-06-16T12:37:52.8974054+09:00       },
2026-06-16T12:37:52.9175428+09:00       {
2026-06-16T12:37:52.9175428+09:00         "run_id": "r02",
2026-06-16T12:37:52.9225748+09:00         "action": "not_due",
2026-06-16T12:37:52.9225748+09:00         "taskId": "daily-20260616-r02",
2026-06-16T12:37:52.9225748+09:00         "reason": "jst_hour=12"
2026-06-16T12:37:52.9278851+09:00       },
2026-06-16T12:37:52.9304801+09:00       {
2026-06-16T12:37:52.9330643+09:00         "run_id": "r03",
2026-06-16T12:37:52.9330643+09:00         "action": "not_due",
2026-06-16T12:37:52.9330643+09:00         "taskId": "daily-20260616-r03",
2026-06-16T12:37:52.9330643+09:00         "reason": "jst_hour=12"
2026-06-16T12:37:52.9385633+09:00       }
2026-06-16T12:37:52.9385633+09:00     ]
2026-06-16T12:37:52.9385633+09:00   },
2026-06-16T12:37:52.9385633+09:00   "reconcile": {
2026-06-16T12:37:52.9437616+09:00     "resetProcessing": 0,
2026-06-16T12:37:52.9437616+09:00     "inserted": 1,
2026-06-16T12:37:52.9488250+09:00     "scanned": 14,
2026-06-16T12:37:52.9488250+09:00     "stale": {
2026-06-16T12:37:52.9488250+09:00       "scanned": 14,
2026-06-16T12:37:52.9488250+09:00       "staleDetected": 0,
2026-06-16T12:37:52.9539737+09:00       "rolledBack": 0,
2026-06-16T12:37:52.9539737+09:00       "skippedCap": 0,
2026-06-16T12:37:52.9539737+09:00       "dryRun": false,
2026-06-16T12:37:52.9595014+09:00       "actions": []
2026-06-16T12:37:52.9595014+09:00     }
2026-06-16T12:37:52.9595014+09:00   },
2026-06-16T12:37:52.9650365+09:00   "dispatch": {
2026-06-16T12:37:52.9650365+09:00     "claimed": 1,
2026-06-16T12:37:52.9650365+09:00     "done": 1,
2026-06-16T12:37:52.9650365+09:00     "failed": 0
2026-06-16T12:37:52.9701059+09:00   },
2026-06-16T12:37:52.9701059+09:00   "step4_poll": {
2026-06-16T12:37:52.9701059+09:00     "scanned": 14,
2026-06-16T12:37:52.9752758+09:00     "awaiting": 1,
2026-06-16T12:37:52.9752758+09:00     "polled": 0,
2026-06-16T12:37:52.9752758+09:00     "picks_applied": 0,
2026-06-16T12:37:52.9752758+09:00     "pick_errors": 0,
2026-06-16T12:37:52.9807242+09:00     "timeouts": 0,
2026-06-16T12:37:52.9807242+09:00     "skipped": 0,
2026-06-16T12:37:52.9807242+09:00     "results": [
2026-06-16T12:37:52.9807242+09:00       {
2026-06-16T12:37:52.9857757+09:00         "task_id": "daily-20260615-r02",
2026-06-16T12:37:52.9857757+09:00         "result": {
2026-06-16T12:37:52.9857757+09:00           "outcome": "no_new_messages"
2026-06-16T12:37:52.9909467+09:00         }
2026-06-16T12:37:52.9909467+09:00       }
2026-06-16T12:37:52.9909467+09:00     ]
2026-06-16T12:37:52.9909467+09:00   },
2026-06-16T12:37:52.9964407+09:00   "step7_retry_poll": {
2026-06-16T12:37:52.9964407+09:00     "scanned": 14,
2026-06-16T12:37:52.9964407+09:00     "eligible": 11,
2026-06-16T12:37:53.0015244+09:00     "polled": 0,
2026-06-16T12:37:53.0015244+09:00     "retries_triggered": 0,
2026-06-16T12:37:53.0015244+09:00     "retry_errors": 0,
2026-06-16T12:37:53.0015244+09:00     "skipped": 0,
2026-06-16T12:37:53.0075533+09:00     "results": []
2026-06-16T12:37:53.0075533+09:00   }
2026-06-16T12:37:53.0075533+09:00 }
2026-06-16T12:37:53.0120012+09:00 OK run-once finished
2026-06-16T12:42:48.2174487+09:00 START dispatch-run-once
2026-06-16T12:42:48.6039560+09:00 
2026-06-16T12:42:48.6039560+09:00 > orchestrator
2026-06-16T12:42:48.6090245+09:00 > tsx src/cli/orchestrator.ts run-once --limit 10
2026-06-16T12:42:48.6090245+09:00 
2026-06-16T12:42:52.2575883+09:00 {
2026-06-16T12:42:52.2678008+09:00   "ensure_daily": {
2026-06-16T12:42:52.2728865+09:00     "runs": [
2026-06-16T12:42:52.2781772+09:00       {
2026-06-16T12:42:52.2781772+09:00         "run_id": "r01",
2026-06-16T12:42:52.2834119+09:00         "action": "not_due",
2026-06-16T12:42:52.2834119+09:00         "taskId": "daily-20260616-r01",
2026-06-16T12:42:52.2886766+09:00         "reason": "jst_hour=12"
2026-06-16T12:42:52.2886766+09:00       },
2026-06-16T12:42:52.3096929+09:00       {
2026-06-16T12:42:52.3096929+09:00         "run_id": "r02",
2026-06-16T12:42:52.3149889+09:00         "action": "not_due",
2026-06-16T12:42:52.3149889+09:00         "taskId": "daily-20260616-r02",
2026-06-16T12:42:52.3149889+09:00         "reason": "jst_hour=12"
2026-06-16T12:42:52.3203934+09:00       },
2026-06-16T12:42:52.3203934+09:00       {
2026-06-16T12:42:52.3256082+09:00         "run_id": "r03",
2026-06-16T12:42:52.3256082+09:00         "action": "not_due",
2026-06-16T12:42:52.3256082+09:00         "taskId": "daily-20260616-r03",
2026-06-16T12:42:52.3256082+09:00         "reason": "jst_hour=12"
2026-06-16T12:42:52.3309157+09:00       }
2026-06-16T12:42:52.3327479+09:00     ]
2026-06-16T12:42:52.3327479+09:00   },
2026-06-16T12:42:52.3360413+09:00   "reconcile": {
2026-06-16T12:42:52.3360413+09:00     "resetProcessing": 0,
2026-06-16T12:42:52.3360413+09:00     "inserted": 1,
2026-06-16T12:42:52.3412608+09:00     "scanned": 14,
2026-06-16T12:42:52.3412608+09:00     "stale": {
2026-06-16T12:42:52.3412608+09:00       "scanned": 14,
2026-06-16T12:42:52.3412608+09:00       "staleDetected": 0,
2026-06-16T12:42:52.3466851+09:00       "rolledBack": 0,
2026-06-16T12:42:52.3466851+09:00       "skippedCap": 0,
2026-06-16T12:42:52.3516962+09:00       "dryRun": false,
2026-06-16T12:42:52.3516962+09:00       "actions": []
2026-06-16T12:42:52.3516962+09:00     }
2026-06-16T12:42:52.3569398+09:00   },
2026-06-16T12:42:52.3569398+09:00   "dispatch": {
2026-06-16T12:42:52.3569398+09:00     "claimed": 1,
2026-06-16T12:42:52.3569398+09:00     "done": 1,
2026-06-16T12:42:52.3623818+09:00     "failed": 0
2026-06-16T12:42:52.3623818+09:00   },
2026-06-16T12:42:52.3623818+09:00   "step4_poll": {
2026-06-16T12:42:52.3623818+09:00     "scanned": 14,
2026-06-16T12:42:52.3677701+09:00     "awaiting": 1,
2026-06-16T12:42:52.3677701+09:00     "polled": 0,
2026-06-16T12:42:52.3677701+09:00     "picks_applied": 0,
2026-06-16T12:42:52.3728500+09:00     "pick_errors": 0,
2026-06-16T12:42:52.3728500+09:00     "timeouts": 0,
2026-06-16T12:42:52.3728500+09:00     "skipped": 0,
2026-06-16T12:42:52.3728500+09:00     "results": [
2026-06-16T12:42:52.3781826+09:00       {
2026-06-16T12:42:52.3781826+09:00         "task_id": "daily-20260615-r02",
2026-06-16T12:42:52.3781826+09:00         "result": {
2026-06-16T12:42:52.3832064+09:00           "outcome": "no_new_messages"
2026-06-16T12:42:52.3832064+09:00         }
2026-06-16T12:42:52.3832064+09:00       }
2026-06-16T12:42:52.3832064+09:00     ]
2026-06-16T12:42:52.3883258+09:00   },
2026-06-16T12:42:52.3883258+09:00   "step7_retry_poll": {
2026-06-16T12:42:52.3883258+09:00     "scanned": 14,
2026-06-16T12:42:52.3883258+09:00     "eligible": 11,
2026-06-16T12:42:52.3937472+09:00     "polled": 0,
2026-06-16T12:42:52.3937472+09:00     "retries_triggered": 0,
2026-06-16T12:42:52.3982215+09:00     "retry_errors": 0,
2026-06-16T12:42:52.3987438+09:00     "skipped": 0,
2026-06-16T12:42:52.3987438+09:00     "results": []
2026-06-16T12:42:52.3987438+09:00   }
2026-06-16T12:42:52.4038498+09:00 }
2026-06-16T12:42:52.4038498+09:00 OK run-once finished
2026-06-16T12:47:48.4829949+09:00 START dispatch-run-once
2026-06-16T12:47:48.8670365+09:00 
2026-06-16T12:47:48.8687946+09:00 > orchestrator
2026-06-16T12:47:48.8687946+09:00 > tsx src/cli/orchestrator.ts run-once --limit 10
2026-06-16T12:47:48.8740007+09:00 
2026-06-16T12:47:52.5136920+09:00 {
2026-06-16T12:47:52.5225304+09:00   "ensure_daily": {
2026-06-16T12:47:52.5279350+09:00     "runs": [
2026-06-16T12:47:52.5330714+09:00       {
2026-06-16T12:47:52.5384751+09:00         "run_id": "r01",
2026-06-16T12:47:52.5435719+09:00         "action": "not_due",
2026-06-16T12:47:52.5435719+09:00         "taskId": "daily-20260616-r01",
2026-06-16T12:47:52.5435719+09:00         "reason": "jst_hour=12"
2026-06-16T12:47:52.5490680+09:00       },
2026-06-16T12:47:52.5693492+09:00       {
2026-06-16T12:47:52.5693492+09:00         "run_id": "r02",
2026-06-16T12:47:52.5744117+09:00         "action": "not_due",
2026-06-16T12:47:52.5744117+09:00         "taskId": "daily-20260616-r02",
2026-06-16T12:47:52.5776333+09:00         "reason": "jst_hour=12"
2026-06-16T12:47:52.5796408+09:00       },
2026-06-16T12:47:52.5796408+09:00       {
2026-06-16T12:47:52.5796408+09:00         "run_id": "r03",
2026-06-16T12:47:52.5858589+09:00         "action": "not_due",
2026-06-16T12:47:52.5873434+09:00         "taskId": "daily-20260616-r03",
2026-06-16T12:47:52.5899079+09:00         "reason": "jst_hour=12"
2026-06-16T12:47:52.5899079+09:00       }
2026-06-16T12:47:52.5899079+09:00     ]
2026-06-16T12:47:52.5949984+09:00   },
2026-06-16T12:47:52.5949984+09:00   "reconcile": {
2026-06-16T12:47:52.5949984+09:00     "resetProcessing": 0,
2026-06-16T12:47:52.5949984+09:00     "inserted": 1,
2026-06-16T12:47:52.6002921+09:00     "scanned": 14,
2026-06-16T12:47:52.6002921+09:00     "stale": {
2026-06-16T12:47:52.6002921+09:00       "scanned": 14,
2026-06-16T12:47:52.6054361+09:00       "staleDetected": 0,
2026-06-16T12:47:52.6054361+09:00       "rolledBack": 0,
2026-06-16T12:47:52.6104658+09:00       "skippedCap": 0,
2026-06-16T12:47:52.6104658+09:00       "dryRun": false,
2026-06-16T12:47:52.6104658+09:00       "actions": []
2026-06-16T12:47:52.6104658+09:00     }
2026-06-16T12:47:52.6159155+09:00   },
2026-06-16T12:47:52.6159155+09:00   "dispatch": {
2026-06-16T12:47:52.6159155+09:00     "claimed": 1,
2026-06-16T12:47:52.6159155+09:00     "done": 1,
2026-06-16T12:47:52.6214121+09:00     "failed": 0
2026-06-16T12:47:52.6214121+09:00   },
2026-06-16T12:47:52.6214121+09:00   "step4_poll": {
2026-06-16T12:47:52.6266648+09:00     "scanned": 14,
2026-06-16T12:47:52.6266648+09:00     "awaiting": 1,
2026-06-16T12:47:52.6266648+09:00     "polled": 0,
2026-06-16T12:47:52.6266648+09:00     "picks_applied": 0,
2026-06-16T12:47:52.6316880+09:00     "pick_errors": 0,
2026-06-16T12:47:52.6316880+09:00     "timeouts": 0,
2026-06-16T12:47:52.6316880+09:00     "skipped": 0,
2026-06-16T12:47:52.6316880+09:00     "results": [
2026-06-16T12:47:52.6369665+09:00       {
2026-06-16T12:47:52.6369665+09:00         "task_id": "daily-20260615-r02",
2026-06-16T12:47:52.6369665+09:00         "result": {
2026-06-16T12:47:52.6421851+09:00           "outcome": "no_new_messages"
2026-06-16T12:47:52.6421851+09:00         }
2026-06-16T12:47:52.6421851+09:00       }
2026-06-16T12:47:52.6421851+09:00     ]
2026-06-16T12:47:52.6475956+09:00   },
2026-06-16T12:47:52.6475956+09:00   "step7_retry_poll": {
2026-06-16T12:47:52.6475956+09:00     "scanned": 14,
2026-06-16T12:47:52.6475956+09:00     "eligible": 11,
2026-06-16T12:47:52.6534307+09:00     "polled": 0,
2026-06-16T12:47:52.6534307+09:00     "retries_triggered": 0,
2026-06-16T12:47:52.6534307+09:00     "retry_errors": 0,
2026-06-16T12:47:52.6534307+09:00     "skipped": 0,
2026-06-16T12:47:52.6583440+09:00     "results": []
2026-06-16T12:47:52.6583440+09:00   }
2026-06-16T12:47:52.6583440+09:00 }
2026-06-16T12:47:52.6633986+09:00 OK run-once finished
2026-06-16T12:52:48.7360068+09:00 START dispatch-run-once
2026-06-16T12:52:49.1170614+09:00 
2026-06-16T12:52:49.1221045+09:00 > orchestrator
2026-06-16T12:52:49.1221045+09:00 > tsx src/cli/orchestrator.ts run-once --limit 10
2026-06-16T12:52:49.1221045+09:00 
2026-06-16T12:52:52.8660023+09:00 {
2026-06-16T12:52:52.8711318+09:00   "ensure_daily": {
2026-06-16T12:52:52.8766125+09:00     "runs": [
2026-06-16T12:52:52.8817285+09:00       {
2026-06-16T12:52:52.8817285+09:00         "run_id": "r01",
2026-06-16T12:52:52.8868099+09:00         "action": "not_due",
2026-06-16T12:52:52.8868099+09:00         "taskId": "daily-20260616-r01",
2026-06-16T12:52:52.8919347+09:00         "reason": "jst_hour=12"
2026-06-16T12:52:52.8919347+09:00       },
2026-06-16T12:52:52.9127962+09:00       {
2026-06-16T12:52:52.9149663+09:00         "run_id": "r02",
2026-06-16T12:52:52.9169728+09:00         "action": "not_due",
2026-06-16T12:52:52.9190710+09:00         "taskId": "daily-20260616-r02",
2026-06-16T12:52:52.9223010+09:00         "reason": "jst_hour=12"
2026-06-16T12:52:52.9223010+09:00       },
2026-06-16T12:52:52.9223010+09:00       {
2026-06-16T12:52:52.9273216+09:00         "run_id": "r03",
2026-06-16T12:52:52.9273216+09:00         "action": "not_due",
2026-06-16T12:52:52.9323614+09:00         "taskId": "daily-20260616-r03",
2026-06-16T12:52:52.9347576+09:00         "reason": "jst_hour=12"
2026-06-16T12:52:52.9347576+09:00       }
2026-06-16T12:52:52.9375211+09:00     ]
2026-06-16T12:52:52.9375211+09:00   },
2026-06-16T12:52:52.9375211+09:00   "reconcile": {
2026-06-16T12:52:52.9425475+09:00     "resetProcessing": 0,
2026-06-16T12:52:52.9425475+09:00     "inserted": 1,
2026-06-16T12:52:52.9425475+09:00     "scanned": 14,
2026-06-16T12:52:52.9425475+09:00     "stale": {
2026-06-16T12:52:52.9477502+09:00       "scanned": 14,
2026-06-16T12:52:52.9497601+09:00       "staleDetected": 0,
2026-06-16T12:52:52.9527734+09:00       "rolledBack": 0,
2026-06-16T12:52:52.9547808+09:00       "skippedCap": 0,
2026-06-16T12:52:52.9547808+09:00       "dryRun": false,
2026-06-16T12:52:52.9577953+09:00       "actions": []
2026-06-16T12:52:52.9577953+09:00     }
2026-06-16T12:52:52.9598042+09:00   },
2026-06-16T12:52:52.9598042+09:00   "dispatch": {
2026-06-16T12:52:52.9632165+09:00     "claimed": 1,
2026-06-16T12:52:52.9632165+09:00     "done": 1,
2026-06-16T12:52:52.9632165+09:00     "failed": 0
2026-06-16T12:52:52.9682791+09:00   },
2026-06-16T12:52:52.9682791+09:00   "step4_poll": {
2026-06-16T12:52:52.9682791+09:00     "scanned": 14,
2026-06-16T12:52:52.9682791+09:00     "awaiting": 1,
2026-06-16T12:52:52.9732869+09:00     "polled": 0,
2026-06-16T12:52:52.9757039+09:00     "picks_applied": 0,
2026-06-16T12:52:52.9757039+09:00     "pick_errors": 0,
2026-06-16T12:52:52.9784631+09:00     "timeouts": 0,
2026-06-16T12:52:52.9784631+09:00     "skipped": 0,
2026-06-16T12:52:52.9784631+09:00     "results": [
2026-06-16T12:52:52.9835445+09:00       {
2026-06-16T12:52:52.9835445+09:00         "task_id": "daily-20260615-r02",
2026-06-16T12:52:52.9835445+09:00         "result": {
2026-06-16T12:52:52.9835445+09:00           "outcome": "no_new_messages"
2026-06-16T12:52:52.9890020+09:00         }
2026-06-16T12:52:52.9890020+09:00       }
2026-06-16T12:52:52.9890020+09:00     ]
2026-06-16T12:52:52.9942059+09:00   },
2026-06-16T12:52:52.9942059+09:00   "step7_retry_poll": {
2026-06-16T12:52:52.9942059+09:00     "scanned": 14,
2026-06-16T12:52:52.9942059+09:00     "eligible": 11,
2026-06-16T12:52:52.9993716+09:00     "polled": 0,
2026-06-16T12:52:52.9993716+09:00     "retries_triggered": 0,
2026-06-16T12:52:52.9993716+09:00     "retry_errors": 0,
2026-06-16T12:52:53.0044190+09:00     "skipped": 0,
2026-06-16T12:52:53.0068822+09:00     "results": []
2026-06-16T12:52:53.0068822+09:00   }
2026-06-16T12:52:53.0095709+09:00 }
2026-06-16T12:52:53.0095709+09:00 OK run-once finished
2026-06-16T12:57:47.8772558+09:00 START dispatch-run-once
2026-06-16T12:57:48.2634952+09:00 
2026-06-16T12:57:48.2665095+09:00 > orchestrator
2026-06-16T12:57:48.2665095+09:00 > tsx src/cli/orchestrator.ts run-once --limit 10
2026-06-16T12:57:48.2696247+09:00 
2026-06-16T12:57:51.9183301+09:00 {
2026-06-16T12:57:51.9285650+09:00   "ensure_daily": {
2026-06-16T12:57:51.9336088+09:00     "runs": [
2026-06-16T12:57:51.9388696+09:00       {
2026-06-16T12:57:51.9388696+09:00         "run_id": "r01",
2026-06-16T12:57:51.9438817+09:00         "action": "not_due",
2026-06-16T12:57:51.9438817+09:00         "taskId": "daily-20260616-r01",
2026-06-16T12:57:51.9491881+09:00         "reason": "jst_hour=12"
2026-06-16T12:57:51.9491881+09:00       },
2026-06-16T12:57:51.9750141+09:00       {
2026-06-16T12:57:51.9772168+09:00         "run_id": "r02",
2026-06-16T12:57:51.9802202+09:00         "action": "not_due",
2026-06-16T12:57:51.9802202+09:00         "taskId": "daily-20260616-r02",
2026-06-16T12:57:51.9855011+09:00         "reason": "jst_hour=12"
2026-06-16T12:57:51.9855011+09:00       },
2026-06-16T12:57:51.9903050+09:00       {
2026-06-16T12:57:51.9903050+09:00         "run_id": "r03",
2026-06-16T12:57:51.9955020+09:00         "action": "not_due",
2026-06-16T12:57:51.9955020+09:00         "taskId": "daily-20260616-r03",
2026-06-16T12:57:52.0006316+09:00         "reason": "jst_hour=12"
2026-06-16T12:57:52.0006316+09:00       }
2026-06-16T12:57:52.0056824+09:00     ]
2026-06-16T12:57:52.0089324+09:00   },
2026-06-16T12:57:52.0109406+09:00   "reconcile": {
2026-06-16T12:57:52.0129492+09:00     "resetProcessing": 0,
2026-06-16T12:57:52.0159638+09:00     "inserted": 1,
2026-06-16T12:57:52.0159638+09:00     "scanned": 14,
2026-06-16T12:57:52.0209872+09:00     "stale": {
2026-06-16T12:57:52.0250035+09:00       "scanned": 14,
2026-06-16T12:57:52.0260130+09:00       "staleDetected": 0,
2026-06-16T12:57:52.0330786+09:00       "rolledBack": 0,
2026-06-16T12:57:52.0360902+09:00       "skippedCap": 0,
2026-06-16T12:57:52.0360902+09:00       "dryRun": false,
2026-06-16T12:57:52.0412876+09:00       "actions": []
2026-06-16T12:57:52.0412876+09:00     }
2026-06-16T12:57:52.0462998+09:00   },
2026-06-16T12:57:52.0483065+09:00   "dispatch": {
2026-06-16T12:57:52.0513211+09:00     "claimed": 1,
2026-06-16T12:57:52.0533285+09:00     "done": 1,
2026-06-16T12:57:52.0553347+09:00     "failed": 0
2026-06-16T12:57:52.0563414+09:00   },
2026-06-16T12:57:52.0563414+09:00   "step4_poll": {
2026-06-16T12:57:52.0563414+09:00     "scanned": 14,
2026-06-16T12:57:52.0618357+09:00     "awaiting": 1,
2026-06-16T12:57:52.0618357+09:00     "polled": 0,
2026-06-16T12:57:52.0653717+09:00     "picks_applied": 0,
2026-06-16T12:57:52.0671122+09:00     "pick_errors": 0,
2026-06-16T12:57:52.0691194+09:00     "timeouts": 0,
2026-06-16T12:57:52.0711266+09:00     "skipped": 0,
2026-06-16T12:57:52.0721328+09:00     "results": [
2026-06-16T12:57:52.0741403+09:00       {
2026-06-16T12:57:52.0741403+09:00         "task_id": "daily-20260615-r02",
2026-06-16T12:57:52.0776319+09:00         "result": {
2026-06-16T12:57:52.0776319+09:00           "outcome": "no_new_messages"
2026-06-16T12:57:52.0776319+09:00         }
2026-06-16T12:57:52.0776319+09:00       }
2026-06-16T12:57:52.0828698+09:00     ]
2026-06-16T12:57:52.0828698+09:00   },
2026-06-16T12:57:52.0828698+09:00   "step7_retry_poll": {
2026-06-16T12:57:52.0881450+09:00     "scanned": 14,
2026-06-16T12:57:52.0901501+09:00     "eligible": 11,
2026-06-16T12:57:52.0901501+09:00     "polled": 0,
2026-06-16T12:57:52.0933248+09:00     "retries_triggered": 0,
2026-06-16T12:57:52.0933248+09:00     "retry_errors": 0,
2026-06-16T12:57:52.0933248+09:00     "skipped": 0,
2026-06-16T12:57:52.0986038+09:00     "results": []
2026-06-16T12:57:52.0986038+09:00   }
2026-06-16T12:57:52.0986038+09:00 }
2026-06-16T12:57:52.1059889+09:00 OK run-once finished
2026-06-16T13:02:56.6589995+09:00 START dispatch-run-once
2026-06-16T13:02:57.1573093+09:00 
2026-06-16T13:02:57.1598164+09:00 > orchestrator
2026-06-16T13:02:57.1618203+09:00 > tsx src/cli/orchestrator.ts run-once --limit 10
2026-06-16T13:02:57.1628193+09:00 
2026-06-16T13:03:06.2882765+09:00 {
2026-06-16T13:03:06.2907552+09:00   "ensure_daily": {
2026-06-16T13:03:06.2937611+09:00     "runs": [
2026-06-16T13:03:06.2963062+09:00       {
2026-06-16T13:03:06.2983139+09:00         "run_id": "r01",
2026-06-16T13:03:06.3008298+09:00         "action": "not_due",
2026-06-16T13:03:06.3027960+09:00         "taskId": "daily-20260616-r01",
2026-06-16T13:03:06.3048299+09:00         "reason": "jst_hour=13"
2026-06-16T13:03:06.3073747+09:00       },
2026-06-16T13:03:06.3285517+09:00       {
2026-06-16T13:03:06.3310765+09:00         "run_id": "r02",
2026-06-16T13:03:06.3340703+09:00         "action": "skipped_exists",
2026-06-16T13:03:06.3350700+09:00         "taskId": "daily-20260616-r02"
2026-06-16T13:03:06.3375842+09:00       },
2026-06-16T13:03:06.3400992+09:00       {
2026-06-16T13:03:06.3421075+09:00         "run_id": "r03",
2026-06-16T13:03:06.3446128+09:00         "action": "not_due",
2026-06-16T13:03:06.3476256+09:00         "taskId": "daily-20260616-r03",
2026-06-16T13:03:06.3491350+09:00         "reason": "jst_hour=13"
2026-06-16T13:03:06.3511439+09:00       }
2026-06-16T13:03:06.3541428+09:00     ]
2026-06-16T13:03:06.3571426+09:00   },
2026-06-16T13:03:06.3591438+09:00   "reconcile": {
2026-06-16T13:03:06.3606618+09:00     "resetProcessing": 0,
2026-06-16T13:03:06.3626610+09:00     "inserted": 1,
2026-06-16T13:03:06.3646601+09:00     "scanned": 15,
2026-06-16T13:03:06.3666644+09:00     "stale": {
2026-06-16T13:03:06.3676637+09:00       "scanned": 15,
2026-06-16T13:03:06.3702128+09:00       "staleDetected": 0,
2026-06-16T13:03:06.3722149+09:00       "rolledBack": 0,
2026-06-16T13:03:06.3742123+09:00       "skippedCap": 0,
2026-06-16T13:03:06.3782147+09:00       "dryRun": false,
2026-06-16T13:03:06.3805907+09:00       "actions": []
2026-06-16T13:03:06.3825892+09:00     }
2026-06-16T13:03:06.3837542+09:00   },
2026-06-16T13:03:06.3847604+09:00   "dispatch": {
2026-06-16T13:03:06.3872714+09:00     "claimed": 2,
2026-06-16T13:03:06.3882729+09:00     "done": 2,
2026-06-16T13:03:06.3904096+09:00     "failed": 0
2026-06-16T13:03:06.3914071+09:00   },
2026-06-16T13:03:06.3934103+09:00   "step4_poll": {
2026-06-16T13:03:06.3950322+09:00     "scanned": 15,
2026-06-16T13:03:06.3965724+09:00     "awaiting": 1,
2026-06-16T13:03:06.3990868+09:00     "polled": 0,
2026-06-16T13:03:06.4000929+09:00     "picks_applied": 0,
2026-06-16T13:03:06.4020927+09:00     "pick_errors": 0,
2026-06-16T13:03:06.4030932+09:00     "timeouts": 0,
2026-06-16T13:03:06.4050937+09:00     "skipped": 0,
2026-06-16T13:03:06.4050937+09:00     "results": [
2026-06-16T13:03:06.4076071+09:00       {
2026-06-16T13:03:06.4101239+09:00         "task_id": "daily-20260615-r02",
2026-06-16T13:03:06.4111238+09:00         "result": {
2026-06-16T13:03:06.4131220+09:00           "outcome": "no_new_messages"
2026-06-16T13:03:06.4141223+09:00         }
2026-06-16T13:03:06.4166299+09:00       }
2026-06-16T13:03:06.4176354+09:00     ]
2026-06-16T13:03:06.4191419+09:00   },
2026-06-16T13:03:06.4211480+09:00   "step7_retry_poll": {
2026-06-16T13:03:06.4221487+09:00     "scanned": 15,
2026-06-16T13:03:06.4241505+09:00     "eligible": 11,
2026-06-16T13:03:06.4251480+09:00     "polled": 0,
2026-06-16T13:03:06.4276607+09:00     "retries_triggered": 0,
2026-06-16T13:03:06.4276607+09:00     "retry_errors": 0,
2026-06-16T13:03:06.4301737+09:00     "skipped": 0,
2026-06-16T13:03:06.4311738+09:00     "results": []
2026-06-16T13:03:06.4331738+09:00   }
2026-06-16T13:03:06.4341750+09:00 }
2026-06-16T13:03:06.4366789+09:00 OK run-once finished
2026-06-16T13:07:48.6238709+09:00 START dispatch-run-once
2026-06-16T13:07:49.0406392+09:00 
2026-06-16T13:07:49.0426374+09:00 > orchestrator
2026-06-16T13:07:49.0461608+09:00 > tsx src/cli/orchestrator.ts run-once --limit 10
2026-06-16T13:07:49.0486655+09:00 
2026-06-16T13:07:52.7693978+09:00 {
2026-06-16T13:07:52.7724039+09:00   "ensure_daily": {
2026-06-16T13:07:52.7754137+09:00     "runs": [
2026-06-16T13:07:52.7789214+09:00       {
2026-06-16T13:07:52.7819289+09:00         "run_id": "r01",
2026-06-16T13:07:52.7839288+09:00         "action": "not_due",
2026-06-16T13:07:52.7874445+09:00         "taskId": "daily-20260616-r01",
2026-06-16T13:07:52.7889495+09:00         "reason": "jst_hour=13"
2026-06-16T13:07:52.7919658+09:00       },
2026-06-16T13:07:52.8140810+09:00       {
2026-06-16T13:07:52.8167795+09:00         "run_id": "r02",
2026-06-16T13:07:52.8193026+09:00         "action": "skipped_exists",
2026-06-16T13:07:52.8213084+09:00         "taskId": "daily-20260616-r02"
2026-06-16T13:07:52.8233102+09:00       },
2026-06-16T13:07:52.8253155+09:00       {
2026-06-16T13:07:52.8273151+09:00         "run_id": "r03",
2026-06-16T13:07:52.8288231+09:00         "action": "not_due",
2026-06-16T13:07:52.8303300+09:00         "taskId": "daily-20260616-r03",
2026-06-16T13:07:52.8313382+09:00         "reason": "jst_hour=13"
2026-06-16T13:07:52.8333363+09:00       }
2026-06-16T13:07:52.8353438+09:00     ]
2026-06-16T13:07:52.8363414+09:00   },
2026-06-16T13:07:52.8383423+09:00   "reconcile": {
2026-06-16T13:07:52.8398527+09:00     "resetProcessing": 0,
2026-06-16T13:07:52.8408525+09:00     "inserted": 1,
2026-06-16T13:07:52.8428518+09:00     "scanned": 15,
2026-06-16T13:07:52.8438521+09:00     "stale": {
2026-06-16T13:07:52.8463658+09:00       "scanned": 15,
2026-06-16T13:07:52.8473666+09:00       "staleDetected": 0,
2026-06-16T13:07:52.8493745+09:00       "rolledBack": 0,
2026-06-16T13:07:52.8514753+09:00       "skippedCap": 0,
2026-06-16T13:07:52.8524747+09:00       "dryRun": false,
2026-06-16T13:07:52.8544759+09:00       "actions": []
2026-06-16T13:07:52.8564761+09:00     }
2026-06-16T13:07:52.8589929+09:00   },
2026-06-16T13:07:52.8609928+09:00   "dispatch": {
2026-06-16T13:07:52.8619923+09:00     "claimed": 2,
2026-06-16T13:07:52.8639934+09:00     "done": 2,
2026-06-16T13:07:52.8655007+09:00     "failed": 0
2026-06-16T13:07:52.8665073+09:00   },
2026-06-16T13:07:52.8680151+09:00   "step4_poll": {
2026-06-16T13:07:52.8700223+09:00     "scanned": 15,
2026-06-16T13:07:52.8710222+09:00     "awaiting": 1,
2026-06-16T13:07:52.8730229+09:00     "polled": 0,
2026-06-16T13:07:52.8740258+09:00     "picks_applied": 0,
2026-06-16T13:07:52.8765399+09:00     "pick_errors": 0,
2026-06-16T13:07:52.8780459+09:00     "timeouts": 0,
2026-06-16T13:07:52.8790523+09:00     "skipped": 0,
2026-06-16T13:07:52.8810530+09:00     "results": [
2026-06-16T13:07:52.8820525+09:00       {
2026-06-16T13:07:52.8840529+09:00         "task_id": "daily-20260615-r02",
2026-06-16T13:07:52.8855600+09:00         "result": {
2026-06-16T13:07:52.8865659+09:00           "outcome": "no_new_messages"
2026-06-16T13:07:52.8880721+09:00         }
2026-06-16T13:07:52.8900791+09:00       }
2026-06-16T13:07:52.8910784+09:00     ]
2026-06-16T13:07:52.8930800+09:00   },
2026-06-16T13:07:52.8940784+09:00   "step7_retry_poll": {
2026-06-16T13:07:52.8965917+09:00     "scanned": 15,
2026-06-16T13:07:52.8965917+09:00     "eligible": 11,
2026-06-16T13:07:52.8991050+09:00     "polled": 0,
2026-06-16T13:07:52.9011055+09:00     "retries_triggered": 0,
2026-06-16T13:07:52.9021064+09:00     "retry_errors": 0,
2026-06-16T13:07:52.9041059+09:00     "skipped": 0,
2026-06-16T13:07:52.9056121+09:00     "results": []
2026-06-16T13:07:52.9066181+09:00   }
2026-06-16T13:07:52.9081235+09:00 }
2026-06-16T13:07:52.9111301+09:00 OK run-once finished
2026-06-16T13:12:48.7818207+09:00 START dispatch-run-once
2026-06-16T13:12:49.1818889+09:00 
2026-06-16T13:12:49.1843965+09:00 > orchestrator
2026-06-16T13:12:49.1854078+09:00 > tsx src/cli/orchestrator.ts run-once --limit 10
2026-06-16T13:12:49.1879222+09:00 
2026-06-16T13:12:53.5184446+09:00 {
2026-06-16T13:12:53.5249744+09:00   "ensure_daily": {
2026-06-16T13:12:53.5282428+09:00     "runs": [
2026-06-16T13:12:53.5312555+09:00       {
2026-06-16T13:12:53.5342548+09:00         "run_id": "r01",
2026-06-16T13:12:53.5367653+09:00         "action": "not_due",
2026-06-16T13:12:53.5397953+09:00         "taskId": "daily-20260616-r01",
2026-06-16T13:12:53.5427979+09:00         "reason": "jst_hour=13"
2026-06-16T13:12:53.5453113+09:00       },
2026-06-16T13:12:53.5729193+09:00       {
2026-06-16T13:12:53.5759267+09:00         "run_id": "r02",
2026-06-16T13:12:53.5794486+09:00         "action": "skipped_exists",
2026-06-16T13:12:53.5824482+09:00         "taskId": "daily-20260616-r02"
2026-06-16T13:12:53.5904860+09:00       },
2026-06-16T13:12:53.5975285+09:00       {
2026-06-16T13:12:53.6015436+09:00         "run_id": "r03",
2026-06-16T13:12:53.6050610+09:00         "action": "not_due",
2026-06-16T13:12:53.6115940+09:00         "taskId": "daily-20260616-r03",
2026-06-16T13:12:53.6151156+09:00         "reason": "jst_hour=13"
2026-06-16T13:12:53.6176191+09:00       }
2026-06-16T13:12:53.6206369+09:00     ]
2026-06-16T13:12:53.6241442+09:00   },
2026-06-16T13:12:53.6266637+09:00   "reconcile": {
2026-06-16T13:12:53.6296725+09:00     "resetProcessing": 0,
2026-06-16T13:12:53.6326736+09:00     "inserted": 1,
2026-06-16T13:12:53.6351951+09:00     "scanned": 15,
2026-06-16T13:12:53.6377098+09:00     "stale": {
2026-06-16T13:12:53.6407195+09:00       "scanned": 15,
2026-06-16T13:12:53.6427191+09:00       "staleDetected": 0,
2026-06-16T13:12:53.6578024+09:00       "rolledBack": 0,
2026-06-16T13:12:53.6618092+09:00       "skippedCap": 0,
2026-06-16T13:12:53.6653307+09:00       "dryRun": false,
2026-06-16T13:12:53.6678457+09:00       "actions": []
2026-06-16T13:12:53.6708538+09:00     }
2026-06-16T13:12:53.6728540+09:00   },
2026-06-16T13:12:53.6753741+09:00   "dispatch": {
2026-06-16T13:12:53.6803965+09:00     "claimed": 2,
2026-06-16T13:12:53.6824053+09:00     "done": 2,
2026-06-16T13:12:53.6859188+09:00     "failed": 0
2026-06-16T13:12:53.6884326+09:00   },
2026-06-16T13:12:53.6904400+09:00   "step4_poll": {
2026-06-16T13:12:53.6949591+09:00     "scanned": 15,
2026-06-16T13:12:53.6974646+09:00     "awaiting": 1,
2026-06-16T13:12:53.7004790+09:00     "polled": 0,
2026-06-16T13:12:53.7024787+09:00     "picks_applied": 0,
2026-06-16T13:12:53.7049959+09:00     "pick_errors": 0,
2026-06-16T13:12:53.7069941+09:00     "timeouts": 0,
2026-06-16T13:12:53.7112215+09:00     "skipped": 0,
2026-06-16T13:12:53.7142324+09:00     "results": [
2026-06-16T13:12:53.7167356+09:00       {
2026-06-16T13:12:53.7197511+09:00         "task_id": "daily-20260615-r02",
2026-06-16T13:12:53.7217484+09:00         "result": {
2026-06-16T13:12:53.7227487+09:00           "outcome": "no_new_messages"
2026-06-16T13:12:53.7252669+09:00         }
2026-06-16T13:12:53.7287821+09:00       }
2026-06-16T13:12:53.7307881+09:00     ]
2026-06-16T13:12:53.7327900+09:00   },
2026-06-16T13:12:53.7353087+09:00   "step7_retry_poll": {
2026-06-16T13:12:53.7378284+09:00     "scanned": 15,
2026-06-16T13:12:53.7398338+09:00     "eligible": 11,
2026-06-16T13:12:53.7428375+09:00     "polled": 0,
2026-06-16T13:12:53.7453582+09:00     "retries_triggered": 0,
2026-06-16T13:12:53.7478769+09:00     "retry_errors": 0,
2026-06-16T13:12:53.7508819+09:00     "skipped": 0,
2026-06-16T13:12:53.7543891+09:00     "results": []
2026-06-16T13:12:53.7579173+09:00   }
2026-06-16T13:12:53.7610878+09:00 }
2026-06-16T13:12:53.7639242+09:00 OK run-once finished
2026-06-16T13:17:48.3622679+09:00 START dispatch-run-once
2026-06-16T13:17:48.8919421+09:00 
2026-06-16T13:17:48.8944527+09:00 > orchestrator
2026-06-16T13:17:48.8974635+09:00 > tsx src/cli/orchestrator.ts run-once --limit 10
2026-06-16T13:17:48.8994611+09:00 
2026-06-16T13:17:52.7022230+09:00 {
2026-06-16T13:17:52.7045696+09:00   "ensure_daily": {
2026-06-16T13:17:52.7072054+09:00     "runs": [
2026-06-16T13:17:52.7092825+09:00       {
2026-06-16T13:17:52.7092825+09:00         "run_id": "r01",
2026-06-16T13:17:52.7158396+09:00         "action": "not_due",
2026-06-16T13:17:52.7189312+09:00         "taskId": "daily-20260616-r01",
2026-06-16T13:17:52.7209302+09:00         "reason": "jst_hour=13"
2026-06-16T13:17:52.7222559+09:00       },
2026-06-16T13:17:52.7430631+09:00       {
2026-06-16T13:17:52.7450617+09:00         "run_id": "r02",
2026-06-16T13:17:52.7472577+09:00         "action": "skipped_exists",
2026-06-16T13:17:52.7492575+09:00         "taskId": "daily-20260616-r02"
2026-06-16T13:17:52.7522564+09:00       },
2026-06-16T13:17:52.7545916+09:00       {
2026-06-16T13:17:52.7565978+09:00         "run_id": "r03",
2026-06-16T13:17:52.7565978+09:00         "action": "not_due",
2026-06-16T13:17:52.7595936+09:00         "taskId": "daily-20260616-r03",
2026-06-16T13:17:52.7595936+09:00         "reason": "jst_hour=13"
2026-06-16T13:17:52.7644995+09:00       }
2026-06-16T13:17:52.7654995+09:00     ]
2026-06-16T13:17:52.7674990+09:00   },
2026-06-16T13:17:52.7684983+09:00   "reconcile": {
2026-06-16T13:17:52.7718571+09:00     "resetProcessing": 0,
2026-06-16T13:17:52.7731641+09:00     "inserted": 1,
2026-06-16T13:17:52.7751611+09:00     "scanned": 15,
2026-06-16T13:17:52.7771615+09:00     "stale": {
2026-06-16T13:17:52.7789071+09:00       "scanned": 15,
2026-06-16T13:17:52.7805313+09:00       "staleDetected": 0,
2026-06-16T13:17:52.7815322+09:00       "rolledBack": 0,
2026-06-16T13:17:52.7835313+09:00       "skippedCap": 0,
2026-06-16T13:17:52.7855308+09:00       "dryRun": false,
2026-06-16T13:17:52.7881837+09:00       "actions": []
2026-06-16T13:17:52.7906289+09:00     }
2026-06-16T13:17:52.7916275+09:00   },
2026-06-16T13:17:52.7936694+09:00   "dispatch": {
2026-06-16T13:17:52.7946670+09:00     "claimed": 4,
2026-06-16T13:17:52.7961572+09:00     "done": 4,
2026-06-16T13:17:52.7982298+09:00     "failed": 0
2026-06-16T13:17:52.8001081+09:00   },
2026-06-16T13:17:52.8010920+09:00   "step4_poll": {
2026-06-16T13:17:52.8030936+09:00     "scanned": 15,
2026-06-16T13:17:52.8044761+09:00     "awaiting": 1,
2026-06-16T13:17:52.8065121+09:00     "polled": 1,
2026-06-16T13:17:52.8075141+09:00     "picks_applied": 0,
2026-06-16T13:17:52.8089793+09:00     "pick_errors": 0,
2026-06-16T13:17:52.8099789+09:00     "timeouts": 1,
2026-06-16T13:17:52.8119791+09:00     "skipped": 0,
2026-06-16T13:17:52.8139437+09:00     "results": [
2026-06-16T13:17:52.8150628+09:00       {
2026-06-16T13:17:52.8161842+09:00         "task_id": "daily-20260615-r02",
2026-06-16T13:17:52.8181837+09:00         "result": {
2026-06-16T13:17:52.8191837+09:00           "outcome": "timeout"
2026-06-16T13:17:52.8211544+09:00         }
2026-06-16T13:17:52.8226807+09:00       }
2026-06-16T13:17:52.8241669+09:00     ]
2026-06-16T13:17:52.8251668+09:00   },
2026-06-16T13:17:52.8271657+09:00   "step7_retry_poll": {
2026-06-16T13:17:52.8281663+09:00     "scanned": 15,
2026-06-16T13:17:52.8301678+09:00     "eligible": 11,
2026-06-16T13:17:52.8321679+09:00     "polled": 0,
2026-06-16T13:17:52.8331673+09:00     "retries_triggered": 0,
2026-06-16T13:17:52.8351671+09:00     "retry_errors": 0,
2026-06-16T13:17:52.8361671+09:00     "skipped": 0,
2026-06-16T13:17:52.8371667+09:00     "results": []
2026-06-16T13:17:52.8391675+09:00   }
2026-06-16T13:17:52.8411673+09:00 }
2026-06-16T13:17:52.8431666+09:00 OK run-once finished
2026-06-16T13:22:50.0907845+09:00 START dispatch-run-once
2026-06-16T13:22:50.5402990+09:00 
2026-06-16T13:22:50.5402990+09:00 > orchestrator
2026-06-16T13:22:50.5445738+09:00 > tsx src/cli/orchestrator.ts run-once --limit 10
2026-06-16T13:22:50.5445738+09:00 
2026-06-16T13:22:54.3418130+09:00 {
2026-06-16T13:22:54.3468097+09:00   "ensure_daily": {
2026-06-16T13:22:54.3521635+09:00     "runs": [
2026-06-16T13:22:54.3551712+09:00       {
2026-06-16T13:22:54.3569813+09:00         "run_id": "r01",
2026-06-16T13:22:54.3569813+09:00         "action": "not_due",
2026-06-16T13:22:54.3614352+09:00         "taskId": "daily-20260616-r01",
2026-06-16T13:22:54.3646543+09:00         "reason": "jst_hour=13"
2026-06-16T13:22:54.3685824+09:00       },
2026-06-16T13:22:54.3925093+09:00       {
2026-06-16T13:22:54.3966579+09:00         "run_id": "r02",
2026-06-16T13:22:54.3986576+09:00         "action": "skipped_exists",
2026-06-16T13:22:54.4016586+09:00         "taskId": "daily-20260616-r02"
2026-06-16T13:22:54.4036546+09:00       },
2026-06-16T13:22:54.4066544+09:00       {
2026-06-16T13:22:54.4094576+09:00         "run_id": "r03",
2026-06-16T13:22:54.4134741+09:00         "action": "not_due",
2026-06-16T13:22:54.4153256+09:00         "taskId": "daily-20260616-r03",
2026-06-16T13:22:54.4153256+09:00         "reason": "jst_hour=13"
2026-06-16T13:22:54.4220271+09:00       }
2026-06-16T13:22:54.4250273+09:00     ]
2026-06-16T13:22:54.4280280+09:00   },
2026-06-16T13:22:54.4300298+09:00   "reconcile": {
2026-06-16T13:22:54.4319826+09:00     "resetProcessing": 0,
2026-06-16T13:22:54.4319826+09:00     "inserted": 0,
2026-06-16T13:22:54.4364191+09:00     "scanned": 15,
2026-06-16T13:22:54.4403020+09:00     "stale": {
2026-06-16T13:22:54.4403020+09:00       "scanned": 15,
2026-06-16T13:22:54.4451180+09:00       "staleDetected": 0,
2026-06-16T13:22:54.4480199+09:00       "rolledBack": 0,
2026-06-16T13:22:54.4522082+09:00       "skippedCap": 0,
2026-06-16T13:22:54.4542083+09:00       "dryRun": false,
2026-06-16T13:22:54.4562091+09:00       "actions": []
2026-06-16T13:22:54.4583750+09:00     }
2026-06-16T13:22:54.4603730+09:00   },
2026-06-16T13:22:54.4623722+09:00   "dispatch": {
2026-06-16T13:22:54.4653735+09:00     "claimed": 1,
2026-06-16T13:22:54.4658820+09:00     "done": 1,
2026-06-16T13:22:54.4658820+09:00     "failed": 0
2026-06-16T13:22:54.4713377+09:00   },
2026-06-16T13:22:54.4735637+09:00   "step4_poll": {
2026-06-16T13:22:54.4735637+09:00     "scanned": 15,
2026-06-16T13:22:54.4783168+09:00     "awaiting": 1,
2026-06-16T13:22:54.4802581+09:00     "polled": 0,
2026-06-16T13:22:54.4823567+09:00     "picks_applied": 0,
2026-06-16T13:22:54.4845327+09:00     "pick_errors": 0,
2026-06-16T13:22:54.4865323+09:00     "timeouts": 0,
2026-06-16T13:22:54.4875316+09:00     "skipped": 0,
2026-06-16T13:22:54.4902503+09:00     "results": [
2026-06-16T13:22:54.4902503+09:00       {
2026-06-16T13:22:54.4946848+09:00         "task_id": "daily-20260616-r02",
2026-06-16T13:22:54.4946848+09:00         "result": {
2026-06-16T13:22:54.4979806+09:00           "outcome": "no_new_messages"
2026-06-16T13:22:54.4985183+09:00         }
2026-06-16T13:22:54.4985183+09:00       }
2026-06-16T13:22:54.5041515+09:00     ]
2026-06-16T13:22:54.5062223+09:00   },
2026-06-16T13:22:54.5082218+09:00   "step7_retry_poll": {
2026-06-16T13:22:54.5102219+09:00     "scanned": 15,
2026-06-16T13:22:54.5122209+09:00     "eligible": 11,
2026-06-16T13:22:54.5132209+09:00     "polled": 0,
2026-06-16T13:22:54.5151880+09:00     "retries_triggered": 0,
2026-06-16T13:22:54.5151880+09:00     "retry_errors": 0,
2026-06-16T13:22:54.5196781+09:00     "skipped": 0,
2026-06-16T13:22:54.5196781+09:00     "results": []
2026-06-16T13:22:54.5235508+09:00   }
2026-06-16T13:22:54.5235508+09:00 }
2026-06-16T13:22:54.5235508+09:00 OK run-once finished
2026-06-16T13:27:48.4632650+09:00 START dispatch-run-once
2026-06-16T13:27:48.9829685+09:00 
2026-06-16T13:27:48.9859758+09:00 > orchestrator
2026-06-16T13:27:48.9889720+09:00 > tsx src/cli/orchestrator.ts run-once --limit 10
2026-06-16T13:27:48.9909721+09:00 
2026-06-16T13:27:52.6516255+09:00 {
2026-06-16T13:27:52.6626781+09:00   "ensure_daily": {
2026-06-16T13:27:52.6725270+09:00     "runs": [
2026-06-16T13:27:52.6832715+09:00       {
2026-06-16T13:27:52.6906500+09:00         "run_id": "r01",
2026-06-16T13:27:52.6960970+09:00         "action": "not_due",
2026-06-16T13:27:52.6999827+09:00         "taskId": "daily-20260616-r01",
2026-06-16T13:27:52.7061045+09:00         "reason": "jst_hour=13"
2026-06-16T13:27:52.7103019+09:00       },
2026-06-16T13:27:52.7338670+09:00       {
2026-06-16T13:27:52.7384663+09:00         "run_id": "r02",
2026-06-16T13:27:52.7384663+09:00         "action": "skipped_exists",
2026-06-16T13:27:52.7384663+09:00         "taskId": "daily-20260616-r02"
2026-06-16T13:27:52.7434746+09:00       },
2026-06-16T13:27:52.7434746+09:00       {
2026-06-16T13:27:52.7489997+09:00         "run_id": "r03",
2026-06-16T13:27:52.7504357+09:00         "action": "not_due",
2026-06-16T13:27:52.7528312+09:00         "taskId": "daily-20260616-r03",
2026-06-16T13:27:52.7538293+09:00         "reason": "jst_hour=13"
2026-06-16T13:27:52.7558296+09:00       }
2026-06-16T13:27:52.7568294+09:00     ]
2026-06-16T13:27:52.7588312+09:00   },
2026-06-16T13:27:52.7600051+09:00   "reconcile": {
2026-06-16T13:27:52.7610054+09:00     "resetProcessing": 0,
2026-06-16T13:27:52.7630069+09:00     "inserted": 1,
2026-06-16T13:27:52.7650105+09:00     "scanned": 15,
2026-06-16T13:27:52.7670650+09:00     "stale": {
2026-06-16T13:27:52.7680719+09:00       "scanned": 15,
2026-06-16T13:27:52.7680719+09:00       "staleDetected": 0,
2026-06-16T13:27:52.7680719+09:00       "rolledBack": 0,
2026-06-16T13:27:52.7735016+09:00       "skippedCap": 0,
2026-06-16T13:27:52.7735016+09:00       "dryRun": false,
2026-06-16T13:27:52.7735016+09:00       "actions": []
2026-06-16T13:27:52.7792148+09:00     }
2026-06-16T13:27:52.7806558+09:00   },
2026-06-16T13:27:52.7826560+09:00   "dispatch": {
2026-06-16T13:27:52.7846125+09:00     "claimed": 1,
2026-06-16T13:27:52.7856108+09:00     "done": 1,
2026-06-16T13:27:52.7866090+09:00     "failed": 0
2026-06-16T13:27:52.7886109+09:00   },
2026-06-16T13:27:52.7896107+09:00   "step4_poll": {
2026-06-16T13:27:52.7916122+09:00     "scanned": 15,
2026-06-16T13:27:52.7921128+09:00     "awaiting": 1,
2026-06-16T13:27:52.7921128+09:00     "polled": 0,
2026-06-16T13:27:52.7921128+09:00     "picks_applied": 0,
2026-06-16T13:27:52.7970711+09:00     "pick_errors": 0,
2026-06-16T13:27:52.7970711+09:00     "timeouts": 0,
2026-06-16T13:27:52.8013160+09:00     "skipped": 0,
2026-06-16T13:27:52.8023130+09:00     "results": [
2026-06-16T13:27:52.8033109+09:00       {
2026-06-16T13:27:52.8053139+09:00         "task_id": "daily-20260616-r02",
2026-06-16T13:27:52.8063118+09:00         "result": {
2026-06-16T13:27:52.8081702+09:00           "outcome": "no_new_messages"
2026-06-16T13:27:52.8102899+09:00         }
2026-06-16T13:27:52.8112882+09:00       }
2026-06-16T13:27:52.8122859+09:00     ]
2026-06-16T13:27:52.8142884+09:00   },
2026-06-16T13:27:52.8152889+09:00   "step7_retry_poll": {
2026-06-16T13:27:52.8162868+09:00     "scanned": 15,
2026-06-16T13:27:52.8162868+09:00     "eligible": 11,
2026-06-16T13:27:52.8162868+09:00     "polled": 0,
2026-06-16T13:27:52.8162868+09:00     "retries_triggered": 0,
2026-06-16T13:27:52.8217684+09:00     "retry_errors": 0,
2026-06-16T13:27:52.8217684+09:00     "skipped": 0,
2026-06-16T13:27:52.8263296+09:00     "results": []
2026-06-16T13:27:52.8273253+09:00   }
2026-06-16T13:27:52.8283272+09:00 }
2026-06-16T13:27:52.8303262+09:00 OK run-once finished
2026-06-16T13:32:49.4883300+09:00 START dispatch-run-once
2026-06-16T13:32:50.0423902+09:00 
2026-06-16T13:32:50.0455061+09:00 > orchestrator
2026-06-16T13:32:50.0480269+09:00 > tsx src/cli/orchestrator.ts run-once --limit 10
2026-06-16T13:32:50.0500267+09:00 
2026-06-16T13:32:53.9011693+09:00 {
2026-06-16T13:32:53.9051668+09:00   "ensure_daily": {
2026-06-16T13:32:53.9081664+09:00     "runs": [
2026-06-16T13:32:53.9113723+09:00       {
2026-06-16T13:32:53.9143837+09:00         "run_id": "r01",
2026-06-16T13:32:53.9163803+09:00         "action": "not_due",
2026-06-16T13:32:53.9198621+09:00         "taskId": "daily-20260616-r01",
2026-06-16T13:32:53.9237824+09:00         "reason": "jst_hour=13"
2026-06-16T13:32:53.9268465+09:00       },
2026-06-16T13:32:53.9544180+09:00       {
2026-06-16T13:32:53.9563867+09:00         "run_id": "r02",
2026-06-16T13:32:53.9593857+09:00         "action": "skipped_exists",
2026-06-16T13:32:53.9617002+09:00         "taskId": "daily-20260616-r02"
2026-06-16T13:32:53.9637025+09:00       },
2026-06-16T13:32:53.9657044+09:00       {
2026-06-16T13:32:53.9683590+09:00         "run_id": "r03",
2026-06-16T13:32:53.9700928+09:00         "action": "not_due",
2026-06-16T13:32:53.9700928+09:00         "taskId": "daily-20260616-r03",
2026-06-16T13:32:53.9700928+09:00         "reason": "jst_hour=13"
2026-06-16T13:32:53.9752074+09:00       }
2026-06-16T13:32:53.9767158+09:00     ]
2026-06-16T13:32:53.9777273+09:00   },
2026-06-16T13:32:53.9797236+09:00   "reconcile": {
2026-06-16T13:32:53.9807254+09:00     "resetProcessing": 0,
2026-06-16T13:32:53.9837227+09:00     "inserted": 1,
2026-06-16T13:32:53.9850382+09:00     "scanned": 15,
2026-06-16T13:32:53.9850382+09:00     "stale": {
2026-06-16T13:32:53.9850382+09:00       "scanned": 15,
2026-06-16T13:32:53.9897841+09:00       "staleDetected": 0,
2026-06-16T13:32:53.9897841+09:00       "rolledBack": 0,
2026-06-16T13:32:53.9926831+09:00       "skippedCap": 0,
2026-06-16T13:32:53.9956386+09:00       "dryRun": false,
2026-06-16T13:32:53.9976947+09:00       "actions": []
2026-06-16T13:32:53.9986896+09:00     }
2026-06-16T13:32:54.0006888+09:00   },
2026-06-16T13:32:54.0016833+09:00   "dispatch": {
2026-06-16T13:32:54.0041975+09:00     "claimed": 1,
2026-06-16T13:32:54.0051958+09:00     "done": 1,
2026-06-16T13:32:54.0071968+09:00     "failed": 0
2026-06-16T13:32:54.0081978+09:00   },
2026-06-16T13:32:54.0100263+09:00   "step4_poll": {
2026-06-16T13:32:54.0100263+09:00     "scanned": 15,
2026-06-16T13:32:54.0100263+09:00     "awaiting": 1,
2026-06-16T13:32:54.0146048+09:00     "polled": 0,
2026-06-16T13:32:54.0146048+09:00     "picks_applied": 0,
2026-06-16T13:32:54.0146048+09:00     "pick_errors": 0,
2026-06-16T13:32:54.0196156+09:00     "timeouts": 0,
2026-06-16T13:32:54.0196156+09:00     "skipped": 0,
2026-06-16T13:32:54.0196156+09:00     "results": [
2026-06-16T13:32:54.0196156+09:00       {
2026-06-16T13:32:54.0258118+09:00         "task_id": "daily-20260616-r02",
2026-06-16T13:32:54.0277065+09:00         "result": {
2026-06-16T13:32:54.0286708+09:00           "outcome": "no_new_messages"
2026-06-16T13:32:54.0306707+09:00         }
2026-06-16T13:32:54.0316702+09:00       }
2026-06-16T13:32:54.0326689+09:00     ]
2026-06-16T13:32:54.0346710+09:00   },
2026-06-16T13:32:54.0350106+09:00   "step7_retry_poll": {
2026-06-16T13:32:54.0350106+09:00     "scanned": 15,
2026-06-16T13:32:54.0350106+09:00     "eligible": 11,
2026-06-16T13:32:54.0396808+09:00     "polled": 0,
2026-06-16T13:32:54.0396808+09:00     "retries_triggered": 0,
2026-06-16T13:32:54.0396808+09:00     "retry_errors": 0,
2026-06-16T13:32:54.0450539+09:00     "skipped": 0,
2026-06-16T13:32:54.0450539+09:00     "results": []
2026-06-16T13:32:54.0450539+09:00   }
2026-06-16T13:32:54.0450539+09:00 }
2026-06-16T13:32:54.0529613+09:00 OK run-once finished
2026-06-16T13:37:48.6979491+09:00 START dispatch-run-once
2026-06-16T13:37:49.1373952+09:00 
2026-06-16T13:37:49.1393975+09:00 > orchestrator
2026-06-16T13:37:49.1413940+09:00 > tsx src/cli/orchestrator.ts run-once --limit 10
2026-06-16T13:37:49.1433908+09:00 
2026-06-16T13:37:53.6592353+09:00 {
2026-06-16T13:37:53.6673332+09:00   "ensure_daily": {
2026-06-16T13:37:53.6747992+09:00     "runs": [
2026-06-16T13:37:53.6800741+09:00       {
2026-06-16T13:37:53.6850680+09:00         "run_id": "r01",
2026-06-16T13:37:53.6870220+09:00         "action": "not_due",
2026-06-16T13:37:53.6912303+09:00         "taskId": "daily-20260616-r01",
2026-06-16T13:37:53.6993213+09:00         "reason": "jst_hour=13"
2026-06-16T13:37:53.7013205+09:00       },
2026-06-16T13:37:53.7268508+09:00       {
2026-06-16T13:37:53.7285532+09:00         "run_id": "r02",
2026-06-16T13:37:53.7306365+09:00         "action": "skipped_exists",
2026-06-16T13:37:53.7336377+09:00         "taskId": "daily-20260616-r02"
2026-06-16T13:37:53.7356377+09:00       },
2026-06-16T13:37:53.7369678+09:00       {
2026-06-16T13:37:53.7369678+09:00         "run_id": "r03",
2026-06-16T13:37:53.7416856+09:00         "action": "not_due",
2026-06-16T13:37:53.7435728+09:00         "taskId": "daily-20260616-r03",
2026-06-16T13:37:53.7479072+09:00         "reason": "jst_hour=13"
2026-06-16T13:37:53.7489544+09:00       }
2026-06-16T13:37:53.7509528+09:00     ]
2026-06-16T13:37:53.7529525+09:00   },
2026-06-16T13:37:53.7538964+09:00   "reconcile": {
2026-06-16T13:37:53.7559716+09:00     "resetProcessing": 0,
2026-06-16T13:37:53.7579714+09:00     "inserted": 1,
2026-06-16T13:37:53.7589713+09:00     "scanned": 15,
2026-06-16T13:37:53.7599703+09:00     "stale": {
2026-06-16T13:37:53.7619715+09:00       "scanned": 15,
2026-06-16T13:37:53.7619715+09:00       "staleDetected": 0,
2026-06-16T13:37:53.7619715+09:00       "rolledBack": 0,
2026-06-16T13:37:53.7671018+09:00       "skippedCap": 0,
2026-06-16T13:37:53.7719762+09:00       "dryRun": false,
2026-06-16T13:37:53.7739746+09:00       "actions": []
2026-06-16T13:37:53.7749725+09:00     }
2026-06-16T13:37:53.7769734+09:00   },
2026-06-16T13:37:53.7789415+09:00   "dispatch": {
2026-06-16T13:37:53.7800757+09:00     "claimed": 1,
2026-06-16T13:37:53.7820731+09:00     "done": 1,
2026-06-16T13:37:53.7830730+09:00     "failed": 0
2026-06-16T13:37:53.7846209+09:00   },
2026-06-16T13:37:53.7866510+09:00   "step4_poll": {
2026-06-16T13:37:53.7882733+09:00     "scanned": 15,
2026-06-16T13:37:53.7892713+09:00     "awaiting": 1,
2026-06-16T13:37:53.7912733+09:00     "polled": 0,
2026-06-16T13:37:53.7922735+09:00     "picks_applied": 0,
2026-06-16T13:37:53.7932720+09:00     "pick_errors": 0,
2026-06-16T13:37:53.7951971+09:00     "timeouts": 0,
2026-06-16T13:37:53.7951971+09:00     "skipped": 0,
2026-06-16T13:37:53.7951971+09:00     "results": [
2026-06-16T13:37:53.7997350+09:00       {
2026-06-16T13:37:53.7997350+09:00         "task_id": "daily-20260616-r02",
2026-06-16T13:37:53.7997350+09:00         "result": {
2026-06-16T13:37:53.8048811+09:00           "outcome": "no_new_messages"
2026-06-16T13:37:53.8048811+09:00         }
2026-06-16T13:37:53.8048811+09:00       }
2026-06-16T13:37:53.8048811+09:00     ]
2026-06-16T13:37:53.8109974+09:00   },
2026-06-16T13:37:53.8120414+09:00   "step7_retry_poll": {
2026-06-16T13:37:53.8142639+09:00     "scanned": 15,
2026-06-16T13:37:53.8162641+09:00     "eligible": 11,
2026-06-16T13:37:53.8172632+09:00     "polled": 0,
2026-06-16T13:37:53.8182754+09:00     "retries_triggered": 0,
2026-06-16T13:37:53.8207473+09:00     "retry_errors": 0,
2026-06-16T13:37:53.8207473+09:00     "skipped": 0,
2026-06-16T13:37:53.8207473+09:00     "results": []
2026-06-16T13:37:53.8254584+09:00   }
2026-06-16T13:37:53.8254584+09:00 }
2026-06-16T13:37:53.8306108+09:00 OK run-once finished
2026-06-16T13:42:48.1139165+09:00 START dispatch-run-once
2026-06-16T13:42:48.5043184+09:00 
2026-06-16T13:42:48.5072582+09:00 > orchestrator
2026-06-16T13:42:48.5103105+09:00 > tsx src/cli/orchestrator.ts run-once --limit 10
2026-06-16T13:42:48.5123100+09:00 
2026-06-16T13:42:49.6482130+09:00 SyntaxError: Expected property name or '}' in JSON at position 8533 (line 364 column 7)
2026-06-16T13:42:49.6512149+09:00     at JSON.parse (<anonymous>)
2026-06-16T13:42:49.6532158+09:00     at loadPublishOrchestratorConfig (C:\Users\compu\.openclaw\publish-system\node\src\orchestrator\publishOrchestratorConfig.ts:653:20)
2026-06-16T13:42:49.6565630+09:00     at loadOrchestratorSettings (C:\Users\compu\.openclaw\publish-system\node\src\orchestrator\config.ts:7:25)
2026-06-16T13:42:49.6585635+09:00     at main (C:\Users\compu\.openclaw\publish-system\node\src\cli\orchestrator.ts:77:20)
2026-06-16T13:42:49.6585635+09:00     at <anonymous> (C:\Users\compu\.openclaw\publish-system\node\src\cli\orchestrator.ts:268:1)
2026-06-16T13:42:49.6644286+09:00     at ModuleJob.run (node:internal/modules/esm/module_job:377:25)
2026-06-16T13:42:49.6644286+09:00     at async onImport.tracePromise.__proto__ (node:internal/modules/esm/loader:691:26)
2026-06-16T13:42:49.6892618+09:00     at async asyncRunEntryPointWithESMLoader (node:internal/modules/run_main:101:5)
2026-06-16T13:42:49.7109344+09:00 FAIL run-once exit=1
2026-06-16T13:47:48.6746142+09:00 START dispatch-run-once
2026-06-16T13:47:49.1211059+09:00 
2026-06-16T13:47:49.1271123+09:00 > orchestrator
2026-06-16T13:47:49.1302989+09:00 > tsx src/cli/orchestrator.ts run-once --limit 10
2026-06-16T13:47:49.1322990+09:00 
2026-06-16T13:47:50.7263964+09:00 SyntaxError: Expected property name or '}' in JSON at position 8533 (line 364 column 7)
2026-06-16T13:47:50.7304560+09:00     at JSON.parse (<anonymous>)
2026-06-16T13:47:50.7333301+09:00     at loadPublishOrchestratorConfig (C:\Users\compu\.openclaw\publish-system\node\src\orchestrator\publishOrchestratorConfig.ts:653:20)
2026-06-16T13:47:50.7363272+09:00     at loadOrchestratorSettings (C:\Users\compu\.openclaw\publish-system\node\src\orchestrator\config.ts:7:25)
2026-06-16T13:47:50.7393265+09:00     at main (C:\Users\compu\.openclaw\publish-system\node\src\cli\orchestrator.ts:77:20)
2026-06-16T13:47:50.7413292+09:00     at <anonymous> (C:\Users\compu\.openclaw\publish-system\node\src\cli\orchestrator.ts:268:1)
2026-06-16T13:47:50.7430643+09:00     at ModuleJob.run (node:internal/modules/esm/module_job:377:25)
2026-06-16T13:47:50.7476154+09:00     at async onImport.tracePromise.__proto__ (node:internal/modules/esm/loader:691:26)
2026-06-16T13:47:50.7736294+09:00     at async asyncRunEntryPointWithESMLoader (node:internal/modules/run_main:101:5)
2026-06-16T13:47:50.7851234+09:00 FAIL run-once exit=1
2026-06-16T13:52:48.7525981+09:00 START dispatch-run-once
2026-06-16T13:52:49.1896633+09:00 
2026-06-16T13:52:49.1942636+09:00 > orchestrator
2026-06-16T13:52:49.1972616+09:00 > tsx src/cli/orchestrator.ts run-once --limit 10
2026-06-16T13:52:49.1992617+09:00 
2026-06-16T13:52:52.9748447+09:00 {
2026-06-16T13:52:52.9778243+09:00   "ensure_daily": {
2026-06-16T13:52:52.9832590+09:00     "runs": [
2026-06-16T13:52:52.9879569+09:00       {
2026-06-16T13:52:52.9909544+09:00         "run_id": "r01",
2026-06-16T13:52:52.9929537+09:00         "action": "not_due",
2026-06-16T13:52:52.9959541+09:00         "taskId": "daily-20260616-r01",
2026-06-16T13:52:52.9979516+09:00         "reason": "jst_hour=13"
2026-06-16T13:52:53.0015285+09:00       },
2026-06-16T13:52:53.0245026+09:00       {
2026-06-16T13:52:53.0264882+09:00         "run_id": "r02",
2026-06-16T13:52:53.0289977+09:00         "action": "skipped_exists",
2026-06-16T13:52:53.0307790+09:00         "taskId": "daily-20260616-r02"
2026-06-16T13:52:53.0348627+09:00       },
2026-06-16T13:52:53.0348627+09:00       {
2026-06-16T13:52:53.0405301+09:00         "run_id": "r03",
2026-06-16T13:52:53.0424321+09:00         "action": "not_due",
2026-06-16T13:52:53.0444652+09:00         "taskId": "daily-20260616-r03",
2026-06-16T13:52:53.0464652+09:00         "reason": "jst_hour=13"
2026-06-16T13:52:53.0484671+09:00       }
2026-06-16T13:52:53.0494673+09:00     ]
2026-06-16T13:52:53.0515503+09:00   },
2026-06-16T13:52:53.0515503+09:00   "reconcile": {
2026-06-16T13:52:53.0554763+09:00     "resetProcessing": 0,
2026-06-16T13:52:53.0554763+09:00     "inserted": 1,
2026-06-16T13:52:53.0596576+09:00     "scanned": 15,
2026-06-16T13:52:53.0625642+09:00     "stale": {
2026-06-16T13:52:53.0646096+09:00       "scanned": 15,
2026-06-16T13:52:53.0656100+09:00       "staleDetected": 0,
2026-06-16T13:52:53.0676121+09:00       "rolledBack": 0,
2026-06-16T13:52:53.0706165+09:00       "skippedCap": 0,
2026-06-16T13:52:53.0716145+09:00       "dryRun": false,
2026-06-16T13:52:53.0736138+09:00       "actions": []
2026-06-16T13:52:53.0746157+09:00     }
2026-06-16T13:52:53.0764850+09:00   },
2026-06-16T13:52:53.0764850+09:00   "dispatch": {
2026-06-16T13:52:53.0806236+09:00     "claimed": 4,
2026-06-16T13:52:53.0806236+09:00     "done": 4,
2026-06-16T13:52:53.0845138+09:00     "failed": 0
2026-06-16T13:52:53.0845138+09:00   },
2026-06-16T13:52:53.0845138+09:00   "step4_poll": {
2026-06-16T13:52:53.0895410+09:00     "scanned": 15,
2026-06-16T13:52:53.0917479+09:00     "awaiting": 1,
2026-06-16T13:52:53.0937097+09:00     "polled": 0,
2026-06-16T13:52:53.0957068+09:00     "picks_applied": 0,
2026-06-16T13:52:53.0967077+09:00     "pick_errors": 0,
2026-06-16T13:52:53.0987080+09:00     "timeouts": 0,
2026-06-16T13:52:53.0997076+09:00     "skipped": 0,
2026-06-16T13:52:53.1012763+09:00     "results": [
2026-06-16T13:52:53.1012763+09:00       {
2026-06-16T13:52:53.1057411+09:00         "task_id": "daily-20260616-r02",
2026-06-16T13:52:53.1057411+09:00         "result": {
2026-06-16T13:52:53.1090585+09:00           "outcome": "no_new_messages"
2026-06-16T13:52:53.1097752+09:00         }
2026-06-16T13:52:53.1097752+09:00       }
2026-06-16T13:52:53.1148514+09:00     ]
2026-06-16T13:52:53.1168901+09:00   },
2026-06-16T13:52:53.1188895+09:00   "step7_retry_poll": {
2026-06-16T13:52:53.1198890+09:00     "scanned": 15,
2026-06-16T13:52:53.1218903+09:00     "eligible": 11,
2026-06-16T13:52:53.1228881+09:00     "polled": 0,
2026-06-16T13:52:53.1248865+09:00     "retries_triggered": 0,
2026-06-16T13:52:53.1264227+09:00     "retry_errors": 0,
2026-06-16T13:52:53.1290286+09:00     "skipped": 0,
2026-06-16T13:52:53.1290286+09:00     "results": []
2026-06-16T13:52:53.1310358+09:00   }
2026-06-16T13:52:53.1310358+09:00 }
2026-06-16T13:52:53.1347000+09:00 OK run-once finished
2026-06-16T13:57:49.5784268+09:00 START dispatch-run-once
2026-06-16T13:57:50.4282392+09:00 
2026-06-16T13:57:50.4325357+09:00 > orchestrator
2026-06-16T13:57:50.4325357+09:00 > tsx src/cli/orchestrator.ts run-once --limit 10
2026-06-16T13:57:50.4377062+09:00 
2026-06-16T13:57:54.6339597+09:00 {
2026-06-16T13:57:54.6359491+09:00   "ensure_daily": {
2026-06-16T13:57:54.6403440+09:00     "runs": [
2026-06-16T13:57:54.6442315+09:00       {
2026-06-16T13:57:54.6470020+09:00         "run_id": "r01",
2026-06-16T13:57:54.6500010+09:00         "action": "not_due",
2026-06-16T13:57:54.6526063+09:00         "taskId": "daily-20260616-r01",
2026-06-16T13:57:54.6557557+09:00         "reason": "jst_hour=13"
2026-06-16T13:57:54.6587552+09:00       },
2026-06-16T13:57:54.6903138+09:00       {
2026-06-16T13:57:54.6923210+09:00         "run_id": "r02",
2026-06-16T13:57:54.6947179+09:00         "action": "skipped_exists",
2026-06-16T13:57:54.6947179+09:00         "taskId": "daily-20260616-r02"
2026-06-16T13:57:54.7009844+09:00       },
2026-06-16T13:57:54.7036100+09:00       {
2026-06-16T13:57:54.7056080+09:00         "run_id": "r03",
2026-06-16T13:57:54.7086061+09:00         "action": "not_due",
2026-06-16T13:57:54.7106069+09:00         "taskId": "daily-20260616-r03",
2026-06-16T13:57:54.7116429+09:00         "reason": "jst_hour=13"
2026-06-16T13:57:54.7116429+09:00       }
2026-06-16T13:57:54.7166528+09:00     ]
2026-06-16T13:57:54.7198381+09:00   },
2026-06-16T13:57:54.7218936+09:00   "reconcile": {
2026-06-16T13:57:54.7238930+09:00     "resetProcessing": 0,
2026-06-16T13:57:54.7248887+09:00     "inserted": 1,
2026-06-16T13:57:54.7268889+09:00     "scanned": 15,
2026-06-16T13:57:54.7293452+09:00     "stale": {
2026-06-16T13:57:54.7323453+09:00       "scanned": 15,
2026-06-16T13:57:54.7343463+09:00       "staleDetected": 0,
2026-06-16T13:57:54.7364369+09:00       "rolledBack": 0,
2026-06-16T13:57:54.7385174+09:00       "skippedCap": 0,
2026-06-16T13:57:54.7405220+09:00       "dryRun": false,
2026-06-16T13:57:54.7425185+09:00       "actions": []
2026-06-16T13:57:54.7448576+09:00     }
2026-06-16T13:57:54.7469268+09:00   },
2026-06-16T13:57:54.7489267+09:00   "dispatch": {
2026-06-16T13:57:54.7509260+09:00     "claimed": 1,
2026-06-16T13:57:54.7529263+09:00     "done": 1,
2026-06-16T13:57:54.7529263+09:00     "failed": 0
2026-06-16T13:57:54.7592450+09:00   },
2026-06-16T13:57:54.7608991+09:00   "step4_poll": {
2026-06-16T13:57:54.7629872+09:00     "scanned": 15,
2026-06-16T13:57:54.7649882+09:00     "awaiting": 1,
2026-06-16T13:57:54.7669897+09:00     "polled": 0,
2026-06-16T13:57:54.7689894+09:00     "picks_applied": 0,
2026-06-16T13:57:54.7689894+09:00     "pick_errors": 0,
2026-06-16T13:57:54.7689894+09:00     "timeouts": 0,
2026-06-16T13:57:54.7757922+09:00     "skipped": 0,
2026-06-16T13:57:54.7763192+09:00     "results": [
2026-06-16T13:57:54.7793060+09:00       {
2026-06-16T13:57:54.7793060+09:00         "task_id": "daily-20260616-r02",
2026-06-16T13:57:54.7838389+09:00         "result": {
2026-06-16T13:57:54.7858450+09:00           "outcome": "no_new_messages"
2026-06-16T13:57:54.7879393+09:00         }
2026-06-16T13:57:54.7899356+09:00       }
2026-06-16T13:57:54.7909337+09:00     ]
2026-06-16T13:57:54.7929350+09:00   },
2026-06-16T13:57:54.7939344+09:00   "step7_retry_poll": {
2026-06-16T13:57:54.7939344+09:00     "scanned": 15,
2026-06-16T13:57:54.7993727+09:00     "eligible": 11,
2026-06-16T13:57:54.8003791+09:00     "polled": 0,
2026-06-16T13:57:54.8003791+09:00     "retries_triggered": 0,
2026-06-16T13:57:54.8003791+09:00     "retry_errors": 0,
2026-06-16T13:57:54.8045595+09:00     "skipped": 0,
2026-06-16T13:57:54.8045595+09:00     "results": []
2026-06-16T13:57:54.8045595+09:00   }
2026-06-16T13:57:54.8122880+09:00 }
2026-06-16T13:57:54.8142895+09:00 OK run-once finished
2026-06-16T14:02:49.4242781+09:00 START dispatch-run-once
2026-06-16T14:02:49.8252101+09:00 
2026-06-16T14:02:49.8272125+09:00 > orchestrator
2026-06-16T14:02:49.8292095+09:00 > tsx src/cli/orchestrator.ts run-once --limit 10
2026-06-16T14:02:49.8299072+09:00 
2026-06-16T14:02:54.2983650+09:00 {
2026-06-16T14:02:54.3003666+09:00   "ensure_daily": {
2026-06-16T14:02:54.3033678+09:00     "runs": [
2026-06-16T14:02:54.3061561+09:00       {
2026-06-16T14:02:54.3081895+09:00         "run_id": "r01",
2026-06-16T14:02:54.3101871+09:00         "action": "not_due",
2026-06-16T14:02:54.3121879+09:00         "taskId": "daily-20260616-r01",
2026-06-16T14:02:54.3149423+09:00         "reason": "jst_hour=14"
2026-06-16T14:02:54.3169412+09:00       },
2026-06-16T14:02:54.3350991+09:00       {
2026-06-16T14:02:54.3370993+09:00         "run_id": "r02",
2026-06-16T14:02:54.3398441+09:00         "action": "skipped_exists",
2026-06-16T14:02:54.3418437+09:00         "taskId": "daily-20260616-r02"
2026-06-16T14:02:54.3446487+09:00       },
2026-06-16T14:02:54.3471406+09:00       {
2026-06-16T14:02:54.3481392+09:00         "run_id": "r03",
2026-06-16T14:02:54.3491389+09:00         "action": "not_due",
2026-06-16T14:02:54.3511389+09:00         "taskId": "daily-20260616-r03",
2026-06-16T14:02:54.3521380+09:00         "reason": "jst_hour=14"
2026-06-16T14:02:54.3541389+09:00       }
2026-06-16T14:02:54.3544399+09:00     ]
2026-06-16T14:02:54.3578413+09:00   },
2026-06-16T14:02:54.3595904+09:00   "reconcile": {
2026-06-16T14:02:54.3595904+09:00     "resetProcessing": 0,
2026-06-16T14:02:54.3595904+09:00     "inserted": 1,
2026-06-16T14:02:54.3646090+09:00     "scanned": 15,
2026-06-16T14:02:54.3646090+09:00     "stale": {
2026-06-16T14:02:54.3646090+09:00       "scanned": 15,
2026-06-16T14:02:54.3646090+09:00       "staleDetected": 0,
2026-06-16T14:02:54.3709483+09:00       "rolledBack": 0,
2026-06-16T14:02:54.3729943+09:00       "skippedCap": 0,
2026-06-16T14:02:54.3749919+09:00       "dryRun": false,
2026-06-16T14:02:54.3759904+09:00       "actions": []
2026-06-16T14:02:54.3779903+09:00     }
2026-06-16T14:02:54.3799902+09:00   },
2026-06-16T14:02:54.3817699+09:00   "dispatch": {
2026-06-16T14:02:54.3827767+09:00     "claimed": 1,
2026-06-16T14:02:54.3847764+09:00     "done": 1,
2026-06-16T14:02:54.3857767+09:00     "failed": 0
2026-06-16T14:02:54.3877514+09:00   },
2026-06-16T14:02:54.3897846+09:00   "step4_poll": {
2026-06-16T14:02:54.3907834+09:00     "scanned": 15,
2026-06-16T14:02:54.3907834+09:00     "awaiting": 1,
2026-06-16T14:02:54.3907834+09:00     "polled": 0,
2026-06-16T14:02:54.3958879+09:00     "picks_applied": 0,
2026-06-16T14:02:54.3958879+09:00     "pick_errors": 0,
2026-06-16T14:02:54.3958879+09:00     "timeouts": 0,
2026-06-16T14:02:54.3958879+09:00     "skipped": 0,
2026-06-16T14:02:54.4017223+09:00     "results": [
2026-06-16T14:02:54.4031015+09:00       {
2026-06-16T14:02:54.4044467+09:00         "task_id": "daily-20260616-r02",
2026-06-16T14:02:54.4064480+09:00         "result": {
2026-06-16T14:02:54.4074503+09:00           "outcome": "no_new_messages"
2026-06-16T14:02:54.4084488+09:00         }
2026-06-16T14:02:54.4104480+09:00       }
2026-06-16T14:02:54.4114463+09:00     ]
2026-06-16T14:02:54.4127519+09:00   },
2026-06-16T14:02:54.4127519+09:00   "step7_retry_poll": {
2026-06-16T14:02:54.4176064+09:00     "scanned": 15,
2026-06-16T14:02:54.4176064+09:00     "eligible": 11,
2026-06-16T14:02:54.4176064+09:00     "polled": 0,
2026-06-16T14:02:54.4220705+09:00     "retries_triggered": 0,
2026-06-16T14:02:54.4220705+09:00     "retry_errors": 0,
2026-06-16T14:02:54.4220705+09:00     "skipped": 0,
2026-06-16T14:02:54.4265835+09:00     "results": []
2026-06-16T14:02:54.4284987+09:00   }
2026-06-16T14:02:54.4304634+09:00 }
2026-06-16T14:02:54.4324700+09:00 OK run-once finished
2026-06-16T14:07:49.0013608+09:00 START dispatch-run-once
2026-06-16T14:07:49.6193963+09:00 
2026-06-16T14:07:49.6213951+09:00 > orchestrator
2026-06-16T14:07:49.6247362+09:00 > tsx src/cli/orchestrator.ts run-once --limit 10
2026-06-16T14:07:49.6267361+09:00 
2026-06-16T14:07:53.6908792+09:00 {
2026-06-16T14:07:53.6978754+09:00   "ensure_daily": {
2026-06-16T14:07:53.7038799+09:00     "runs": [
2026-06-16T14:07:53.7068716+09:00       {
2026-06-16T14:07:53.7108696+09:00         "run_id": "r01",
2026-06-16T14:07:53.7128697+09:00         "action": "not_due",
2026-06-16T14:07:53.7148714+09:00         "taskId": "daily-20260616-r01",
2026-06-16T14:07:53.7178695+09:00         "reason": "jst_hour=14"
2026-06-16T14:07:53.7198751+09:00       },
2026-06-16T14:07:53.7477183+09:00       {
2026-06-16T14:07:53.7509138+09:00         "run_id": "r02",
2026-06-16T14:07:53.7539134+09:00         "action": "skipped_exists",
2026-06-16T14:07:53.7569194+09:00         "taskId": "daily-20260616-r02"
2026-06-16T14:07:53.7599144+09:00       },
2026-06-16T14:07:53.7629142+09:00       {
2026-06-16T14:07:53.7649157+09:00         "run_id": "r03",
2026-06-16T14:07:53.7689112+09:00         "action": "not_due",
2026-06-16T14:07:53.7709122+09:00         "taskId": "daily-20260616-r03",
2026-06-16T14:07:53.7739174+09:00         "reason": "jst_hour=14"
2026-06-16T14:07:53.7759137+09:00       }
2026-06-16T14:07:53.7789130+09:00     ]
2026-06-16T14:07:53.7809163+09:00   },
2026-06-16T14:07:53.7839126+09:00   "reconcile": {
2026-06-16T14:07:53.7859151+09:00     "resetProcessing": 0,
2026-06-16T14:07:53.7889168+09:00     "inserted": 1,
2026-06-16T14:07:53.7919858+09:00     "scanned": 15,
2026-06-16T14:07:53.7939812+09:00     "stale": {
2026-06-16T14:07:53.7959799+09:00       "scanned": 15,
2026-06-16T14:07:53.7989859+09:00       "staleDetected": 0,
2026-06-16T14:07:53.8009858+09:00       "rolledBack": 0,
2026-06-16T14:07:53.8029831+09:00       "skippedCap": 0,
2026-06-16T14:07:53.8049822+09:00       "dryRun": false,
2026-06-16T14:07:53.8079861+09:00       "actions": []
2026-06-16T14:07:53.8099813+09:00     }
2026-06-16T14:07:53.8119812+09:00   },
2026-06-16T14:07:53.8139807+09:00   "dispatch": {
2026-06-16T14:07:53.8169811+09:00     "claimed": 2,
2026-06-16T14:07:53.8199930+09:00     "done": 2,
2026-06-16T14:07:53.8229373+09:00     "failed": 0
2026-06-16T14:07:53.8259773+09:00   },
2026-06-16T14:07:53.8279758+09:00   "step4_poll": {
2026-06-16T14:07:53.8299754+09:00     "scanned": 15,
2026-06-16T14:07:53.8319792+09:00     "awaiting": 1,
2026-06-16T14:07:53.8344961+09:00     "polled": 0,
2026-06-16T14:07:53.8364965+09:00     "picks_applied": 0,
2026-06-16T14:07:53.8384980+09:00     "pick_errors": 0,
2026-06-16T14:07:53.8416454+09:00     "timeouts": 0,
2026-06-16T14:07:53.8436441+09:00     "skipped": 0,
2026-06-16T14:07:53.8456447+09:00     "results": [
2026-06-16T14:07:53.8466452+09:00       {
2026-06-16T14:07:53.8499486+09:00         "task_id": "daily-20260616-r02",
2026-06-16T14:07:53.8519482+09:00         "result": {
2026-06-16T14:07:53.8539457+09:00           "outcome": "no_new_messages"
2026-06-16T14:07:53.8549471+09:00         }
2026-06-16T14:07:53.8583121+09:00       }
2026-06-16T14:07:53.8603069+09:00     ]
2026-06-16T14:07:53.8613073+09:00   },
2026-06-16T14:07:53.8633082+09:00   "step7_retry_poll": {
2026-06-16T14:07:53.8663084+09:00     "scanned": 15,
2026-06-16T14:07:53.8683097+09:00     "eligible": 10,
2026-06-16T14:07:53.8703064+09:00     "polled": 0,
2026-06-16T14:07:53.8713071+09:00     "retries_triggered": 0,
2026-06-16T14:07:53.8743772+09:00     "retry_errors": 0,
2026-06-16T14:07:53.8763745+09:00     "skipped": 0,
2026-06-16T14:07:53.8773741+09:00     "results": []
2026-06-16T14:07:53.8793766+09:00   }
2026-06-16T14:07:53.8833764+09:00 }
2026-06-16T14:07:53.8883760+09:00 OK run-once finished
2026-06-16T14:12:49.1582765+09:00 START dispatch-run-once
2026-06-16T14:12:49.5955953+09:00 
2026-06-16T14:12:49.5975948+09:00 > orchestrator
2026-06-16T14:12:49.5999034+09:00 > tsx src/cli/orchestrator.ts run-once --limit 10
2026-06-16T14:12:49.5999034+09:00 
2026-06-16T14:12:53.2965901+09:00 {
2026-06-16T14:12:53.3000348+09:00   "ensure_daily": {
2026-06-16T14:12:53.3047039+09:00     "runs": [
2026-06-16T14:12:53.3113425+09:00       {
2026-06-16T14:12:53.3153456+09:00         "run_id": "r01",
2026-06-16T14:12:53.3209197+09:00         "action": "not_due",
2026-06-16T14:12:53.3263435+09:00         "taskId": "daily-20260616-r01",
2026-06-16T14:12:53.3314700+09:00         "reason": "jst_hour=14"
2026-06-16T14:12:53.3375414+09:00       },
2026-06-16T14:12:53.3697602+09:00       {
2026-06-16T14:12:53.3717680+09:00         "run_id": "r02",
2026-06-16T14:12:53.3737695+09:00         "action": "skipped_exists",
2026-06-16T14:12:53.3769320+09:00         "taskId": "daily-20260616-r02"
2026-06-16T14:12:53.3789306+09:00       },
2026-06-16T14:12:53.3819337+09:00       {
2026-06-16T14:12:53.3849307+09:00         "run_id": "r03",
2026-06-16T14:12:53.3869301+09:00         "action": "not_due",
2026-06-16T14:12:53.3892167+09:00         "taskId": "daily-20260616-r03",
2026-06-16T14:12:53.3912165+09:00         "reason": "jst_hour=14"
2026-06-16T14:12:53.3932175+09:00       }
2026-06-16T14:12:53.3952196+09:00     ]
2026-06-16T14:12:53.3972192+09:00   },
2026-06-16T14:12:53.3982195+09:00   "reconcile": {
2026-06-16T14:12:53.3997730+09:00     "resetProcessing": 0,
2026-06-16T14:12:53.4018196+09:00     "inserted": 1,
2026-06-16T14:12:53.4028177+09:00     "scanned": 15,
2026-06-16T14:12:53.4048183+09:00     "stale": {
2026-06-16T14:12:53.4068202+09:00       "scanned": 15,
2026-06-16T14:12:53.4081701+09:00       "staleDetected": 0,
2026-06-16T14:12:53.4108533+09:00       "rolledBack": 0,
2026-06-16T14:12:53.4108533+09:00       "skippedCap": 0,
2026-06-16T14:12:53.4128612+09:00       "dryRun": false,
2026-06-16T14:12:53.4128612+09:00       "actions": []
2026-06-16T14:12:53.4177165+09:00     }
2026-06-16T14:12:53.4228337+09:00   },
2026-06-16T14:12:53.4247831+09:00   "dispatch": {
2026-06-16T14:12:53.4278299+09:00     "claimed": 6,
2026-06-16T14:12:53.4308289+09:00     "done": 6,
2026-06-16T14:12:53.4337398+09:00     "failed": 0
2026-06-16T14:12:53.4360054+09:00   },
2026-06-16T14:12:53.4387798+09:00   "step4_poll": {
2026-06-16T14:12:53.4425893+09:00     "scanned": 15,
2026-06-16T14:12:53.4445901+09:00     "awaiting": 1,
2026-06-16T14:12:53.4465890+09:00     "polled": 0,
2026-06-16T14:12:53.4485887+09:00     "picks_applied": 0,
2026-06-16T14:12:53.4515889+09:00     "pick_errors": 0,
2026-06-16T14:12:53.4525965+09:00     "timeouts": 0,
2026-06-16T14:12:53.4545976+09:00     "skipped": 0,
2026-06-16T14:12:53.4565954+09:00     "results": [
2026-06-16T14:12:53.4575951+09:00       {
2026-06-16T14:12:53.4595950+09:00         "task_id": "daily-20260616-r02",
2026-06-16T14:12:53.4607892+09:00         "result": {
2026-06-16T14:12:53.4617877+09:00           "outcome": "no_new_messages"
2026-06-16T14:12:53.4637880+09:00         }
2026-06-16T14:12:53.4664584+09:00       }
2026-06-16T14:12:53.4674798+09:00     ]
2026-06-16T14:12:53.4684869+09:00   },
2026-06-16T14:12:53.4684869+09:00   "step7_retry_poll": {
2026-06-16T14:12:53.4684869+09:00     "scanned": 15,
2026-06-16T14:12:53.4684869+09:00     "eligible": 11,
2026-06-16T14:12:53.4738205+09:00     "polled": 0,
2026-06-16T14:12:53.4738205+09:00     "retries_triggered": 0,
2026-06-16T14:12:53.4738205+09:00     "retry_errors": 0,
2026-06-16T14:12:53.4792692+09:00     "skipped": 0,
2026-06-16T14:12:53.4831170+09:00     "results": []
2026-06-16T14:12:53.4851815+09:00   }
2026-06-16T14:12:53.4861795+09:00 }
2026-06-16T14:12:53.4891799+09:00 OK run-once finished
2026-06-16T14:17:48.7402043+09:00 START dispatch-run-once
2026-06-16T14:17:49.1354730+09:00 
2026-06-16T14:17:49.1375326+09:00 > orchestrator
2026-06-16T14:17:49.1395292+09:00 > tsx src/cli/orchestrator.ts run-once --limit 10
2026-06-16T14:17:49.1415303+09:00 
2026-06-16T14:17:53.0444266+09:00 {
2026-06-16T14:17:53.0483115+09:00   "ensure_daily": {
2026-06-16T14:17:53.0516354+09:00     "runs": [
2026-06-16T14:17:53.0547358+09:00       {
2026-06-16T14:17:53.0578516+09:00         "run_id": "r01",
2026-06-16T14:17:53.0620034+09:00         "action": "not_due",
2026-06-16T14:17:53.0650030+09:00         "taskId": "daily-20260616-r01",
2026-06-16T14:17:53.0683582+09:00         "reason": "jst_hour=14"
2026-06-16T14:17:53.0724580+09:00       },
2026-06-16T14:17:53.1023485+09:00       {
2026-06-16T14:17:53.1054720+09:00         "run_id": "r02",
2026-06-16T14:17:53.1074711+09:00         "action": "skipped_exists",
2026-06-16T14:17:53.1110508+09:00         "taskId": "daily-20260616-r02"
2026-06-16T14:17:53.1130525+09:00       },
2026-06-16T14:17:53.1160505+09:00       {
2026-06-16T14:17:53.1194707+09:00         "run_id": "r03",
2026-06-16T14:17:53.1224723+09:00         "action": "not_due",
2026-06-16T14:17:53.1244719+09:00         "taskId": "daily-20260616-r03",
2026-06-16T14:17:53.1287246+09:00         "reason": "jst_hour=14"
2026-06-16T14:17:53.1307085+09:00       }
2026-06-16T14:17:53.1327059+09:00     ]
2026-06-16T14:17:53.1360686+09:00   },
2026-06-16T14:17:53.1380685+09:00   "reconcile": {
2026-06-16T14:17:53.1410715+09:00     "resetProcessing": 0,
2026-06-16T14:17:53.1449758+09:00     "inserted": 1,
2026-06-16T14:17:53.1469792+09:00     "scanned": 15,
2026-06-16T14:17:53.1490534+09:00     "stale": {
2026-06-16T14:17:53.1527421+09:00       "scanned": 15,
2026-06-16T14:17:53.1537490+09:00       "staleDetected": 0,
2026-06-16T14:17:53.1589335+09:00       "rolledBack": 0,
2026-06-16T14:17:53.1609583+09:00       "skippedCap": 0,
2026-06-16T14:17:53.1629562+09:00       "dryRun": false,
2026-06-16T14:17:53.1649553+09:00       "actions": []
2026-06-16T14:17:53.1669565+09:00     }
2026-06-16T14:17:53.1695568+09:00   },
2026-06-16T14:17:53.1705575+09:00   "dispatch": {
2026-06-16T14:17:53.1725574+09:00     "claimed": 1,
2026-06-16T14:17:53.1735567+09:00     "done": 1,
2026-06-16T14:17:53.1755576+09:00     "failed": 0
2026-06-16T14:17:53.1776901+09:00   },
2026-06-16T14:17:53.1786908+09:00   "step4_poll": {
2026-06-16T14:17:53.1806865+09:00     "scanned": 15,
2026-06-16T14:17:53.1826891+09:00     "awaiting": 1,
2026-06-16T14:17:53.1846884+09:00     "polled": 0,
2026-06-16T14:17:53.1866888+09:00     "picks_applied": 0,
2026-06-16T14:17:53.1886868+09:00     "pick_errors": 0,
2026-06-16T14:17:53.1916872+09:00     "timeouts": 0,
2026-06-16T14:17:53.1934378+09:00     "skipped": 0,
2026-06-16T14:17:53.1944457+09:00     "results": [
2026-06-16T14:17:53.1964455+09:00       {
2026-06-16T14:17:53.1974444+09:00         "task_id": "daily-20260616-r02",
2026-06-16T14:17:53.2023462+09:00         "result": {
2026-06-16T14:17:53.2053461+09:00           "outcome": "no_new_messages"
2026-06-16T14:17:53.2073463+09:00         }
2026-06-16T14:17:53.2103443+09:00       }
2026-06-16T14:17:53.2133460+09:00     ]
2026-06-16T14:17:53.2153454+09:00   },
2026-06-16T14:17:53.2183542+09:00   "step7_retry_poll": {
2026-06-16T14:17:53.2213515+09:00     "scanned": 15,
2026-06-16T14:17:53.2243545+09:00     "eligible": 11,
2026-06-16T14:17:53.2281487+09:00     "polled": 0,
2026-06-16T14:17:53.2311491+09:00     "retries_triggered": 0,
2026-06-16T14:17:53.2336469+09:00     "retry_errors": 0,
2026-06-16T14:17:53.2370655+09:00     "skipped": 0,
2026-06-16T14:17:53.2390676+09:00     "results": []
2026-06-16T14:17:53.2420640+09:00   }
2026-06-16T14:17:53.2449914+09:00 }
2026-06-16T14:17:53.2484985+09:00 OK run-once finished
