2026-06-15T08:52:47.1438718+09:00 START dispatch-run-once
2026-06-15T08:52:47.5238619+09:00 
2026-06-15T08:52:47.5238619+09:00 > orchestrator
2026-06-15T08:52:47.5300110+09:00 > tsx src/cli/orchestrator.ts run-once --limit 10
2026-06-15T08:52:47.5300110+09:00 
2026-06-15T08:52:55.3852430+09:00 {
2026-06-15T08:52:55.3852430+09:00   "ensure_daily": {
2026-06-15T08:52:55.3852430+09:00     "runs": [
2026-06-15T08:52:55.3852430+09:00       {
2026-06-15T08:52:55.3852430+09:00         "run_id": "r01",
2026-06-15T08:52:55.3987818+09:00         "action": "not_due",
2026-06-15T08:52:55.4011480+09:00         "taskId": "daily-20260615-r01",
2026-06-15T08:52:55.4058155+09:00         "reason": "jst_hour=8"
2026-06-15T08:52:55.4058155+09:00       },
2026-06-15T08:52:55.4248277+09:00       {
2026-06-15T08:52:55.4248277+09:00         "run_id": "r02",
2026-06-15T08:52:55.4248277+09:00         "action": "not_due",
2026-06-15T08:52:55.4248277+09:00         "taskId": "daily-20260615-r02",
2026-06-15T08:52:55.4328352+09:00         "reason": "jst_hour=8"
2026-06-15T08:52:55.4328352+09:00       },
2026-06-15T08:52:55.4328352+09:00       {
2026-06-15T08:52:55.4328352+09:00         "run_id": "r03",
2026-06-15T08:52:55.4328352+09:00         "action": "not_due",
2026-06-15T08:52:55.4328352+09:00         "taskId": "daily-20260615-r03",
2026-06-15T08:52:55.4328352+09:00         "reason": "jst_hour=8"
2026-06-15T08:52:55.4328352+09:00       }
2026-06-15T08:52:55.4328352+09:00     ]
2026-06-15T08:52:55.4486425+09:00   },
2026-06-15T08:52:55.4486425+09:00   "reconcile": {
2026-06-15T08:52:55.4486425+09:00     "resetProcessing": 0,
2026-06-15T08:52:55.4486425+09:00     "inserted": 1,
2026-06-15T08:52:55.4486425+09:00     "scanned": 11,
2026-06-15T08:52:55.4486425+09:00     "stale": {
2026-06-15T08:52:55.4486425+09:00       "scanned": 11,
2026-06-15T08:52:55.4486425+09:00       "staleDetected": 0,
2026-06-15T08:52:55.4486425+09:00       "rolledBack": 0,
2026-06-15T08:52:55.4486425+09:00       "skippedCap": 0,
2026-06-15T08:52:55.4647283+09:00       "dryRun": false,
2026-06-15T08:52:55.4647283+09:00       "actions": []
2026-06-15T08:52:55.4647283+09:00     }
2026-06-15T08:52:55.4647283+09:00   },
2026-06-15T08:52:55.4647283+09:00   "dispatch": {
2026-06-15T08:52:55.4647283+09:00     "claimed": 3,
2026-06-15T08:52:55.4647283+09:00     "done": 3,
2026-06-15T08:52:55.4647283+09:00     "failed": 0
2026-06-15T08:52:55.4647283+09:00   },
2026-06-15T08:52:55.4647283+09:00   "step4_poll": {
2026-06-15T08:52:55.4647283+09:00     "scanned": 11,
2026-06-15T08:52:55.4805861+09:00     "awaiting": 1,
2026-06-15T08:52:55.4805861+09:00     "polled": 1,
2026-06-15T08:52:55.4844454+09:00     "picks_applied": 0,
2026-06-15T08:52:55.4844454+09:00     "pick_errors": 0,
2026-06-15T08:52:55.4844454+09:00     "timeouts": 1,
2026-06-15T08:52:55.4844454+09:00     "skipped": 0,
2026-06-15T08:52:55.4844454+09:00     "results": [
2026-06-15T08:52:55.4844454+09:00       {
2026-06-15T08:52:55.4844454+09:00         "task_id": "daily-20260612-r03",
2026-06-15T08:52:55.4954059+09:00         "result": {
2026-06-15T08:52:55.4964155+09:00           "outcome": "timeout"
2026-06-15T08:52:55.4964155+09:00         }
2026-06-15T08:52:55.4964155+09:00       }
2026-06-15T08:52:55.4964155+09:00     ]
2026-06-15T08:52:55.4964155+09:00   },
2026-06-15T08:52:55.4964155+09:00   "step7_retry_poll": {
2026-06-15T08:52:55.4964155+09:00     "scanned": 11,
2026-06-15T08:52:55.4964155+09:00     "eligible": 8,
2026-06-15T08:52:55.4964155+09:00     "polled": 0,
2026-06-15T08:52:55.4964155+09:00     "retries_triggered": 0,
2026-06-15T08:52:55.4964155+09:00     "retry_errors": 0,
2026-06-15T08:52:55.5123353+09:00     "skipped": 0,
2026-06-15T08:52:55.5123353+09:00     "results": []
2026-06-15T08:52:55.5123353+09:00   }
2026-06-15T08:52:55.5123353+09:00 }
2026-06-15T08:52:55.5123353+09:00 OK run-once finished
2026-06-15T08:57:48.9577989+09:00 START dispatch-run-once
2026-06-15T08:57:55.4631126+09:00 
2026-06-15T08:57:55.4631126+09:00 > orchestrator
2026-06-15T08:57:55.4667584+09:00 > tsx src/cli/orchestrator.ts run-once --limit 10
2026-06-15T08:57:55.4712848+09:00 
2026-06-15T08:58:06.6873677+09:00 {
2026-06-15T08:58:06.6893780+09:00   "ensure_daily": {
2026-06-15T08:58:06.6923760+09:00     "runs": [
2026-06-15T08:58:06.6960704+09:00       {
2026-06-15T08:58:06.6989011+09:00         "run_id": "r01",
2026-06-15T08:58:06.7004429+09:00         "action": "not_due",
2026-06-15T08:58:06.7043727+09:00         "taskId": "daily-20260615-r01",
2026-06-15T08:58:06.7073711+09:00         "reason": "jst_hour=8"
2026-06-15T08:58:06.7115823+09:00       },
2026-06-15T08:58:06.7197825+09:00       {
2026-06-15T08:58:06.7235548+09:00         "run_id": "r02",
2026-06-15T08:58:06.7270712+09:00         "action": "not_due",
2026-06-15T08:58:06.7303844+09:00         "taskId": "daily-20260615-r02",
2026-06-15T08:58:06.7338909+09:00         "reason": "jst_hour=8"
2026-06-15T08:58:06.7366369+09:00       },
2026-06-15T08:58:06.7397541+09:00       {
2026-06-15T08:58:06.7427521+09:00         "run_id": "r03",
2026-06-15T08:58:06.7447554+09:00         "action": "not_due",
2026-06-15T08:58:06.7480617+09:00         "taskId": "daily-20260615-r03",
2026-06-15T08:58:06.7551986+09:00         "reason": "jst_hour=8"
2026-06-15T08:58:06.7591979+09:00       }
2026-06-15T08:58:06.7641527+09:00     ]
2026-06-15T08:58:06.7671831+09:00   },
2026-06-15T08:58:06.7710674+09:00   "reconcile": {
2026-06-15T08:58:06.7740681+09:00     "resetProcessing": 0,
2026-06-15T08:58:06.7770680+09:00     "inserted": 0,
2026-06-15T08:58:06.7809495+09:00     "scanned": 11,
2026-06-15T08:58:06.7830112+09:00     "stale": {
2026-06-15T08:58:06.7860018+09:00       "scanned": 11,
2026-06-15T08:58:06.7891978+09:00       "staleDetected": 0,
2026-06-15T08:58:06.7911970+09:00       "rolledBack": 0,
2026-06-15T08:58:06.7949108+09:00       "skippedCap": 0,
2026-06-15T08:58:06.7975154+09:00       "dryRun": false,
2026-06-15T08:58:06.8005246+09:00       "actions": []
2026-06-15T08:58:06.8032575+09:00     }
2026-06-15T08:58:06.8063609+09:00   },
2026-06-15T08:58:06.8093583+09:00   "dispatch": {
2026-06-15T08:58:06.8127324+09:00     "claimed": 1,
2026-06-15T08:58:06.8157333+09:00     "done": 1,
2026-06-15T08:58:06.8187315+09:00     "failed": 0
2026-06-15T08:58:06.8220949+09:00   },
2026-06-15T08:58:06.8250934+09:00   "step4_poll": {
2026-06-15T08:58:06.8294241+09:00     "scanned": 11,
2026-06-15T08:58:06.8319395+09:00     "awaiting": 0,
2026-06-15T08:58:06.8349398+09:00     "polled": 0,
2026-06-15T08:58:06.8382962+09:00     "picks_applied": 0,
2026-06-15T08:58:06.8412853+09:00     "pick_errors": 0,
2026-06-15T08:58:06.8442937+09:00     "timeouts": 0,
2026-06-15T08:58:06.8471447+09:00     "skipped": 0,
2026-06-15T08:58:06.8502171+09:00     "results": []
2026-06-15T08:58:06.8526763+09:00   },
2026-06-15T08:58:06.8555211+09:00   "step7_retry_poll": {
2026-06-15T08:58:06.8585170+09:00     "scanned": 11,
2026-06-15T08:58:06.8610713+09:00     "eligible": 8,
2026-06-15T08:58:06.8637567+09:00     "polled": 0,
2026-06-15T08:58:06.8670867+09:00     "retries_triggered": 0,
2026-06-15T08:58:06.8699445+09:00     "retry_errors": 0,
2026-06-15T08:58:06.8727517+09:00     "skipped": 0,
2026-06-15T08:58:06.8757650+09:00     "results": []
2026-06-15T08:58:06.8782590+09:00   }
2026-06-15T08:58:06.8813699+09:00 }
2026-06-15T08:58:06.8853706+09:00 OK run-once finished
2026-06-15T09:02:47.8850809+09:00 START dispatch-run-once
2026-06-15T09:02:48.3469430+09:00 
2026-06-15T09:02:48.3503768+09:00 > orchestrator
2026-06-15T09:02:48.3528161+09:00 > tsx src/cli/orchestrator.ts run-once --limit 10
2026-06-15T09:02:48.3537936+09:00 
2026-06-15T09:02:51.6409209+09:00 {
2026-06-15T09:02:51.6429215+09:00   "ensure_daily": {
2026-06-15T09:02:51.6462295+09:00     "runs": [
2026-06-15T09:02:51.6512626+09:00       {
2026-06-15T09:02:51.6533090+09:00         "run_id": "r01",
2026-06-15T09:02:51.6561780+09:00         "action": "skipped_exists",
2026-06-15T09:02:51.6582914+09:00         "taskId": "daily-20260615-r01"
2026-06-15T09:02:51.6622983+09:00       },
2026-06-15T09:02:51.6660038+09:00       {
2026-06-15T09:02:51.6913578+09:00         "run_id": "r02",
2026-06-15T09:02:51.6938355+09:00         "action": "not_due",
2026-06-15T09:02:51.6966548+09:00         "taskId": "daily-20260615-r02",
2026-06-15T09:02:51.6997766+09:00         "reason": "jst_hour=9"
2026-06-15T09:02:51.7018224+09:00       },
2026-06-15T09:02:51.7039093+09:00       {
2026-06-15T09:02:51.7070075+09:00         "run_id": "r03",
2026-06-15T09:02:51.7082157+09:00         "action": "not_due",
2026-06-15T09:02:51.7102724+09:00         "taskId": "daily-20260615-r03",
2026-06-15T09:02:51.7125481+09:00         "reason": "jst_hour=9"
2026-06-15T09:02:51.7158736+09:00       }
2026-06-15T09:02:51.7168924+09:00     ]
2026-06-15T09:02:51.7199308+09:00   },
2026-06-15T09:02:51.7219810+09:00   "reconcile": {
2026-06-15T09:02:51.7244961+09:00     "resetProcessing": 0,
2026-06-15T09:02:51.7259475+09:00     "inserted": 0,
2026-06-15T09:02:51.7282685+09:00     "scanned": 11,
2026-06-15T09:02:51.7309698+09:00     "stale": {
2026-06-15T09:02:51.7329874+09:00       "scanned": 11,
2026-06-15T09:02:51.7350789+09:00       "staleDetected": 0,
2026-06-15T09:02:51.7371315+09:00       "rolledBack": 0,
2026-06-15T09:02:51.7403301+09:00       "skippedCap": 0,
2026-06-15T09:02:51.7424098+09:00       "dryRun": false,
2026-06-15T09:02:51.7448434+09:00       "actions": []
2026-06-15T09:02:51.7479795+09:00     }
2026-06-15T09:02:51.7496778+09:00   },
2026-06-15T09:02:51.7522855+09:00   "dispatch": {
2026-06-15T09:02:51.7550119+09:00     "claimed": 1,
2026-06-15T09:02:51.7578298+09:00     "done": 1,
2026-06-15T09:02:51.7598795+09:00     "failed": 0
2026-06-15T09:02:51.7626506+09:00   },
2026-06-15T09:02:51.7649485+09:00   "step4_poll": {
2026-06-15T09:02:51.7675045+09:00     "scanned": 11,
2026-06-15T09:02:51.7685379+09:00     "awaiting": 0,
2026-06-15T09:02:51.7709261+09:00     "polled": 0,
2026-06-15T09:02:51.7739166+09:00     "picks_applied": 0,
2026-06-15T09:02:51.7751984+09:00     "pick_errors": 0,
2026-06-15T09:02:51.7777080+09:00     "timeouts": 0,
2026-06-15T09:02:51.7789095+09:00     "skipped": 0,
2026-06-15T09:02:51.7821223+09:00     "results": []
2026-06-15T09:02:51.7840466+09:00   },
2026-06-15T09:02:51.7850937+09:00   "step7_retry_poll": {
2026-06-15T09:02:51.7871188+09:00     "scanned": 11,
2026-06-15T09:02:51.7901671+09:00     "eligible": 8,
2026-06-15T09:02:51.7913315+09:00     "polled": 0,
2026-06-15T09:02:51.7938850+09:00     "retries_triggered": 0,
2026-06-15T09:02:51.7952738+09:00     "retry_errors": 0,
2026-06-15T09:02:51.7975762+09:00     "skipped": 0,
2026-06-15T09:02:51.7998427+09:00     "results": []
2026-06-15T09:02:51.8011825+09:00   }
2026-06-15T09:02:51.8039396+09:00 }
2026-06-15T09:02:51.8067629+09:00 OK run-once finished
2026-06-15T09:07:47.9072555+09:00 START dispatch-run-once
2026-06-15T09:07:48.3043860+09:00 
2026-06-15T09:07:48.3073554+09:00 > orchestrator
2026-06-15T09:07:48.3093537+09:00 > tsx src/cli/orchestrator.ts run-once --limit 10
2026-06-15T09:07:48.3113547+09:00 
2026-06-15T09:07:51.3831552+09:00 {
2026-06-15T09:07:51.3856994+09:00   "ensure_daily": {
2026-06-15T09:07:51.3876986+09:00     "runs": [
2026-06-15T09:07:51.3906992+09:00       {
2026-06-15T09:07:51.3942310+09:00         "run_id": "r01",
2026-06-15T09:07:51.3972398+09:00         "action": "skipped_exists",
2026-06-15T09:07:51.3992389+09:00         "taskId": "daily-20260615-r01"
2026-06-15T09:07:51.4022362+09:00       },
2026-06-15T09:07:51.4066419+09:00       {
2026-06-15T09:07:51.4266794+09:00         "run_id": "r02",
2026-06-15T09:07:51.4286781+09:00         "action": "not_due",
2026-06-15T09:07:51.4306765+09:00         "taskId": "daily-20260615-r02",
2026-06-15T09:07:51.4331842+09:00         "reason": "jst_hour=9"
2026-06-15T09:07:51.4351906+09:00       },
2026-06-15T09:07:51.4372894+09:00       {
2026-06-15T09:07:51.4383842+09:00         "run_id": "r03",
2026-06-15T09:07:51.4403924+09:00         "action": "not_due",
2026-06-15T09:07:51.4413912+09:00         "taskId": "daily-20260615-r03",
2026-06-15T09:07:51.4439062+09:00         "reason": "jst_hour=9"
2026-06-15T09:07:51.4459057+09:00       }
2026-06-15T09:07:51.4469054+09:00     ]
2026-06-15T09:07:51.4479063+09:00   },
2026-06-15T09:07:51.4499046+09:00   "reconcile": {
2026-06-15T09:07:51.4509050+09:00     "resetProcessing": 0,
2026-06-15T09:07:51.4529070+09:00     "inserted": 0,
2026-06-15T09:07:51.4544180+09:00     "scanned": 11,
2026-06-15T09:07:51.4564176+09:00     "stale": {
2026-06-15T09:07:51.4584219+09:00       "scanned": 11,
2026-06-15T09:07:51.4594188+09:00       "staleDetected": 0,
2026-06-15T09:07:51.4614174+09:00       "rolledBack": 0,
2026-06-15T09:07:51.4639326+09:00       "skippedCap": 0,
2026-06-15T09:07:51.4649374+09:00       "dryRun": false,
2026-06-15T09:07:51.4669323+09:00       "actions": []
2026-06-15T09:07:51.4699331+09:00     }
2026-06-15T09:07:51.4719326+09:00   },
2026-06-15T09:07:51.4744133+09:00   "dispatch": {
2026-06-15T09:07:51.4764142+09:00     "claimed": 2,
2026-06-15T09:07:51.4784152+09:00     "done": 2,
2026-06-15T09:07:51.4804126+09:00     "failed": 0
2026-06-15T09:07:51.4814134+09:00   },
2026-06-15T09:07:51.4839320+09:00   "step4_poll": {
2026-06-15T09:07:51.4849358+09:00     "scanned": 11,
2026-06-15T09:07:51.4869357+09:00     "awaiting": 0,
2026-06-15T09:07:51.4879368+09:00     "polled": 0,
2026-06-15T09:07:51.4899351+09:00     "picks_applied": 0,
2026-06-15T09:07:51.4919319+09:00     "pick_errors": 0,
2026-06-15T09:07:51.4929318+09:00     "timeouts": 0,
2026-06-15T09:07:51.4953351+09:00     "skipped": 0,
2026-06-15T09:07:51.4963346+09:00     "results": []
2026-06-15T09:07:51.4983338+09:00   },
2026-06-15T09:07:51.5023169+09:00   "step7_retry_poll": {
2026-06-15T09:07:51.5038306+09:00     "scanned": 11,
2026-06-15T09:07:51.5058328+09:00     "eligible": 8,
2026-06-15T09:07:51.5078294+09:00     "polled": 0,
2026-06-15T09:07:51.5098309+09:00     "retries_triggered": 0,
2026-06-15T09:07:51.5118320+09:00     "retry_errors": 0,
2026-06-15T09:07:51.5133423+09:00     "skipped": 0,
2026-06-15T09:07:51.5143475+09:00     "results": []
2026-06-15T09:07:51.5163453+09:00   }
2026-06-15T09:07:51.5183453+09:00 }
2026-06-15T09:07:51.5203443+09:00 OK run-once finished
2026-06-15T09:12:47.7049879+09:00 START dispatch-run-once
2026-06-15T09:12:48.0840147+09:00 
2026-06-15T09:12:48.0860143+09:00 > orchestrator
2026-06-15T09:12:48.0880151+09:00 > tsx src/cli/orchestrator.ts run-once --limit 10
2026-06-15T09:12:48.0900142+09:00 
2026-06-15T09:12:51.1406283+09:00 {
2026-06-15T09:12:51.1491556+09:00   "ensure_daily": {
2026-06-15T09:12:51.1536897+09:00     "runs": [
2026-06-15T09:12:51.1566973+09:00       {
2026-06-15T09:12:51.1622099+09:00         "run_id": "r01",
2026-06-15T09:12:51.1652327+09:00         "action": "skipped_exists",
2026-06-15T09:12:51.1682308+09:00         "taskId": "daily-20260615-r01"
2026-06-15T09:12:51.1702293+09:00       },
2026-06-15T09:12:51.1737447+09:00       {
2026-06-15T09:12:51.2068179+09:00         "run_id": "r02",
2026-06-15T09:12:51.2128879+09:00         "action": "not_due",
2026-06-15T09:12:51.2168904+09:00         "taskId": "daily-20260615-r02",
2026-06-15T09:12:51.2218874+09:00         "reason": "jst_hour=9"
2026-06-15T09:12:51.2264100+09:00       },
2026-06-15T09:12:51.2294087+09:00       {
2026-06-15T09:12:51.2319140+09:00         "run_id": "r03",
2026-06-15T09:12:51.2349271+09:00         "action": "not_due",
2026-06-15T09:12:51.2369215+09:00         "taskId": "daily-20260615-r03",
2026-06-15T09:12:51.2399218+09:00         "reason": "jst_hour=9"
2026-06-15T09:12:51.2434362+09:00       }
2026-06-15T09:12:51.2454447+09:00     ]
2026-06-15T09:12:51.2484468+09:00   },
2026-06-15T09:12:51.2504466+09:00   "reconcile": {
2026-06-15T09:12:51.2529653+09:00     "resetProcessing": 0,
2026-06-15T09:12:51.2549678+09:00     "inserted": 0,
2026-06-15T09:12:51.2569660+09:00     "scanned": 11,
2026-06-15T09:12:51.2589629+09:00     "stale": {
2026-06-15T09:12:51.2609630+09:00       "scanned": 11,
2026-06-15T09:12:51.2634772+09:00       "staleDetected": 0,
2026-06-15T09:12:51.2654845+09:00       "rolledBack": 0,
2026-06-15T09:12:51.2674826+09:00       "skippedCap": 0,
2026-06-15T09:12:51.2694853+09:00       "dryRun": false,
2026-06-15T09:12:51.2704835+09:00       "actions": []
2026-06-15T09:12:51.2729973+09:00     }
2026-06-15T09:12:51.2759988+09:00   },
2026-06-15T09:12:51.2779984+09:00   "dispatch": {
2026-06-15T09:12:51.2795081+09:00     "claimed": 1,
2026-06-15T09:12:51.2805116+09:00     "done": 1,
2026-06-15T09:12:51.2830258+09:00     "failed": 0
2026-06-15T09:12:51.2850249+09:00   },
2026-06-15T09:12:51.2870283+09:00   "step4_poll": {
2026-06-15T09:12:51.2890260+09:00     "scanned": 11,
2026-06-15T09:12:51.2910239+09:00     "awaiting": 1,
2026-06-15T09:12:51.2925289+09:00     "polled": 0,
2026-06-15T09:12:51.2945398+09:00     "picks_applied": 0,
2026-06-15T09:12:51.2955417+09:00     "pick_errors": 0,
2026-06-15T09:12:51.2975415+09:00     "timeouts": 0,
2026-06-15T09:12:51.2995419+09:00     "skipped": 0,
2026-06-15T09:12:51.3005396+09:00     "results": [
2026-06-15T09:12:51.3030549+09:00       {
2026-06-15T09:12:51.3050620+09:00         "task_id": "daily-20260615-r01",
2026-06-15T09:12:51.3060614+09:00         "result": {
2026-06-15T09:12:51.3080613+09:00           "outcome": "no_new_messages"
2026-06-15T09:12:51.3090608+09:00         }
2026-06-15T09:12:51.3110608+09:00       }
2026-06-15T09:12:51.3120601+09:00     ]
2026-06-15T09:12:51.3142569+09:00   },
2026-06-15T09:12:51.3162589+09:00   "step7_retry_poll": {
2026-06-15T09:12:51.3172555+09:00     "scanned": 11,
2026-06-15T09:12:51.3192574+09:00     "eligible": 8,
2026-06-15T09:12:51.3202550+09:00     "polled": 0,
2026-06-15T09:12:51.3227741+09:00     "retries_triggered": 0,
2026-06-15T09:12:51.3237771+09:00     "retry_errors": 0,
2026-06-15T09:12:51.3257738+09:00     "skipped": 0,
2026-06-15T09:12:51.3267729+09:00     "results": []
2026-06-15T09:12:51.3287724+09:00   }
2026-06-15T09:12:51.3297703+09:00 }
2026-06-15T09:12:51.3329097+09:00 OK run-once finished
2026-06-15T09:17:47.3825798+09:00 START dispatch-run-once
2026-06-15T09:17:47.7624691+09:00 
2026-06-15T09:17:47.7644762+09:00 > orchestrator
2026-06-15T09:17:47.7664801+09:00 > tsx src/cli/orchestrator.ts run-once --limit 10
2026-06-15T09:17:47.7684790+09:00 
2026-06-15T09:17:50.8033153+09:00 {
2026-06-15T09:17:50.8093118+09:00   "ensure_daily": {
2026-06-15T09:17:50.8138809+09:00     "runs": [
2026-06-15T09:17:50.8158807+09:00       {
2026-06-15T09:17:50.8178813+09:00         "run_id": "r01",
2026-06-15T09:17:50.8208816+09:00         "action": "skipped_exists",
2026-06-15T09:17:50.8229267+09:00         "taskId": "daily-20260615-r01"
2026-06-15T09:17:50.8249254+09:00       },
2026-06-15T09:17:50.8269252+09:00       {
2026-06-15T09:17:50.8479486+09:00         "run_id": "r02",
2026-06-15T09:17:50.8509549+09:00         "action": "not_due",
2026-06-15T09:17:50.8534764+09:00         "taskId": "daily-20260615-r02",
2026-06-15T09:17:50.8554717+09:00         "reason": "jst_hour=9"
2026-06-15T09:17:50.8574705+09:00       },
2026-06-15T09:17:50.8594712+09:00       {
2026-06-15T09:17:50.8619876+09:00         "run_id": "r03",
2026-06-15T09:17:50.8640273+09:00         "action": "not_due",
2026-06-15T09:17:50.8659945+09:00         "taskId": "daily-20260615-r03",
2026-06-15T09:17:50.8699956+09:00         "reason": "jst_hour=9"
2026-06-15T09:17:50.8723835+09:00       }
2026-06-15T09:17:50.8754286+09:00     ]
2026-06-15T09:17:50.8784025+09:00   },
2026-06-15T09:17:50.8819384+09:00   "reconcile": {
2026-06-15T09:17:50.8849515+09:00     "resetProcessing": 0,
2026-06-15T09:17:50.8879440+09:00     "inserted": 1,
2026-06-15T09:17:50.8899455+09:00     "scanned": 11,
2026-06-15T09:17:50.8924097+09:00     "stale": {
2026-06-15T09:17:50.8954175+09:00       "scanned": 11,
2026-06-15T09:17:50.8974252+09:00       "staleDetected": 0,
2026-06-15T09:17:50.8994191+09:00       "rolledBack": 0,
2026-06-15T09:17:50.9019388+09:00       "skippedCap": 0,
2026-06-15T09:17:50.9049364+09:00       "dryRun": false,
2026-06-15T09:17:50.9069373+09:00       "actions": []
2026-06-15T09:17:50.9099379+09:00     }
2026-06-15T09:17:50.9109376+09:00   },
2026-06-15T09:17:50.9131051+09:00   "dispatch": {
2026-06-15T09:17:50.9150748+09:00     "claimed": 1,
2026-06-15T09:17:50.9170730+09:00     "done": 1,
2026-06-15T09:17:50.9180712+09:00     "failed": 0
2026-06-15T09:17:50.9190715+09:00   },
2026-06-15T09:17:50.9215861+09:00   "step4_poll": {
2026-06-15T09:17:50.9235842+09:00     "scanned": 11,
2026-06-15T09:17:50.9245866+09:00     "awaiting": 1,
2026-06-15T09:17:50.9265838+09:00     "polled": 0,
2026-06-15T09:17:50.9285841+09:00     "picks_applied": 0,
2026-06-15T09:17:50.9295852+09:00     "pick_errors": 0,
2026-06-15T09:17:50.9305855+09:00     "timeouts": 0,
2026-06-15T09:17:50.9329594+09:00     "skipped": 0,
2026-06-15T09:17:50.9339609+09:00     "results": [
2026-06-15T09:17:50.9359608+09:00       {
2026-06-15T09:17:50.9379616+09:00         "task_id": "daily-20260615-r01",
2026-06-15T09:17:50.9399589+09:00         "result": {
2026-06-15T09:17:50.9409614+09:00           "outcome": "no_new_messages"
2026-06-15T09:17:50.9432915+09:00         }
2026-06-15T09:17:50.9452938+09:00       }
2026-06-15T09:17:50.9472927+09:00     ]
2026-06-15T09:17:50.9482910+09:00   },
2026-06-15T09:17:50.9492934+09:00   "step7_retry_poll": {
2026-06-15T09:17:50.9513275+09:00     "scanned": 11,
2026-06-15T09:17:50.9533338+09:00     "eligible": 8,
2026-06-15T09:17:50.9553331+09:00     "polled": 0,
2026-06-15T09:17:50.9563357+09:00     "retries_triggered": 0,
2026-06-15T09:17:50.9583354+09:00     "retry_errors": 0,
2026-06-15T09:17:50.9593349+09:00     "skipped": 0,
2026-06-15T09:17:50.9618504+09:00     "results": []
2026-06-15T09:17:50.9638514+09:00   }
2026-06-15T09:17:50.9648520+09:00 }
2026-06-15T09:17:50.9678498+09:00 OK run-once finished
2026-06-15T09:22:47.4433042+09:00 START dispatch-run-once
2026-06-15T09:22:47.8298345+09:00 
2026-06-15T09:22:47.8318491+09:00 > orchestrator
2026-06-15T09:22:47.8338507+09:00 > tsx src/cli/orchestrator.ts run-once --limit 10
2026-06-15T09:22:47.8358500+09:00 
2026-06-15T09:22:50.9027506+09:00 {
2026-06-15T09:22:50.9077505+09:00   "ensure_daily": {
2026-06-15T09:22:50.9119589+09:00     "runs": [
2026-06-15T09:22:50.9149571+09:00       {
2026-06-15T09:22:50.9194645+09:00         "run_id": "r01",
2026-06-15T09:22:50.9224869+09:00         "action": "skipped_exists",
2026-06-15T09:22:50.9264816+09:00         "taskId": "daily-20260615-r01"
2026-06-15T09:22:50.9289967+09:00       },
2026-06-15T09:22:50.9325193+09:00       {
2026-06-15T09:22:50.9660241+09:00         "run_id": "r02",
2026-06-15T09:22:50.9695234+09:00         "action": "not_due",
2026-06-15T09:22:50.9735346+09:00         "taskId": "daily-20260615-r02",
2026-06-15T09:22:50.9775326+09:00         "reason": "jst_hour=9"
2026-06-15T09:22:50.9810599+09:00       },
2026-06-15T09:22:50.9850530+09:00       {
2026-06-15T09:22:50.9876453+09:00         "run_id": "r03",
2026-06-15T09:22:50.9915880+09:00         "action": "not_due",
2026-06-15T09:22:50.9935861+09:00         "taskId": "daily-20260615-r03",
2026-06-15T09:22:50.9955853+09:00         "reason": "jst_hour=9"
2026-06-15T09:22:50.9985889+09:00       }
2026-06-15T09:22:51.0021104+09:00     ]
2026-06-15T09:22:51.0041095+09:00   },
2026-06-15T09:22:51.0061092+09:00   "reconcile": {
2026-06-15T09:22:51.0081096+09:00     "resetProcessing": 0,
2026-06-15T09:22:51.0106300+09:00     "inserted": 1,
2026-06-15T09:22:51.0126285+09:00     "scanned": 11,
2026-06-15T09:22:51.0146292+09:00     "stale": {
2026-06-15T09:22:51.0166304+09:00       "scanned": 11,
2026-06-15T09:22:51.0196286+09:00       "staleDetected": 0,
2026-06-15T09:22:51.0220797+09:00       "rolledBack": 0,
2026-06-15T09:22:51.0240821+09:00       "skippedCap": 0,
2026-06-15T09:22:51.0270793+09:00       "dryRun": false,
2026-06-15T09:22:51.0280802+09:00       "actions": []
2026-06-15T09:22:51.0310702+09:00     }
2026-06-15T09:22:51.0340798+09:00   },
2026-06-15T09:22:51.0360794+09:00   "dispatch": {
2026-06-15T09:22:51.0380795+09:00     "claimed": 1,
2026-06-15T09:22:51.0395905+09:00     "done": 1,
2026-06-15T09:22:51.0425994+09:00     "failed": 0
2026-06-15T09:22:51.0435985+09:00   },
2026-06-15T09:22:51.0455994+09:00   "step4_poll": {
2026-06-15T09:22:51.0486018+09:00     "scanned": 11,
2026-06-15T09:22:51.0508049+09:00     "awaiting": 1,
2026-06-15T09:22:51.0528134+09:00     "polled": 0,
2026-06-15T09:22:51.0548154+09:00     "picks_applied": 0,
2026-06-15T09:22:51.0568120+09:00     "pick_errors": 0,
2026-06-15T09:22:51.0588145+09:00     "timeouts": 0,
2026-06-15T09:22:51.0613258+09:00     "skipped": 0,
2026-06-15T09:22:51.0623241+09:00     "results": [
2026-06-15T09:22:51.0653247+09:00       {
2026-06-15T09:22:51.0663256+09:00         "task_id": "daily-20260615-r01",
2026-06-15T09:22:51.0683249+09:00         "result": {
2026-06-15T09:22:51.0708429+09:00           "outcome": "no_new_messages"
2026-06-15T09:22:51.0728422+09:00         }
2026-06-15T09:22:51.0748410+09:00       }
2026-06-15T09:22:51.0768410+09:00     ]
2026-06-15T09:22:51.0778390+09:00   },
2026-06-15T09:22:51.0811363+09:00   "step7_retry_poll": {
2026-06-15T09:22:51.0831395+09:00     "scanned": 11,
2026-06-15T09:22:51.0851364+09:00     "eligible": 8,
2026-06-15T09:22:51.0861367+09:00     "polled": 0,
2026-06-15T09:22:51.0881367+09:00     "retries_triggered": 0,
2026-06-15T09:22:51.0906536+09:00     "retry_errors": 0,
2026-06-15T09:22:51.0926561+09:00     "skipped": 0,
2026-06-15T09:22:51.0946532+09:00     "results": []
2026-06-15T09:22:51.0966521+09:00   }
2026-06-15T09:22:51.0986587+09:00 }
2026-06-15T09:22:51.1021661+09:00 OK run-once finished
2026-06-15T09:27:46.8084038+09:00 START dispatch-run-once
2026-06-15T09:27:47.2528530+09:00 
2026-06-15T09:27:47.2548548+09:00 > orchestrator
2026-06-15T09:27:47.2568579+09:00 > tsx src/cli/orchestrator.ts run-once --limit 10
2026-06-15T09:27:47.2603743+09:00 
2026-06-15T09:27:50.6937319+09:00 {
2026-06-15T09:27:50.7002504+09:00   "ensure_daily": {
2026-06-15T09:27:50.7062463+09:00     "runs": [
2026-06-15T09:27:50.7092690+09:00       {
2026-06-15T09:27:50.7112813+09:00         "run_id": "r01",
2026-06-15T09:27:50.7132811+09:00         "action": "skipped_exists",
2026-06-15T09:27:50.7152805+09:00         "taskId": "daily-20260615-r01"
2026-06-15T09:27:50.7172808+09:00       },
2026-06-15T09:27:50.7198017+09:00       {
2026-06-15T09:27:50.7417938+09:00         "run_id": "r02",
2026-06-15T09:27:50.7437948+09:00         "action": "not_due",
2026-06-15T09:27:50.7467997+09:00         "taskId": "daily-20260615-r02",
2026-06-15T09:27:50.7487921+09:00         "reason": "jst_hour=9"
2026-06-15T09:27:50.7521676+09:00       },
2026-06-15T09:27:50.7542064+09:00       {
2026-06-15T09:27:50.7572077+09:00         "run_id": "r03",
2026-06-15T09:27:50.7587175+09:00         "action": "not_due",
2026-06-15T09:27:50.7607286+09:00         "taskId": "daily-20260615-r03",
2026-06-15T09:27:50.7627741+09:00         "reason": "jst_hour=9"
2026-06-15T09:27:50.7647256+09:00       }
2026-06-15T09:27:50.7667263+09:00     ]
2026-06-15T09:27:50.7677246+09:00   },
2026-06-15T09:27:50.7692354+09:00   "reconcile": {
2026-06-15T09:27:50.7712374+09:00     "resetProcessing": 0,
2026-06-15T09:27:50.7722456+09:00     "inserted": 1,
2026-06-15T09:27:50.7742397+09:00     "scanned": 11,
2026-06-15T09:27:50.7752372+09:00     "stale": {
2026-06-15T09:27:50.7768145+09:00       "scanned": 11,
2026-06-15T09:27:50.7788496+09:00       "staleDetected": 0,
2026-06-15T09:27:50.7811079+09:00       "rolledBack": 0,
2026-06-15T09:27:50.7821064+09:00       "skippedCap": 0,
2026-06-15T09:27:50.7841082+09:00       "dryRun": false,
2026-06-15T09:27:50.7861078+09:00       "actions": []
2026-06-15T09:27:50.7871111+09:00     }
2026-06-15T09:27:50.7896274+09:00   },
2026-06-15T09:27:50.7916290+09:00   "dispatch": {
2026-06-15T09:27:50.7926282+09:00     "claimed": 1,
2026-06-15T09:27:50.7936264+09:00     "done": 1,
2026-06-15T09:27:50.7956272+09:00     "failed": 0
2026-06-15T09:27:50.7966285+09:00   },
2026-06-15T09:27:50.7986305+09:00   "step4_poll": {
2026-06-15T09:27:50.8001422+09:00     "scanned": 11,
2026-06-15T09:27:50.8021388+09:00     "awaiting": 1,
2026-06-15T09:27:50.8031411+09:00     "polled": 0,
2026-06-15T09:27:50.8051410+09:00     "picks_applied": 0,
2026-06-15T09:27:50.8061403+09:00     "pick_errors": 0,
2026-06-15T09:27:50.8076470+09:00     "timeouts": 0,
2026-06-15T09:27:50.8086541+09:00     "skipped": 0,
2026-06-15T09:27:50.8107774+09:00     "results": [
2026-06-15T09:27:50.8117781+09:00       {
2026-06-15T09:27:50.8127767+09:00         "task_id": "daily-20260615-r01",
2026-06-15T09:27:50.8147786+09:00         "result": {
2026-06-15T09:27:50.8157772+09:00           "outcome": "no_new_messages"
2026-06-15T09:27:50.8177781+09:00         }
2026-06-15T09:27:50.8187773+09:00       }
2026-06-15T09:27:50.8208735+09:00     ]
2026-06-15T09:27:50.8218728+09:00   },
2026-06-15T09:27:50.8238734+09:00   "step7_retry_poll": {
2026-06-15T09:27:50.8248732+09:00     "scanned": 11,
2026-06-15T09:27:50.8258717+09:00     "eligible": 8,
2026-06-15T09:27:50.8268732+09:00     "polled": 0,
2026-06-15T09:27:50.8293867+09:00     "retries_triggered": 0,
2026-06-15T09:27:50.8303865+09:00     "retry_errors": 0,
2026-06-15T09:27:50.8313848+09:00     "skipped": 0,
2026-06-15T09:27:50.8333867+09:00     "results": []
2026-06-15T09:27:50.8343863+09:00   }
2026-06-15T09:27:50.8363865+09:00 }
2026-06-15T09:27:50.8383871+09:00 OK run-once finished
2026-06-15T09:32:47.1646489+09:00 START dispatch-run-once
2026-06-15T09:32:47.5477895+09:00 
2026-06-15T09:32:47.5498029+09:00 > orchestrator
2026-06-15T09:32:47.5518395+09:00 > tsx src/cli/orchestrator.ts run-once --limit 10
2026-06-15T09:32:47.5538025+09:00 
2026-06-15T09:32:50.5873599+09:00 {
2026-06-15T09:32:50.5913822+09:00   "ensure_daily": {
2026-06-15T09:32:50.5943765+09:00     "runs": [
2026-06-15T09:32:50.5963753+09:00       {
2026-06-15T09:32:50.5995703+09:00         "run_id": "r01",
2026-06-15T09:32:50.6010738+09:00         "action": "skipped_exists",
2026-06-15T09:32:50.6030787+09:00         "taskId": "daily-20260615-r01"
2026-06-15T09:32:50.6050795+09:00       },
2026-06-15T09:32:50.6060786+09:00       {
2026-06-15T09:32:50.6261122+09:00         "run_id": "r02",
2026-06-15T09:32:50.6276175+09:00         "action": "not_due",
2026-06-15T09:32:50.6296282+09:00         "taskId": "daily-20260615-r02",
2026-06-15T09:32:50.6326474+09:00         "reason": "jst_hour=9"
2026-06-15T09:32:50.6346257+09:00       },
2026-06-15T09:32:50.6376297+09:00       {
2026-06-15T09:32:50.6406821+09:00         "run_id": "r03",
2026-06-15T09:32:50.6426824+09:00         "action": "not_due",
2026-06-15T09:32:50.6446830+09:00         "taskId": "daily-20260615-r03",
2026-06-15T09:32:50.6466816+09:00         "reason": "jst_hour=9"
2026-06-15T09:32:50.6476841+09:00       }
2026-06-15T09:32:50.6509674+09:00     ]
2026-06-15T09:32:50.6529696+09:00   },
2026-06-15T09:32:50.6549697+09:00   "reconcile": {
2026-06-15T09:32:50.6584894+09:00     "resetProcessing": 0,
2026-06-15T09:32:50.6604969+09:00     "inserted": 1,
2026-06-15T09:32:50.6624966+09:00     "scanned": 11,
2026-06-15T09:32:50.6644961+09:00     "stale": {
2026-06-15T09:32:50.6674971+09:00       "scanned": 11,
2026-06-15T09:32:50.6690135+09:00       "staleDetected": 0,
2026-06-15T09:32:50.6755345+09:00       "rolledBack": 0,
2026-06-15T09:32:50.6790515+09:00       "skippedCap": 0,
2026-06-15T09:32:50.6820584+09:00       "dryRun": false,
2026-06-15T09:32:50.6840585+09:00       "actions": []
2026-06-15T09:32:50.6860574+09:00     }
2026-06-15T09:32:50.6885742+09:00   },
2026-06-15T09:32:50.6905806+09:00   "dispatch": {
2026-06-15T09:32:50.6935811+09:00     "claimed": 1,
2026-06-15T09:32:50.6955804+09:00     "done": 1,
2026-06-15T09:32:50.6980856+09:00     "failed": 0
2026-06-15T09:32:50.7000996+09:00   },
2026-06-15T09:32:50.7021014+09:00   "step4_poll": {
2026-06-15T09:32:50.7041012+09:00     "scanned": 11,
2026-06-15T09:32:50.7061014+09:00     "awaiting": 1,
2026-06-15T09:32:50.7086191+09:00     "polled": 0,
2026-06-15T09:32:50.7106265+09:00     "picks_applied": 0,
2026-06-15T09:32:50.7126258+09:00     "pick_errors": 0,
2026-06-15T09:32:50.7156248+09:00     "timeouts": 0,
2026-06-15T09:32:50.7176259+09:00     "skipped": 0,
2026-06-15T09:32:50.7201452+09:00     "results": [
2026-06-15T09:32:50.7211456+09:00       {
2026-06-15T09:32:50.7231453+09:00         "task_id": "daily-20260615-r01",
2026-06-15T09:32:50.7251459+09:00         "result": {
2026-06-15T09:32:50.7276522+09:00           "outcome": "no_new_messages"
2026-06-15T09:32:50.7296678+09:00         }
2026-06-15T09:32:50.7316658+09:00       }
2026-06-15T09:32:50.7336659+09:00     ]
2026-06-15T09:32:50.7356680+09:00   },
2026-06-15T09:32:50.7381734+09:00   "step7_retry_poll": {
2026-06-15T09:32:50.7401890+09:00     "scanned": 11,
2026-06-15T09:32:50.7421890+09:00     "eligible": 8,
2026-06-15T09:32:50.7451879+09:00     "polled": 0,
2026-06-15T09:32:50.7476959+09:00     "retries_triggered": 0,
2026-06-15T09:32:50.7497118+09:00     "retry_errors": 0,
2026-06-15T09:32:50.7517104+09:00     "skipped": 0,
2026-06-15T09:32:50.7527103+09:00     "results": []
2026-06-15T09:32:50.7557149+09:00   }
2026-06-15T09:32:50.7582331+09:00 }
2026-06-15T09:32:50.7612433+09:00 OK run-once finished
2026-06-15T09:37:47.1202816+09:00 START dispatch-run-once
2026-06-15T09:37:47.5004435+09:00 
2026-06-15T09:37:47.5024452+09:00 > orchestrator
2026-06-15T09:37:47.5054442+09:00 > tsx src/cli/orchestrator.ts run-once --limit 10
2026-06-15T09:37:47.5064432+09:00 
2026-06-15T09:37:50.4894096+09:00 {
2026-06-15T09:37:50.4913904+09:00   "ensure_daily": {
2026-06-15T09:37:50.4943935+09:00     "runs": [
2026-06-15T09:37:50.4964077+09:00       {
2026-06-15T09:37:50.4979217+09:00         "run_id": "r01",
2026-06-15T09:37:50.4999222+09:00         "action": "skipped_exists",
2026-06-15T09:37:50.5019194+09:00         "taskId": "daily-20260615-r01"
2026-06-15T09:37:50.5039184+09:00       },
2026-06-15T09:37:50.5064234+09:00       {
2026-06-15T09:37:50.5264806+09:00         "run_id": "r02",
2026-06-15T09:37:50.5289952+09:00         "action": "not_due",
2026-06-15T09:37:50.5309974+09:00         "taskId": "daily-20260615-r02",
2026-06-15T09:37:50.5329973+09:00         "reason": "jst_hour=9"
2026-06-15T09:37:50.5349976+09:00       },
2026-06-15T09:37:50.5375133+09:00       {
2026-06-15T09:37:50.5395214+09:00         "run_id": "r03",
2026-06-15T09:37:50.5425201+09:00         "action": "not_due",
2026-06-15T09:37:50.5455201+09:00         "taskId": "daily-20260615-r03",
2026-06-15T09:37:50.5465212+09:00         "reason": "jst_hour=9"
2026-06-15T09:37:50.5489439+09:00       }
2026-06-15T09:37:50.5509434+09:00     ]
2026-06-15T09:37:50.5529765+09:00   },
2026-06-15T09:37:50.5549427+09:00   "reconcile": {
2026-06-15T09:37:50.5574630+09:00     "resetProcessing": 0,
2026-06-15T09:37:50.5594678+09:00     "inserted": 1,
2026-06-15T09:37:50.5614685+09:00     "scanned": 11,
2026-06-15T09:37:50.5634703+09:00     "stale": {
2026-06-15T09:37:50.5644689+09:00       "scanned": 11,
2026-06-15T09:37:50.5669870+09:00       "staleDetected": 0,
2026-06-15T09:37:50.5689909+09:00       "rolledBack": 0,
2026-06-15T09:37:50.5709880+09:00       "skippedCap": 0,
2026-06-15T09:37:50.5729884+09:00       "dryRun": false,
2026-06-15T09:37:50.5749878+09:00       "actions": []
2026-06-15T09:37:50.5775049+09:00     }
2026-06-15T09:37:50.5795004+09:00   },
2026-06-15T09:37:50.5805011+09:00   "dispatch": {
2026-06-15T09:37:50.5825064+09:00     "claimed": 1,
2026-06-15T09:37:50.5835046+09:00     "done": 1,
2026-06-15T09:37:50.5855036+09:00     "failed": 0
2026-06-15T09:37:50.5890169+09:00   },
2026-06-15T09:37:50.5910146+09:00   "step4_poll": {
2026-06-15T09:37:50.5920140+09:00     "scanned": 11,
2026-06-15T09:37:50.5940149+09:00     "awaiting": 1,
2026-06-15T09:37:50.5950186+09:00     "polled": 0,
2026-06-15T09:37:50.5975339+09:00     "picks_applied": 0,
2026-06-15T09:37:50.5995418+09:00     "pick_errors": 0,
2026-06-15T09:37:50.6005410+09:00     "timeouts": 0,
2026-06-15T09:37:50.6025401+09:00     "skipped": 0,
2026-06-15T09:37:50.6045398+09:00     "results": [
2026-06-15T09:37:50.6065402+09:00       {
2026-06-15T09:37:50.6080503+09:00         "task_id": "daily-20260615-r01",
2026-06-15T09:37:50.6100565+09:00         "result": {
2026-06-15T09:37:50.6110558+09:00           "outcome": "no_new_messages"
2026-06-15T09:37:50.6130561+09:00         }
2026-06-15T09:37:50.6150557+09:00       }
2026-06-15T09:37:50.6165643+09:00     ]
2026-06-15T09:37:50.6185774+09:00   },
2026-06-15T09:37:50.6205772+09:00   "step7_retry_poll": {
2026-06-15T09:37:50.6215758+09:00     "scanned": 11,
2026-06-15T09:37:50.6235788+09:00     "eligible": 8,
2026-06-15T09:37:50.6245774+09:00     "polled": 0,
2026-06-15T09:37:50.6265770+09:00     "retries_triggered": 0,
2026-06-15T09:37:50.6277661+09:00     "retry_errors": 0,
2026-06-15T09:37:50.6297675+09:00     "skipped": 0,
2026-06-15T09:37:50.6317663+09:00     "results": []
2026-06-15T09:37:50.6327684+09:00   }
2026-06-15T09:37:50.6347694+09:00 }
2026-06-15T09:37:50.6372926+09:00 OK run-once finished
2026-06-15T09:42:47.3836544+09:00 START dispatch-run-once
2026-06-15T09:42:47.7701770+09:00 
2026-06-15T09:42:47.7721727+09:00 > orchestrator
2026-06-15T09:42:47.7742137+09:00 > tsx src/cli/orchestrator.ts run-once --limit 10
2026-06-15T09:42:47.7767226+09:00 
2026-06-15T09:42:50.8154227+09:00 {
2026-06-15T09:42:50.8175139+09:00   "ensure_daily": {
2026-06-15T09:42:50.8195132+09:00     "runs": [
2026-06-15T09:42:50.8205130+09:00       {
2026-06-15T09:42:50.8225132+09:00         "run_id": "r01",
2026-06-15T09:42:50.8245126+09:00         "action": "skipped_exists",
2026-06-15T09:42:50.8276342+09:00         "taskId": "daily-20260615-r01"
2026-06-15T09:42:50.8296354+09:00       },
2026-06-15T09:42:50.8316356+09:00       {
2026-06-15T09:42:50.8533123+09:00         "run_id": "r02",
2026-06-15T09:42:50.8558206+09:00         "action": "not_due",
2026-06-15T09:42:50.8588351+09:00         "taskId": "daily-20260615-r02",
2026-06-15T09:42:50.8608331+09:00         "reason": "jst_hour=9"
2026-06-15T09:42:50.8628329+09:00       },
2026-06-15T09:42:50.8653385+09:00       {
2026-06-15T09:42:50.8673446+09:00         "run_id": "r03",
2026-06-15T09:42:50.8693459+09:00         "action": "not_due",
2026-06-15T09:42:50.8713473+09:00         "taskId": "daily-20260615-r03",
2026-06-15T09:42:50.8743480+09:00         "reason": "jst_hour=9"
2026-06-15T09:42:50.8767141+09:00       }
2026-06-15T09:42:50.8787105+09:00     ]
2026-06-15T09:42:50.8807333+09:00   },
2026-06-15T09:42:50.8827101+09:00   "reconcile": {
2026-06-15T09:42:50.8852500+09:00     "resetProcessing": 0,
2026-06-15T09:42:50.8872611+09:00     "inserted": 1,
2026-06-15T09:42:50.8882573+09:00     "scanned": 11,
2026-06-15T09:42:50.8902572+09:00     "stale": {
2026-06-15T09:42:50.8932590+09:00       "scanned": 11,
2026-06-15T09:42:50.8952595+09:00       "staleDetected": 0,
2026-06-15T09:42:50.8975099+09:00       "rolledBack": 0,
2026-06-15T09:42:50.8995093+09:00       "skippedCap": 0,
2026-06-15T09:42:50.9015072+09:00       "dryRun": false,
2026-06-15T09:42:50.9035077+09:00       "actions": []
2026-06-15T09:42:50.9050162+09:00     }
2026-06-15T09:42:50.9080325+09:00   },
2026-06-15T09:42:50.9090301+09:00   "dispatch": {
2026-06-15T09:42:50.9110299+09:00     "claimed": 1,
2026-06-15T09:42:50.9130312+09:00     "done": 1,
2026-06-15T09:42:50.9150317+09:00     "failed": 0
2026-06-15T09:42:50.9165462+09:00   },
2026-06-15T09:42:50.9185459+09:00   "step4_poll": {
2026-06-15T09:42:50.9205442+09:00     "scanned": 11,
2026-06-15T09:42:50.9225439+09:00     "awaiting": 1,
2026-06-15T09:42:50.9235435+09:00     "polled": 0,
2026-06-15T09:42:50.9250488+09:00     "picks_applied": 0,
2026-06-15T09:42:50.9270562+09:00     "pick_errors": 0,
2026-06-15T09:42:50.9290564+09:00     "timeouts": 0,
2026-06-15T09:42:50.9310557+09:00     "skipped": 0,
2026-06-15T09:42:50.9330552+09:00     "results": [
2026-06-15T09:42:50.9350567+09:00       {
2026-06-15T09:42:50.9365690+09:00         "task_id": "daily-20260615-r01",
2026-06-15T09:42:50.9385759+09:00         "result": {
2026-06-15T09:42:50.9405745+09:00           "outcome": "no_new_messages"
2026-06-15T09:42:50.9415761+09:00         }
2026-06-15T09:42:50.9435762+09:00       }
2026-06-15T09:42:50.9450822+09:00     ]
2026-06-15T09:42:50.9470908+09:00   },
2026-06-15T09:42:50.9480916+09:00   "step7_retry_poll": {
2026-06-15T09:42:50.9500903+09:00     "scanned": 11,
2026-06-15T09:42:50.9520891+09:00     "eligible": 8,
2026-06-15T09:42:50.9540883+09:00     "polled": 0,
2026-06-15T09:42:50.9561196+09:00     "retries_triggered": 0,
2026-06-15T09:42:50.9581177+09:00     "retry_errors": 0,
2026-06-15T09:42:50.9591182+09:00     "skipped": 0,
2026-06-15T09:42:50.9611182+09:00     "results": []
2026-06-15T09:42:50.9621174+09:00   }
2026-06-15T09:42:50.9641187+09:00 }
2026-06-15T09:42:50.9663338+09:00 OK run-once finished
2026-06-15T09:47:47.7679882+09:00 START dispatch-run-once
2026-06-15T09:47:48.1619252+09:00 
2026-06-15T09:47:48.1639284+09:00 > orchestrator
2026-06-15T09:47:48.1659763+09:00 > tsx src/cli/orchestrator.ts run-once --limit 10
2026-06-15T09:47:48.1689778+09:00 
2026-06-15T09:47:51.2207678+09:00 {
2026-06-15T09:47:51.2283336+09:00   "ensure_daily": {
2026-06-15T09:47:51.2333299+09:00     "runs": [
2026-06-15T09:47:51.2367340+09:00       {
2026-06-15T09:47:51.2412505+09:00         "run_id": "r01",
2026-06-15T09:47:51.2432582+09:00         "action": "skipped_exists",
2026-06-15T09:47:51.2457731+09:00         "taskId": "daily-20260615-r01"
2026-06-15T09:47:51.2477705+09:00       },
2026-06-15T09:47:51.2507721+09:00       {
2026-06-15T09:47:51.2703823+09:00         "run_id": "r02",
2026-06-15T09:47:51.2723840+09:00         "action": "not_due",
2026-06-15T09:47:51.2743846+09:00         "taskId": "daily-20260615-r02",
2026-06-15T09:47:51.2758657+09:00         "reason": "jst_hour=9"
2026-06-15T09:47:51.2778671+09:00       },
2026-06-15T09:47:51.2798668+09:00       {
2026-06-15T09:47:51.2818673+09:00         "run_id": "r03",
2026-06-15T09:47:51.2828660+09:00         "action": "not_due",
2026-06-15T09:47:51.2853816+09:00         "taskId": "daily-20260615-r03",
2026-06-15T09:47:51.2873805+09:00         "reason": "jst_hour=9"
2026-06-15T09:47:51.2883819+09:00       }
2026-06-15T09:47:51.2903801+09:00     ]
2026-06-15T09:47:51.2913783+09:00   },
2026-06-15T09:47:51.2933798+09:00   "reconcile": {
2026-06-15T09:47:51.2954536+09:00     "resetProcessing": 0,
2026-06-15T09:47:51.2964490+09:00     "inserted": 1,
2026-06-15T09:47:51.2984495+09:00     "scanned": 11,
2026-06-15T09:47:51.2994495+09:00     "stale": {
2026-06-15T09:47:51.3014509+09:00       "scanned": 11,
2026-06-15T09:47:51.3039573+09:00       "staleDetected": 0,
2026-06-15T09:47:51.3059660+09:00       "rolledBack": 0,
2026-06-15T09:47:51.3079706+09:00       "skippedCap": 0,
2026-06-15T09:47:51.3089644+09:00       "dryRun": false,
2026-06-15T09:47:51.3109632+09:00       "actions": []
2026-06-15T09:47:51.3119649+09:00     }
2026-06-15T09:47:51.3139640+09:00   },
2026-06-15T09:47:51.3161675+09:00   "dispatch": {
2026-06-15T09:47:51.3181686+09:00     "claimed": 1,
2026-06-15T09:47:51.3191673+09:00     "done": 1,
2026-06-15T09:47:51.3211694+09:00     "failed": 0
2026-06-15T09:47:51.3221675+09:00   },
2026-06-15T09:47:51.3231648+09:00   "step4_poll": {
2026-06-15T09:47:51.3255344+09:00     "scanned": 11,
2026-06-15T09:47:51.3265319+09:00     "awaiting": 1,
2026-06-15T09:47:51.3285333+09:00     "polled": 0,
2026-06-15T09:47:51.3295326+09:00     "picks_applied": 0,
2026-06-15T09:47:51.3305345+09:00     "pick_errors": 0,
2026-06-15T09:47:51.3325330+09:00     "timeouts": 0,
2026-06-15T09:47:51.3340405+09:00     "skipped": 0,
2026-06-15T09:47:51.3360491+09:00     "results": [
2026-06-15T09:47:51.3370480+09:00       {
2026-06-15T09:47:51.3380477+09:00         "task_id": "daily-20260615-r01",
2026-06-15T09:47:51.3400471+09:00         "result": {
2026-06-15T09:47:51.3415530+09:00           "outcome": "no_new_messages"
2026-06-15T09:47:51.3425598+09:00         }
2026-06-15T09:47:51.3450740+09:00       }
2026-06-15T09:47:51.3460748+09:00     ]
2026-06-15T09:47:51.3480745+09:00   },
2026-06-15T09:47:51.3490745+09:00   "step7_retry_poll": {
2026-06-15T09:47:51.3510730+09:00     "scanned": 11,
2026-06-15T09:47:51.3520738+09:00     "eligible": 8,
2026-06-15T09:47:51.3540766+09:00     "polled": 0,
2026-06-15T09:47:51.3555878+09:00     "retries_triggered": 0,
2026-06-15T09:47:51.3575880+09:00     "retry_errors": 0,
2026-06-15T09:47:51.3585887+09:00     "skipped": 0,
2026-06-15T09:47:51.3605880+09:00     "results": []
2026-06-15T09:47:51.3625863+09:00   }
2026-06-15T09:47:51.3640924+09:00 }
2026-06-15T09:47:51.3660997+09:00 OK run-once finished
2026-06-15T09:52:47.6542162+09:00 START dispatch-run-once
2026-06-15T09:52:48.1189118+09:00 
2026-06-15T09:52:48.1209118+09:00 > orchestrator
2026-06-15T09:52:48.1239946+09:00 > tsx src/cli/orchestrator.ts run-once --limit 10
2026-06-15T09:52:48.1259977+09:00 
2026-06-15T09:52:51.1475301+09:00 {
2026-06-15T09:52:51.1515329+09:00   "ensure_daily": {
2026-06-15T09:52:51.1560680+09:00     "runs": [
2026-06-15T09:52:51.1600658+09:00       {
2026-06-15T09:52:51.1635745+09:00         "run_id": "r01",
2026-06-15T09:52:51.1675941+09:00         "action": "skipped_exists",
2026-06-15T09:52:51.1715947+09:00         "taskId": "daily-20260615-r01"
2026-06-15T09:52:51.1761210+09:00       },
2026-06-15T09:52:51.1791215+09:00       {
2026-06-15T09:52:51.2082357+09:00         "run_id": "r02",
2026-06-15T09:52:51.2112330+09:00         "action": "not_due",
2026-06-15T09:52:51.2137465+09:00         "taskId": "daily-20260615-r02",
2026-06-15T09:52:51.2167480+09:00         "reason": "jst_hour=9"
2026-06-15T09:52:51.2197496+09:00       },
2026-06-15T09:52:51.2217497+09:00       {
2026-06-15T09:52:51.2242629+09:00         "run_id": "r03",
2026-06-15T09:52:51.2272724+09:00         "action": "not_due",
2026-06-15T09:52:51.2292709+09:00         "taskId": "daily-20260615-r03",
2026-06-15T09:52:51.2312691+09:00         "reason": "jst_hour=9"
2026-06-15T09:52:51.2347898+09:00       }
2026-06-15T09:52:51.2367887+09:00     ]
2026-06-15T09:52:51.2387835+09:00   },
2026-06-15T09:52:51.2417850+09:00   "reconcile": {
2026-06-15T09:52:51.2439960+09:00     "resetProcessing": 0,
2026-06-15T09:52:51.2459971+09:00     "inserted": 1,
2026-06-15T09:52:51.2469984+09:00     "scanned": 11,
2026-06-15T09:52:51.2489994+09:00     "stale": {
2026-06-15T09:52:51.2519973+09:00       "scanned": 11,
2026-06-15T09:52:51.2529981+09:00       "staleDetected": 0,
2026-06-15T09:52:51.2562686+09:00       "rolledBack": 0,
2026-06-15T09:52:51.2592714+09:00       "skippedCap": 0,
2026-06-15T09:52:51.2612705+09:00       "dryRun": false,
2026-06-15T09:52:51.2627785+09:00       "actions": []
2026-06-15T09:52:51.2647877+09:00     }
2026-06-15T09:52:51.2667873+09:00   },
2026-06-15T09:52:51.2687872+09:00   "dispatch": {
2026-06-15T09:52:51.2707866+09:00     "claimed": 1,
2026-06-15T09:52:51.2727872+09:00     "done": 1,
2026-06-15T09:52:51.2748549+09:00     "failed": 0
2026-06-15T09:52:51.2758634+09:00   },
2026-06-15T09:52:51.2778628+09:00   "step4_poll": {
2026-06-15T09:52:51.2798633+09:00     "scanned": 11,
2026-06-15T09:52:51.2818633+09:00     "awaiting": 1,
2026-06-15T09:52:51.2842535+09:00     "polled": 0,
2026-06-15T09:52:51.2852596+09:00     "picks_applied": 0,
2026-06-15T09:52:51.2872596+09:00     "pick_errors": 0,
2026-06-15T09:52:51.2892601+09:00     "timeouts": 0,
2026-06-15T09:52:51.2902589+09:00     "skipped": 0,
2026-06-15T09:52:51.2927702+09:00     "results": [
2026-06-15T09:52:51.2947785+09:00       {
2026-06-15T09:52:51.2967782+09:00         "task_id": "daily-20260615-r01",
2026-06-15T09:52:51.2987766+09:00         "result": {
2026-06-15T09:52:51.3007777+09:00           "outcome": "no_new_messages"
2026-06-15T09:52:51.3027776+09:00         }
2026-06-15T09:52:51.3042893+09:00       }
2026-06-15T09:52:51.3052947+09:00     ]
2026-06-15T09:52:51.3072947+09:00   },
2026-06-15T09:52:51.3092957+09:00   "step7_retry_poll": {
2026-06-15T09:52:51.3112951+09:00     "scanned": 11,
2026-06-15T09:52:51.3138079+09:00     "eligible": 8,
2026-06-15T09:52:51.3148091+09:00     "polled": 0,
2026-06-15T09:52:51.3178114+09:00     "retries_triggered": 0,
2026-06-15T09:52:51.3188105+09:00     "retry_errors": 0,
2026-06-15T09:52:51.3208097+09:00     "skipped": 0,
2026-06-15T09:52:51.3228114+09:00     "results": []
2026-06-15T09:52:51.3248697+09:00   }
2026-06-15T09:52:51.3268799+09:00 }
2026-06-15T09:52:51.3308819+09:00 OK run-once finished
2026-06-15T09:57:48.0322094+09:00 START dispatch-run-once
2026-06-15T09:57:48.4194983+09:00 
2026-06-15T09:57:48.4205015+09:00 > orchestrator
2026-06-15T09:57:48.4230166+09:00 > tsx src/cli/orchestrator.ts run-once --limit 10
2026-06-15T09:57:48.4250157+09:00 
2026-06-15T09:57:51.7557104+09:00 {
2026-06-15T09:57:51.7587116+09:00   "ensure_daily": {
2026-06-15T09:57:51.7622155+09:00     "runs": [
2026-06-15T09:57:51.7642269+09:00       {
2026-06-15T09:57:51.7662265+09:00         "run_id": "r01",
2026-06-15T09:57:51.7682262+09:00         "action": "skipped_exists",
2026-06-15T09:57:51.7702258+09:00         "taskId": "daily-20260615-r01"
2026-06-15T09:57:51.7727453+09:00       },
2026-06-15T09:57:51.7747446+09:00       {
2026-06-15T09:57:51.7917682+09:00         "run_id": "r02",
2026-06-15T09:57:51.7932863+09:00         "action": "not_due",
2026-06-15T09:57:51.7952814+09:00         "taskId": "daily-20260615-r02",
2026-06-15T09:57:51.7972815+09:00         "reason": "jst_hour=9"
2026-06-15T09:57:51.7992823+09:00       },
2026-06-15T09:57:51.8017931+09:00       {
2026-06-15T09:57:51.8038010+09:00         "run_id": "r03",
2026-06-15T09:57:51.8058024+09:00         "action": "not_due",
2026-06-15T09:57:51.8078022+09:00         "taskId": "daily-20260615-r03",
2026-06-15T09:57:51.8088021+09:00         "reason": "jst_hour=9"
2026-06-15T09:57:51.8108039+09:00       }
2026-06-15T09:57:51.8118061+09:00     ]
2026-06-15T09:57:51.8142816+09:00   },
2026-06-15T09:57:51.8152834+09:00   "reconcile": {
2026-06-15T09:57:51.8172870+09:00     "resetProcessing": 0,
2026-06-15T09:57:51.8182847+09:00     "inserted": 1,
2026-06-15T09:57:51.8202825+09:00     "scanned": 11,
2026-06-15T09:57:51.8217903+09:00     "stale": {
2026-06-15T09:57:51.8238025+09:00       "scanned": 11,
2026-06-15T09:57:51.8248000+09:00       "staleDetected": 0,
2026-06-15T09:57:51.8267979+09:00       "rolledBack": 0,
2026-06-15T09:57:51.8287996+09:00       "skippedCap": 0,
2026-06-15T09:57:51.8298008+09:00       "dryRun": false,
2026-06-15T09:57:51.8323108+09:00       "actions": []
2026-06-15T09:57:51.8333141+09:00     }
2026-06-15T09:57:51.8363145+09:00   },
2026-06-15T09:57:51.8373151+09:00   "dispatch": {
2026-06-15T09:57:51.8393145+09:00     "claimed": 1,
2026-06-15T09:57:51.8403159+09:00     "done": 1,
2026-06-15T09:57:51.8418226+09:00     "failed": 0
2026-06-15T09:57:51.8438315+09:00   },
2026-06-15T09:57:51.8448328+09:00   "step4_poll": {
2026-06-15T09:57:51.8468314+09:00     "scanned": 11,
2026-06-15T09:57:51.8478292+09:00     "awaiting": 1,
2026-06-15T09:57:51.8488307+09:00     "polled": 0,
2026-06-15T09:57:51.8508307+09:00     "picks_applied": 0,
2026-06-15T09:57:51.8533415+09:00     "pick_errors": 0,
2026-06-15T09:57:51.8543412+09:00     "timeouts": 0,
2026-06-15T09:57:51.8553424+09:00     "skipped": 0,
2026-06-15T09:57:51.8573417+09:00     "results": [
2026-06-15T09:57:51.8583439+09:00       {
2026-06-15T09:57:51.8603431+09:00         "task_id": "daily-20260615-r01",
2026-06-15T09:57:51.8618509+09:00         "result": {
2026-06-15T09:57:51.8628591+09:00           "outcome": "no_new_messages"
2026-06-15T09:57:51.8648599+09:00         }
2026-06-15T09:57:51.8658581+09:00       }
2026-06-15T09:57:51.8678605+09:00     ]
2026-06-15T09:57:51.8688605+09:00   },
2026-06-15T09:57:51.8698602+09:00   "step7_retry_poll": {
2026-06-15T09:57:51.8718611+09:00     "scanned": 11,
2026-06-15T09:57:51.8733777+09:00     "eligible": 8,
2026-06-15T09:57:51.8743777+09:00     "polled": 0,
2026-06-15T09:57:51.8763758+09:00     "retries_triggered": 0,
2026-06-15T09:57:51.8773747+09:00     "retry_errors": 0,
2026-06-15T09:57:51.8783767+09:00     "skipped": 0,
2026-06-15T09:57:51.8803755+09:00     "results": []
2026-06-15T09:57:51.8818835+09:00   }
2026-06-15T09:57:51.8848907+09:00 }
2026-06-15T09:57:51.8868903+09:00 OK run-once finished
2026-06-15T10:02:47.3460848+09:00 START dispatch-run-once
2026-06-15T10:02:47.7623235+09:00 
2026-06-15T10:02:47.7653229+09:00 > orchestrator
2026-06-15T10:02:47.7673241+09:00 > tsx src/cli/orchestrator.ts run-once --limit 10
2026-06-15T10:02:47.7693240+09:00 
2026-06-15T10:02:50.7587044+09:00 {
2026-06-15T10:02:50.7682396+09:00   "ensure_daily": {
2026-06-15T10:02:50.7737755+09:00     "runs": [
2026-06-15T10:02:50.7792024+09:00       {
2026-06-15T10:02:50.7837235+09:00         "run_id": "r01",
2026-06-15T10:02:50.7857233+09:00         "action": "skipped_exists",
2026-06-15T10:02:50.7887194+09:00         "taskId": "daily-20260615-r01"
2026-06-15T10:02:50.7907207+09:00       },
2026-06-15T10:02:50.7932679+09:00       {
2026-06-15T10:02:50.8122972+09:00         "run_id": "r02",
2026-06-15T10:02:50.8142953+09:00         "action": "not_due",
2026-06-15T10:02:50.8162954+09:00         "taskId": "daily-20260615-r02",
2026-06-15T10:02:50.8182943+09:00         "reason": "jst_hour=10"
2026-06-15T10:02:50.8208031+09:00       },
2026-06-15T10:02:50.8228104+09:00       {
2026-06-15T10:02:50.8238084+09:00         "run_id": "r03",
2026-06-15T10:02:50.8258099+09:00         "action": "not_due",
2026-06-15T10:02:50.8263192+09:00         "taskId": "daily-20260615-r03",
2026-06-15T10:02:50.8283253+09:00         "reason": "jst_hour=10"
2026-06-15T10:02:50.8308665+09:00       }
2026-06-15T10:02:50.8318726+09:00     ]
2026-06-15T10:02:50.8338730+09:00   },
2026-06-15T10:02:50.8348731+09:00   "reconcile": {
2026-06-15T10:02:50.8368733+09:00     "resetProcessing": 0,
2026-06-15T10:02:50.8378746+09:00     "inserted": 1,
2026-06-15T10:02:50.8398749+09:00     "scanned": 11,
2026-06-15T10:02:50.8408730+09:00     "stale": {
2026-06-15T10:02:50.8420517+09:00       "scanned": 11,
2026-06-15T10:02:50.8440529+09:00       "staleDetected": 0,
2026-06-15T10:02:50.8460542+09:00       "rolledBack": 0,
2026-06-15T10:02:50.8480526+09:00       "skippedCap": 0,
2026-06-15T10:02:50.8500520+09:00       "dryRun": false,
2026-06-15T10:02:50.8520802+09:00       "actions": []
2026-06-15T10:02:50.8530819+09:00     }
2026-06-15T10:02:50.8550823+09:00   },
2026-06-15T10:02:50.8560814+09:00   "dispatch": {
2026-06-15T10:02:50.8580819+09:00     "claimed": 1,
2026-06-15T10:02:50.8590807+09:00     "done": 1,
2026-06-15T10:02:50.8610818+09:00     "failed": 0
2026-06-15T10:02:50.8622494+09:00   },
2026-06-15T10:02:50.8642484+09:00   "step4_poll": {
2026-06-15T10:02:50.8652499+09:00     "scanned": 11,
2026-06-15T10:02:50.8672498+09:00     "awaiting": 1,
2026-06-15T10:02:50.8682482+09:00     "polled": 0,
2026-06-15T10:02:50.8702494+09:00     "picks_applied": 0,
2026-06-15T10:02:50.8717605+09:00     "pick_errors": 0,
2026-06-15T10:02:50.8727607+09:00     "timeouts": 0,
2026-06-15T10:02:50.8747616+09:00     "skipped": 0,
2026-06-15T10:02:50.8757621+09:00     "results": [
2026-06-15T10:02:50.8767601+09:00       {
2026-06-15T10:02:50.8787610+09:00         "task_id": "daily-20260615-r01",
2026-06-15T10:02:50.8797617+09:00         "result": {
2026-06-15T10:02:50.8812287+09:00           "outcome": "no_new_messages"
2026-06-15T10:02:50.8832705+09:00         }
2026-06-15T10:02:50.8842355+09:00       }
2026-06-15T10:02:50.8852698+09:00     ]
2026-06-15T10:02:50.8872335+09:00   },
2026-06-15T10:02:50.8882340+09:00   "step7_retry_poll": {
2026-06-15T10:02:50.8892694+09:00     "scanned": 11,
2026-06-15T10:02:50.8917840+09:00     "eligible": 8,
2026-06-15T10:02:50.8938157+09:00     "polled": 0,
2026-06-15T10:02:50.8947830+09:00     "retries_triggered": 0,
2026-06-15T10:02:50.8957832+09:00     "retry_errors": 0,
2026-06-15T10:02:50.8977820+09:00     "skipped": 0,
2026-06-15T10:02:50.8987813+09:00     "results": []
2026-06-15T10:02:50.9007834+09:00   }
2026-06-15T10:02:50.9022971+09:00 }
2026-06-15T10:02:50.9032962+09:00 OK run-once finished
2026-06-15T10:07:47.5827625+09:00 START dispatch-run-once
2026-06-15T10:07:47.9639996+09:00 
2026-06-15T10:07:47.9639996+09:00 > orchestrator
2026-06-15T10:07:47.9639996+09:00 > tsx src/cli/orchestrator.ts run-once --limit 10
2026-06-15T10:07:47.9639996+09:00 
2026-06-15T10:07:51.0293493+09:00 {
2026-06-15T10:07:51.0451031+09:00   "ensure_daily": {
2026-06-15T10:07:51.0451031+09:00     "runs": [
2026-06-15T10:07:51.0451031+09:00       {
2026-06-15T10:07:51.0451031+09:00         "run_id": "r01",
2026-06-15T10:07:51.0451031+09:00         "action": "skipped_exists",
2026-06-15T10:07:51.0451031+09:00         "taskId": "daily-20260615-r01"
2026-06-15T10:07:51.0451031+09:00       },
2026-06-15T10:07:51.0609619+09:00       {
2026-06-15T10:07:51.0766599+09:00         "run_id": "r02",
2026-06-15T10:07:51.0766599+09:00         "action": "not_due",
2026-06-15T10:07:51.0766599+09:00         "taskId": "daily-20260615-r02",
2026-06-15T10:07:51.0868143+09:00         "reason": "jst_hour=10"
2026-06-15T10:07:51.0868143+09:00       },
2026-06-15T10:07:51.0868143+09:00       {
2026-06-15T10:07:51.0924593+09:00         "run_id": "r03",
2026-06-15T10:07:51.0924593+09:00         "action": "not_due",
2026-06-15T10:07:51.0924593+09:00         "taskId": "daily-20260615-r03",
2026-06-15T10:07:51.0924593+09:00         "reason": "jst_hour=10"
2026-06-15T10:07:51.0924593+09:00       }
2026-06-15T10:07:51.0924593+09:00     ]
2026-06-15T10:07:51.0924593+09:00   },
2026-06-15T10:07:51.0924593+09:00   "reconcile": {
2026-06-15T10:07:51.0924593+09:00     "resetProcessing": 0,
2026-06-15T10:07:51.0924593+09:00     "inserted": 1,
2026-06-15T10:07:51.1084520+09:00     "scanned": 11,
2026-06-15T10:07:51.1084520+09:00     "stale": {
2026-06-15T10:07:51.1084520+09:00       "scanned": 11,
2026-06-15T10:07:51.1084520+09:00       "staleDetected": 0,
2026-06-15T10:07:51.1131080+09:00       "rolledBack": 0,
2026-06-15T10:07:51.1131080+09:00       "skippedCap": 0,
2026-06-15T10:07:51.1131080+09:00       "dryRun": false,
2026-06-15T10:07:51.1131080+09:00       "actions": []
2026-06-15T10:07:51.1131080+09:00     }
2026-06-15T10:07:51.1131080+09:00   },
2026-06-15T10:07:51.1131080+09:00   "dispatch": {
2026-06-15T10:07:51.1244326+09:00     "claimed": 1,
2026-06-15T10:07:51.1244326+09:00     "done": 1,
2026-06-15T10:07:51.1244326+09:00     "failed": 0
2026-06-15T10:07:51.1244326+09:00   },
2026-06-15T10:07:51.1244326+09:00   "step4_poll": {
2026-06-15T10:07:51.1244326+09:00     "scanned": 11,
2026-06-15T10:07:51.1244326+09:00     "awaiting": 1,
2026-06-15T10:07:51.1244326+09:00     "polled": 0,
2026-06-15T10:07:51.1244326+09:00     "picks_applied": 0,
2026-06-15T10:07:51.1244326+09:00     "pick_errors": 0,
2026-06-15T10:07:51.1244326+09:00     "timeouts": 0,
2026-06-15T10:07:51.1403122+09:00     "skipped": 0,
2026-06-15T10:07:51.1403122+09:00     "results": [
2026-06-15T10:07:51.1403122+09:00       {
2026-06-15T10:07:51.1403122+09:00         "task_id": "daily-20260615-r01",
2026-06-15T10:07:51.1403122+09:00         "result": {
2026-06-15T10:07:51.1403122+09:00           "outcome": "no_new_messages"
2026-06-15T10:07:51.1403122+09:00         }
2026-06-15T10:07:51.1403122+09:00       }
2026-06-15T10:07:51.1403122+09:00     ]
2026-06-15T10:07:51.1403122+09:00   },
2026-06-15T10:07:51.1403122+09:00   "step7_retry_poll": {
2026-06-15T10:07:51.1560965+09:00     "scanned": 11,
2026-06-15T10:07:51.1560965+09:00     "eligible": 8,
2026-06-15T10:07:51.1560965+09:00     "polled": 0,
2026-06-15T10:07:51.1560965+09:00     "retries_triggered": 0,
2026-06-15T10:07:51.1560965+09:00     "retry_errors": 0,
2026-06-15T10:07:51.1560965+09:00     "skipped": 0,
2026-06-15T10:07:51.1560965+09:00     "results": []
2026-06-15T10:07:51.1560965+09:00   }
2026-06-15T10:07:51.1560965+09:00 }
2026-06-15T10:07:51.1560965+09:00 OK run-once finished
2026-06-15T10:12:47.7091305+09:00 START dispatch-run-once
2026-06-15T10:12:48.0973810+09:00 
2026-06-15T10:12:48.0993893+09:00 > orchestrator
2026-06-15T10:12:48.1013988+09:00 > tsx src/cli/orchestrator.ts run-once --limit 10
2026-06-15T10:12:48.1034076+09:00 
2026-06-15T10:12:51.1334423+09:00 {
2026-06-15T10:12:51.1334423+09:00   "ensure_daily": {
2026-06-15T10:12:51.1334423+09:00     "runs": [
2026-06-15T10:12:51.1464425+09:00       {
2026-06-15T10:12:51.1484499+09:00         "run_id": "r01",
2026-06-15T10:12:51.1514640+09:00         "action": "skipped_exists",
2026-06-15T10:12:51.1534714+09:00         "taskId": "daily-20260615-r01"
2026-06-15T10:12:51.1554797+09:00       },
2026-06-15T10:12:51.1594979+09:00       {
2026-06-15T10:12:51.1813992+09:00         "run_id": "r02",
2026-06-15T10:12:51.1834108+09:00         "action": "not_due",
2026-06-15T10:12:51.1854196+09:00         "taskId": "daily-20260615-r02",
2026-06-15T10:12:51.1890866+09:00         "reason": "jst_hour=10"
2026-06-15T10:12:51.1910941+09:00       },
2026-06-15T10:12:51.1931019+09:00       {
2026-06-15T10:12:51.1951090+09:00         "run_id": "r03",
2026-06-15T10:12:51.1971167+09:00         "action": "not_due",
2026-06-15T10:12:51.1971167+09:00         "taskId": "daily-20260615-r03",
2026-06-15T10:12:51.1971167+09:00         "reason": "jst_hour=10"
2026-06-15T10:12:51.1971167+09:00       }
2026-06-15T10:12:51.1971167+09:00     ]
2026-06-15T10:12:51.1971167+09:00   },
2026-06-15T10:12:51.1971167+09:00   "reconcile": {
2026-06-15T10:12:51.1971167+09:00     "resetProcessing": 0,
2026-06-15T10:12:51.2126547+09:00     "inserted": 1,
2026-06-15T10:12:51.2146614+09:00     "scanned": 11,
2026-06-15T10:12:51.2146614+09:00     "stale": {
2026-06-15T10:12:51.2146614+09:00       "scanned": 11,
2026-06-15T10:12:51.2146614+09:00       "staleDetected": 0,
2026-06-15T10:12:51.2235222+09:00       "rolledBack": 0,
2026-06-15T10:12:51.2255290+09:00       "skippedCap": 0,
2026-06-15T10:12:51.2283590+09:00       "dryRun": false,
2026-06-15T10:12:51.2283590+09:00       "actions": []
2026-06-15T10:12:51.2283590+09:00     }
2026-06-15T10:12:51.2283590+09:00   },
2026-06-15T10:12:51.2375284+09:00   "dispatch": {
2026-06-15T10:12:51.2395364+09:00     "claimed": 1,
2026-06-15T10:12:51.2395364+09:00     "done": 1,
2026-06-15T10:12:51.2441528+09:00     "failed": 0
2026-06-15T10:12:51.2441528+09:00   },
2026-06-15T10:12:51.2482500+09:00   "step4_poll": {
2026-06-15T10:12:51.2482500+09:00     "scanned": 11,
2026-06-15T10:12:51.2482500+09:00     "awaiting": 1,
2026-06-15T10:12:51.2482500+09:00     "polled": 0,
2026-06-15T10:12:51.2482500+09:00     "picks_applied": 0,
2026-06-15T10:12:51.2482500+09:00     "pick_errors": 0,
2026-06-15T10:12:51.2599862+09:00     "timeouts": 0,
2026-06-15T10:12:51.2619933+09:00     "skipped": 0,
2026-06-15T10:12:51.2640001+09:00     "results": [
2026-06-15T10:12:51.2640001+09:00       {
2026-06-15T10:12:51.2640001+09:00         "task_id": "daily-20260615-r01",
2026-06-15T10:12:51.2640001+09:00         "result": {
2026-06-15T10:12:51.2640001+09:00           "outcome": "no_new_messages"
2026-06-15T10:12:51.2640001+09:00         }
2026-06-15T10:12:51.2759883+09:00       }
2026-06-15T10:12:51.2759883+09:00     ]
2026-06-15T10:12:51.2759883+09:00   },
2026-06-15T10:12:51.2759883+09:00   "step7_retry_poll": {
2026-06-15T10:12:51.2759883+09:00     "scanned": 11,
2026-06-15T10:12:51.2759883+09:00     "eligible": 8,
2026-06-15T10:12:51.2759883+09:00     "polled": 0,
2026-06-15T10:12:51.2890409+09:00     "retries_triggered": 0,
2026-06-15T10:12:51.2918470+09:00     "retry_errors": 0,
2026-06-15T10:12:51.2938554+09:00     "skipped": 0,
2026-06-15T10:12:51.2938554+09:00     "results": []
2026-06-15T10:12:51.2938554+09:00   }
2026-06-15T10:12:51.2938554+09:00 }
2026-06-15T10:12:51.3027085+09:00 OK run-once finished
2026-06-15T10:17:48.0760366+09:00 START dispatch-run-once
2026-06-15T10:17:48.4576689+09:00 
2026-06-15T10:17:48.4596764+09:00 > orchestrator
2026-06-15T10:17:48.4616851+09:00 > tsx src/cli/orchestrator.ts run-once --limit 10
2026-06-15T10:17:48.4646826+09:00 
2026-06-15T10:17:51.4649894+09:00 {
2026-06-15T10:17:51.4684927+09:00   "ensure_daily": {
2026-06-15T10:17:51.4715467+09:00     "runs": [
2026-06-15T10:17:51.4750604+09:00       {
2026-06-15T10:17:51.4777245+09:00         "run_id": "r01",
2026-06-15T10:17:51.4797329+09:00         "action": "skipped_exists",
2026-06-15T10:17:51.4817316+09:00         "taskId": "daily-20260615-r01"
2026-06-15T10:17:51.4842465+09:00       },
2026-06-15T10:17:51.4862460+09:00       {
2026-06-15T10:17:51.5068877+09:00         "run_id": "r02",
2026-06-15T10:17:51.5099724+09:00         "action": "not_due",
2026-06-15T10:17:51.5119702+09:00         "taskId": "daily-20260615-r02",
2026-06-15T10:17:51.5149799+09:00         "reason": "jst_hour=10"
2026-06-15T10:17:51.5169762+09:00       },
2026-06-15T10:17:51.5194870+09:00       {
2026-06-15T10:17:51.5204941+09:00         "run_id": "r03",
2026-06-15T10:17:51.5230002+09:00         "action": "not_due",
2026-06-15T10:17:51.5250081+09:00         "taskId": "daily-20260615-r03",
2026-06-15T10:17:51.5269647+09:00         "reason": "jst_hour=10"
2026-06-15T10:17:51.5279651+09:00       }
2026-06-15T10:17:51.5300579+09:00     ]
2026-06-15T10:17:51.5310576+09:00   },
2026-06-15T10:17:51.5320600+09:00   "reconcile": {
2026-06-15T10:17:51.5340578+09:00     "resetProcessing": 0,
2026-06-15T10:17:51.5350573+09:00     "inserted": 1,
2026-06-15T10:17:51.5360577+09:00     "scanned": 11,
2026-06-15T10:17:51.5375630+09:00     "stale": {
2026-06-15T10:17:51.5395704+09:00       "scanned": 11,
2026-06-15T10:17:51.5415708+09:00       "staleDetected": 0,
2026-06-15T10:17:51.5430831+09:00       "rolledBack": 0,
2026-06-15T10:17:51.5450932+09:00       "skippedCap": 0,
2026-06-15T10:17:51.5460897+09:00       "dryRun": false,
2026-06-15T10:17:51.5486071+09:00       "actions": []
2026-06-15T10:17:51.5496099+09:00     }
2026-06-15T10:17:51.5516036+09:00   },
2026-06-15T10:17:51.5531093+09:00   "dispatch": {
2026-06-15T10:17:51.5541190+09:00     "claimed": 1,
2026-06-15T10:17:51.5561168+09:00     "done": 1,
2026-06-15T10:17:51.5586326+09:00     "failed": 0
2026-06-15T10:17:51.5596312+09:00   },
2026-06-15T10:17:51.5616314+09:00   "step4_poll": {
2026-06-15T10:17:51.5631362+09:00     "scanned": 11,
2026-06-15T10:17:51.5641425+09:00     "awaiting": 1,
2026-06-15T10:17:51.5661421+09:00     "polled": 0,
2026-06-15T10:17:51.5676483+09:00     "picks_applied": 0,
2026-06-15T10:17:51.5689760+09:00     "pick_errors": 0,
2026-06-15T10:17:51.5700081+09:00     "timeouts": 0,
2026-06-15T10:17:51.5719825+09:00     "skipped": 0,
2026-06-15T10:17:51.5730188+09:00     "results": [
2026-06-15T10:17:51.5749838+09:00       {
2026-06-15T10:17:51.5761902+09:00         "task_id": "daily-20260615-r01",
2026-06-15T10:17:51.5776967+09:00         "result": {
2026-06-15T10:17:51.5787204+09:00           "outcome": "no_new_messages"
2026-06-15T10:17:51.5807035+09:00         }
2026-06-15T10:17:51.5817366+09:00       }
2026-06-15T10:17:51.5837037+09:00     ]
2026-06-15T10:17:51.5847027+09:00   },
2026-06-15T10:17:51.5867033+09:00   "step7_retry_poll": {
2026-06-15T10:17:51.5877037+09:00     "scanned": 11,
2026-06-15T10:17:51.5898024+09:00     "eligible": 8,
2026-06-15T10:17:51.5908011+09:00     "polled": 0,
2026-06-15T10:17:51.5918011+09:00     "retries_triggered": 0,
2026-06-15T10:17:51.5938017+09:00     "retry_errors": 0,
2026-06-15T10:17:51.5948028+09:00     "skipped": 0,
2026-06-15T10:17:51.5958021+09:00     "results": []
2026-06-15T10:17:51.5978016+09:00   }
2026-06-15T10:17:51.5993106+09:00 }
2026-06-15T10:17:51.6013109+09:00 OK run-once finished
2026-06-15T10:22:48.2003680+09:00 START dispatch-run-once
2026-06-15T10:22:48.5793504+09:00 
2026-06-15T10:22:48.5818585+09:00 > orchestrator
2026-06-15T10:22:48.5838670+09:00 > tsx src/cli/orchestrator.ts run-once --limit 10
2026-06-15T10:22:48.5848649+09:00 
2026-06-15T10:22:51.6156864+09:00 {
2026-06-15T10:22:51.6202249+09:00   "ensure_daily": {
2026-06-15T10:22:51.6257507+09:00     "runs": [
2026-06-15T10:22:51.6282671+09:00       {
2026-06-15T10:22:51.6317892+09:00         "run_id": "r01",
2026-06-15T10:22:51.6337995+09:00         "action": "skipped_exists",
2026-06-15T10:22:51.6363085+09:00         "taskId": "daily-20260615-r01"
2026-06-15T10:22:51.6383202+09:00       },
2026-06-15T10:22:51.6393180+09:00       {
2026-06-15T10:22:51.6573748+09:00         "run_id": "r02",
2026-06-15T10:22:51.6593767+09:00         "action": "not_due",
2026-06-15T10:22:51.6618950+09:00         "taskId": "daily-20260615-r02",
2026-06-15T10:22:51.6638923+09:00         "reason": "jst_hour=10"
2026-06-15T10:22:51.6663992+09:00       },
2026-06-15T10:22:51.6684681+09:00       {
2026-06-15T10:22:51.6704065+09:00         "run_id": "r03",
2026-06-15T10:22:51.6719117+09:00         "action": "not_due",
2026-06-15T10:22:51.6739210+09:00         "taskId": "daily-20260615-r03",
2026-06-15T10:22:51.6764326+09:00         "reason": "jst_hour=10"
2026-06-15T10:22:51.6784445+09:00       }
2026-06-15T10:22:51.6794437+09:00     ]
2026-06-15T10:22:51.6804436+09:00   },
2026-06-15T10:22:51.6829610+09:00   "reconcile": {
2026-06-15T10:22:51.6849617+09:00     "resetProcessing": 0,
2026-06-15T10:22:51.6864684+09:00     "inserted": 1,
2026-06-15T10:22:51.6874746+09:00     "scanned": 11,
2026-06-15T10:22:51.6894736+09:00     "stale": {
2026-06-15T10:22:51.6904746+09:00       "scanned": 11,
2026-06-15T10:22:51.6919813+09:00       "staleDetected": 0,
2026-06-15T10:22:51.6939876+09:00       "rolledBack": 0,
2026-06-15T10:22:51.6949875+09:00       "skippedCap": 0,
2026-06-15T10:22:51.6975039+09:00       "dryRun": false,
2026-06-15T10:22:51.6985053+09:00       "actions": []
2026-06-15T10:22:51.7005046+09:00     }
2026-06-15T10:22:51.7025046+09:00   },
2026-06-15T10:22:51.7045048+09:00   "dispatch": {
2026-06-15T10:22:51.7064082+09:00     "claimed": 1,
2026-06-15T10:22:51.7074176+09:00     "done": 1,
2026-06-15T10:22:51.7094157+09:00     "failed": 0
2026-06-15T10:22:51.7104155+09:00   },
2026-06-15T10:22:51.7119213+09:00   "step4_poll": {
2026-06-15T10:22:51.7129278+09:00     "scanned": 11,
2026-06-15T10:22:51.7149277+09:00     "awaiting": 1,
2026-06-15T10:22:51.7164338+09:00     "polled": 0,
2026-06-15T10:22:51.7174393+09:00     "picks_applied": 0,
2026-06-15T10:22:51.7184417+09:00     "pick_errors": 0,
2026-06-15T10:22:51.7204407+09:00     "timeouts": 0,
2026-06-15T10:22:51.7219481+09:00     "skipped": 0,
2026-06-15T10:22:51.7229530+09:00     "results": [
2026-06-15T10:22:51.7249545+09:00       {
2026-06-15T10:22:51.7264599+09:00         "task_id": "daily-20260615-r01",
2026-06-15T10:22:51.7274666+09:00         "result": {
2026-06-15T10:22:51.7294674+09:00           "outcome": "no_new_messages"
2026-06-15T10:22:51.7304677+09:00         }
2026-06-15T10:22:51.7319745+09:00       }
2026-06-15T10:22:51.7329799+09:00     ]
2026-06-15T10:22:51.7349804+09:00   },
2026-06-15T10:22:51.7364875+09:00   "step7_retry_poll": {
2026-06-15T10:22:51.7384947+09:00     "scanned": 11,
2026-06-15T10:22:51.7394945+09:00     "eligible": 8,
2026-06-15T10:22:51.7404933+09:00     "polled": 0,
2026-06-15T10:22:51.7424943+09:00     "retries_triggered": 0,
2026-06-15T10:22:51.7434926+09:00     "retry_errors": 0,
2026-06-15T10:22:51.7454943+09:00     "skipped": 0,
2026-06-15T10:22:51.7464945+09:00     "results": []
2026-06-15T10:22:51.7480037+09:00   }
2026-06-15T10:22:51.7490020+09:00 }
2026-06-15T10:22:51.7515100+09:00 OK run-once finished
2026-06-15T10:27:48.5817748+09:00 START dispatch-run-once
2026-06-15T10:27:48.9651448+09:00 
2026-06-15T10:27:48.9666575+09:00 > orchestrator
2026-06-15T10:27:48.9696661+09:00 > tsx src/cli/orchestrator.ts run-once --limit 10
2026-06-15T10:27:48.9716639+09:00 
2026-06-15T10:27:50.8654349+09:00 2026-06-15T01:27:50.864Z [info] [Step5 research daily-20260615-r01/2ce5578234f21660] [-] run_agent start {"timeout_ms":600000,"idempotency_key":"step5-research-daily-20260615-r01-r01-2ce5578234f21660-1781486870863"}
2026-06-15T10:27:50.8684456+09:00 2026-06-15T01:27:50.865Z [info] [Step5 research daily-20260615-r01/2ce5578234f21660] [-] rpc agent begin {"timeout_ms":600000}
2026-06-15T10:27:50.9327036+09:00 2026-06-15T01:27:50.931Z [info] [Step5 research daily-20260615-r01/2ce5578234f21660] [-] rpc agent ok {"duration_ms":66}
2026-06-15T10:27:50.9357028+09:00 2026-06-15T01:27:50.932Z [info] [Step5 research daily-20260615-r01/2ce5578234f21660] [-] rpc agent.wait begin {"timeout_ms":600000}
2026-06-15T10:28:06.3577356+09:00 2026-06-15T01:28:06.357Z [info] [Step5 research daily-20260615-r01/2ce5578234f21660] [-] rpc agent.wait ok {"duration_ms":15425}
2026-06-15T10:28:06.3607380+09:00 2026-06-15T01:28:06.357Z [info] [Step5 research daily-20260615-r01/2ce5578234f21660] [-] rpc chat.history begin {"timeout_ms":600000}
2026-06-15T10:28:06.6490339+09:00 2026-06-15T01:28:06.647Z [info] [Step5 research daily-20260615-r01/2ce5578234f21660] [-] rpc chat.history ok {"duration_ms":290}
2026-06-15T10:28:06.6639278+09:00 2026-06-15T01:28:06.649Z [info] [Step5 research daily-20260615-r01/2ce5578234f21660] [-] run_agent done {"duration_ms":15785,"gateway_run_id":"step5-research-daily-20260615-r01-r01-2ce5578234f21660-1781486870863","content_chars":1334}
2026-06-15T10:28:06.9726061+09:00 2026-06-15T01:28:06.970Z [info] [Step6 copy daily-20260615-r01/2ce5578234f21660 attempt=1] [-] run_agent start {"timeout_ms":600000,"idempotency_key":"step6-copy-daily-20260615-r01-r01-2ce5578234f21660-1781486886968-1"}
2026-06-15T10:28:07.0082208+09:00 2026-06-15T01:28:06.972Z [info] [Step6 copy daily-20260615-r01/2ce5578234f21660 attempt=1] [-] rpc agent begin {"timeout_ms":600000}
2026-06-15T10:28:07.0304823+09:00 2026-06-15T01:28:07.029Z [info] [Step6 copy daily-20260615-r01/2ce5578234f21660 attempt=1] [-] rpc agent ok {"duration_ms":57}
2026-06-15T10:28:07.0324740+09:00 2026-06-15T01:28:07.030Z [info] [Step6 copy daily-20260615-r01/2ce5578234f21660 attempt=1] [-] rpc agent.wait begin {"timeout_ms":600000}
2026-06-15T10:28:23.3234912+09:00 2026-06-15T01:28:23.321Z [info] [Step6 copy daily-20260615-r01/2ce5578234f21660 attempt=1] [-] rpc agent.wait ok {"duration_ms":16291}
2026-06-15T10:28:23.3275300+09:00 2026-06-15T01:28:23.322Z [info] [Step6 copy daily-20260615-r01/2ce5578234f21660 attempt=1] [-] rpc chat.history begin {"timeout_ms":600000}
2026-06-15T10:28:23.3608449+09:00 2026-06-15T01:28:23.359Z [info] [Step6 copy daily-20260615-r01/2ce5578234f21660 attempt=1] [-] rpc chat.history ok {"duration_ms":37}
2026-06-15T10:28:23.3628575+09:00 2026-06-15T01:28:23.360Z [info] [Step6 copy daily-20260615-r01/2ce5578234f21660 attempt=1] [-] run_agent done {"duration_ms":16390,"gateway_run_id":"step6-copy-daily-20260615-r01-r01-2ce5578234f21660-1781486886968-1","content_chars":6688}
2026-06-15T10:28:23.3671334+09:00 [content-copy] daily-20260615-r01/2ce5578234f21660: CONTENT_COPY_DRAFT_LIMIT: X (x) body: 436 chars, max 200 窶・retry 2/3
2026-06-15T10:28:23.3691404+09:00 2026-06-15T01:28:23.362Z [info] [Step6 copy daily-20260615-r01/2ce5578234f21660 attempt=2] [-] run_agent start {"timeout_ms":600000,"idempotency_key":"step6-copy-daily-20260615-r01-r01-2ce5578234f21660-1781486903362-2"}
2026-06-15T10:28:23.3726566+09:00 2026-06-15T01:28:23.363Z [info] [Step6 copy daily-20260615-r01/2ce5578234f21660 attempt=2] [-] rpc agent begin {"timeout_ms":600000}
2026-06-15T10:28:23.4392960+09:00 2026-06-15T01:28:23.439Z [info] [Step6 copy daily-20260615-r01/2ce5578234f21660 attempt=2] [-] rpc agent ok {"duration_ms":76}
2026-06-15T10:28:23.4418168+09:00 2026-06-15T01:28:23.439Z [info] [Step6 copy daily-20260615-r01/2ce5578234f21660 attempt=2] [-] rpc agent.wait begin {"timeout_ms":600000}
2026-06-15T10:28:39.1060137+09:00 2026-06-15T01:28:39.104Z [info] [Step6 copy daily-20260615-r01/2ce5578234f21660 attempt=2] [-] rpc agent.wait ok {"duration_ms":15665}
2026-06-15T10:28:39.1105903+09:00 2026-06-15T01:28:39.105Z [info] [Step6 copy daily-20260615-r01/2ce5578234f21660 attempt=2] [-] rpc chat.history begin {"timeout_ms":600000}
2026-06-15T10:28:39.1392688+09:00 2026-06-15T01:28:39.138Z [info] [Step6 copy daily-20260615-r01/2ce5578234f21660 attempt=2] [-] rpc chat.history ok {"duration_ms":33}
2026-06-15T10:28:39.1427880+09:00 2026-06-15T01:28:39.139Z [info] [Step6 copy daily-20260615-r01/2ce5578234f21660 attempt=2] [-] run_agent done {"duration_ms":15777,"gateway_run_id":"step6-copy-daily-20260615-r01-r01-2ce5578234f21660-1781486903362-2","content_chars":2806}
2026-06-15T10:28:39.1453071+09:00 [content-copy] daily-20260615-r01/2ce5578234f21660: CONTENT_COPY_DRAFT_LIMIT: X (x) body: 244 chars, max 200 窶・retry 3/3
2026-06-15T10:28:39.1483187+09:00 2026-06-15T01:28:39.140Z [info] [Step6 copy daily-20260615-r01/2ce5578234f21660 attempt=3] [-] run_agent start {"timeout_ms":600000,"idempotency_key":"step6-copy-daily-20260615-r01-r01-2ce5578234f21660-1781486919140-3"}
2026-06-15T10:28:39.1513204+09:00 2026-06-15T01:28:39.141Z [info] [Step6 copy daily-20260615-r01/2ce5578234f21660 attempt=3] [-] rpc agent begin {"timeout_ms":600000}
2026-06-15T10:28:39.2135566+09:00 2026-06-15T01:28:39.213Z [info] [Step6 copy daily-20260615-r01/2ce5578234f21660 attempt=3] [-] rpc agent ok {"duration_ms":72}
2026-06-15T10:28:39.2170737+09:00 2026-06-15T01:28:39.214Z [info] [Step6 copy daily-20260615-r01/2ce5578234f21660 attempt=3] [-] rpc agent.wait begin {"timeout_ms":600000}
2026-06-15T10:28:54.7255299+09:00 2026-06-15T01:28:54.725Z [info] [Step6 copy daily-20260615-r01/2ce5578234f21660 attempt=3] [-] rpc agent.wait ok {"duration_ms":15511}
2026-06-15T10:28:54.7303822+09:00 2026-06-15T01:28:54.726Z [info] [Step6 copy daily-20260615-r01/2ce5578234f21660 attempt=3] [-] rpc chat.history begin {"timeout_ms":600000}
2026-06-15T10:28:55.0489682+09:00 2026-06-15T01:28:55.048Z [info] [Step6 copy daily-20260615-r01/2ce5578234f21660 attempt=3] [-] rpc chat.history ok {"duration_ms":322}
2026-06-15T10:28:55.0524971+09:00 2026-06-15T01:28:55.049Z [info] [Step6 copy daily-20260615-r01/2ce5578234f21660 attempt=3] [-] run_agent done {"duration_ms":15909,"gateway_run_id":"step6-copy-daily-20260615-r01-r01-2ce5578234f21660-1781486919140-3","content_chars":3781}
2026-06-15T10:28:55.0580316+09:00 [content-copy] daily-20260615-r01/2ce5578234f21660: limits still exceeded after 3 attempts; applied local clamp (CONTENT_COPY_DRAFT_LIMIT: 蟆冗ｺ｢荵ｦ (xiaohongshu) title: 22 chars, max 16; X (x) body: 368 chars, max 200)
2026-06-15T10:29:26.6627345+09:00 [2026-06-15T01:29:26.663Z] 蠑蟋句書蟶・mode=post platform=xiaohongshu profile=default job=C:\Users\compu\.openclaw\publish-system\data\tasks\daily-20260615-r01\publish\publish_job_20260615_r01.json
2026-06-15T10:29:30.8137122+09:00 [2026-06-15T01:29:30.813Z] 逋ｻ蠖墓∝ｷｲ菫晏ｭ・ C:\Users\compu\.openclaw\publish-system\data\auth\xiaohongshu\default\state.json
2026-06-15T10:29:31.0140904+09:00 [2026-06-15T01:29:31.013Z] 扈捺棡蟾ｲ菫晏ｭ・ C:\Users\compu\.openclaw\publish-system\logs\task\daily-20260615-r01\xiaohongshu\default\result.json
2026-06-15T10:29:31.0150878+09:00 [2026-06-15T01:29:31.015Z] 蠑蟋句書蟶・mode=post platform=facebook profile=default job=C:\Users\compu\.openclaw\publish-system\data\tasks\daily-20260615-r01\publish\publish_job_20260615_r01.json
2026-06-15T10:32:48.5082342+09:00 START dispatch-run-once
2026-06-15T10:32:48.8880036+09:00 
2026-06-15T10:32:48.8895102+09:00 > orchestrator
2026-06-15T10:32:48.8915182+09:00 > tsx src/cli/orchestrator.ts run-once --limit 10
2026-06-15T10:32:48.8925154+09:00 
2026-06-15T10:32:51.7262053+09:00 {
2026-06-15T10:32:51.7347628+09:00   "ensure_daily": {
2026-06-15T10:32:51.7411118+09:00     "runs": [
2026-06-15T10:32:51.7456773+09:00       {
2026-06-15T10:32:51.7486859+09:00         "run_id": "r01",
2026-06-15T10:32:51.7526869+09:00         "action": "skipped_exists",
2026-06-15T10:32:51.7558058+09:00         "taskId": "daily-20260615-r01"
2026-06-15T10:32:51.7578061+09:00       },
2026-06-15T10:32:51.7598155+09:00       {
2026-06-15T10:32:51.7824894+09:00         "run_id": "r02",
2026-06-15T10:32:51.7850022+09:00         "action": "not_due",
2026-06-15T10:32:51.7870038+09:00         "taskId": "daily-20260615-r02",
2026-06-15T10:32:51.7895107+09:00         "reason": "jst_hour=10"
2026-06-15T10:32:51.7915165+09:00       },
2026-06-15T10:32:51.7935548+09:00       {
2026-06-15T10:32:51.7958098+09:00         "run_id": "r03",
2026-06-15T10:32:51.7968128+09:00         "action": "not_due",
2026-06-15T10:32:51.7993159+09:00         "taskId": "daily-20260615-r03",
2026-06-15T10:32:51.8003220+09:00         "reason": "jst_hour=10"
2026-06-15T10:32:51.8023217+09:00       }
2026-06-15T10:32:51.8033242+09:00     ]
2026-06-15T10:32:51.8043227+09:00   },
2026-06-15T10:32:51.8067199+09:00   "reconcile": {
2026-06-15T10:32:51.8077204+09:00     "resetProcessing": 0,
2026-06-15T10:32:51.8087230+09:00     "inserted": 0,
2026-06-15T10:32:51.8107196+09:00     "scanned": 11,
2026-06-15T10:32:51.8117207+09:00     "stale": {
2026-06-15T10:32:51.8137204+09:00       "scanned": 11,
2026-06-15T10:32:51.8147214+09:00       "staleDetected": 0,
2026-06-15T10:32:51.8170424+09:00       "rolledBack": 0,
2026-06-15T10:32:51.8195496+09:00       "skippedCap": 0,
2026-06-15T10:32:51.8205598+09:00       "dryRun": false,
2026-06-15T10:32:51.8225571+09:00       "actions": []
2026-06-15T10:32:51.8235569+09:00     }
2026-06-15T10:32:51.8260666+09:00   },
2026-06-15T10:32:51.8270677+09:00   "dispatch": {
2026-06-15T10:32:51.8280670+09:00     "claimed": 6,
2026-06-15T10:32:51.8305810+09:00     "done": 6,
2026-06-15T10:32:51.8315804+09:00     "failed": 0
2026-06-15T10:32:51.8325816+09:00   },
2026-06-15T10:32:51.8345812+09:00   "step4_poll": {
2026-06-15T10:32:51.8356138+09:00     "scanned": 11,
2026-06-15T10:32:51.8376143+09:00     "awaiting": 0,
2026-06-15T10:32:51.8386139+09:00     "polled": 0,
2026-06-15T10:32:51.8406185+09:00     "picks_applied": 0,
2026-06-15T10:32:51.8416195+09:00     "pick_errors": 0,
2026-06-15T10:32:51.8430782+09:00     "timeouts": 0,
2026-06-15T10:32:51.8446228+09:00     "skipped": 0,
2026-06-15T10:32:51.8456295+09:00     "results": []
2026-06-15T10:32:51.8476303+09:00   },
2026-06-15T10:32:51.8486294+09:00   "step7_retry_poll": {
2026-06-15T10:32:51.8506294+09:00     "scanned": 11,
2026-06-15T10:32:51.8516297+09:00     "eligible": 8,
2026-06-15T10:32:51.8526295+09:00     "polled": 0,
2026-06-15T10:32:51.8546287+09:00     "retries_triggered": 0,
2026-06-15T10:32:51.8556871+09:00     "retry_errors": 0,
2026-06-15T10:32:51.8566878+09:00     "skipped": 0,
2026-06-15T10:32:51.8586897+09:00     "results": []
2026-06-15T10:32:51.8596893+09:00   }
2026-06-15T10:32:51.8616882+09:00 }
2026-06-15T10:32:51.8636889+09:00 OK run-once finished
2026-06-15T10:35:28.0367374+09:00 [2026-06-15T01:35:28.034Z] 逋ｻ蠖墓∝ｷｲ菫晏ｭ・ C:\Users\compu\.openclaw\publish-system\data\auth\facebook\default\state.json
2026-06-15T10:35:28.3920944+09:00 [2026-06-15T01:35:28.391Z] 扈捺棡蟾ｲ菫晏ｭ・ C:\Users\compu\.openclaw\publish-system\logs\task\daily-20260615-r01\facebook\default\result.json
2026-06-15T10:35:28.3951694+09:00 [2026-06-15T01:35:28.393Z] 蠑蟋句書蟶・mode=post platform=x profile=default job=C:\Users\compu\.openclaw\publish-system\data\tasks\daily-20260615-r01\publish\publish_job_20260615_r01.json
2026-06-15T10:36:49.6352421+09:00 [2026-06-15T01:36:49.612Z] 逋ｻ蠖墓∝ｷｲ菫晏ｭ・ C:\Users\compu\.openclaw\publish-system\data\auth\x\default\state.json
2026-06-15T10:36:49.9916523+09:00 [2026-06-15T01:36:49.991Z] 扈捺棡蟾ｲ菫晏ｭ・ C:\Users\compu\.openclaw\publish-system\logs\task\daily-20260615-r01\x\default\result.json
2026-06-15T10:36:49.9961781+09:00 [2026-06-15T01:36:49.993Z] 蠑蟋句書蟶・mode=post platform=instagram profile=default job=C:\Users\compu\.openclaw\publish-system\data\tasks\daily-20260615-r01\publish\publish_job_20260615_r01.json
2026-06-15T10:37:47.5731006+09:00 START dispatch-run-once
2026-06-15T10:37:47.9680927+09:00 
2026-06-15T10:37:47.9700925+09:00 > orchestrator
2026-06-15T10:37:47.9720931+09:00 > tsx src/cli/orchestrator.ts run-once --limit 10
2026-06-15T10:37:47.9746033+09:00 
2026-06-15T10:37:50.7597575+09:00 {
2026-06-15T10:37:50.7671214+09:00   "ensure_daily": {
2026-06-15T10:37:50.7731732+09:00     "runs": [
2026-06-15T10:37:50.7771860+09:00       {
2026-06-15T10:37:50.7817064+09:00         "run_id": "r01",
2026-06-15T10:37:50.7852275+09:00         "action": "skipped_exists",
2026-06-15T10:37:50.7887540+09:00         "taskId": "daily-20260615-r01"
2026-06-15T10:37:50.7917649+09:00       },
2026-06-15T10:37:50.7942835+09:00       {
2026-06-15T10:37:50.8133486+09:00         "run_id": "r02",
2026-06-15T10:37:50.8153928+09:00         "action": "not_due",
2026-06-15T10:37:50.8173965+09:00         "taskId": "daily-20260615-r02",
2026-06-15T10:37:50.8193923+09:00         "reason": "jst_hour=10"
2026-06-15T10:37:50.8213931+09:00       },
2026-06-15T10:37:50.8223931+09:00       {
2026-06-15T10:37:50.8243174+09:00         "run_id": "r03",
2026-06-15T10:37:50.8263237+09:00         "action": "not_due",
2026-06-15T10:37:50.8273236+09:00         "taskId": "daily-20260615-r03",
2026-06-15T10:37:50.8288291+09:00         "reason": "jst_hour=10"
2026-06-15T10:37:50.8308353+09:00       }
2026-06-15T10:37:50.8318359+09:00     ]
2026-06-15T10:37:50.8333421+09:00   },
2026-06-15T10:37:50.8353487+09:00   "reconcile": {
2026-06-15T10:37:50.8363481+09:00     "resetProcessing": 0,
2026-06-15T10:37:50.8383499+09:00     "inserted": 0,
2026-06-15T10:37:50.8393489+09:00     "scanned": 11,
2026-06-15T10:37:50.8413487+09:00     "stale": {
2026-06-15T10:37:50.8423476+09:00       "scanned": 11,
2026-06-15T10:37:50.8444656+09:00       "staleDetected": 0,
2026-06-15T10:37:50.8464678+09:00       "rolledBack": 0,
2026-06-15T10:37:50.8474662+09:00       "skippedCap": 0,
2026-06-15T10:37:50.8504667+09:00       "dryRun": false,
2026-06-15T10:37:50.8514655+09:00       "actions": []
2026-06-15T10:37:50.8534673+09:00     }
2026-06-15T10:37:50.8549766+09:00   },
2026-06-15T10:37:50.8559777+09:00   "dispatch": {
2026-06-15T10:37:50.8584855+09:00     "claimed": 0,
2026-06-15T10:37:50.8594942+09:00     "done": 0,
2026-06-15T10:37:50.8604917+09:00     "failed": 0
2026-06-15T10:37:50.8624917+09:00   },
2026-06-15T10:37:50.8634939+09:00   "step4_poll": {
2026-06-15T10:37:50.8648299+09:00     "scanned": 11,
2026-06-15T10:37:50.8668300+09:00     "awaiting": 0,
2026-06-15T10:37:50.8683358+09:00     "polled": 0,
2026-06-15T10:37:50.8693424+09:00     "picks_applied": 0,
2026-06-15T10:37:50.8713422+09:00     "pick_errors": 0,
2026-06-15T10:37:50.8723415+09:00     "timeouts": 0,
2026-06-15T10:37:50.8733428+09:00     "skipped": 0,
2026-06-15T10:37:50.8754507+09:00     "results": []
2026-06-15T10:37:50.8764516+09:00   },
2026-06-15T10:37:50.8784522+09:00   "step7_retry_poll": {
2026-06-15T10:37:50.8794517+09:00     "scanned": 11,
2026-06-15T10:37:50.8814525+09:00     "eligible": 8,
2026-06-15T10:37:50.8824508+09:00     "polled": 0,
2026-06-15T10:37:50.8834516+09:00     "retries_triggered": 0,
2026-06-15T10:37:50.8857397+09:00     "retry_errors": 0,
2026-06-15T10:37:50.8867383+09:00     "skipped": 0,
2026-06-15T10:37:50.8887387+09:00     "results": []
2026-06-15T10:37:50.8897390+09:00   }
2026-06-15T10:37:50.8917381+09:00 }
2026-06-15T10:37:50.8932442+09:00 OK run-once finished
2026-06-15T10:38:23.9531063+09:00 [2026-06-15T01:38:23.951Z] 逋ｻ蠖墓∝ｷｲ菫晏ｭ・ C:\Users\compu\.openclaw\publish-system\data\auth\instagram\default\state.json
2026-06-15T10:38:24.4041387+09:00 [2026-06-15T01:38:24.403Z] 扈捺棡蟾ｲ菫晏ｭ・ C:\Users\compu\.openclaw\publish-system\logs\task\daily-20260615-r01\instagram\default\result.json
2026-06-15T10:38:26.5058083+09:00 {
2026-06-15T10:38:26.5095476+09:00   "ensure_daily": {
2026-06-15T10:38:26.5130566+09:00     "runs": [
2026-06-15T10:38:26.5160680+09:00       {
2026-06-15T10:38:26.5185784+09:00         "run_id": "r01",
2026-06-15T10:38:26.5215891+09:00         "action": "skipped_exists",
2026-06-15T10:38:26.5230969+09:00         "taskId": "daily-20260615-r01"
2026-06-15T10:38:26.5251076+09:00       },
2026-06-15T10:38:26.5271063+09:00       {
2026-06-15T10:38:26.5296269+09:00         "run_id": "r02",
2026-06-15T10:38:26.5316252+09:00         "action": "not_due",
2026-06-15T10:38:26.5331340+09:00         "taskId": "daily-20260615-r02",
2026-06-15T10:38:26.5351421+09:00         "reason": "jst_hour=10"
2026-06-15T10:38:26.5361410+09:00       },
2026-06-15T10:38:26.5386492+09:00       {
2026-06-15T10:38:26.5401574+09:00         "run_id": "r03",
2026-06-15T10:38:26.5421640+09:00         "action": "not_due",
2026-06-15T10:38:26.5446781+09:00         "taskId": "daily-20260615-r03",
2026-06-15T10:38:26.5466831+09:00         "reason": "jst_hour=10"
2026-06-15T10:38:26.5492073+09:00       }
2026-06-15T10:38:26.5502025+09:00     ]
2026-06-15T10:38:26.5522045+09:00   },
2026-06-15T10:38:26.5546533+09:00   "reconcile": {
2026-06-15T10:38:26.5566503+09:00     "resetProcessing": 0,
2026-06-15T10:38:26.5581577+09:00     "inserted": 1,
2026-06-15T10:38:26.5601661+09:00     "scanned": 11,
2026-06-15T10:38:26.5621674+09:00     "stale": {
2026-06-15T10:38:26.5631686+09:00       "scanned": 11,
2026-06-15T10:38:26.5652114+09:00       "staleDetected": 0,
2026-06-15T10:38:26.5662114+09:00       "rolledBack": 0,
2026-06-15T10:38:26.5682111+09:00       "skippedCap": 0,
2026-06-15T10:38:26.5692128+09:00       "dryRun": false,
2026-06-15T10:38:26.5702124+09:00       "actions": []
2026-06-15T10:38:26.5722113+09:00     }
2026-06-15T10:38:26.5737221+09:00   },
2026-06-15T10:38:26.5747279+09:00   "dispatch": {
2026-06-15T10:38:26.5757272+09:00     "claimed": 3,
2026-06-15T10:38:26.5782354+09:00     "done": 3,
2026-06-15T10:38:26.5792513+09:00     "failed": 0
2026-06-15T10:38:26.5812430+09:00   },
2026-06-15T10:38:26.5822446+09:00   "step4_poll": {
2026-06-15T10:38:26.5837550+09:00     "scanned": 11,
2026-06-15T10:38:26.5847598+09:00     "awaiting": 1,
2026-06-15T10:38:26.5867597+09:00     "polled": 1,
2026-06-15T10:38:26.5882668+09:00     "picks_applied": 1,
2026-06-15T10:38:26.5892763+09:00     "pick_errors": 0,
2026-06-15T10:38:26.5902753+09:00     "timeouts": 0,
2026-06-15T10:38:26.5922790+09:00     "skipped": 0,
2026-06-15T10:38:26.5937873+09:00     "results": [
2026-06-15T10:38:26.5957911+09:00       {
2026-06-15T10:38:26.5967916+09:00         "task_id": "daily-20260615-r01",
2026-06-15T10:38:26.5983026+09:00         "result": {
2026-06-15T10:38:26.6003124+09:00           "outcome": "pick_applied",
2026-06-15T10:38:26.6013103+09:00           "task_id": "daily-20260615-r01"
2026-06-15T10:38:26.6023128+09:00         }
2026-06-15T10:38:26.6038226+09:00       }
2026-06-15T10:38:26.6058269+09:00     ]
2026-06-15T10:38:26.6068270+09:00   },
2026-06-15T10:38:26.6083372+09:00   "step7_retry_poll": {
2026-06-15T10:38:26.6095275+09:00     "scanned": 11,
2026-06-15T10:38:26.6115668+09:00     "eligible": 9,
2026-06-15T10:38:26.6131054+09:00     "polled": 0,
2026-06-15T10:38:26.6141117+09:00     "retries_triggered": 0,
2026-06-15T10:38:26.6151494+09:00     "retry_errors": 0,
2026-06-15T10:38:26.6171465+09:00     "skipped": 0,
2026-06-15T10:38:26.6181133+09:00     "results": []
2026-06-15T10:38:26.6201116+09:00   }
2026-06-15T10:38:26.6211120+09:00 }
2026-06-15T10:38:26.6231129+09:00 OK run-once finished
2026-06-15T10:42:47.1347659+09:00 START dispatch-run-once
2026-06-15T10:42:47.5538864+09:00 
2026-06-15T10:42:47.5558944+09:00 > orchestrator
2026-06-15T10:42:47.5584153+09:00 > tsx src/cli/orchestrator.ts run-once --limit 10
2026-06-15T10:42:47.5604122+09:00 
2026-06-15T10:42:50.8118214+09:00 {
2026-06-15T10:42:50.8148300+09:00   "ensure_daily": {
2026-06-15T10:42:50.8173400+09:00     "runs": [
2026-06-15T10:42:50.8193478+09:00       {
2026-06-15T10:42:50.8203492+09:00         "run_id": "r01",
2026-06-15T10:42:50.8228643+09:00         "action": "skipped_exists",
2026-06-15T10:42:50.8248652+09:00         "taskId": "daily-20260615-r01"
2026-06-15T10:42:50.8258652+09:00       },
2026-06-15T10:42:50.8283853+09:00       {
2026-06-15T10:42:50.8504547+09:00         "run_id": "r02",
2026-06-15T10:42:50.8539884+09:00         "action": "not_due",
2026-06-15T10:42:50.8559950+09:00         "taskId": "daily-20260615-r02",
2026-06-15T10:42:50.8585169+09:00         "reason": "jst_hour=10"
2026-06-15T10:42:50.8620250+09:00       },
2026-06-15T10:42:50.8650409+09:00       {
2026-06-15T10:42:50.8670421+09:00         "run_id": "r03",
2026-06-15T10:42:50.8705523+09:00         "action": "not_due",
2026-06-15T10:42:50.8731376+09:00         "taskId": "daily-20260615-r03",
2026-06-15T10:42:50.8751369+09:00         "reason": "jst_hour=10"
2026-06-15T10:42:50.8771356+09:00       }
2026-06-15T10:42:50.8791343+09:00     ]
2026-06-15T10:42:50.8811354+09:00   },
2026-06-15T10:42:50.8835312+09:00   "reconcile": {
2026-06-15T10:42:50.8890978+09:00     "resetProcessing": 0,
2026-06-15T10:42:50.8910990+09:00     "inserted": 0,
2026-06-15T10:42:50.8926040+09:00     "scanned": 11,
2026-06-15T10:42:50.8946202+09:00     "stale": {
2026-06-15T10:42:50.8971270+09:00       "scanned": 11,
2026-06-15T10:42:50.8991387+09:00       "staleDetected": 0,
2026-06-15T10:42:50.9011379+09:00       "rolledBack": 0,
2026-06-15T10:42:50.9032012+09:00       "skippedCap": 0,
2026-06-15T10:42:50.9051990+09:00       "dryRun": false,
2026-06-15T10:42:50.9072011+09:00       "actions": []
2026-06-15T10:42:50.9091994+09:00     }
2026-06-15T10:42:50.9111997+09:00   },
2026-06-15T10:42:50.9122022+09:00   "dispatch": {
2026-06-15T10:42:50.9142859+09:00     "claimed": 2,
2026-06-15T10:42:50.9162894+09:00     "done": 2,
2026-06-15T10:42:50.9182877+09:00     "failed": 0
2026-06-15T10:42:50.9192836+09:00   },
2026-06-15T10:42:50.9202883+09:00   "step4_poll": {
2026-06-15T10:42:50.9217982+09:00     "scanned": 11,
2026-06-15T10:42:50.9238048+09:00     "awaiting": 0,
2026-06-15T10:42:50.9258066+09:00     "polled": 0,
2026-06-15T10:42:50.9273149+09:00     "picks_applied": 0,
2026-06-15T10:42:50.9293248+09:00     "pick_errors": 0,
2026-06-15T10:42:50.9303239+09:00     "timeouts": 0,
2026-06-15T10:42:50.9318318+09:00     "skipped": 0,
2026-06-15T10:42:50.9338486+09:00     "results": []
2026-06-15T10:42:50.9348412+09:00   },
2026-06-15T10:42:50.9358417+09:00   "step7_retry_poll": {
2026-06-15T10:42:50.9383606+09:00     "scanned": 11,
2026-06-15T10:42:50.9393627+09:00     "eligible": 9,
2026-06-15T10:42:50.9403586+09:00     "polled": 0,
2026-06-15T10:42:50.9428724+09:00     "retries_triggered": 0,
2026-06-15T10:42:50.9438711+09:00     "retry_errors": 0,
2026-06-15T10:42:50.9458711+09:00     "skipped": 0,
2026-06-15T10:42:50.9473800+09:00     "results": []
2026-06-15T10:42:50.9483891+09:00   }
2026-06-15T10:42:50.9503881+09:00 }
2026-06-15T10:42:50.9518927+09:00 OK run-once finished
2026-06-15T10:47:48.2662496+09:00 START dispatch-run-once
2026-06-15T10:47:48.7026677+09:00 
2026-06-15T10:47:48.7046754+09:00 > orchestrator
2026-06-15T10:47:48.7061843+09:00 > tsx src/cli/orchestrator.ts run-once --limit 10
2026-06-15T10:47:48.7081923+09:00 
2026-06-15T10:47:51.7264723+09:00 {
2026-06-15T10:47:51.7294930+09:00   "ensure_daily": {
2026-06-15T10:47:51.7328368+09:00     "runs": [
2026-06-15T10:47:51.7348361+09:00       {
2026-06-15T10:47:51.7373780+09:00         "run_id": "r01",
2026-06-15T10:47:51.7403778+09:00         "action": "skipped_exists",
2026-06-15T10:47:51.7413817+09:00         "taskId": "daily-20260615-r01"
2026-06-15T10:47:51.7448244+09:00       },
2026-06-15T10:47:51.7473365+09:00       {
2026-06-15T10:47:51.7663829+09:00         "run_id": "r02",
2026-06-15T10:47:51.7684044+09:00         "action": "not_due",
2026-06-15T10:47:51.7703892+09:00         "taskId": "daily-20260615-r02",
2026-06-15T10:47:51.7728892+09:00         "reason": "jst_hour=10"
2026-06-15T10:47:51.7748885+09:00       },
2026-06-15T10:47:51.7774082+09:00       {
2026-06-15T10:47:51.7804119+09:00         "run_id": "r03",
2026-06-15T10:47:51.7828719+09:00         "action": "not_due",
2026-06-15T10:47:51.7848776+09:00         "taskId": "daily-20260615-r03",
2026-06-15T10:47:51.7873958+09:00         "reason": "jst_hour=10"
2026-06-15T10:47:51.7894269+09:00       }
2026-06-15T10:47:51.7914286+09:00     ]
2026-06-15T10:47:51.7919692+09:00   },
2026-06-15T10:47:51.7939718+09:00   "reconcile": {
2026-06-15T10:47:51.7949715+09:00     "resetProcessing": 0,
2026-06-15T10:47:51.7964775+09:00     "inserted": 0,
2026-06-15T10:47:51.7985181+09:00     "scanned": 11,
2026-06-15T10:47:51.7994834+09:00     "stale": {
2026-06-15T10:47:51.8010237+09:00       "scanned": 11,
2026-06-15T10:47:51.8030311+09:00       "staleDetected": 0,
2026-06-15T10:47:51.8040390+09:00       "rolledBack": 0,
2026-06-15T10:47:51.8065444+09:00       "skippedCap": 0,
2026-06-15T10:47:51.8085606+09:00       "dryRun": false,
2026-06-15T10:47:51.8095609+09:00       "actions": []
2026-06-15T10:47:51.8120838+09:00     }
2026-06-15T10:47:51.8130845+09:00   },
2026-06-15T10:47:51.8150901+09:00   "dispatch": {
2026-06-15T10:47:51.8166296+09:00     "claimed": 0,
2026-06-15T10:47:51.8176382+09:00     "done": 0,
2026-06-15T10:47:51.8186732+09:00     "failed": 0
2026-06-15T10:47:51.8196701+09:00   },
2026-06-15T10:47:51.8222168+09:00   "step4_poll": {
2026-06-15T10:47:51.8232259+09:00     "scanned": 11,
2026-06-15T10:47:51.8252233+09:00     "awaiting": 0,
2026-06-15T10:47:51.8262611+09:00     "polled": 0,
2026-06-15T10:47:51.8282566+09:00     "picks_applied": 0,
2026-06-15T10:47:51.8292505+09:00     "pick_errors": 0,
2026-06-15T10:47:51.8302561+09:00     "timeouts": 0,
2026-06-15T10:47:51.8318004+09:00     "skipped": 0,
2026-06-15T10:47:51.8338406+09:00     "results": []
2026-06-15T10:47:51.8348023+09:00   },
2026-06-15T10:47:51.8363085+09:00   "step7_retry_poll": {
2026-06-15T10:47:51.8383489+09:00     "scanned": 11,
2026-06-15T10:47:51.8393154+09:00     "eligible": 9,
2026-06-15T10:47:51.8403484+09:00     "polled": 0,
2026-06-15T10:47:51.8418690+09:00     "retries_triggered": 0,
2026-06-15T10:47:51.8439124+09:00     "retry_errors": 0,
2026-06-15T10:47:51.8449151+09:00     "skipped": 0,
2026-06-15T10:47:51.8464203+09:00     "results": []
2026-06-15T10:47:51.8484276+09:00   }
2026-06-15T10:47:51.8494275+09:00 }
2026-06-15T10:47:51.8514279+09:00 OK run-once finished
2026-06-15T10:52:48.1282457+09:00 START dispatch-run-once
2026-06-15T10:52:48.5041288+09:00 
2026-06-15T10:52:48.5061355+09:00 > orchestrator
2026-06-15T10:52:48.5081343+09:00 > tsx src/cli/orchestrator.ts run-once --limit 10
2026-06-15T10:52:48.5096470+09:00 
2026-06-15T10:52:51.5630388+09:00 {
2026-06-15T10:52:51.5712624+09:00   "ensure_daily": {
2026-06-15T10:52:51.5772751+09:00     "runs": [
2026-06-15T10:52:51.5813055+09:00       {
2026-06-15T10:52:51.5853349+09:00         "run_id": "r01",
2026-06-15T10:52:51.5893498+09:00         "action": "skipped_exists",
2026-06-15T10:52:51.5928969+09:00         "taskId": "daily-20260615-r01"
2026-06-15T10:52:51.5938940+09:00       },
2026-06-15T10:52:51.5964102+09:00       {
2026-06-15T10:52:51.6139591+09:00         "run_id": "r02",
2026-06-15T10:52:51.6174738+09:00         "action": "not_due",
2026-06-15T10:52:51.6184793+09:00         "taskId": "daily-20260615-r02",
2026-06-15T10:52:51.6219980+09:00         "reason": "jst_hour=10"
2026-06-15T10:52:51.6239948+09:00       },
2026-06-15T10:52:51.6265125+09:00       {
2026-06-15T10:52:51.6285142+09:00         "run_id": "r03",
2026-06-15T10:52:51.6301249+09:00         "action": "not_due",
2026-06-15T10:52:51.6311335+09:00         "taskId": "daily-20260615-r03",
2026-06-15T10:52:51.6331324+09:00         "reason": "jst_hour=10"
2026-06-15T10:52:51.6341310+09:00       }
2026-06-15T10:52:51.6361316+09:00     ]
2026-06-15T10:52:51.6371335+09:00   },
2026-06-15T10:52:51.6391321+09:00   "reconcile": {
2026-06-15T10:52:51.6401317+09:00     "resetProcessing": 0,
2026-06-15T10:52:51.6414353+09:00     "inserted": 0,
2026-06-15T10:52:51.6434329+09:00     "scanned": 11,
2026-06-15T10:52:51.6454353+09:00     "stale": {
2026-06-15T10:52:51.6464358+09:00       "scanned": 11,
2026-06-15T10:52:51.6484348+09:00       "staleDetected": 0,
2026-06-15T10:52:51.6499424+09:00       "rolledBack": 0,
2026-06-15T10:52:51.6519530+09:00       "skippedCap": 0,
2026-06-15T10:52:51.6529496+09:00       "dryRun": false,
2026-06-15T10:52:51.6539505+09:00       "actions": []
2026-06-15T10:52:51.6564632+09:00     }
2026-06-15T10:52:51.6584640+09:00   },
2026-06-15T10:52:51.6584640+09:00   "dispatch": {
2026-06-15T10:52:51.6619769+09:00     "claimed": 0,
2026-06-15T10:52:51.6639800+09:00     "done": 0,
2026-06-15T10:52:51.6654877+09:00     "failed": 0
2026-06-15T10:52:51.6674936+09:00   },
2026-06-15T10:52:51.6684946+09:00   "step4_poll": {
2026-06-15T10:52:51.6710127+09:00     "scanned": 11,
2026-06-15T10:52:51.6720099+09:00     "awaiting": 0,
2026-06-15T10:52:51.6740099+09:00     "polled": 0,
2026-06-15T10:52:51.6740099+09:00     "picks_applied": 0,
2026-06-15T10:52:51.6765244+09:00     "pick_errors": 0,
2026-06-15T10:52:51.6775232+09:00     "timeouts": 0,
2026-06-15T10:52:51.6785239+09:00     "skipped": 0,
2026-06-15T10:52:51.6800305+09:00     "results": []
2026-06-15T10:52:51.6825655+09:00   },
2026-06-15T10:52:51.6835650+09:00   "step7_retry_poll": {
2026-06-15T10:52:51.6850723+09:00     "scanned": 11,
2026-06-15T10:52:51.6870786+09:00     "eligible": 9,
2026-06-15T10:52:51.6880789+09:00     "polled": 0,
2026-06-15T10:52:51.6900808+09:00     "retries_triggered": 0,
2026-06-15T10:52:51.6900808+09:00     "retry_errors": 0,
2026-06-15T10:52:51.6925568+09:00     "skipped": 0,
2026-06-15T10:52:51.6935543+09:00     "results": []
2026-06-15T10:52:51.6950612+09:00   }
2026-06-15T10:52:51.6970674+09:00 }
2026-06-15T10:52:51.6990677+09:00 OK run-once finished
2026-06-15T10:57:49.0961094+09:00 START dispatch-run-once
2026-06-15T10:57:49.7423654+09:00 
2026-06-15T10:57:49.7459149+09:00 > orchestrator
2026-06-15T10:57:49.7503321+09:00 > tsx src/cli/orchestrator.ts run-once --limit 10
2026-06-15T10:57:49.7538393+09:00 
2026-06-15T10:57:53.2699128+09:00 {
2026-06-15T10:57:53.2779352+09:00   "ensure_daily": {
2026-06-15T10:57:53.2854704+09:00     "runs": [
2026-06-15T10:57:53.2930669+09:00       {
2026-06-15T10:57:53.2999192+09:00         "run_id": "r01",
2026-06-15T10:57:53.3074672+09:00         "action": "skipped_exists",
2026-06-15T10:57:53.3151297+09:00         "taskId": "daily-20260615-r01"
2026-06-15T10:57:53.3216633+09:00       },
2026-06-15T10:57:53.3297552+09:00       {
2026-06-15T10:57:53.3795995+09:00         "run_id": "r02",
2026-06-15T10:57:53.3841231+09:00         "action": "not_due",
2026-06-15T10:57:53.3871375+09:00         "taskId": "daily-20260615-r02",
2026-06-15T10:57:53.3906573+09:00         "reason": "jst_hour=10"
2026-06-15T10:57:53.3941804+09:00       },
2026-06-15T10:57:53.3971931+09:00       {
2026-06-15T10:57:53.4007189+09:00         "run_id": "r03",
2026-06-15T10:57:53.4042205+09:00         "action": "not_due",
2026-06-15T10:57:53.4072332+09:00         "taskId": "daily-20260615-r03",
2026-06-15T10:57:53.4107524+09:00         "reason": "jst_hour=10"
2026-06-15T10:57:53.4127608+09:00       }
2026-06-15T10:57:53.4162816+09:00     ]
2026-06-15T10:57:53.4198024+09:00   },
2026-06-15T10:57:53.4228019+09:00   "reconcile": {
2026-06-15T10:57:53.4258052+09:00     "resetProcessing": 0,
2026-06-15T10:57:53.4288041+09:00     "inserted": 0,
2026-06-15T10:57:53.4320901+09:00     "scanned": 11,
2026-06-15T10:57:53.4340900+09:00     "stale": {
2026-06-15T10:57:53.4370908+09:00       "scanned": 11,
2026-06-15T10:57:53.4396157+09:00       "staleDetected": 0,
2026-06-15T10:57:53.4426188+09:00       "rolledBack": 0,
2026-06-15T10:57:53.4461430+09:00       "skippedCap": 0,
2026-06-15T10:57:53.4486563+09:00       "dryRun": false,
2026-06-15T10:57:53.4516687+09:00       "actions": []
2026-06-15T10:57:53.4551975+09:00     }
2026-06-15T10:57:53.4587057+09:00   },
2026-06-15T10:57:53.4617185+09:00   "dispatch": {
2026-06-15T10:57:53.4642301+09:00     "claimed": 0,
2026-06-15T10:57:53.4662390+09:00     "done": 0,
2026-06-15T10:57:53.4690305+09:00     "failed": 0
2026-06-15T10:57:53.4720399+09:00   },
2026-06-15T10:57:53.4740488+09:00   "step4_poll": {
2026-06-15T10:57:53.4760492+09:00     "scanned": 11,
2026-06-15T10:57:53.4795603+09:00     "awaiting": 0,
2026-06-15T10:57:53.4825692+09:00     "polled": 0,
2026-06-15T10:57:53.4850907+09:00     "picks_applied": 0,
2026-06-15T10:57:53.4870906+09:00     "pick_errors": 0,
2026-06-15T10:57:53.4896070+09:00     "timeouts": 0,
2026-06-15T10:57:53.4926155+09:00     "skipped": 0,
2026-06-15T10:57:53.4951346+09:00     "results": []
2026-06-15T10:57:53.4986423+09:00   },
2026-06-15T10:57:53.5006522+09:00   "step7_retry_poll": {
2026-06-15T10:57:53.5041953+09:00     "scanned": 11,
2026-06-15T10:57:53.5062059+09:00     "eligible": 9,
2026-06-15T10:57:53.5087183+09:00     "polled": 0,
2026-06-15T10:57:53.5117283+09:00     "retries_triggered": 0,
2026-06-15T10:57:53.5147272+09:00     "retry_errors": 0,
2026-06-15T10:57:53.5167315+09:00     "skipped": 0,
2026-06-15T10:57:53.5197594+09:00     "results": []
2026-06-15T10:57:53.5227662+09:00   }
2026-06-15T10:57:53.5257755+09:00 }
2026-06-15T10:57:53.5293217+09:00 OK run-once finished
2026-06-15T11:02:47.7215681+09:00 START dispatch-run-once
2026-06-15T11:02:48.3229620+09:00 
2026-06-15T11:02:48.3259732+09:00 > orchestrator
2026-06-15T11:02:48.3285223+09:00 > tsx src/cli/orchestrator.ts run-once --limit 10
2026-06-15T11:02:48.3315227+09:00 
2026-06-15T11:02:52.0612255+09:00 {
2026-06-15T11:02:52.0637497+09:00   "ensure_daily": {
2026-06-15T11:02:52.0667521+09:00     "runs": [
2026-06-15T11:02:52.0708386+09:00       {
2026-06-15T11:02:52.0728417+09:00         "run_id": "r01",
2026-06-15T11:02:52.0763621+09:00         "action": "skipped_exists",
2026-06-15T11:02:52.0789046+09:00         "taskId": "daily-20260615-r01"
2026-06-15T11:02:52.0809016+09:00       },
2026-06-15T11:02:52.0839128+09:00       {
2026-06-15T11:02:52.1085035+09:00         "run_id": "r02",
2026-06-15T11:02:52.1115026+09:00         "action": "not_due",
2026-06-15T11:02:52.1150199+09:00         "taskId": "daily-20260615-r02",
2026-06-15T11:02:52.1185364+09:00         "reason": "jst_hour=11"
2026-06-15T11:02:52.1205435+09:00       },
2026-06-15T11:02:52.1241348+09:00       {
2026-06-15T11:02:52.1260920+09:00         "run_id": "r03",
2026-06-15T11:02:52.1296052+09:00         "action": "not_due",
2026-06-15T11:02:52.1326084+09:00         "taskId": "daily-20260615-r03",
2026-06-15T11:02:52.1346096+09:00         "reason": "jst_hour=11"
2026-06-15T11:02:52.1376056+09:00       }
2026-06-15T11:02:52.1398083+09:00     ]
2026-06-15T11:02:52.1437756+09:00   },
2026-06-15T11:02:52.1467725+09:00   "reconcile": {
2026-06-15T11:02:52.1504228+09:00     "resetProcessing": 0,
2026-06-15T11:02:52.1529310+09:00     "inserted": 0,
2026-06-15T11:02:52.1559387+09:00     "scanned": 11,
2026-06-15T11:02:52.1584568+09:00     "stale": {
2026-06-15T11:02:52.1614614+09:00       "scanned": 11,
2026-06-15T11:02:52.1649823+09:00       "staleDetected": 0,
2026-06-15T11:02:52.1684987+09:00       "rolledBack": 0,
2026-06-15T11:02:52.1715031+09:00       "skippedCap": 0,
2026-06-15T11:02:52.1745321+09:00       "dryRun": false,
2026-06-15T11:02:52.1780509+09:00       "actions": []
2026-06-15T11:02:52.1810604+09:00     }
2026-06-15T11:02:52.1840652+09:00   },
2026-06-15T11:02:52.1874666+09:00   "dispatch": {
2026-06-15T11:02:52.1910501+09:00     "claimed": 0,
2026-06-15T11:02:52.1940558+09:00     "done": 0,
2026-06-15T11:02:52.1960573+09:00     "failed": 0
2026-06-15T11:02:52.1995826+09:00   },
2026-06-15T11:02:52.2025820+09:00   "step4_poll": {
2026-06-15T11:02:52.2055807+09:00     "scanned": 11,
2026-06-15T11:02:52.2086551+09:00     "awaiting": 0,
2026-06-15T11:02:52.2116575+09:00     "polled": 0,
2026-06-15T11:02:52.2146635+09:00     "picks_applied": 0,
2026-06-15T11:02:52.2176661+09:00     "pick_errors": 0,
2026-06-15T11:02:52.2211944+09:00     "timeouts": 0,
2026-06-15T11:02:52.2237121+09:00     "skipped": 0,
2026-06-15T11:02:52.2277159+09:00     "results": []
2026-06-15T11:02:52.2307453+09:00   },
2026-06-15T11:02:52.2337456+09:00   "step7_retry_poll": {
2026-06-15T11:02:52.2367485+09:00     "scanned": 11,
2026-06-15T11:02:52.2390528+09:00     "eligible": 9,
2026-06-15T11:02:52.2420517+09:00     "polled": 0,
2026-06-15T11:02:52.2460644+09:00     "retries_triggered": 0,
2026-06-15T11:02:52.2485871+09:00     "retry_errors": 0,
2026-06-15T11:02:52.2515975+09:00     "skipped": 0,
2026-06-15T11:02:52.2545986+09:00     "results": []
2026-06-15T11:02:52.2576001+09:00   }
2026-06-15T11:02:52.2606663+09:00 }
2026-06-15T11:02:52.2646615+09:00 OK run-once finished
2026-06-15T11:07:47.8929004+09:00 START dispatch-run-once
2026-06-15T11:07:48.3556346+09:00 
2026-06-15T11:07:48.3591553+09:00 > orchestrator
2026-06-15T11:07:48.3627077+09:00 > tsx src/cli/orchestrator.ts run-once --limit 10
2026-06-15T11:07:48.3647052+09:00 
2026-06-15T11:07:51.8718428+09:00 {
2026-06-15T11:07:51.8748442+09:00   "ensure_daily": {
2026-06-15T11:07:51.8773921+09:00     "runs": [
2026-06-15T11:07:51.8803986+09:00       {
2026-06-15T11:07:51.8839219+09:00         "run_id": "r01",
2026-06-15T11:07:51.8864299+09:00         "action": "skipped_exists",
2026-06-15T11:07:51.8904362+09:00         "taskId": "daily-20260615-r01"
2026-06-15T11:07:51.8929522+09:00       },
2026-06-15T11:07:51.8964602+09:00       {
2026-06-15T11:07:51.9216548+09:00         "run_id": "r02",
2026-06-15T11:07:51.9243443+09:00         "action": "not_due",
2026-06-15T11:07:51.9274792+09:00         "taskId": "daily-20260615-r02",
2026-06-15T11:07:51.9304823+09:00         "reason": "jst_hour=11"
2026-06-15T11:07:51.9330037+09:00       },
2026-06-15T11:07:51.9349965+09:00       {
2026-06-15T11:07:51.9385220+09:00         "run_id": "r03",
2026-06-15T11:07:51.9420318+09:00         "action": "not_due",
2026-06-15T11:07:51.9450415+09:00         "taskId": "daily-20260615-r03",
2026-06-15T11:07:51.9475579+09:00         "reason": "jst_hour=11"
2026-06-15T11:07:51.9505710+09:00       }
2026-06-15T11:07:51.9540905+09:00     ]
2026-06-15T11:07:51.9566981+09:00   },
2026-06-15T11:07:51.9594735+09:00   "reconcile": {
2026-06-15T11:07:51.9629983+09:00     "resetProcessing": 0,
2026-06-15T11:07:51.9649984+09:00     "inserted": 0,
2026-06-15T11:07:51.9685487+09:00     "scanned": 11,
2026-06-15T11:07:51.9720585+09:00     "stale": {
2026-06-15T11:07:51.9753331+09:00       "scanned": 11,
2026-06-15T11:07:51.9778568+09:00       "staleDetected": 0,
2026-06-15T11:07:51.9808581+09:00       "rolledBack": 0,
2026-06-15T11:07:51.9838559+09:00       "skippedCap": 0,
2026-06-15T11:07:51.9863613+09:00       "dryRun": false,
2026-06-15T11:07:51.9894035+09:00       "actions": []
2026-06-15T11:07:51.9923756+09:00     }
2026-06-15T11:07:51.9953894+09:00   },
2026-06-15T11:07:51.9988633+09:00   "dispatch": {
2026-06-15T11:07:52.0008641+09:00     "claimed": 0,
2026-06-15T11:07:52.0038655+09:00     "done": 0,
2026-06-15T11:07:52.0074224+09:00     "failed": 0
2026-06-15T11:07:52.0098737+09:00   },
2026-06-15T11:07:52.0128823+09:00   "step4_poll": {
2026-06-15T11:07:52.0158307+09:00     "scanned": 11,
2026-06-15T11:07:52.0183811+09:00     "awaiting": 0,
2026-06-15T11:07:52.0203791+09:00     "polled": 0,
2026-06-15T11:07:52.0238954+09:00     "picks_applied": 0,
2026-06-15T11:07:52.0264022+09:00     "pick_errors": 0,
2026-06-15T11:07:52.0330858+09:00     "timeouts": 0,
2026-06-15T11:07:52.0351534+09:00     "skipped": 0,
2026-06-15T11:07:52.0366975+09:00     "results": []
2026-06-15T11:07:52.0387046+09:00   },
2026-06-15T11:07:52.0408756+09:00   "step7_retry_poll": {
2026-06-15T11:07:52.0438402+09:00     "scanned": 11,
2026-06-15T11:07:52.0463777+09:00     "eligible": 9,
2026-06-15T11:07:52.0483838+09:00     "polled": 0,
2026-06-15T11:07:52.0493851+09:00     "retries_triggered": 0,
2026-06-15T11:07:52.0518912+09:00     "retry_errors": 0,
2026-06-15T11:07:52.0538973+09:00     "skipped": 0,
2026-06-15T11:07:52.0550062+09:00     "results": []
2026-06-15T11:07:52.0565142+09:00   }
2026-06-15T11:07:52.0592049+09:00 }
2026-06-15T11:07:52.0617927+09:00 OK run-once finished
2026-06-15T11:12:49.1524740+09:00 START dispatch-run-once
2026-06-15T11:12:49.6294016+09:00 
2026-06-15T11:12:49.6334022+09:00 > orchestrator
2026-06-15T11:12:49.6354011+09:00 > tsx src/cli/orchestrator.ts run-once --limit 10
2026-06-15T11:12:49.6396867+09:00 
2026-06-15T11:12:52.9508274+09:00 {
2026-06-15T11:12:52.9619090+09:00   "ensure_daily": {
2026-06-15T11:12:52.9694860+09:00     "runs": [
2026-06-15T11:12:52.9740180+09:00       {
2026-06-15T11:12:52.9795459+09:00         "run_id": "r01",
2026-06-15T11:12:52.9845667+09:00         "action": "skipped_exists",
2026-06-15T11:12:52.9906155+09:00         "taskId": "daily-20260615-r01"
2026-06-15T11:12:52.9946133+09:00       },
2026-06-15T11:12:52.9992160+09:00       {
2026-06-15T11:12:53.0399999+09:00         "run_id": "r02",
2026-06-15T11:12:53.0440176+09:00         "action": "not_due",
2026-06-15T11:12:53.0515643+09:00         "taskId": "daily-20260615-r02",
2026-06-15T11:12:53.0555604+09:00         "reason": "jst_hour=11"
2026-06-15T11:12:53.0607543+09:00       },
2026-06-15T11:12:53.0657437+09:00       {
2026-06-15T11:12:53.0707609+09:00         "run_id": "r03",
2026-06-15T11:12:53.0757623+09:00         "action": "not_due",
2026-06-15T11:12:53.0809931+09:00         "taskId": "daily-20260615-r03",
2026-06-15T11:12:53.0865176+09:00         "reason": "jst_hour=11"
2026-06-15T11:12:53.0917093+09:00       }
2026-06-15T11:12:53.0962272+09:00     ]
2026-06-15T11:12:53.1017845+09:00   },
2026-06-15T11:12:53.1072577+09:00   "reconcile": {
2026-06-15T11:12:53.1127647+09:00     "resetProcessing": 0,
2026-06-15T11:12:53.1171292+09:00     "inserted": 0,
2026-06-15T11:12:53.1227821+09:00     "scanned": 11,
2026-06-15T11:12:53.1271669+09:00     "stale": {
2026-06-15T11:12:53.1328230+09:00       "scanned": 11,
2026-06-15T11:12:53.1373504+09:00       "staleDetected": 0,
2026-06-15T11:12:53.1429004+09:00       "rolledBack": 0,
2026-06-15T11:12:53.1484339+09:00       "skippedCap": 0,
2026-06-15T11:12:53.1529678+09:00       "dryRun": false,
2026-06-15T11:12:53.1575402+09:00       "actions": []
2026-06-15T11:12:53.1615553+09:00     }
2026-06-15T11:12:53.1655527+09:00   },
2026-06-15T11:12:53.1687931+09:00   "dispatch": {
2026-06-15T11:12:53.1727673+09:00     "claimed": 0,
2026-06-15T11:12:53.1763415+09:00     "done": 0,
2026-06-15T11:12:53.1808973+09:00     "failed": 0
2026-06-15T11:12:53.1839127+09:00   },
2026-06-15T11:12:53.1884726+09:00   "step4_poll": {
2026-06-15T11:12:53.1920048+09:00     "scanned": 11,
2026-06-15T11:12:53.1961736+09:00     "awaiting": 0,
2026-06-15T11:12:53.1991892+09:00     "polled": 0,
2026-06-15T11:12:53.2037242+09:00     "picks_applied": 0,
2026-06-15T11:12:53.2082709+09:00     "pick_errors": 0,
2026-06-15T11:12:53.2123521+09:00     "timeouts": 0,
2026-06-15T11:12:53.2164889+09:00     "skipped": 0,
2026-06-15T11:12:53.2205017+09:00     "results": []
2026-06-15T11:12:53.2245130+09:00   },
2026-06-15T11:12:53.2288342+09:00   "step7_retry_poll": {
2026-06-15T11:12:53.2328334+09:00     "scanned": 11,
2026-06-15T11:12:53.2383657+09:00     "eligible": 9,
2026-06-15T11:12:53.2419016+09:00     "polled": 0,
2026-06-15T11:12:53.2454080+09:00     "retries_triggered": 0,
2026-06-15T11:12:53.2509490+09:00     "retry_errors": 0,
2026-06-15T11:12:53.2554568+09:00     "skipped": 0,
2026-06-15T11:12:53.2594791+09:00     "results": []
2026-06-15T11:12:53.2640077+09:00   }
2026-06-15T11:12:53.2685702+09:00 }
2026-06-15T11:12:53.2725405+09:00 OK run-once finished
2026-06-15T11:17:48.7369080+09:00 START dispatch-run-once
2026-06-15T11:17:49.1806476+09:00 
2026-06-15T11:17:49.1806476+09:00 > orchestrator
2026-06-15T11:17:49.1806476+09:00 > tsx src/cli/orchestrator.ts run-once --limit 10
2026-06-15T11:17:49.1806476+09:00 
2026-06-15T11:17:52.4520822+09:00 {
2026-06-15T11:17:52.4520822+09:00   "ensure_daily": {
2026-06-15T11:17:52.4520822+09:00     "runs": [
2026-06-15T11:17:52.4520822+09:00       {
2026-06-15T11:17:52.4681123+09:00         "run_id": "r01",
2026-06-15T11:17:52.4681123+09:00         "action": "skipped_exists",
2026-06-15T11:17:52.4681123+09:00         "taskId": "daily-20260615-r01"
2026-06-15T11:17:52.4772131+09:00       },
2026-06-15T11:17:52.4792210+09:00       {
2026-06-15T11:17:52.4997168+09:00         "run_id": "r02",
2026-06-15T11:17:52.5058822+09:00         "action": "not_due",
2026-06-15T11:17:52.5078899+09:00         "taskId": "daily-20260615-r02",
2026-06-15T11:17:52.5098992+09:00         "reason": "jst_hour=11"
2026-06-15T11:17:52.5119074+09:00       },
2026-06-15T11:17:52.5154614+09:00       {
2026-06-15T11:17:52.5154614+09:00         "run_id": "r03",
2026-06-15T11:17:52.5154614+09:00         "action": "not_due",
2026-06-15T11:17:52.5154614+09:00         "taskId": "daily-20260615-r03",
2026-06-15T11:17:52.5154614+09:00         "reason": "jst_hour=11"
2026-06-15T11:17:52.5154614+09:00       }
2026-06-15T11:17:52.5310981+09:00     ]
2026-06-15T11:17:52.5310981+09:00   },
2026-06-15T11:17:52.5310981+09:00   "reconcile": {
2026-06-15T11:17:52.5310981+09:00     "resetProcessing": 0,
2026-06-15T11:17:52.5310981+09:00     "inserted": 0,
2026-06-15T11:17:52.5310981+09:00     "scanned": 11,
2026-06-15T11:17:52.5310981+09:00     "stale": {
2026-06-15T11:17:52.5310981+09:00       "scanned": 11,
2026-06-15T11:17:52.5310981+09:00       "staleDetected": 0,
2026-06-15T11:17:52.5468285+09:00       "rolledBack": 0,
2026-06-15T11:17:52.5468285+09:00       "skippedCap": 0,
2026-06-15T11:17:52.5468285+09:00       "dryRun": false,
2026-06-15T11:17:52.5468285+09:00       "actions": []
2026-06-15T11:17:52.5468285+09:00     }
2026-06-15T11:17:52.5468285+09:00   },
2026-06-15T11:17:52.5626095+09:00   "dispatch": {
2026-06-15T11:17:52.5626095+09:00     "claimed": 0,
2026-06-15T11:17:52.5626095+09:00     "done": 0,
2026-06-15T11:17:52.5626095+09:00     "failed": 0
2026-06-15T11:17:52.5626095+09:00   },
2026-06-15T11:17:52.5626095+09:00   "step4_poll": {
2026-06-15T11:17:52.5626095+09:00     "scanned": 11,
2026-06-15T11:17:52.5783216+09:00     "awaiting": 0,
2026-06-15T11:17:52.5783216+09:00     "polled": 0,
2026-06-15T11:17:52.5783216+09:00     "picks_applied": 0,
2026-06-15T11:17:52.5783216+09:00     "pick_errors": 0,
2026-06-15T11:17:52.5783216+09:00     "timeouts": 0,
2026-06-15T11:17:52.5783216+09:00     "skipped": 0,
2026-06-15T11:17:52.5783216+09:00     "results": []
2026-06-15T11:17:52.5783216+09:00   },
2026-06-15T11:17:52.5783216+09:00   "step7_retry_poll": {
2026-06-15T11:17:52.5941223+09:00     "scanned": 11,
2026-06-15T11:17:52.5941223+09:00     "eligible": 9,
2026-06-15T11:17:52.5941223+09:00     "polled": 0,
2026-06-15T11:17:52.5941223+09:00     "retries_triggered": 0,
2026-06-15T11:17:52.5941223+09:00     "retry_errors": 0,
2026-06-15T11:17:52.5941223+09:00     "skipped": 0,
2026-06-15T11:17:52.5941223+09:00     "results": []
2026-06-15T11:17:52.6059903+09:00   }
2026-06-15T11:17:52.6059903+09:00 }
2026-06-15T11:17:52.6101613+09:00 OK run-once finished
2026-06-15T11:22:48.7624711+09:00 START dispatch-run-once
2026-06-15T11:22:49.2017736+09:00 
2026-06-15T11:22:49.2055308+09:00 > orchestrator
2026-06-15T11:22:49.2055308+09:00 > tsx src/cli/orchestrator.ts run-once --limit 10
2026-06-15T11:22:49.2055308+09:00 
2026-06-15T11:22:52.4785897+09:00 {
2026-06-15T11:22:52.4890844+09:00   "ensure_daily": {
2026-06-15T11:22:52.4961721+09:00     "runs": [
2026-06-15T11:22:52.5062712+09:00       {
2026-06-15T11:22:52.5082877+09:00         "run_id": "r01",
2026-06-15T11:22:52.5241431+09:00         "action": "skipped_exists",
2026-06-15T11:22:52.5241431+09:00         "taskId": "daily-20260615-r01"
2026-06-15T11:22:52.5421509+09:00       },
2026-06-15T11:22:52.5462027+09:00       {
2026-06-15T11:22:52.5990025+09:00         "run_id": "r02",
2026-06-15T11:22:52.6036746+09:00         "action": "not_due",
2026-06-15T11:22:52.6036746+09:00         "taskId": "daily-20260615-r02",
2026-06-15T11:22:52.6036746+09:00         "reason": "jst_hour=11"
2026-06-15T11:22:52.6036746+09:00       },
2026-06-15T11:22:52.6036746+09:00       {
2026-06-15T11:22:52.6192448+09:00         "run_id": "r03",
2026-06-15T11:22:52.6221298+09:00         "action": "not_due",
2026-06-15T11:22:52.6250256+09:00         "taskId": "daily-20260615-r03",
2026-06-15T11:22:52.6279095+09:00         "reason": "jst_hour=11"
2026-06-15T11:22:52.6301787+09:00       }
2026-06-15T11:22:52.6308068+09:00     ]
2026-06-15T11:22:52.6308068+09:00   },
2026-06-15T11:22:52.6352313+09:00   "reconcile": {
2026-06-15T11:22:52.6352313+09:00     "resetProcessing": 0,
2026-06-15T11:22:52.6352313+09:00     "inserted": 0,
2026-06-15T11:22:52.6352313+09:00     "scanned": 11,
2026-06-15T11:22:52.6352313+09:00     "stale": {
2026-06-15T11:22:52.6352313+09:00       "scanned": 11,
2026-06-15T11:22:52.6352313+09:00       "staleDetected": 0,
2026-06-15T11:22:52.6488663+09:00       "rolledBack": 0,
2026-06-15T11:22:52.6508731+09:00       "skippedCap": 0,
2026-06-15T11:22:52.6508731+09:00       "dryRun": false,
2026-06-15T11:22:52.6508731+09:00       "actions": []
2026-06-15T11:22:52.6508731+09:00     }
2026-06-15T11:22:52.6508731+09:00   },
2026-06-15T11:22:52.6508731+09:00   "dispatch": {
2026-06-15T11:22:52.6508731+09:00     "claimed": 0,
2026-06-15T11:22:52.6508731+09:00     "done": 0,
2026-06-15T11:22:52.6508731+09:00     "failed": 0
2026-06-15T11:22:52.6668111+09:00   },
2026-06-15T11:22:52.6668111+09:00   "step4_poll": {
2026-06-15T11:22:52.6668111+09:00     "scanned": 11,
2026-06-15T11:22:52.6668111+09:00     "awaiting": 0,
2026-06-15T11:22:52.6668111+09:00     "polled": 0,
2026-06-15T11:22:52.6668111+09:00     "picks_applied": 0,
2026-06-15T11:22:52.6668111+09:00     "pick_errors": 0,
2026-06-15T11:22:52.6668111+09:00     "timeouts": 0,
2026-06-15T11:22:52.6668111+09:00     "skipped": 0,
2026-06-15T11:22:52.6668111+09:00     "results": []
2026-06-15T11:22:52.6827698+09:00   },
2026-06-15T11:22:52.6827698+09:00   "step7_retry_poll": {
2026-06-15T11:22:52.6827698+09:00     "scanned": 11,
2026-06-15T11:22:52.6827698+09:00     "eligible": 9,
2026-06-15T11:22:52.6827698+09:00     "polled": 0,
2026-06-15T11:22:52.6827698+09:00     "retries_triggered": 0,
2026-06-15T11:22:52.6827698+09:00     "retry_errors": 0,
2026-06-15T11:22:52.6943235+09:00     "skipped": 0,
2026-06-15T11:22:52.6943235+09:00     "results": []
2026-06-15T11:22:52.6943235+09:00   }
2026-06-15T11:22:52.6985282+09:00 }
2026-06-15T11:22:52.6985282+09:00 OK run-once finished
2026-06-15T11:27:48.8042659+09:00 START dispatch-run-once
2026-06-15T11:27:49.2656803+09:00 
2026-06-15T11:27:49.2656803+09:00 > orchestrator
2026-06-15T11:27:49.2656803+09:00 > tsx src/cli/orchestrator.ts run-once --limit 10
2026-06-15T11:27:49.2818051+09:00 
2026-06-15T11:27:52.7065834+09:00 {
2026-06-15T11:27:52.7222821+09:00   "ensure_daily": {
2026-06-15T11:27:52.7222821+09:00     "runs": [
2026-06-15T11:27:52.7382556+09:00       {
2026-06-15T11:27:52.7382556+09:00         "run_id": "r01",
2026-06-15T11:27:52.7543456+09:00         "action": "skipped_exists",
2026-06-15T11:27:52.7570047+09:00         "taskId": "daily-20260615-r01"
2026-06-15T11:27:52.7570047+09:00       },
2026-06-15T11:27:52.7570047+09:00       {
2026-06-15T11:27:52.7858172+09:00         "run_id": "r02",
2026-06-15T11:27:52.7893902+09:00         "action": "not_due",
2026-06-15T11:27:52.7893902+09:00         "taskId": "daily-20260615-r02",
2026-06-15T11:27:52.7893902+09:00         "reason": "jst_hour=11"
2026-06-15T11:27:52.7893902+09:00       },
2026-06-15T11:27:52.8017575+09:00       {
2026-06-15T11:27:52.8017575+09:00         "run_id": "r03",
2026-06-15T11:27:52.8017575+09:00         "action": "not_due",
2026-06-15T11:27:52.8017575+09:00         "taskId": "daily-20260615-r03",
2026-06-15T11:27:52.8017575+09:00         "reason": "jst_hour=11"
2026-06-15T11:27:52.8017575+09:00       }
2026-06-15T11:27:52.8177845+09:00     ]
2026-06-15T11:27:52.8177845+09:00   },
2026-06-15T11:27:52.8177845+09:00   "reconcile": {
2026-06-15T11:27:52.8177845+09:00     "resetProcessing": 0,
2026-06-15T11:27:52.8177845+09:00     "inserted": 0,
2026-06-15T11:27:52.8177845+09:00     "scanned": 11,
2026-06-15T11:27:52.8177845+09:00     "stale": {
2026-06-15T11:27:52.8177845+09:00       "scanned": 11,
2026-06-15T11:27:52.8338251+09:00       "staleDetected": 0,
2026-06-15T11:27:52.8379939+09:00       "rolledBack": 0,
2026-06-15T11:27:52.8400012+09:00       "skippedCap": 0,
2026-06-15T11:27:52.8400012+09:00       "dryRun": false,
2026-06-15T11:27:52.8400012+09:00       "actions": []
2026-06-15T11:27:52.8498680+09:00     }
2026-06-15T11:27:52.8498680+09:00   },
2026-06-15T11:27:52.8498680+09:00   "dispatch": {
2026-06-15T11:27:52.8568403+09:00     "claimed": 0,
2026-06-15T11:27:52.8568403+09:00     "done": 0,
2026-06-15T11:27:52.8568403+09:00     "failed": 0
2026-06-15T11:27:52.8568403+09:00   },
2026-06-15T11:27:52.8658484+09:00   "step4_poll": {
2026-06-15T11:27:52.8658484+09:00     "scanned": 11,
2026-06-15T11:27:52.8658484+09:00     "awaiting": 0,
2026-06-15T11:27:52.8658484+09:00     "polled": 0,
2026-06-15T11:27:52.8658484+09:00     "picks_applied": 0,
2026-06-15T11:27:52.8658484+09:00     "pick_errors": 0,
2026-06-15T11:27:52.8658484+09:00     "timeouts": 0,
2026-06-15T11:27:52.8658484+09:00     "skipped": 0,
2026-06-15T11:27:52.8658484+09:00     "results": []
2026-06-15T11:27:52.8816622+09:00   },
2026-06-15T11:27:52.8816622+09:00   "step7_retry_poll": {
2026-06-15T11:27:52.8816622+09:00     "scanned": 11,
2026-06-15T11:27:52.8816622+09:00     "eligible": 9,
2026-06-15T11:27:52.8816622+09:00     "polled": 0,
2026-06-15T11:27:52.8816622+09:00     "retries_triggered": 0,
2026-06-15T11:27:52.8816622+09:00     "retry_errors": 0,
2026-06-15T11:27:52.8816622+09:00     "skipped": 0,
2026-06-15T11:27:52.8816622+09:00     "results": []
2026-06-15T11:27:52.8977334+09:00   }
2026-06-15T11:27:52.8977334+09:00 }
2026-06-15T11:27:52.8977334+09:00 OK run-once finished
2026-06-15T11:32:49.0142324+09:00 START dispatch-run-once
2026-06-15T11:32:49.4747743+09:00 
2026-06-15T11:32:49.4747743+09:00 > orchestrator
2026-06-15T11:32:49.4747743+09:00 > tsx src/cli/orchestrator.ts run-once --limit 10
2026-06-15T11:32:49.4747743+09:00 
2026-06-15T11:32:52.9578161+09:00 {
2026-06-15T11:32:52.9651912+09:00   "ensure_daily": {
2026-06-15T11:32:52.9727502+09:00     "runs": [
2026-06-15T11:32:52.9808487+09:00       {
2026-06-15T11:32:52.9859467+09:00         "run_id": "r01",
2026-06-15T11:32:52.9968374+09:00         "action": "skipped_exists",
2026-06-15T11:32:52.9968374+09:00         "taskId": "daily-20260615-r01"
2026-06-15T11:32:52.9968374+09:00       },
2026-06-15T11:32:53.0067042+09:00       {
2026-06-15T11:32:53.0284778+09:00         "run_id": "r02",
2026-06-15T11:32:53.0314292+09:00         "action": "not_due",
2026-06-15T11:32:53.0314292+09:00         "taskId": "daily-20260615-r02",
2026-06-15T11:32:53.0314292+09:00         "reason": "jst_hour=11"
2026-06-15T11:32:53.0314292+09:00       },
2026-06-15T11:32:53.0444647+09:00       {
2026-06-15T11:32:53.0444647+09:00         "run_id": "r03",
2026-06-15T11:32:53.0444647+09:00         "action": "not_due",
2026-06-15T11:32:53.0444647+09:00         "taskId": "daily-20260615-r03",
2026-06-15T11:32:53.0444647+09:00         "reason": "jst_hour=11"
2026-06-15T11:32:53.0444647+09:00       }
2026-06-15T11:32:53.0601030+09:00     ]
2026-06-15T11:32:53.0601030+09:00   },
2026-06-15T11:32:53.0601030+09:00   "reconcile": {
2026-06-15T11:32:53.0601030+09:00     "resetProcessing": 0,
2026-06-15T11:32:53.0601030+09:00     "inserted": 0,
2026-06-15T11:32:53.0601030+09:00     "scanned": 11,
2026-06-15T11:32:53.0601030+09:00     "stale": {
2026-06-15T11:32:53.0601030+09:00       "scanned": 11,
2026-06-15T11:32:53.0760107+09:00       "staleDetected": 0,
2026-06-15T11:32:53.0760107+09:00       "rolledBack": 0,
2026-06-15T11:32:53.0760107+09:00       "skippedCap": 0,
2026-06-15T11:32:53.0760107+09:00       "dryRun": false,
2026-06-15T11:32:53.0760107+09:00       "actions": []
2026-06-15T11:32:53.0760107+09:00     }
2026-06-15T11:32:53.0760107+09:00   },
2026-06-15T11:32:53.0919537+09:00   "dispatch": {
2026-06-15T11:32:53.0919537+09:00     "claimed": 0,
2026-06-15T11:32:53.0919537+09:00     "done": 0,
2026-06-15T11:32:53.0919537+09:00     "failed": 0
2026-06-15T11:32:53.0919537+09:00   },
2026-06-15T11:32:53.0919537+09:00   "step4_poll": {
2026-06-15T11:32:53.0919537+09:00     "scanned": 11,
2026-06-15T11:32:53.0919537+09:00     "awaiting": 0,
2026-06-15T11:32:53.1078674+09:00     "polled": 0,
2026-06-15T11:32:53.1078674+09:00     "picks_applied": 0,
2026-06-15T11:32:53.1078674+09:00     "pick_errors": 0,
2026-06-15T11:32:53.1078674+09:00     "timeouts": 0,
2026-06-15T11:32:53.1078674+09:00     "skipped": 0,
2026-06-15T11:32:53.1078674+09:00     "results": []
2026-06-15T11:32:53.1078674+09:00   },
2026-06-15T11:32:53.1078674+09:00   "step7_retry_poll": {
2026-06-15T11:32:53.1078674+09:00     "scanned": 11,
2026-06-15T11:32:53.1235453+09:00     "eligible": 9,
2026-06-15T11:32:53.1235453+09:00     "polled": 0,
2026-06-15T11:32:53.1235453+09:00     "retries_triggered": 0,
2026-06-15T11:32:53.1235453+09:00     "retry_errors": 0,
2026-06-15T11:32:53.1315578+09:00     "skipped": 0,
2026-06-15T11:32:53.1315578+09:00     "results": []
2026-06-15T11:32:53.1315578+09:00   }
2026-06-15T11:32:53.1315578+09:00 }
2026-06-15T11:32:53.1315578+09:00 OK run-once finished
2026-06-15T11:37:48.1956323+09:00 START dispatch-run-once
2026-06-15T11:37:48.5597019+09:00 
2026-06-15T11:37:48.5597019+09:00 > orchestrator
2026-06-15T11:37:48.5757011+09:00 > tsx src/cli/orchestrator.ts run-once --limit 10
2026-06-15T11:37:48.5757011+09:00 
2026-06-15T11:37:51.5686891+09:00 {
2026-06-15T11:37:51.5757377+09:00   "ensure_daily": {
2026-06-15T11:37:51.5845841+09:00     "runs": [
2026-06-15T11:37:51.5845841+09:00       {
2026-06-15T11:37:51.6004243+09:00         "run_id": "r01",
2026-06-15T11:37:51.6024404+09:00         "action": "skipped_exists",
2026-06-15T11:37:51.6024404+09:00         "taskId": "daily-20260615-r01"
2026-06-15T11:37:51.6024404+09:00       },
2026-06-15T11:37:51.6024404+09:00       {
2026-06-15T11:37:51.6325535+09:00         "run_id": "r02",
2026-06-15T11:37:51.6325535+09:00         "action": "not_due",
2026-06-15T11:37:51.6381572+09:00         "taskId": "daily-20260615-r02",
2026-06-15T11:37:51.6381572+09:00         "reason": "jst_hour=11"
2026-06-15T11:37:51.6381572+09:00       },
2026-06-15T11:37:51.6381572+09:00       {
2026-06-15T11:37:51.6381572+09:00         "run_id": "r03",
2026-06-15T11:37:51.6484771+09:00         "action": "not_due",
2026-06-15T11:37:51.6484771+09:00         "taskId": "daily-20260615-r03",
2026-06-15T11:37:51.6484771+09:00         "reason": "jst_hour=11"
2026-06-15T11:37:51.6484771+09:00       }
2026-06-15T11:37:51.6484771+09:00     ]
2026-06-15T11:37:51.6484771+09:00   },
2026-06-15T11:37:51.6484771+09:00   "reconcile": {
2026-06-15T11:37:51.6484771+09:00     "resetProcessing": 0,
2026-06-15T11:37:51.6484771+09:00     "inserted": 0,
2026-06-15T11:37:51.6484771+09:00     "scanned": 11,
2026-06-15T11:37:51.6484771+09:00     "stale": {
2026-06-15T11:37:51.6644969+09:00       "scanned": 11,
2026-06-15T11:37:51.6644969+09:00       "staleDetected": 0,
2026-06-15T11:37:51.6692014+09:00       "rolledBack": 0,
2026-06-15T11:37:51.6712096+09:00       "skippedCap": 0,
2026-06-15T11:37:51.6712096+09:00       "dryRun": false,
2026-06-15T11:37:51.6712096+09:00       "actions": []
2026-06-15T11:37:51.6712096+09:00     }
2026-06-15T11:37:51.6712096+09:00   },
2026-06-15T11:37:51.6712096+09:00   "dispatch": {
2026-06-15T11:37:51.6801451+09:00     "claimed": 0,
2026-06-15T11:37:51.6801451+09:00     "done": 0,
2026-06-15T11:37:51.6801451+09:00     "failed": 0
2026-06-15T11:37:51.6801451+09:00   },
2026-06-15T11:37:51.6801451+09:00   "step4_poll": {
2026-06-15T11:37:51.6801451+09:00     "scanned": 11,
2026-06-15T11:37:51.6801451+09:00     "awaiting": 0,
2026-06-15T11:37:51.6801451+09:00     "polled": 0,
2026-06-15T11:37:51.6801451+09:00     "picks_applied": 0,
2026-06-15T11:37:51.6801451+09:00     "pick_errors": 0,
2026-06-15T11:37:51.6958819+09:00     "timeouts": 0,
2026-06-15T11:37:51.6958819+09:00     "skipped": 0,
2026-06-15T11:37:51.6958819+09:00     "results": []
2026-06-15T11:37:51.6958819+09:00   },
2026-06-15T11:37:51.6958819+09:00   "step7_retry_poll": {
2026-06-15T11:37:51.6958819+09:00     "scanned": 11,
2026-06-15T11:37:51.6958819+09:00     "eligible": 9,
2026-06-15T11:37:51.6958819+09:00     "polled": 0,
2026-06-15T11:37:51.6958819+09:00     "retries_triggered": 0,
2026-06-15T11:37:51.6958819+09:00     "retry_errors": 0,
2026-06-15T11:37:51.6958819+09:00     "skipped": 0,
2026-06-15T11:37:51.6958819+09:00     "results": []
2026-06-15T11:37:51.7116552+09:00   }
2026-06-15T11:37:51.7116552+09:00 }
2026-06-15T11:37:51.7116552+09:00 OK run-once finished
2026-06-15T11:42:48.6510479+09:00 START dispatch-run-once
2026-06-15T11:42:49.0319386+09:00 
2026-06-15T11:42:49.0319386+09:00 > orchestrator
2026-06-15T11:42:49.0319386+09:00 > tsx src/cli/orchestrator.ts run-once --limit 10
2026-06-15T11:42:49.0319386+09:00 
2026-06-15T11:42:51.9862527+09:00 {
2026-06-15T11:42:51.9862527+09:00   "ensure_daily": {
2026-06-15T11:42:51.9862527+09:00     "runs": [
2026-06-15T11:42:51.9862527+09:00       {
2026-06-15T11:42:51.9980217+09:00         "run_id": "r01",
2026-06-15T11:42:51.9980217+09:00         "action": "skipped_exists",
2026-06-15T11:42:51.9980217+09:00         "taskId": "daily-20260615-r01"
2026-06-15T11:42:51.9980217+09:00       },
2026-06-15T11:42:51.9980217+09:00       {
2026-06-15T11:42:52.0141232+09:00         "run_id": "r02",
2026-06-15T11:42:52.0141232+09:00         "action": "not_due",
2026-06-15T11:42:52.0301441+09:00         "taskId": "daily-20260615-r02",
2026-06-15T11:42:52.0321539+09:00         "reason": "jst_hour=11"
2026-06-15T11:42:52.0341610+09:00       },
2026-06-15T11:42:52.0356679+09:00       {
2026-06-15T11:42:52.0376740+09:00         "run_id": "r03",
2026-06-15T11:42:52.0376740+09:00         "action": "not_due",
2026-06-15T11:42:52.0376740+09:00         "taskId": "daily-20260615-r03",
2026-06-15T11:42:52.0376740+09:00         "reason": "jst_hour=11"
2026-06-15T11:42:52.0376740+09:00       }
2026-06-15T11:42:52.0376740+09:00     ]
2026-06-15T11:42:52.0461510+09:00   },
2026-06-15T11:42:52.0461510+09:00   "reconcile": {
2026-06-15T11:42:52.0461510+09:00     "resetProcessing": 0,
2026-06-15T11:42:52.0461510+09:00     "inserted": 0,
2026-06-15T11:42:52.0461510+09:00     "scanned": 11,
2026-06-15T11:42:52.0461510+09:00     "stale": {
2026-06-15T11:42:52.0461510+09:00       "scanned": 11,
2026-06-15T11:42:52.0592210+09:00       "staleDetected": 0,
2026-06-15T11:42:52.0592210+09:00       "rolledBack": 0,
2026-06-15T11:42:52.0620261+09:00       "skippedCap": 0,
2026-06-15T11:42:52.0640333+09:00       "dryRun": false,
2026-06-15T11:42:52.0640333+09:00       "actions": []
2026-06-15T11:42:52.0640333+09:00     }
2026-06-15T11:42:52.0640333+09:00   },
2026-06-15T11:42:52.0640333+09:00   "dispatch": {
2026-06-15T11:42:52.0640333+09:00     "claimed": 0,
2026-06-15T11:42:52.0640333+09:00     "done": 0,
2026-06-15T11:42:52.0640333+09:00     "failed": 0
2026-06-15T11:42:52.0777889+09:00   },
2026-06-15T11:42:52.0777889+09:00   "step4_poll": {
2026-06-15T11:42:52.0777889+09:00     "scanned": 11,
2026-06-15T11:42:52.0777889+09:00     "awaiting": 0,
2026-06-15T11:42:52.0777889+09:00     "polled": 0,
2026-06-15T11:42:52.0777889+09:00     "picks_applied": 0,
2026-06-15T11:42:52.0777889+09:00     "pick_errors": 0,
2026-06-15T11:42:52.0777889+09:00     "timeouts": 0,
2026-06-15T11:42:52.0777889+09:00     "skipped": 0,
2026-06-15T11:42:52.0777889+09:00     "results": []
2026-06-15T11:42:52.0934363+09:00   },
2026-06-15T11:42:52.0934363+09:00   "step7_retry_poll": {
2026-06-15T11:42:52.0934363+09:00     "scanned": 11,
2026-06-15T11:42:52.0934363+09:00     "eligible": 9,
2026-06-15T11:42:52.0934363+09:00     "polled": 0,
2026-06-15T11:42:52.0934363+09:00     "retries_triggered": 0,
2026-06-15T11:42:52.0934363+09:00     "retry_errors": 0,
2026-06-15T11:42:52.0934363+09:00     "skipped": 0,
2026-06-15T11:42:52.0934363+09:00     "results": []
2026-06-15T11:42:52.0934363+09:00   }
2026-06-15T11:42:52.0934363+09:00 }
2026-06-15T11:42:52.1093960+09:00 OK run-once finished
2026-06-15T11:47:48.4709025+09:00 START dispatch-run-once
2026-06-15T11:47:48.8517624+09:00 
2026-06-15T11:47:48.8537694+09:00 > orchestrator
2026-06-15T11:47:48.8557779+09:00 > tsx src/cli/orchestrator.ts run-once --limit 10
2026-06-15T11:47:48.8557779+09:00 
2026-06-15T11:47:51.8045347+09:00 {
2026-06-15T11:47:51.8045347+09:00   "ensure_daily": {
2026-06-15T11:47:51.8045347+09:00     "runs": [
2026-06-15T11:47:51.8045347+09:00       {
2026-06-15T11:47:51.8045347+09:00         "run_id": "r01",
2026-06-15T11:47:51.8203562+09:00         "action": "skipped_exists",
2026-06-15T11:47:51.8203562+09:00         "taskId": "daily-20260615-r01"
2026-06-15T11:47:51.8203562+09:00       },
2026-06-15T11:47:51.8203562+09:00       {
2026-06-15T11:47:51.8445188+09:00         "run_id": "r02",
2026-06-15T11:47:51.8445188+09:00         "action": "not_due",
2026-06-15T11:47:51.8445188+09:00         "taskId": "daily-20260615-r02",
2026-06-15T11:47:51.8520208+09:00         "reason": "jst_hour=11"
2026-06-15T11:47:51.8520208+09:00       },
2026-06-15T11:47:51.8520208+09:00       {
2026-06-15T11:47:51.8520208+09:00         "run_id": "r03",
2026-06-15T11:47:51.8520208+09:00         "action": "not_due",
2026-06-15T11:47:51.8520208+09:00         "taskId": "daily-20260615-r03",
2026-06-15T11:47:51.8520208+09:00         "reason": "jst_hour=11"
2026-06-15T11:47:51.8520208+09:00       }
2026-06-15T11:47:51.8520208+09:00     ]
2026-06-15T11:47:51.8680526+09:00   },
2026-06-15T11:47:51.8680526+09:00   "reconcile": {
2026-06-15T11:47:51.8680526+09:00     "resetProcessing": 0,
2026-06-15T11:47:51.8680526+09:00     "inserted": 0,
2026-06-15T11:47:51.8680526+09:00     "scanned": 11,
2026-06-15T11:47:51.8680526+09:00     "stale": {
2026-06-15T11:47:51.8680526+09:00       "scanned": 11,
2026-06-15T11:47:51.8680526+09:00       "staleDetected": 0,
2026-06-15T11:47:51.8812977+09:00       "rolledBack": 0,
2026-06-15T11:47:51.8812977+09:00       "skippedCap": 0,
2026-06-15T11:47:51.8840728+09:00       "dryRun": false,
2026-06-15T11:47:51.8860797+09:00       "actions": []
2026-06-15T11:47:51.8860797+09:00     }
2026-06-15T11:47:51.8880878+09:00   },
2026-06-15T11:47:51.8880878+09:00   "dispatch": {
2026-06-15T11:47:51.8880878+09:00     "claimed": 0,
2026-06-15T11:47:51.8880878+09:00     "done": 0,
2026-06-15T11:47:51.8880878+09:00     "failed": 0
2026-06-15T11:47:51.8880878+09:00   },
2026-06-15T11:47:51.8880878+09:00   "step4_poll": {
2026-06-15T11:47:51.8880878+09:00     "scanned": 11,
2026-06-15T11:47:51.9000960+09:00     "awaiting": 0,
2026-06-15T11:47:51.9000960+09:00     "polled": 0,
2026-06-15T11:47:51.9000960+09:00     "picks_applied": 0,
2026-06-15T11:47:51.9000960+09:00     "pick_errors": 0,
2026-06-15T11:47:51.9000960+09:00     "timeouts": 0,
2026-06-15T11:47:51.9000960+09:00     "skipped": 0,
2026-06-15T11:47:51.9000960+09:00     "results": []
2026-06-15T11:47:51.9000960+09:00   },
2026-06-15T11:47:51.9000960+09:00   "step7_retry_poll": {
2026-06-15T11:47:51.9000960+09:00     "scanned": 11,
2026-06-15T11:47:51.9000960+09:00     "eligible": 9,
2026-06-15T11:47:51.9161172+09:00     "polled": 0,
2026-06-15T11:47:51.9161172+09:00     "retries_triggered": 0,
2026-06-15T11:47:51.9161172+09:00     "retry_errors": 0,
2026-06-15T11:47:51.9161172+09:00     "skipped": 0,
2026-06-15T11:47:51.9161172+09:00     "results": []
2026-06-15T11:47:51.9161172+09:00   }
2026-06-15T11:47:51.9161172+09:00 }
2026-06-15T11:47:51.9161172+09:00 OK run-once finished
2026-06-15T11:52:48.9862614+09:00 START dispatch-run-once
2026-06-15T11:52:49.3658449+09:00 
2026-06-15T11:52:49.3658449+09:00 > orchestrator
2026-06-15T11:52:49.3658449+09:00 > tsx src/cli/orchestrator.ts run-once --limit 10
2026-06-15T11:52:49.3658449+09:00 
2026-06-15T11:52:52.3136751+09:00 {
2026-06-15T11:52:52.3136751+09:00   "ensure_daily": {
2026-06-15T11:52:52.3267260+09:00     "runs": [
2026-06-15T11:52:52.3287321+09:00       {
2026-06-15T11:52:52.3297375+09:00         "run_id": "r01",
2026-06-15T11:52:52.3297375+09:00         "action": "skipped_exists",
2026-06-15T11:52:52.3297375+09:00         "taskId": "daily-20260615-r01"
2026-06-15T11:52:52.3297375+09:00       },
2026-06-15T11:52:52.3297375+09:00       {
2026-06-15T11:52:52.3542049+09:00         "run_id": "r02",
2026-06-15T11:52:52.3542049+09:00         "action": "not_due",
2026-06-15T11:52:52.3615365+09:00         "taskId": "daily-20260615-r02",
2026-06-15T11:52:52.3635443+09:00         "reason": "jst_hour=11"
2026-06-15T11:52:52.3635443+09:00       },
2026-06-15T11:52:52.3635443+09:00       {
2026-06-15T11:52:52.3635443+09:00         "run_id": "r03",
2026-06-15T11:52:52.3635443+09:00         "action": "not_due",
2026-06-15T11:52:52.3635443+09:00         "taskId": "daily-20260615-r03",
2026-06-15T11:52:52.3635443+09:00         "reason": "jst_hour=11"
2026-06-15T11:52:52.3635443+09:00       }
2026-06-15T11:52:52.3772150+09:00     ]
2026-06-15T11:52:52.3772150+09:00   },
2026-06-15T11:52:52.3772150+09:00   "reconcile": {
2026-06-15T11:52:52.3772150+09:00     "resetProcessing": 0,
2026-06-15T11:52:52.3772150+09:00     "inserted": 0,
2026-06-15T11:52:52.3772150+09:00     "scanned": 11,
2026-06-15T11:52:52.3772150+09:00     "stale": {
2026-06-15T11:52:52.3772150+09:00       "scanned": 11,
2026-06-15T11:52:52.3772150+09:00       "staleDetected": 0,
2026-06-15T11:52:52.3897454+09:00       "rolledBack": 0,
2026-06-15T11:52:52.3917527+09:00       "skippedCap": 0,
2026-06-15T11:52:52.3932588+09:00       "dryRun": false,
2026-06-15T11:52:52.3932588+09:00       "actions": []
2026-06-15T11:52:52.3932588+09:00     }
2026-06-15T11:52:52.3932588+09:00   },
2026-06-15T11:52:52.3932588+09:00   "dispatch": {
2026-06-15T11:52:52.3932588+09:00     "claimed": 0,
2026-06-15T11:52:52.3932588+09:00     "done": 0,
2026-06-15T11:52:52.3932588+09:00     "failed": 0
2026-06-15T11:52:52.3932588+09:00   },
2026-06-15T11:52:52.3932588+09:00   "step4_poll": {
2026-06-15T11:52:52.4089695+09:00     "scanned": 11,
2026-06-15T11:52:52.4089695+09:00     "awaiting": 0,
2026-06-15T11:52:52.4089695+09:00     "polled": 0,
2026-06-15T11:52:52.4089695+09:00     "picks_applied": 0,
2026-06-15T11:52:52.4089695+09:00     "pick_errors": 0,
2026-06-15T11:52:52.4089695+09:00     "timeouts": 0,
2026-06-15T11:52:52.4089695+09:00     "skipped": 0,
2026-06-15T11:52:52.4089695+09:00     "results": []
2026-06-15T11:52:52.4089695+09:00   },
2026-06-15T11:52:52.4089695+09:00   "step7_retry_poll": {
2026-06-15T11:52:52.4089695+09:00     "scanned": 11,
2026-06-15T11:52:52.4247225+09:00     "eligible": 9,
2026-06-15T11:52:52.4247225+09:00     "polled": 0,
2026-06-15T11:52:52.4247225+09:00     "retries_triggered": 0,
2026-06-15T11:52:52.4247225+09:00     "retry_errors": 0,
2026-06-15T11:52:52.4247225+09:00     "skipped": 0,
2026-06-15T11:52:52.4247225+09:00     "results": []
2026-06-15T11:52:52.4247225+09:00   }
2026-06-15T11:52:52.4247225+09:00 }
2026-06-15T11:52:52.4247225+09:00 OK run-once finished
2026-06-15T11:57:48.7493340+09:00 START dispatch-run-once
2026-06-15T11:57:58.9201927+09:00 
2026-06-15T11:57:58.9256764+09:00 > orchestrator
2026-06-15T11:57:58.9256764+09:00 > tsx src/cli/orchestrator.ts run-once --limit 10
2026-06-15T11:57:58.9256764+09:00 
2026-06-15T11:58:01.8508222+09:00 {
2026-06-15T11:58:01.8508222+09:00   "ensure_daily": {
2026-06-15T11:58:01.8600137+09:00     "runs": [
2026-06-15T11:58:01.8620210+09:00       {
2026-06-15T11:58:01.8640283+09:00         "run_id": "r01",
2026-06-15T11:58:01.8660343+09:00         "action": "skipped_exists",
2026-06-15T11:58:01.8660343+09:00         "taskId": "daily-20260615-r01"
2026-06-15T11:58:01.8660343+09:00       },
2026-06-15T11:58:01.8660343+09:00       {
2026-06-15T11:58:01.8877267+09:00         "run_id": "r02",
2026-06-15T11:58:01.8877267+09:00         "action": "not_due",
2026-06-15T11:58:01.8877267+09:00         "taskId": "daily-20260615-r02",
2026-06-15T11:58:01.8975636+09:00         "reason": "jst_hour=11"
2026-06-15T11:58:01.8995697+09:00       },
2026-06-15T11:58:01.9015762+09:00       {
2026-06-15T11:58:01.9015762+09:00         "run_id": "r03",
2026-06-15T11:58:01.9015762+09:00         "action": "not_due",
2026-06-15T11:58:01.9015762+09:00         "taskId": "daily-20260615-r03",
2026-06-15T11:58:01.9015762+09:00         "reason": "jst_hour=11"
2026-06-15T11:58:01.9155810+09:00       }
2026-06-15T11:58:01.9176045+09:00     ]
2026-06-15T11:58:01.9196332+09:00   },
2026-06-15T11:58:01.9216386+09:00   "reconcile": {
2026-06-15T11:58:01.9216386+09:00     "resetProcessing": 0,
2026-06-15T11:58:01.9236444+09:00     "inserted": 0,
2026-06-15T11:58:01.9256507+09:00     "scanned": 11,
2026-06-15T11:58:01.9276562+09:00     "stale": {
2026-06-15T11:58:01.9294068+09:00       "scanned": 11,
2026-06-15T11:58:01.9294068+09:00       "staleDetected": 0,
2026-06-15T11:58:01.9328880+09:00       "rolledBack": 0,
2026-06-15T11:58:01.9328880+09:00       "skippedCap": 0,
2026-06-15T11:58:01.9328880+09:00       "dryRun": false,
2026-06-15T11:58:01.9328880+09:00       "actions": []
2026-06-15T11:58:01.9439826+09:00     }
2026-06-15T11:58:01.9455037+09:00   },
2026-06-15T11:58:01.9455037+09:00   "dispatch": {
2026-06-15T11:58:01.9455037+09:00     "claimed": 0,
2026-06-15T11:58:01.9455037+09:00     "done": 0,
2026-06-15T11:58:01.9455037+09:00     "failed": 0
2026-06-15T11:58:01.9455037+09:00   },
2026-06-15T11:58:01.9455037+09:00   "step4_poll": {
2026-06-15T11:58:01.9455037+09:00     "scanned": 11,
2026-06-15T11:58:01.9614429+09:00     "awaiting": 0,
2026-06-15T11:58:01.9634595+09:00     "polled": 0,
2026-06-15T11:58:01.9634595+09:00     "picks_applied": 0,
2026-06-15T11:58:01.9654668+09:00     "pick_errors": 0,
2026-06-15T11:58:01.9674740+09:00     "timeouts": 0,
2026-06-15T11:58:01.9674740+09:00     "skipped": 0,
2026-06-15T11:58:01.9674740+09:00     "results": []
2026-06-15T11:58:01.9674740+09:00   },
2026-06-15T11:58:01.9674740+09:00   "step7_retry_poll": {
2026-06-15T11:58:01.9771202+09:00     "scanned": 11,
2026-06-15T11:58:01.9792265+09:00     "eligible": 9,
2026-06-15T11:58:01.9792265+09:00     "polled": 0,
2026-06-15T11:58:01.9812347+09:00     "retries_triggered": 0,
2026-06-15T11:58:01.9832442+09:00     "retry_errors": 0,
2026-06-15T11:58:01.9852522+09:00     "skipped": 0,
2026-06-15T11:58:01.9852522+09:00     "results": []
2026-06-15T11:58:01.9872593+09:00   }
2026-06-15T11:58:01.9892661+09:00 }
2026-06-15T11:58:01.9930613+09:00 npm notice
2026-06-15T11:58:01.9930613+09:00 npm notice New minor version of npm available! 11.6.1 -> 11.17.0
2026-06-15T11:58:01.9950673+09:00 npm notice Changelog: https://github.com/npm/cli/releases/tag/v11.17.0
2026-06-15T11:58:01.9970733+09:00 npm notice To update run: npm install -g npm@11.17.0
2026-06-15T11:58:01.9990807+09:00 npm notice
2026-06-15T11:58:02.0010875+09:00 OK run-once finished
2026-06-15T12:02:47.8819944+09:00 START dispatch-run-once
2026-06-15T12:02:48.2605411+09:00 
2026-06-15T12:02:48.2605411+09:00 > orchestrator
2026-06-15T12:02:48.2605411+09:00 > tsx src/cli/orchestrator.ts run-once --limit 10
2026-06-15T12:02:48.2605411+09:00 
2026-06-15T12:02:51.2619135+09:00 {
2026-06-15T12:02:51.2619135+09:00   "ensure_daily": {
2026-06-15T12:02:51.2619135+09:00     "runs": [
2026-06-15T12:02:51.2777973+09:00       {
2026-06-15T12:02:51.2777973+09:00         "run_id": "r01",
2026-06-15T12:02:51.2777973+09:00         "action": "not_due",
2026-06-15T12:02:51.2777973+09:00         "taskId": "daily-20260615-r01",
2026-06-15T12:02:51.2777973+09:00         "reason": "jst_hour=12"
2026-06-15T12:02:51.2777973+09:00       },
2026-06-15T12:02:51.2934485+09:00       {
2026-06-15T12:02:51.3095117+09:00         "run_id": "r02",
2026-06-15T12:02:51.3095117+09:00         "action": "not_due",
2026-06-15T12:02:51.3123078+09:00         "taskId": "daily-20260615-r02",
2026-06-15T12:02:51.3123078+09:00         "reason": "jst_hour=12"
2026-06-15T12:02:51.3123078+09:00       },
2026-06-15T12:02:51.3123078+09:00       {
2026-06-15T12:02:51.3123078+09:00         "run_id": "r03",
2026-06-15T12:02:51.3123078+09:00         "action": "not_due",
2026-06-15T12:02:51.3123078+09:00         "taskId": "daily-20260615-r03",
2026-06-15T12:02:51.3241302+09:00         "reason": "jst_hour=12"
2026-06-15T12:02:51.3256405+09:00       }
2026-06-15T12:02:51.3256405+09:00     ]
2026-06-15T12:02:51.3256405+09:00   },
2026-06-15T12:02:51.3256405+09:00   "reconcile": {
2026-06-15T12:02:51.3256405+09:00     "resetProcessing": 0,
2026-06-15T12:02:51.3256405+09:00     "inserted": 0,
2026-06-15T12:02:51.3256405+09:00     "scanned": 11,
2026-06-15T12:02:51.3256405+09:00     "stale": {
2026-06-15T12:02:51.3256405+09:00       "scanned": 11,
2026-06-15T12:02:51.3256405+09:00       "staleDetected": 0,
2026-06-15T12:02:51.3392686+09:00       "rolledBack": 0,
2026-06-15T12:02:51.3412788+09:00       "skippedCap": 0,
2026-06-15T12:02:51.3412788+09:00       "dryRun": false,
2026-06-15T12:02:51.3412788+09:00       "actions": []
2026-06-15T12:02:51.3412788+09:00     }
2026-06-15T12:02:51.3412788+09:00   },
2026-06-15T12:02:51.3412788+09:00   "dispatch": {
2026-06-15T12:02:51.3412788+09:00     "claimed": 0,
2026-06-15T12:02:51.3412788+09:00     "done": 0,
2026-06-15T12:02:51.3412788+09:00     "failed": 0
2026-06-15T12:02:51.3412788+09:00   },
2026-06-15T12:02:51.3573580+09:00   "step4_poll": {
2026-06-15T12:02:51.3573580+09:00     "scanned": 11,
2026-06-15T12:02:51.3573580+09:00     "awaiting": 0,
2026-06-15T12:02:51.3573580+09:00     "polled": 0,
2026-06-15T12:02:51.3573580+09:00     "picks_applied": 0,
2026-06-15T12:02:51.3573580+09:00     "pick_errors": 0,
2026-06-15T12:02:51.3573580+09:00     "timeouts": 0,
2026-06-15T12:02:51.3573580+09:00     "skipped": 0,
2026-06-15T12:02:51.3573580+09:00     "results": []
2026-06-15T12:02:51.3573580+09:00   },
2026-06-15T12:02:51.3573580+09:00   "step7_retry_poll": {
2026-06-15T12:02:51.3731998+09:00     "scanned": 11,
2026-06-15T12:02:51.3731998+09:00     "eligible": 9,
2026-06-15T12:02:51.3731998+09:00     "polled": 0,
2026-06-15T12:02:51.3731998+09:00     "retries_triggered": 0,
2026-06-15T12:02:51.3731998+09:00     "retry_errors": 0,
2026-06-15T12:02:51.3731998+09:00     "skipped": 0,
2026-06-15T12:02:51.3731998+09:00     "results": []
2026-06-15T12:02:51.3731998+09:00   }
2026-06-15T12:02:51.3731998+09:00 }
2026-06-15T12:02:51.3731998+09:00 OK run-once finished
2026-06-15T12:07:48.2953013+09:00 START dispatch-run-once
2026-06-15T12:07:48.6739306+09:00 
2026-06-15T12:07:48.6739306+09:00 > orchestrator
2026-06-15T12:07:48.6739306+09:00 > tsx src/cli/orchestrator.ts run-once --limit 10
2026-06-15T12:07:48.6739306+09:00 
2026-06-15T12:07:51.6660306+09:00 {
2026-06-15T12:07:51.6680408+09:00   "ensure_daily": {
2026-06-15T12:07:51.6700507+09:00     "runs": [
2026-06-15T12:07:51.6745632+09:00       {
2026-06-15T12:07:51.6760710+09:00         "run_id": "r01",
2026-06-15T12:07:51.6760710+09:00         "action": "not_due",
2026-06-15T12:07:51.6760710+09:00         "taskId": "daily-20260615-r01",
2026-06-15T12:07:51.6760710+09:00         "reason": "jst_hour=12"
2026-06-15T12:07:51.6760710+09:00       },
2026-06-15T12:07:51.7040987+09:00       {
2026-06-15T12:07:51.7061050+09:00         "run_id": "r02",
2026-06-15T12:07:51.7078525+09:00         "action": "not_due",
2026-06-15T12:07:51.7078525+09:00         "taskId": "daily-20260615-r02",
2026-06-15T12:07:51.7140780+09:00         "reason": "jst_hour=12"
2026-06-15T12:07:51.7160846+09:00       },
2026-06-15T12:07:51.7180906+09:00       {
2026-06-15T12:07:51.7200958+09:00         "run_id": "r03",
2026-06-15T12:07:51.7221039+09:00         "action": "not_due",
2026-06-15T12:07:51.7238502+09:00         "taskId": "daily-20260615-r03",
2026-06-15T12:07:51.7238502+09:00         "reason": "jst_hour=12"
2026-06-15T12:07:51.7238502+09:00       }
2026-06-15T12:07:51.7238502+09:00     ]
2026-06-15T12:07:51.7238502+09:00   },
2026-06-15T12:07:51.7238502+09:00   "reconcile": {
2026-06-15T12:07:51.7238502+09:00     "resetProcessing": 0,
2026-06-15T12:07:51.7394990+09:00     "inserted": 0,
2026-06-15T12:07:51.7394990+09:00     "scanned": 11,
2026-06-15T12:07:51.7394990+09:00     "stale": {
2026-06-15T12:07:51.7457519+09:00       "scanned": 11,
2026-06-15T12:07:51.7477588+09:00       "staleDetected": 0,
2026-06-15T12:07:51.7497646+09:00       "rolledBack": 0,
2026-06-15T12:07:51.7517705+09:00       "skippedCap": 0,
2026-06-15T12:07:51.7537777+09:00       "dryRun": false,
2026-06-15T12:07:51.7555256+09:00       "actions": []
2026-06-15T12:07:51.7555256+09:00     }
2026-06-15T12:07:51.7555256+09:00   },
2026-06-15T12:07:51.7555256+09:00   "dispatch": {
2026-06-15T12:07:51.7555256+09:00     "claimed": 0,
2026-06-15T12:07:51.7555256+09:00     "done": 0,
2026-06-15T12:07:51.7555256+09:00     "failed": 0
2026-06-15T12:07:51.7555256+09:00   },
2026-06-15T12:07:51.7712760+09:00   "step4_poll": {
2026-06-15T12:07:51.7732877+09:00     "scanned": 11,
2026-06-15T12:07:51.7747946+09:00     "awaiting": 0,
2026-06-15T12:07:51.7747946+09:00     "polled": 0,
2026-06-15T12:07:51.7747946+09:00     "picks_applied": 0,
2026-06-15T12:07:51.7747946+09:00     "pick_errors": 0,
2026-06-15T12:07:51.7747946+09:00     "timeouts": 0,
2026-06-15T12:07:51.7747946+09:00     "skipped": 0,
2026-06-15T12:07:51.7747946+09:00     "results": []
2026-06-15T12:07:51.7747946+09:00   },
2026-06-15T12:07:51.7870736+09:00   "step7_retry_poll": {
2026-06-15T12:07:51.7870736+09:00     "scanned": 11,
2026-06-15T12:07:51.7870736+09:00     "eligible": 9,
2026-06-15T12:07:51.7870736+09:00     "polled": 0,
2026-06-15T12:07:51.7870736+09:00     "retries_triggered": 0,
2026-06-15T12:07:51.7870736+09:00     "retry_errors": 0,
2026-06-15T12:07:51.7870736+09:00     "skipped": 0,
2026-06-15T12:07:51.7870736+09:00     "results": []
2026-06-15T12:07:51.7870736+09:00   }
2026-06-15T12:07:51.8027290+09:00 }
2026-06-15T12:07:51.8027290+09:00 OK run-once finished
2026-06-15T12:12:48.4046941+09:00 START dispatch-run-once
2026-06-15T12:12:48.7706537+09:00 
2026-06-15T12:12:48.7814619+09:00 > orchestrator
2026-06-15T12:12:48.7814619+09:00 > tsx src/cli/orchestrator.ts run-once --limit 10
2026-06-15T12:12:48.7862972+09:00 
2026-06-15T12:12:51.8457535+09:00 {
2026-06-15T12:12:51.8482252+09:00   "ensure_daily": {
2026-06-15T12:12:51.8527415+09:00     "runs": [
2026-06-15T12:12:51.8527415+09:00       {
2026-06-15T12:12:51.8527415+09:00         "run_id": "r01",
2026-06-15T12:12:51.8527415+09:00         "action": "not_due",
2026-06-15T12:12:51.8527415+09:00         "taskId": "daily-20260615-r01",
2026-06-15T12:12:51.8527415+09:00         "reason": "jst_hour=12"
2026-06-15T12:12:51.8527415+09:00       },
2026-06-15T12:12:51.8847766+09:00       {
2026-06-15T12:12:51.8867845+09:00         "run_id": "r02",
2026-06-15T12:12:51.8887933+09:00         "action": "not_due",
2026-06-15T12:12:51.8908020+09:00         "taskId": "daily-20260615-r02",
2026-06-15T12:12:51.8928097+09:00         "reason": "jst_hour=12"
2026-06-15T12:12:51.8928097+09:00       },
2026-06-15T12:12:51.8928097+09:00       {
2026-06-15T12:12:51.9005543+09:00         "run_id": "r03",
2026-06-15T12:12:51.9005543+09:00         "action": "not_due",
2026-06-15T12:12:51.9005543+09:00         "taskId": "daily-20260615-r03",
2026-06-15T12:12:51.9005543+09:00         "reason": "jst_hour=12"
2026-06-15T12:12:51.9005543+09:00       }
2026-06-15T12:12:51.9005543+09:00     ]
2026-06-15T12:12:51.9005543+09:00   },
2026-06-15T12:12:51.9005543+09:00   "reconcile": {
2026-06-15T12:12:51.9005543+09:00     "resetProcessing": 0,
2026-06-15T12:12:51.9005543+09:00     "inserted": 0,
2026-06-15T12:12:51.9165292+09:00     "scanned": 11,
2026-06-15T12:12:51.9165292+09:00     "stale": {
2026-06-15T12:12:51.9165292+09:00       "scanned": 11,
2026-06-15T12:12:51.9165292+09:00       "staleDetected": 0,
2026-06-15T12:12:51.9165292+09:00       "rolledBack": 0,
2026-06-15T12:12:51.9165292+09:00       "skippedCap": 0,
2026-06-15T12:12:51.9165292+09:00       "dryRun": false,
2026-06-15T12:12:51.9165292+09:00       "actions": []
2026-06-15T12:12:51.9165292+09:00     }
2026-06-15T12:12:51.9324732+09:00   },
2026-06-15T12:12:51.9324732+09:00   "dispatch": {
2026-06-15T12:12:51.9324732+09:00     "claimed": 0,
2026-06-15T12:12:51.9324732+09:00     "done": 0,
2026-06-15T12:12:51.9324732+09:00     "failed": 0
2026-06-15T12:12:51.9324732+09:00   },
2026-06-15T12:12:51.9324732+09:00   "step4_poll": {
2026-06-15T12:12:51.9324732+09:00     "scanned": 11,
2026-06-15T12:12:51.9324732+09:00     "awaiting": 0,
2026-06-15T12:12:51.9324732+09:00     "polled": 0,
2026-06-15T12:12:51.9483694+09:00     "picks_applied": 0,
2026-06-15T12:12:51.9483694+09:00     "pick_errors": 0,
2026-06-15T12:12:51.9483694+09:00     "timeouts": 0,
2026-06-15T12:12:51.9483694+09:00     "skipped": 0,
2026-06-15T12:12:51.9483694+09:00     "results": []
2026-06-15T12:12:51.9483694+09:00   },
2026-06-15T12:12:51.9483694+09:00   "step7_retry_poll": {
2026-06-15T12:12:51.9483694+09:00     "scanned": 11,
2026-06-15T12:12:51.9483694+09:00     "eligible": 9,
2026-06-15T12:12:51.9483694+09:00     "polled": 0,
2026-06-15T12:12:51.9641558+09:00     "retries_triggered": 0,
2026-06-15T12:12:51.9641558+09:00     "retry_errors": 0,
2026-06-15T12:12:51.9641558+09:00     "skipped": 0,
2026-06-15T12:12:51.9641558+09:00     "results": []
2026-06-15T12:12:51.9641558+09:00   }
2026-06-15T12:12:51.9641558+09:00 }
2026-06-15T12:12:51.9641558+09:00 OK run-once finished
2026-06-15T12:17:48.6140062+09:00 START dispatch-run-once
2026-06-15T12:17:48.9811398+09:00 
2026-06-15T12:17:48.9967956+09:00 > orchestrator
2026-06-15T12:17:48.9967956+09:00 > tsx src/cli/orchestrator.ts run-once --limit 10
2026-06-15T12:17:48.9967956+09:00 
2026-06-15T12:17:51.9349184+09:00 {
2026-06-15T12:17:51.9395708+09:00   "ensure_daily": {
2026-06-15T12:17:51.9395708+09:00     "runs": [
2026-06-15T12:17:51.9395708+09:00       {
2026-06-15T12:17:51.9395708+09:00         "run_id": "r01",
2026-06-15T12:17:51.9507893+09:00         "action": "not_due",
2026-06-15T12:17:51.9507893+09:00         "taskId": "daily-20260615-r01",
2026-06-15T12:17:51.9507893+09:00         "reason": "jst_hour=12"
2026-06-15T12:17:51.9507893+09:00       },
2026-06-15T12:17:51.9666457+09:00       {
2026-06-15T12:17:51.9666457+09:00         "run_id": "r02",
2026-06-15T12:17:51.9666457+09:00         "action": "not_due",
2026-06-15T12:17:51.9666457+09:00         "taskId": "daily-20260615-r02",
2026-06-15T12:17:51.9824719+09:00         "reason": "jst_hour=12"
2026-06-15T12:17:51.9824719+09:00       },
2026-06-15T12:17:51.9824719+09:00       {
2026-06-15T12:17:51.9824719+09:00         "run_id": "r03",
2026-06-15T12:17:51.9824719+09:00         "action": "not_due",
2026-06-15T12:17:51.9824719+09:00         "taskId": "daily-20260615-r03",
2026-06-15T12:17:51.9824719+09:00         "reason": "jst_hour=12"
2026-06-15T12:17:51.9824719+09:00       }
2026-06-15T12:17:51.9824719+09:00     ]
2026-06-15T12:17:51.9982304+09:00   },
2026-06-15T12:17:51.9982304+09:00   "reconcile": {
2026-06-15T12:17:51.9982304+09:00     "resetProcessing": 0,
2026-06-15T12:17:51.9982304+09:00     "inserted": 0,
2026-06-15T12:17:51.9982304+09:00     "scanned": 11,
2026-06-15T12:17:51.9982304+09:00     "stale": {
2026-06-15T12:17:51.9982304+09:00       "scanned": 11,
2026-06-15T12:17:51.9982304+09:00       "staleDetected": 0,
2026-06-15T12:17:51.9982304+09:00       "rolledBack": 0,
2026-06-15T12:17:52.0139166+09:00       "skippedCap": 0,
2026-06-15T12:17:52.0139166+09:00       "dryRun": false,
2026-06-15T12:17:52.0139166+09:00       "actions": []
2026-06-15T12:17:52.0139166+09:00     }
2026-06-15T12:17:52.0139166+09:00   },
2026-06-15T12:17:52.0139166+09:00   "dispatch": {
2026-06-15T12:17:52.0139166+09:00     "claimed": 0,
2026-06-15T12:17:52.0139166+09:00     "done": 0,
2026-06-15T12:17:52.0139166+09:00     "failed": 0
2026-06-15T12:17:52.0139166+09:00   },
2026-06-15T12:17:52.0139166+09:00   "step4_poll": {
2026-06-15T12:17:52.0297821+09:00     "scanned": 11,
2026-06-15T12:17:52.0297821+09:00     "awaiting": 0,
2026-06-15T12:17:52.0297821+09:00     "polled": 0,
2026-06-15T12:17:52.0297821+09:00     "picks_applied": 0,
2026-06-15T12:17:52.0297821+09:00     "pick_errors": 0,
2026-06-15T12:17:52.0297821+09:00     "timeouts": 0,
2026-06-15T12:17:52.0397995+09:00     "skipped": 0,
2026-06-15T12:17:52.0397995+09:00     "results": []
2026-06-15T12:17:52.0397995+09:00   },
2026-06-15T12:17:52.0397995+09:00   "step7_retry_poll": {
2026-06-15T12:17:52.0454327+09:00     "scanned": 11,
2026-06-15T12:17:52.0454327+09:00     "eligible": 9,
2026-06-15T12:17:52.0454327+09:00     "polled": 0,
2026-06-15T12:17:52.0454327+09:00     "retries_triggered": 0,
2026-06-15T12:17:52.0454327+09:00     "retry_errors": 0,
2026-06-15T12:17:52.0454327+09:00     "skipped": 0,
2026-06-15T12:17:52.0454327+09:00     "results": []
2026-06-15T12:17:52.0454327+09:00   }
2026-06-15T12:17:52.0454327+09:00 }
2026-06-15T12:17:52.0454327+09:00 OK run-once finished
2026-06-15T12:22:48.1217463+09:00 START dispatch-run-once
2026-06-15T12:22:48.5828662+09:00 
2026-06-15T12:22:48.5828662+09:00 > orchestrator
2026-06-15T12:22:48.5828662+09:00 > tsx src/cli/orchestrator.ts run-once --limit 10
2026-06-15T12:22:48.5975546+09:00 
2026-06-15T12:22:52.8003014+09:00 {
2026-06-15T12:22:52.8061455+09:00   "ensure_daily": {
2026-06-15T12:22:52.8061455+09:00     "runs": [
2026-06-15T12:22:52.8107745+09:00       {
2026-06-15T12:22:52.8107745+09:00         "run_id": "r01",
2026-06-15T12:22:52.8160312+09:00         "action": "not_due",
2026-06-15T12:22:52.8160312+09:00         "taskId": "daily-20260615-r01",
2026-06-15T12:22:52.8160312+09:00         "reason": "jst_hour=12"
2026-06-15T12:22:52.8160312+09:00       },
2026-06-15T12:22:52.8407717+09:00       {
2026-06-15T12:22:52.8407717+09:00         "run_id": "r02",
2026-06-15T12:22:52.8407717+09:00         "action": "not_due",
2026-06-15T12:22:52.8499270+09:00         "taskId": "daily-20260615-r02",
2026-06-15T12:22:52.8499270+09:00         "reason": "jst_hour=12"
2026-06-15T12:22:52.8499270+09:00       },
2026-06-15T12:22:52.8499270+09:00       {
2026-06-15T12:22:52.8499270+09:00         "run_id": "r03",
2026-06-15T12:22:52.8499270+09:00         "action": "not_due",
2026-06-15T12:22:52.8499270+09:00         "taskId": "daily-20260615-r03",
2026-06-15T12:22:52.8499270+09:00         "reason": "jst_hour=12"
2026-06-15T12:22:52.8499270+09:00       }
2026-06-15T12:22:52.8633946+09:00     ]
2026-06-15T12:22:52.8633946+09:00   },
2026-06-15T12:22:52.8633946+09:00   "reconcile": {
2026-06-15T12:22:52.8633946+09:00     "resetProcessing": 0,
2026-06-15T12:22:52.8633946+09:00     "inserted": 0,
2026-06-15T12:22:52.8633946+09:00     "scanned": 11,
2026-06-15T12:22:52.8633946+09:00     "stale": {
2026-06-15T12:22:52.8633946+09:00       "scanned": 11,
2026-06-15T12:22:52.8633946+09:00       "staleDetected": 0,
2026-06-15T12:22:52.8633946+09:00       "rolledBack": 0,
2026-06-15T12:22:52.8633946+09:00       "skippedCap": 0,
2026-06-15T12:22:52.8793554+09:00       "dryRun": false,
2026-06-15T12:22:52.8793554+09:00       "actions": []
2026-06-15T12:22:52.8793554+09:00     }
2026-06-15T12:22:52.8793554+09:00   },
2026-06-15T12:22:52.8793554+09:00   "dispatch": {
2026-06-15T12:22:52.8793554+09:00     "claimed": 0,
2026-06-15T12:22:52.8793554+09:00     "done": 0,
2026-06-15T12:22:52.8793554+09:00     "failed": 0
2026-06-15T12:22:52.8793554+09:00   },
2026-06-15T12:22:52.8793554+09:00   "step4_poll": {
2026-06-15T12:22:52.8793554+09:00     "scanned": 11,
2026-06-15T12:22:52.8953293+09:00     "awaiting": 0,
2026-06-15T12:22:52.8953293+09:00     "polled": 0,
2026-06-15T12:22:52.8953293+09:00     "picks_applied": 0,
2026-06-15T12:22:52.8953293+09:00     "pick_errors": 0,
2026-06-15T12:22:52.8953293+09:00     "timeouts": 0,
2026-06-15T12:22:52.8953293+09:00     "skipped": 0,
2026-06-15T12:22:52.8953293+09:00     "results": []
2026-06-15T12:22:52.8953293+09:00   },
2026-06-15T12:22:52.8953293+09:00   "step7_retry_poll": {
2026-06-15T12:22:52.8953293+09:00     "scanned": 11,
2026-06-15T12:22:52.8953293+09:00     "eligible": 9,
2026-06-15T12:22:52.9109005+09:00     "polled": 0,
2026-06-15T12:22:52.9109005+09:00     "retries_triggered": 0,
2026-06-15T12:22:52.9109005+09:00     "retry_errors": 0,
2026-06-15T12:22:52.9109005+09:00     "skipped": 0,
2026-06-15T12:22:52.9109005+09:00     "results": []
2026-06-15T12:22:52.9109005+09:00   }
2026-06-15T12:22:52.9109005+09:00 }
2026-06-15T12:22:52.9109005+09:00 OK run-once finished
2026-06-15T12:27:48.5623453+09:00 START dispatch-run-once
2026-06-15T12:27:48.9280548+09:00 
2026-06-15T12:27:48.9280548+09:00 > orchestrator
2026-06-15T12:27:48.9280548+09:00 > tsx src/cli/orchestrator.ts run-once --limit 10
2026-06-15T12:27:48.9362358+09:00 
2026-06-15T12:27:51.8739180+09:00 {
2026-06-15T12:27:51.8772231+09:00   "ensure_daily": {
2026-06-15T12:27:51.8772231+09:00     "runs": [
2026-06-15T12:27:51.8772231+09:00       {
2026-06-15T12:27:51.8855291+09:00         "run_id": "r01",
2026-06-15T12:27:51.8855291+09:00         "action": "not_due",
2026-06-15T12:27:51.8855291+09:00         "taskId": "daily-20260615-r01",
2026-06-15T12:27:51.8855291+09:00         "reason": "jst_hour=12"
2026-06-15T12:27:51.8940371+09:00       },
2026-06-15T12:27:51.9104062+09:00       {
2026-06-15T12:27:51.9104062+09:00         "run_id": "r02",
2026-06-15T12:27:51.9170661+09:00         "action": "not_due",
2026-06-15T12:27:51.9170661+09:00         "taskId": "daily-20260615-r02",
2026-06-15T12:27:51.9170661+09:00         "reason": "jst_hour=12"
2026-06-15T12:27:51.9220592+09:00       },
2026-06-15T12:27:51.9220592+09:00       {
2026-06-15T12:27:51.9220592+09:00         "run_id": "r03",
2026-06-15T12:27:51.9220592+09:00         "action": "not_due",
2026-06-15T12:27:51.9220592+09:00         "taskId": "daily-20260615-r03",
2026-06-15T12:27:51.9220592+09:00         "reason": "jst_hour=12"
2026-06-15T12:27:51.9220592+09:00       }
2026-06-15T12:27:51.9328481+09:00     ]
2026-06-15T12:27:51.9328481+09:00   },
2026-06-15T12:27:51.9328481+09:00   "reconcile": {
2026-06-15T12:27:51.9328481+09:00     "resetProcessing": 0,
2026-06-15T12:27:51.9328481+09:00     "inserted": 0,
2026-06-15T12:27:51.9328481+09:00     "scanned": 11,
2026-06-15T12:27:51.9328481+09:00     "stale": {
2026-06-15T12:27:51.9328481+09:00       "scanned": 11,
2026-06-15T12:27:51.9328481+09:00       "staleDetected": 0,
2026-06-15T12:27:51.9484804+09:00       "rolledBack": 0,
2026-06-15T12:27:51.9499884+09:00       "skippedCap": 0,
2026-06-15T12:27:51.9499884+09:00       "dryRun": false,
2026-06-15T12:27:51.9499884+09:00       "actions": []
2026-06-15T12:27:51.9499884+09:00     }
2026-06-15T12:27:51.9499884+09:00   },
2026-06-15T12:27:51.9499884+09:00   "dispatch": {
2026-06-15T12:27:51.9499884+09:00     "claimed": 0,
2026-06-15T12:27:51.9499884+09:00     "done": 0,
2026-06-15T12:27:51.9499884+09:00     "failed": 0
2026-06-15T12:27:51.9641648+09:00   },
2026-06-15T12:27:51.9641648+09:00   "step4_poll": {
2026-06-15T12:27:51.9641648+09:00     "scanned": 11,
2026-06-15T12:27:51.9641648+09:00     "awaiting": 0,
2026-06-15T12:27:51.9641648+09:00     "polled": 0,
2026-06-15T12:27:51.9641648+09:00     "picks_applied": 0,
2026-06-15T12:27:51.9641648+09:00     "pick_errors": 0,
2026-06-15T12:27:51.9641648+09:00     "timeouts": 0,
2026-06-15T12:27:51.9641648+09:00     "skipped": 0,
2026-06-15T12:27:51.9641648+09:00     "results": []
2026-06-15T12:27:51.9641648+09:00   },
2026-06-15T12:27:51.9802936+09:00   "step7_retry_poll": {
2026-06-15T12:27:51.9802936+09:00     "scanned": 11,
2026-06-15T12:27:51.9802936+09:00     "eligible": 9,
2026-06-15T12:27:51.9802936+09:00     "polled": 0,
2026-06-15T12:27:51.9802936+09:00     "retries_triggered": 0,
2026-06-15T12:27:51.9802936+09:00     "retry_errors": 0,
2026-06-15T12:27:51.9802936+09:00     "skipped": 0,
2026-06-15T12:27:51.9802936+09:00     "results": []
2026-06-15T12:27:51.9802936+09:00   }
2026-06-15T12:27:51.9802936+09:00 }
2026-06-15T12:27:51.9802936+09:00 OK run-once finished
2026-06-15T12:32:48.2539715+09:00 START dispatch-run-once
2026-06-15T12:32:48.6250327+09:00 
2026-06-15T12:32:48.6250327+09:00 > orchestrator
2026-06-15T12:32:48.6250327+09:00 > tsx src/cli/orchestrator.ts run-once --limit 10
2026-06-15T12:32:48.6250327+09:00 
2026-06-15T12:32:51.6043473+09:00 {
2026-06-15T12:32:51.6043473+09:00   "ensure_daily": {
2026-06-15T12:32:51.6092025+09:00     "runs": [
2026-06-15T12:32:51.6092025+09:00       {
2026-06-15T12:32:51.6155872+09:00         "run_id": "r01",
2026-06-15T12:32:51.6155872+09:00         "action": "not_due",
2026-06-15T12:32:51.6155872+09:00         "taskId": "daily-20260615-r01",
2026-06-15T12:32:51.6155872+09:00         "reason": "jst_hour=12"
2026-06-15T12:32:51.6155872+09:00       },
2026-06-15T12:32:51.6408009+09:00       {
2026-06-15T12:32:51.6408009+09:00         "run_id": "r02",
2026-06-15T12:32:51.6408009+09:00         "action": "not_due",
2026-06-15T12:32:51.6408009+09:00         "taskId": "daily-20260615-r02",
2026-06-15T12:32:51.6408009+09:00         "reason": "jst_hour=12"
2026-06-15T12:32:51.6525082+09:00       },
2026-06-15T12:32:51.6525082+09:00       {
2026-06-15T12:32:51.6567142+09:00         "run_id": "r03",
2026-06-15T12:32:51.6587219+09:00         "action": "not_due",
2026-06-15T12:32:51.6607293+09:00         "taskId": "daily-20260615-r03",
2026-06-15T12:32:51.6607293+09:00         "reason": "jst_hour=12"
2026-06-15T12:32:51.6607293+09:00       }
2026-06-15T12:32:51.6607293+09:00     ]
2026-06-15T12:32:51.6607293+09:00   },
2026-06-15T12:32:51.6607293+09:00   "reconcile": {
2026-06-15T12:32:51.6607293+09:00     "resetProcessing": 0,
2026-06-15T12:32:51.6725037+09:00     "inserted": 0,
2026-06-15T12:32:51.6725037+09:00     "scanned": 11,
2026-06-15T12:32:51.6725037+09:00     "stale": {
2026-06-15T12:32:51.6725037+09:00       "scanned": 11,
2026-06-15T12:32:51.6725037+09:00       "staleDetected": 0,
2026-06-15T12:32:51.6791981+09:00       "rolledBack": 0,
2026-06-15T12:32:51.6791981+09:00       "skippedCap": 0,
2026-06-15T12:32:51.6791981+09:00       "dryRun": false,
2026-06-15T12:32:51.6791981+09:00       "actions": []
2026-06-15T12:32:51.6791981+09:00     }
2026-06-15T12:32:51.6881559+09:00   },
2026-06-15T12:32:51.6881559+09:00   "dispatch": {
2026-06-15T12:32:51.6881559+09:00     "claimed": 0,
2026-06-15T12:32:51.6881559+09:00     "done": 0,
2026-06-15T12:32:51.6881559+09:00     "failed": 0
2026-06-15T12:32:51.6881559+09:00   },
2026-06-15T12:32:51.6881559+09:00   "step4_poll": {
2026-06-15T12:32:51.6881559+09:00     "scanned": 11,
2026-06-15T12:32:51.6881559+09:00     "awaiting": 0,
2026-06-15T12:32:51.6881559+09:00     "polled": 0,
2026-06-15T12:32:51.6881559+09:00     "picks_applied": 0,
2026-06-15T12:32:51.7042082+09:00     "pick_errors": 0,
2026-06-15T12:32:51.7042082+09:00     "timeouts": 0,
2026-06-15T12:32:51.7042082+09:00     "skipped": 0,
2026-06-15T12:32:51.7042082+09:00     "results": []
2026-06-15T12:32:51.7042082+09:00   },
2026-06-15T12:32:51.7042082+09:00   "step7_retry_poll": {
2026-06-15T12:32:51.7042082+09:00     "scanned": 11,
2026-06-15T12:32:51.7042082+09:00     "eligible": 9,
2026-06-15T12:32:51.7156899+09:00     "polled": 0,
2026-06-15T12:32:51.7156899+09:00     "retries_triggered": 0,
2026-06-15T12:32:51.7156899+09:00     "retry_errors": 0,
2026-06-15T12:32:51.7198571+09:00     "skipped": 0,
2026-06-15T12:32:51.7198571+09:00     "results": []
2026-06-15T12:32:51.7198571+09:00   }
2026-06-15T12:32:51.7198571+09:00 }
2026-06-15T12:32:51.7198571+09:00 OK run-once finished
2026-06-15T12:37:48.9979952+09:00 START dispatch-run-once
2026-06-15T12:37:49.3847575+09:00 
2026-06-15T12:37:49.3867649+09:00 > orchestrator
2026-06-15T12:37:49.3867649+09:00 > tsx src/cli/orchestrator.ts run-once --limit 10
2026-06-15T12:37:49.3867649+09:00 
2026-06-15T12:37:52.3103051+09:00 {
2026-06-15T12:37:52.3136143+09:00   "ensure_daily": {
2026-06-15T12:37:52.3136143+09:00     "runs": [
2026-06-15T12:37:52.3211398+09:00       {
2026-06-15T12:37:52.3231479+09:00         "run_id": "r01",
2026-06-15T12:37:52.3251536+09:00         "action": "not_due",
2026-06-15T12:37:52.3271607+09:00         "taskId": "daily-20260615-r01",
2026-06-15T12:37:52.3291655+09:00         "reason": "jst_hour=12"
2026-06-15T12:37:52.3291655+09:00       },
2026-06-15T12:37:52.3449292+09:00       {
2026-06-15T12:37:52.3449292+09:00         "run_id": "r02",
2026-06-15T12:37:52.3449292+09:00         "action": "not_due",
2026-06-15T12:37:52.3449292+09:00         "taskId": "daily-20260615-r02",
2026-06-15T12:37:52.3610606+09:00         "reason": "jst_hour=12"
2026-06-15T12:37:52.3610606+09:00       },
2026-06-15T12:37:52.3610606+09:00       {
2026-06-15T12:37:52.3610606+09:00         "run_id": "r03",
2026-06-15T12:37:52.3610606+09:00         "action": "not_due",
2026-06-15T12:37:52.3610606+09:00         "taskId": "daily-20260615-r03",
2026-06-15T12:37:52.3610606+09:00         "reason": "jst_hour=12"
2026-06-15T12:37:52.3610606+09:00       }
2026-06-15T12:37:52.3610606+09:00     ]
2026-06-15T12:37:52.3610606+09:00   },
2026-06-15T12:37:52.3770675+09:00   "reconcile": {
2026-06-15T12:37:52.3770675+09:00     "resetProcessing": 0,
2026-06-15T12:37:52.3798206+09:00     "inserted": 0,
2026-06-15T12:37:52.3798206+09:00     "scanned": 11,
2026-06-15T12:37:52.3798206+09:00     "stale": {
2026-06-15T12:37:52.3798206+09:00       "scanned": 11,
2026-06-15T12:37:52.3798206+09:00       "staleDetected": 0,
2026-06-15T12:37:52.3798206+09:00       "rolledBack": 0,
2026-06-15T12:37:52.3798206+09:00       "skippedCap": 0,
2026-06-15T12:37:52.3798206+09:00       "dryRun": false,
2026-06-15T12:37:52.3931638+09:00       "actions": []
2026-06-15T12:37:52.3931638+09:00     }
2026-06-15T12:37:52.3931638+09:00   },
2026-06-15T12:37:52.3931638+09:00   "dispatch": {
2026-06-15T12:37:52.3931638+09:00     "claimed": 0,
2026-06-15T12:37:52.3931638+09:00     "done": 0,
2026-06-15T12:37:52.3931638+09:00     "failed": 0
2026-06-15T12:37:52.3931638+09:00   },
2026-06-15T12:37:52.3931638+09:00   "step4_poll": {
2026-06-15T12:37:52.3931638+09:00     "scanned": 11,
2026-06-15T12:37:52.4088139+09:00     "awaiting": 0,
2026-06-15T12:37:52.4088139+09:00     "polled": 0,
2026-06-15T12:37:52.4088139+09:00     "picks_applied": 0,
2026-06-15T12:37:52.4088139+09:00     "pick_errors": 0,
2026-06-15T12:37:52.4088139+09:00     "timeouts": 0,
2026-06-15T12:37:52.4088139+09:00     "skipped": 0,
2026-06-15T12:37:52.4088139+09:00     "results": []
2026-06-15T12:37:52.4088139+09:00   },
2026-06-15T12:37:52.4088139+09:00   "step7_retry_poll": {
2026-06-15T12:37:52.4088139+09:00     "scanned": 11,
2026-06-15T12:37:52.4088139+09:00     "eligible": 9,
2026-06-15T12:37:52.4088139+09:00     "polled": 0,
2026-06-15T12:37:52.4249344+09:00     "retries_triggered": 0,
2026-06-15T12:37:52.4249344+09:00     "retry_errors": 0,
2026-06-15T12:37:52.4249344+09:00     "skipped": 0,
2026-06-15T12:37:52.4249344+09:00     "results": []
2026-06-15T12:37:52.4249344+09:00   }
2026-06-15T12:37:52.4249344+09:00 }
2026-06-15T12:37:52.4249344+09:00 OK run-once finished
2026-06-15T12:42:48.8857747+09:00 START dispatch-run-once
2026-06-15T12:42:49.2712937+09:00 
2026-06-15T12:42:49.2733007+09:00 > orchestrator
2026-06-15T12:42:49.2733007+09:00 > tsx src/cli/orchestrator.ts run-once --limit 10
2026-06-15T12:42:49.2733007+09:00 
2026-06-15T12:42:52.2127634+09:00 {
2026-06-15T12:42:52.2242300+09:00   "ensure_daily": {
2026-06-15T12:42:52.2242300+09:00     "runs": [
2026-06-15T12:42:52.2403350+09:00       {
2026-06-15T12:42:52.2423480+09:00         "run_id": "r01",
2026-06-15T12:42:52.2423480+09:00         "action": "not_due",
2026-06-15T12:42:52.2423480+09:00         "taskId": "daily-20260615-r01",
2026-06-15T12:42:52.2423480+09:00         "reason": "jst_hour=12"
2026-06-15T12:42:52.2423480+09:00       },
2026-06-15T12:42:52.2723048+09:00       {
2026-06-15T12:42:52.2723048+09:00         "run_id": "r02",
2026-06-15T12:42:52.2763794+09:00         "action": "not_due",
2026-06-15T12:42:52.2763794+09:00         "taskId": "daily-20260615-r02",
2026-06-15T12:42:52.2763794+09:00         "reason": "jst_hour=12"
2026-06-15T12:42:52.2763794+09:00       },
2026-06-15T12:42:52.2763794+09:00       {
2026-06-15T12:42:52.2763794+09:00         "run_id": "r03",
2026-06-15T12:42:52.2763794+09:00         "action": "not_due",
2026-06-15T12:42:52.2881000+09:00         "taskId": "daily-20260615-r03",
2026-06-15T12:42:52.2881000+09:00         "reason": "jst_hour=12"
2026-06-15T12:42:52.2881000+09:00       }
2026-06-15T12:42:52.2881000+09:00     ]
2026-06-15T12:42:52.2881000+09:00   },
2026-06-15T12:42:52.2881000+09:00   "reconcile": {
2026-06-15T12:42:52.2881000+09:00     "resetProcessing": 0,
2026-06-15T12:42:52.2881000+09:00     "inserted": 0,
2026-06-15T12:42:52.2881000+09:00     "scanned": 11,
2026-06-15T12:42:52.2881000+09:00     "stale": {
2026-06-15T12:42:52.3037684+09:00       "scanned": 11,
2026-06-15T12:42:52.3077848+09:00       "staleDetected": 0,
2026-06-15T12:42:52.3077848+09:00       "rolledBack": 0,
2026-06-15T12:42:52.3077848+09:00       "skippedCap": 0,
2026-06-15T12:42:52.3077848+09:00       "dryRun": false,
2026-06-15T12:42:52.3077848+09:00       "actions": []
2026-06-15T12:42:52.3077848+09:00     }
2026-06-15T12:42:52.3077848+09:00   },
2026-06-15T12:42:52.3077848+09:00   "dispatch": {
2026-06-15T12:42:52.3196251+09:00     "claimed": 0,
2026-06-15T12:42:52.3196251+09:00     "done": 0,
2026-06-15T12:42:52.3196251+09:00     "failed": 0
2026-06-15T12:42:52.3196251+09:00   },
2026-06-15T12:42:52.3196251+09:00   "step4_poll": {
2026-06-15T12:42:52.3196251+09:00     "scanned": 11,
2026-06-15T12:42:52.3196251+09:00     "awaiting": 0,
2026-06-15T12:42:52.3196251+09:00     "polled": 0,
2026-06-15T12:42:52.3196251+09:00     "picks_applied": 0,
2026-06-15T12:42:52.3196251+09:00     "pick_errors": 0,
2026-06-15T12:42:52.3196251+09:00     "timeouts": 0,
2026-06-15T12:42:52.3355708+09:00     "skipped": 0,
2026-06-15T12:42:52.3355708+09:00     "results": []
2026-06-15T12:42:52.3355708+09:00   },
2026-06-15T12:42:52.3355708+09:00   "step7_retry_poll": {
2026-06-15T12:42:52.3355708+09:00     "scanned": 11,
2026-06-15T12:42:52.3355708+09:00     "eligible": 9,
2026-06-15T12:42:52.3355708+09:00     "polled": 0,
2026-06-15T12:42:52.3355708+09:00     "retries_triggered": 0,
2026-06-15T12:42:52.3355708+09:00     "retry_errors": 0,
2026-06-15T12:42:52.3355708+09:00     "skipped": 0,
2026-06-15T12:42:52.3355708+09:00     "results": []
2026-06-15T12:42:52.3513392+09:00   }
2026-06-15T12:42:52.3513392+09:00 }
2026-06-15T12:42:52.3513392+09:00 OK run-once finished
2026-06-15T12:47:48.7161665+09:00 START dispatch-run-once
2026-06-15T12:47:49.0968930+09:00 
2026-06-15T12:47:49.0968930+09:00 > orchestrator
2026-06-15T12:47:49.0968930+09:00 > tsx src/cli/orchestrator.ts run-once --limit 10
2026-06-15T12:47:49.0968930+09:00 
2026-06-15T12:47:52.3492283+09:00 {
2026-06-15T12:47:52.3492283+09:00   "ensure_daily": {
2026-06-15T12:47:52.3492283+09:00     "runs": [
2026-06-15T12:47:52.3631978+09:00       {
2026-06-15T12:47:52.3631978+09:00         "run_id": "r01",
2026-06-15T12:47:52.3631978+09:00         "action": "not_due",
2026-06-15T12:47:52.3631978+09:00         "taskId": "daily-20260615-r01",
2026-06-15T12:47:52.3631978+09:00         "reason": "jst_hour=12"
2026-06-15T12:47:52.3631978+09:00       },
2026-06-15T12:47:52.3949892+09:00       {
2026-06-15T12:47:52.3969973+09:00         "run_id": "r02",
2026-06-15T12:47:52.3990033+09:00         "action": "not_due",
2026-06-15T12:47:52.3990033+09:00         "taskId": "daily-20260615-r02",
2026-06-15T12:47:52.4046255+09:00         "reason": "jst_hour=12"
2026-06-15T12:47:52.4046255+09:00       },
2026-06-15T12:47:52.4046255+09:00       {
2026-06-15T12:47:52.4106273+09:00         "run_id": "r03",
2026-06-15T12:47:52.4106273+09:00         "action": "not_due",
2026-06-15T12:47:52.4106273+09:00         "taskId": "daily-20260615-r03",
2026-06-15T12:47:52.4106273+09:00         "reason": "jst_hour=12"
2026-06-15T12:47:52.4106273+09:00       }
2026-06-15T12:47:52.4106273+09:00     ]
2026-06-15T12:47:52.4106273+09:00   },
2026-06-15T12:47:52.4106273+09:00   "reconcile": {
2026-06-15T12:47:52.4263346+09:00     "resetProcessing": 0,
2026-06-15T12:47:52.4263346+09:00     "inserted": 0,
2026-06-15T12:47:52.4263346+09:00     "scanned": 11,
2026-06-15T12:47:52.4263346+09:00     "stale": {
2026-06-15T12:47:52.4263346+09:00       "scanned": 11,
2026-06-15T12:47:52.4263346+09:00       "staleDetected": 0,
2026-06-15T12:47:52.4263346+09:00       "rolledBack": 0,
2026-06-15T12:47:52.4420355+09:00       "skippedCap": 0,
2026-06-15T12:47:52.4420355+09:00       "dryRun": false,
2026-06-15T12:47:52.4460290+09:00       "actions": []
2026-06-15T12:47:52.4480347+09:00     }
2026-06-15T12:47:52.4480347+09:00   },
2026-06-15T12:47:52.4480347+09:00   "dispatch": {
2026-06-15T12:47:52.4480347+09:00     "claimed": 0,
2026-06-15T12:47:52.4480347+09:00     "done": 0,
2026-06-15T12:47:52.4578047+09:00     "failed": 0
2026-06-15T12:47:52.4578047+09:00   },
2026-06-15T12:47:52.4578047+09:00   "step4_poll": {
2026-06-15T12:47:52.4578047+09:00     "scanned": 11,
2026-06-15T12:47:52.4578047+09:00     "awaiting": 0,
2026-06-15T12:47:52.4578047+09:00     "polled": 0,
2026-06-15T12:47:52.4578047+09:00     "picks_applied": 0,
2026-06-15T12:47:52.4578047+09:00     "pick_errors": 0,
2026-06-15T12:47:52.4578047+09:00     "timeouts": 0,
2026-06-15T12:47:52.4578047+09:00     "skipped": 0,
2026-06-15T12:47:52.4734394+09:00     "results": []
2026-06-15T12:47:52.4734394+09:00   },
2026-06-15T12:47:52.4734394+09:00   "step7_retry_poll": {
2026-06-15T12:47:52.4734394+09:00     "scanned": 11,
2026-06-15T12:47:52.4734394+09:00     "eligible": 9,
2026-06-15T12:47:52.4734394+09:00     "polled": 0,
2026-06-15T12:47:52.4734394+09:00     "retries_triggered": 0,
2026-06-15T12:47:52.4734394+09:00     "retry_errors": 0,
2026-06-15T12:47:52.4734394+09:00     "skipped": 0,
2026-06-15T12:47:52.4892173+09:00     "results": []
2026-06-15T12:47:52.4907238+09:00   }
2026-06-15T12:47:52.4927379+09:00 }
2026-06-15T12:47:52.4947446+09:00 OK run-once finished
2026-06-15T12:52:48.8687480+09:00 START dispatch-run-once
2026-06-15T12:52:49.2588527+09:00 
2026-06-15T12:52:49.2608604+09:00 > orchestrator
2026-06-15T12:52:49.2626115+09:00 > tsx src/cli/orchestrator.ts run-once --limit 10
2026-06-15T12:52:49.2626115+09:00 
2026-06-15T12:52:52.2032871+09:00 {
2026-06-15T12:52:52.2032871+09:00   "ensure_daily": {
2026-06-15T12:52:52.2032871+09:00     "runs": [
2026-06-15T12:52:52.2163468+09:00       {
2026-06-15T12:52:52.2184966+09:00         "run_id": "r01",
2026-06-15T12:52:52.2208299+09:00         "action": "not_due",
2026-06-15T12:52:52.2229282+09:00         "taskId": "daily-20260615-r01",
2026-06-15T12:52:52.2250078+09:00         "reason": "jst_hour=12"
2026-06-15T12:52:52.2265579+09:00       },
2026-06-15T12:52:52.2342746+09:00       {
2026-06-15T12:52:52.2342746+09:00         "run_id": "r02",
2026-06-15T12:52:52.2495699+09:00         "action": "not_due",
2026-06-15T12:52:52.2522086+09:00         "taskId": "daily-20260615-r02",
2026-06-15T12:52:52.2522086+09:00         "reason": "jst_hour=12"
2026-06-15T12:52:52.2522086+09:00       },
2026-06-15T12:52:52.2522086+09:00       {
2026-06-15T12:52:52.2522086+09:00         "run_id": "r03",
2026-06-15T12:52:52.2522086+09:00         "action": "not_due",
2026-06-15T12:52:52.2522086+09:00         "taskId": "daily-20260615-r03",
2026-06-15T12:52:52.2522086+09:00         "reason": "jst_hour=12"
2026-06-15T12:52:52.2654510+09:00       }
2026-06-15T12:52:52.2654510+09:00     ]
2026-06-15T12:52:52.2654510+09:00   },
2026-06-15T12:52:52.2654510+09:00   "reconcile": {
2026-06-15T12:52:52.2654510+09:00     "resetProcessing": 0,
2026-06-15T12:52:52.2654510+09:00     "inserted": 0,
2026-06-15T12:52:52.2654510+09:00     "scanned": 11,
2026-06-15T12:52:52.2654510+09:00     "stale": {
2026-06-15T12:52:52.2654510+09:00       "scanned": 11,
2026-06-15T12:52:52.2654510+09:00       "staleDetected": 0,
2026-06-15T12:52:52.2654510+09:00       "rolledBack": 0,
2026-06-15T12:52:52.2812003+09:00       "skippedCap": 0,
2026-06-15T12:52:52.2812003+09:00       "dryRun": false,
2026-06-15T12:52:52.2812003+09:00       "actions": []
2026-06-15T12:52:52.2812003+09:00     }
2026-06-15T12:52:52.2812003+09:00   },
2026-06-15T12:52:52.2812003+09:00   "dispatch": {
2026-06-15T12:52:52.2812003+09:00     "claimed": 0,
2026-06-15T12:52:52.2812003+09:00     "done": 0,
2026-06-15T12:52:52.2812003+09:00     "failed": 0
2026-06-15T12:52:52.2812003+09:00   },
2026-06-15T12:52:52.2812003+09:00   "step4_poll": {
2026-06-15T12:52:52.2969433+09:00     "scanned": 11,
2026-06-15T12:52:52.2969433+09:00     "awaiting": 0,
2026-06-15T12:52:52.2969433+09:00     "polled": 0,
2026-06-15T12:52:52.2969433+09:00     "picks_applied": 0,
2026-06-15T12:52:52.2969433+09:00     "pick_errors": 0,
2026-06-15T12:52:52.2969433+09:00     "timeouts": 0,
2026-06-15T12:52:52.2969433+09:00     "skipped": 0,
2026-06-15T12:52:52.2969433+09:00     "results": []
2026-06-15T12:52:52.2969433+09:00   },
2026-06-15T12:52:52.2969433+09:00   "step7_retry_poll": {
2026-06-15T12:52:52.3130624+09:00     "scanned": 11,
2026-06-15T12:52:52.3130624+09:00     "eligible": 9,
2026-06-15T12:52:52.3130624+09:00     "polled": 0,
2026-06-15T12:52:52.3130624+09:00     "retries_triggered": 0,
2026-06-15T12:52:52.3130624+09:00     "retry_errors": 0,
2026-06-15T12:52:52.3130624+09:00     "skipped": 0,
2026-06-15T12:52:52.3130624+09:00     "results": []
2026-06-15T12:52:52.3130624+09:00   }
2026-06-15T12:52:52.3130624+09:00 }
2026-06-15T12:52:52.3130624+09:00 OK run-once finished
2026-06-15T12:57:48.7407096+09:00 START dispatch-run-once
2026-06-15T12:57:49.1055031+09:00 
2026-06-15T12:57:49.1055031+09:00 > orchestrator
2026-06-15T12:57:49.1213606+09:00 > tsx src/cli/orchestrator.ts run-once --limit 10
2026-06-15T12:57:49.1213606+09:00 
2026-06-15T12:57:52.0450522+09:00 {
2026-06-15T12:57:52.0610220+09:00   "ensure_daily": {
2026-06-15T12:57:52.0610220+09:00     "runs": [
2026-06-15T12:57:52.0682223+09:00       {
2026-06-15T12:57:52.0702320+09:00         "run_id": "r01",
2026-06-15T12:57:52.0702320+09:00         "action": "not_due",
2026-06-15T12:57:52.0702320+09:00         "taskId": "daily-20260615-r01",
2026-06-15T12:57:52.0770530+09:00         "reason": "jst_hour=12"
2026-06-15T12:57:52.0770530+09:00       },
2026-06-15T12:57:52.0962793+09:00       {
2026-06-15T12:57:52.0962793+09:00         "run_id": "r02",
2026-06-15T12:57:52.0962793+09:00         "action": "not_due",
2026-06-15T12:57:52.0962793+09:00         "taskId": "daily-20260615-r02",
2026-06-15T12:57:52.1085284+09:00         "reason": "jst_hour=12"
2026-06-15T12:57:52.1085284+09:00       },
2026-06-15T12:57:52.1085284+09:00       {
2026-06-15T12:57:52.1085284+09:00         "run_id": "r03",
2026-06-15T12:57:52.1085284+09:00         "action": "not_due",
2026-06-15T12:57:52.1085284+09:00         "taskId": "daily-20260615-r03",
2026-06-15T12:57:52.1085284+09:00         "reason": "jst_hour=12"
2026-06-15T12:57:52.1085284+09:00       }
2026-06-15T12:57:52.1085284+09:00     ]
2026-06-15T12:57:52.1085284+09:00   },
2026-06-15T12:57:52.1245106+09:00   "reconcile": {
2026-06-15T12:57:52.1245106+09:00     "resetProcessing": 0,
2026-06-15T12:57:52.1245106+09:00     "inserted": 0,
2026-06-15T12:57:52.1245106+09:00     "scanned": 11,
2026-06-15T12:57:52.1245106+09:00     "stale": {
2026-06-15T12:57:52.1245106+09:00       "scanned": 11,
2026-06-15T12:57:52.1245106+09:00       "staleDetected": 0,
2026-06-15T12:57:52.1245106+09:00       "rolledBack": 0,
2026-06-15T12:57:52.1245106+09:00       "skippedCap": 0,
2026-06-15T12:57:52.1245106+09:00       "dryRun": false,
2026-06-15T12:57:52.1404977+09:00       "actions": []
2026-06-15T12:57:52.1404977+09:00     }
2026-06-15T12:57:52.1404977+09:00   },
2026-06-15T12:57:52.1404977+09:00   "dispatch": {
2026-06-15T12:57:52.1404977+09:00     "claimed": 0,
2026-06-15T12:57:52.1404977+09:00     "done": 0,
2026-06-15T12:57:52.1404977+09:00     "failed": 0
2026-06-15T12:57:52.1404977+09:00   },
2026-06-15T12:57:52.1404977+09:00   "step4_poll": {
2026-06-15T12:57:52.1404977+09:00     "scanned": 11,
2026-06-15T12:57:52.1561378+09:00     "awaiting": 0,
2026-06-15T12:57:52.1581476+09:00     "polled": 0,
2026-06-15T12:57:52.1581476+09:00     "picks_applied": 0,
2026-06-15T12:57:52.1581476+09:00     "pick_errors": 0,
2026-06-15T12:57:52.1581476+09:00     "timeouts": 0,
2026-06-15T12:57:52.1581476+09:00     "skipped": 0,
2026-06-15T12:57:52.1581476+09:00     "results": []
2026-06-15T12:57:52.1581476+09:00   },
2026-06-15T12:57:52.1581476+09:00   "step7_retry_poll": {
2026-06-15T12:57:52.1581476+09:00     "scanned": 11,
2026-06-15T12:57:52.1719387+09:00     "eligible": 9,
2026-06-15T12:57:52.1719387+09:00     "polled": 0,
2026-06-15T12:57:52.1719387+09:00     "retries_triggered": 0,
2026-06-15T12:57:52.1719387+09:00     "retry_errors": 0,
2026-06-15T12:57:52.1719387+09:00     "skipped": 0,
2026-06-15T12:57:52.1719387+09:00     "results": []
2026-06-15T12:57:52.1719387+09:00   }
2026-06-15T12:57:52.1719387+09:00 }
2026-06-15T12:57:52.1719387+09:00 OK run-once finished
2026-06-15T13:03:01.5385763+09:00 START dispatch-run-once
2026-06-15T13:03:01.9059981+09:00 
2026-06-15T13:03:01.9059981+09:00 > orchestrator
2026-06-15T13:03:01.9059981+09:00 > tsx src/cli/orchestrator.ts run-once --limit 10
2026-06-15T13:03:01.9059981+09:00 
2026-06-15T13:03:09.9901318+09:00 {
2026-06-15T13:03:09.9929207+09:00   "ensure_daily": {
2026-06-15T13:03:09.9953073+09:00     "runs": [
2026-06-15T13:03:09.9974511+09:00       {
2026-06-15T13:03:09.9990622+09:00         "run_id": "r01",
2026-06-15T13:03:09.9990622+09:00         "action": "not_due",
2026-06-15T13:03:10.0024058+09:00         "taskId": "daily-20260615-r01",
2026-06-15T13:03:10.0024058+09:00         "reason": "jst_hour=13"
2026-06-15T13:03:10.0024058+09:00       },
2026-06-15T13:03:10.0254255+09:00       {
2026-06-15T13:03:10.0254255+09:00         "run_id": "r02",
2026-06-15T13:03:10.0254255+09:00         "action": "skipped_exists",
2026-06-15T13:03:10.0254255+09:00         "taskId": "daily-20260615-r02"
2026-06-15T13:03:10.0339800+09:00       },
2026-06-15T13:03:10.0339800+09:00       {
2026-06-15T13:03:10.0339800+09:00         "run_id": "r03",
2026-06-15T13:03:10.0396248+09:00         "action": "not_due",
2026-06-15T13:03:10.0396248+09:00         "taskId": "daily-20260615-r03",
2026-06-15T13:03:10.0396248+09:00         "reason": "jst_hour=13"
2026-06-15T13:03:10.0396248+09:00       }
2026-06-15T13:03:10.0396248+09:00     ]
2026-06-15T13:03:10.0396248+09:00   },
2026-06-15T13:03:10.0500065+09:00   "reconcile": {
2026-06-15T13:03:10.0500065+09:00     "resetProcessing": 0,
2026-06-15T13:03:10.0500065+09:00     "inserted": 0,
2026-06-15T13:03:10.0500065+09:00     "scanned": 12,
2026-06-15T13:03:10.0500065+09:00     "stale": {
2026-06-15T13:03:10.0500065+09:00       "scanned": 12,
2026-06-15T13:03:10.0500065+09:00       "staleDetected": 0,
2026-06-15T13:03:10.0500065+09:00       "rolledBack": 0,
2026-06-15T13:03:10.0500065+09:00       "skippedCap": 0,
2026-06-15T13:03:10.0500065+09:00       "dryRun": false,
2026-06-15T13:03:10.0500065+09:00       "actions": []
2026-06-15T13:03:10.0660908+09:00     }
2026-06-15T13:03:10.0660908+09:00   },
2026-06-15T13:03:10.0660908+09:00   "dispatch": {
2026-06-15T13:03:10.0660908+09:00     "claimed": 1,
2026-06-15T13:03:10.0660908+09:00     "done": 1,
2026-06-15T13:03:10.0660908+09:00     "failed": 0
2026-06-15T13:03:10.0660908+09:00   },
2026-06-15T13:03:10.0660908+09:00   "step4_poll": {
2026-06-15T13:03:10.0660908+09:00     "scanned": 12,
2026-06-15T13:03:10.0660908+09:00     "awaiting": 0,
2026-06-15T13:03:10.0660908+09:00     "polled": 0,
2026-06-15T13:03:10.0819310+09:00     "picks_applied": 0,
2026-06-15T13:03:10.0819310+09:00     "pick_errors": 0,
2026-06-15T13:03:10.0819310+09:00     "timeouts": 0,
2026-06-15T13:03:10.0819310+09:00     "skipped": 0,
2026-06-15T13:03:10.0819310+09:00     "results": []
2026-06-15T13:03:10.0819310+09:00   },
2026-06-15T13:03:10.0819310+09:00   "step7_retry_poll": {
2026-06-15T13:03:10.0819310+09:00     "scanned": 12,
2026-06-15T13:03:10.0819310+09:00     "eligible": 9,
2026-06-15T13:03:10.0819310+09:00     "polled": 0,
2026-06-15T13:03:10.0819310+09:00     "retries_triggered": 0,
2026-06-15T13:03:10.0978005+09:00     "retry_errors": 0,
2026-06-15T13:03:10.0978005+09:00     "skipped": 0,
2026-06-15T13:03:10.0978005+09:00     "results": []
2026-06-15T13:03:10.0978005+09:00   }
2026-06-15T13:03:10.0978005+09:00 }
2026-06-15T13:03:10.0978005+09:00 OK run-once finished
2026-06-15T13:07:48.0600044+09:00 START dispatch-run-once
2026-06-15T13:07:48.4363311+09:00 
2026-06-15T13:07:48.4379029+09:00 > orchestrator
2026-06-15T13:07:48.4398740+09:00 > tsx src/cli/orchestrator.ts run-once --limit 10
2026-06-15T13:07:48.4420483+09:00 
2026-06-15T13:07:51.4544343+09:00 {
2026-06-15T13:07:51.4574349+09:00   "ensure_daily": {
2026-06-15T13:07:51.4604362+09:00     "runs": [
2026-06-15T13:07:51.4635096+09:00       {
2026-06-15T13:07:51.4655112+09:00         "run_id": "r01",
2026-06-15T13:07:51.4665111+09:00         "action": "not_due",
2026-06-15T13:07:51.4685118+09:00         "taskId": "daily-20260615-r01",
2026-06-15T13:07:51.4706553+09:00         "reason": "jst_hour=13"
2026-06-15T13:07:51.4726593+09:00       },
2026-06-15T13:07:51.4920398+09:00       {
2026-06-15T13:07:51.4950416+09:00         "run_id": "r02",
2026-06-15T13:07:51.4970391+09:00         "action": "skipped_exists",
2026-06-15T13:07:51.4990421+09:00         "taskId": "daily-20260615-r02"
2026-06-15T13:07:51.5000418+09:00       },
2026-06-15T13:07:51.5031881+09:00       {
2026-06-15T13:07:51.5051879+09:00         "run_id": "r03",
2026-06-15T13:07:51.5071875+09:00         "action": "not_due",
2026-06-15T13:07:51.5091864+09:00         "taskId": "daily-20260615-r03",
2026-06-15T13:07:51.5101880+09:00         "reason": "jst_hour=13"
2026-06-15T13:07:51.5124012+09:00       }
2026-06-15T13:07:51.5134000+09:00     ]
2026-06-15T13:07:51.5144006+09:00   },
2026-06-15T13:07:51.5164004+09:00   "reconcile": {
2026-06-15T13:07:51.5174007+09:00     "resetProcessing": 0,
2026-06-15T13:07:51.5194007+09:00     "inserted": 0,
2026-06-15T13:07:51.5205316+09:00     "scanned": 12,
2026-06-15T13:07:51.5215321+09:00     "stale": {
2026-06-15T13:07:51.5235318+09:00       "scanned": 12,
2026-06-15T13:07:51.5245309+09:00       "staleDetected": 0,
2026-06-15T13:07:51.5265309+09:00       "rolledBack": 0,
2026-06-15T13:07:51.5275329+09:00       "skippedCap": 0,
2026-06-15T13:07:51.5295327+09:00       "dryRun": false,
2026-06-15T13:07:51.5306877+09:00       "actions": []
2026-06-15T13:07:51.5336890+09:00     }
2026-06-15T13:07:51.5346901+09:00   },
2026-06-15T13:07:51.5366877+09:00   "dispatch": {
2026-06-15T13:07:51.5376883+09:00     "claimed": 1,
2026-06-15T13:07:51.5386888+09:00     "done": 1,
2026-06-15T13:07:51.5408230+09:00     "failed": 0
2026-06-15T13:07:51.5418246+09:00   },
2026-06-15T13:07:51.5428246+09:00   "step4_poll": {
2026-06-15T13:07:51.5448241+09:00     "scanned": 12,
2026-06-15T13:07:51.5458340+09:00     "awaiting": 0,
2026-06-15T13:07:51.5478330+09:00     "polled": 0,
2026-06-15T13:07:51.5488323+09:00     "picks_applied": 0,
2026-06-15T13:07:51.5498327+09:00     "pick_errors": 0,
2026-06-15T13:07:51.5519610+09:00     "timeouts": 0,
2026-06-15T13:07:51.5529605+09:00     "skipped": 0,
2026-06-15T13:07:51.5539597+09:00     "results": []
2026-06-15T13:07:51.5559585+09:00   },
2026-06-15T13:07:51.5569606+09:00   "step7_retry_poll": {
2026-06-15T13:07:51.5579948+09:00     "scanned": 12,
2026-06-15T13:07:51.5590348+09:00     "eligible": 9,
2026-06-15T13:07:51.5605737+09:00     "polled": 0,
2026-06-15T13:07:51.5627636+09:00     "retries_triggered": 0,
2026-06-15T13:07:51.5637624+09:00     "retry_errors": 0,
2026-06-15T13:07:51.5658017+09:00     "skipped": 0,
2026-06-15T13:07:51.5667624+09:00     "results": []
2026-06-15T13:07:51.5687967+09:00   }
2026-06-15T13:07:51.5697643+09:00 }
2026-06-15T13:07:51.5719308+09:00 OK run-once finished
2026-06-15T13:12:48.6320158+09:00 START dispatch-run-once
2026-06-15T13:12:49.0055651+09:00 
2026-06-15T13:12:49.0075632+09:00 > orchestrator
2026-06-15T13:12:49.0095679+09:00 > tsx src/cli/orchestrator.ts run-once --limit 10
2026-06-15T13:12:49.0117126+09:00 
2026-06-15T13:12:52.2620359+09:00 {
2026-06-15T13:12:52.2670262+09:00   "ensure_daily": {
2026-06-15T13:12:52.2700260+09:00     "runs": [
2026-06-15T13:12:52.2722675+09:00       {
2026-06-15T13:12:52.2742686+09:00         "run_id": "r01",
2026-06-15T13:12:52.2762674+09:00         "action": "not_due",
2026-06-15T13:12:52.2792710+09:00         "taskId": "daily-20260615-r01",
2026-06-15T13:12:52.2814051+09:00         "reason": "jst_hour=13"
2026-06-15T13:12:52.2834092+09:00       },
2026-06-15T13:12:52.3042697+09:00       {
2026-06-15T13:12:52.3072692+09:00         "run_id": "r02",
2026-06-15T13:12:52.3092706+09:00         "action": "skipped_exists",
2026-06-15T13:12:52.3113870+09:00         "taskId": "daily-20260615-r02"
2026-06-15T13:12:52.3133873+09:00       },
2026-06-15T13:12:52.3153856+09:00       {
2026-06-15T13:12:52.3173873+09:00         "run_id": "r03",
2026-06-15T13:12:52.3193867+09:00         "action": "not_due",
2026-06-15T13:12:52.3205140+09:00         "taskId": "daily-20260615-r03",
2026-06-15T13:12:52.3225489+09:00         "reason": "jst_hour=13"
2026-06-15T13:12:52.3235556+09:00       }
2026-06-15T13:12:52.3255564+09:00     ]
2026-06-15T13:12:52.3265564+09:00   },
2026-06-15T13:12:52.3285839+09:00   "reconcile": {
2026-06-15T13:12:52.3306663+09:00     "resetProcessing": 0,
2026-06-15T13:12:52.3316664+09:00     "inserted": 0,
2026-06-15T13:12:52.3336655+09:00     "scanned": 12,
2026-06-15T13:12:52.3346659+09:00     "stale": {
2026-06-15T13:12:52.3366673+09:00       "scanned": 12,
2026-06-15T13:12:52.3376698+09:00       "staleDetected": 0,
2026-06-15T13:12:52.3396672+09:00       "rolledBack": 0,
2026-06-15T13:12:52.3408068+09:00       "skippedCap": 0,
2026-06-15T13:12:52.3428077+09:00       "dryRun": false,
2026-06-15T13:12:52.3448061+09:00       "actions": []
2026-06-15T13:12:52.3458048+09:00     }
2026-06-15T13:12:52.3478034+09:00   },
2026-06-15T13:12:52.3498045+09:00   "dispatch": {
2026-06-15T13:12:52.3510236+09:00     "claimed": 1,
2026-06-15T13:12:52.3530234+09:00     "done": 1,
2026-06-15T13:12:52.3540216+09:00     "failed": 0
2026-06-15T13:12:52.3560236+09:00   },
2026-06-15T13:12:52.3570230+09:00   "step4_poll": {
2026-06-15T13:12:52.3580231+09:00     "scanned": 12,
2026-06-15T13:12:52.3600237+09:00     "awaiting": 0,
2026-06-15T13:12:52.3611411+09:00     "polled": 0,
2026-06-15T13:12:52.3621409+09:00     "picks_applied": 0,
2026-06-15T13:12:52.3641407+09:00     "pick_errors": 0,
2026-06-15T13:12:52.3651397+09:00     "timeouts": 0,
2026-06-15T13:12:52.3661407+09:00     "skipped": 0,
2026-06-15T13:12:52.3681410+09:00     "results": []
2026-06-15T13:12:52.3691396+09:00   },
2026-06-15T13:12:52.3703660+09:00   "step7_retry_poll": {
2026-06-15T13:12:52.3724075+09:00     "scanned": 12,
2026-06-15T13:12:52.3733901+09:00     "eligible": 9,
2026-06-15T13:12:52.3754067+09:00     "polled": 0,
2026-06-15T13:12:52.3763719+09:00     "retries_triggered": 0,
2026-06-15T13:12:52.3774069+09:00     "retry_errors": 0,
2026-06-15T13:12:52.3794072+09:00     "skipped": 0,
2026-06-15T13:12:52.3805893+09:00     "results": []
2026-06-15T13:12:52.3816255+09:00   }
2026-06-15T13:12:52.3836233+09:00 }
2026-06-15T13:12:52.3855947+09:00 OK run-once finished
2026-06-15T13:17:48.3172040+09:00 START dispatch-run-once
2026-06-15T13:17:48.7301882+09:00 
2026-06-15T13:17:48.7322766+09:00 > orchestrator
2026-06-15T13:17:48.7332767+09:00 > tsx src/cli/orchestrator.ts run-once --limit 10
2026-06-15T13:17:48.7352795+09:00 
2026-06-15T13:17:51.9646078+09:00 {
2026-06-15T13:17:51.9676080+09:00   "ensure_daily": {
2026-06-15T13:17:51.9696410+09:00     "runs": [
2026-06-15T13:17:51.9727743+09:00       {
2026-06-15T13:17:51.9747744+09:00         "run_id": "r01",
2026-06-15T13:17:51.9767736+09:00         "action": "not_due",
2026-06-15T13:17:51.9777734+09:00         "taskId": "daily-20260615-r01",
2026-06-15T13:17:51.9797736+09:00         "reason": "jst_hour=13"
2026-06-15T13:17:51.9819599+09:00       },
2026-06-15T13:17:52.0013229+09:00       {
2026-06-15T13:17:52.0043235+09:00         "run_id": "r02",
2026-06-15T13:17:52.0063442+09:00         "action": "skipped_exists",
2026-06-15T13:17:52.0083257+09:00         "taskId": "daily-20260615-r02"
2026-06-15T13:17:52.0104767+09:00       },
2026-06-15T13:17:52.0124752+09:00       {
2026-06-15T13:17:52.0144746+09:00         "run_id": "r03",
2026-06-15T13:17:52.0164996+09:00         "action": "not_due",
2026-06-15T13:17:52.0180547+09:00         "taskId": "daily-20260615-r03",
2026-06-15T13:17:52.0200595+09:00         "reason": "jst_hour=13"
2026-06-15T13:17:52.0212356+09:00       }
2026-06-15T13:17:52.0222356+09:00     ]
2026-06-15T13:17:52.0242370+09:00   },
2026-06-15T13:17:52.0252354+09:00   "reconcile": {
2026-06-15T13:17:52.0272351+09:00     "resetProcessing": 0,
2026-06-15T13:17:52.0282364+09:00     "inserted": 0,
2026-06-15T13:17:52.0292352+09:00     "scanned": 12,
2026-06-15T13:17:52.0313543+09:00     "stale": {
2026-06-15T13:17:52.0323557+09:00       "scanned": 12,
2026-06-15T13:17:52.0343583+09:00       "staleDetected": 0,
2026-06-15T13:17:52.0353559+09:00       "rolledBack": 0,
2026-06-15T13:17:52.0373554+09:00       "skippedCap": 0,
2026-06-15T13:17:52.0383547+09:00       "dryRun": false,
2026-06-15T13:17:52.0404654+09:00       "actions": []
2026-06-15T13:17:52.0414630+09:00     }
2026-06-15T13:17:52.0434640+09:00   },
2026-06-15T13:17:52.0454635+09:00   "dispatch": {
2026-06-15T13:17:52.0464630+09:00     "claimed": 2,
2026-06-15T13:17:52.0474628+09:00     "done": 2,
2026-06-15T13:17:52.0494645+09:00     "failed": 0
2026-06-15T13:17:52.0505982+09:00   },
2026-06-15T13:17:52.0516006+09:00   "step4_poll": {
2026-06-15T13:17:52.0535988+09:00     "scanned": 12,
2026-06-15T13:17:52.0545968+09:00     "awaiting": 0,
2026-06-15T13:17:52.0565974+09:00     "polled": 0,
2026-06-15T13:17:52.0585977+09:00     "picks_applied": 0,
2026-06-15T13:17:52.0595972+09:00     "pick_errors": 0,
2026-06-15T13:17:52.0617160+09:00     "timeouts": 0,
2026-06-15T13:17:52.0627167+09:00     "skipped": 0,
2026-06-15T13:17:52.0637176+09:00     "results": []
2026-06-15T13:17:52.0657178+09:00   },
2026-06-15T13:17:52.0667184+09:00   "step7_retry_poll": {
2026-06-15T13:17:52.0677171+09:00     "scanned": 12,
2026-06-15T13:17:52.0697173+09:00     "eligible": 9,
2026-06-15T13:17:52.0708604+09:00     "polled": 0,
2026-06-15T13:17:52.0728611+09:00     "retries_triggered": 0,
2026-06-15T13:17:52.0738606+09:00     "retry_errors": 0,
2026-06-15T13:17:52.0758604+09:00     "skipped": 0,
2026-06-15T13:17:52.0768605+09:00     "results": []
2026-06-15T13:17:52.0778601+09:00   }
2026-06-15T13:17:52.0798601+09:00 }
2026-06-15T13:17:52.0810152+09:00 OK run-once finished
2026-06-15T13:22:48.3584699+09:00 START dispatch-run-once
2026-06-15T13:22:48.7455799+09:00 
2026-06-15T13:22:48.7455799+09:00 > orchestrator
2026-06-15T13:22:48.7455799+09:00 > tsx src/cli/orchestrator.ts run-once --limit 10
2026-06-15T13:22:48.7455799+09:00 
2026-06-15T13:22:51.9243096+09:00 {
2026-06-15T13:22:51.9243096+09:00   "ensure_daily": {
2026-06-15T13:22:51.9243096+09:00     "runs": [
2026-06-15T13:22:51.9243096+09:00       {
2026-06-15T13:22:51.9243096+09:00         "run_id": "r01",
2026-06-15T13:22:51.9243096+09:00         "action": "not_due",
2026-06-15T13:22:51.9243096+09:00         "taskId": "daily-20260615-r01",
2026-06-15T13:22:51.9401596+09:00         "reason": "jst_hour=13"
2026-06-15T13:22:51.9401596+09:00       },
2026-06-15T13:22:51.9663717+09:00       {
2026-06-15T13:22:52.0056855+09:00         "run_id": "r02",
2026-06-15T13:22:52.0075625+09:00         "action": "skipped_exists",
2026-06-15T13:22:52.0075625+09:00         "taskId": "daily-20260615-r02"
2026-06-15T13:22:52.0120625+09:00       },
2026-06-15T13:22:52.0210620+09:00       {
2026-06-15T13:22:52.0252118+09:00         "run_id": "r03",
2026-06-15T13:22:52.0269721+09:00         "action": "not_due",
2026-06-15T13:22:52.0269721+09:00         "taskId": "daily-20260615-r03",
2026-06-15T13:22:52.0269721+09:00         "reason": "jst_hour=13"
2026-06-15T13:22:52.0269721+09:00       }
2026-06-15T13:22:52.0269721+09:00     ]
2026-06-15T13:22:52.0269721+09:00   },
2026-06-15T13:22:52.0269721+09:00   "reconcile": {
2026-06-15T13:22:52.0269721+09:00     "resetProcessing": 0,
2026-06-15T13:22:52.0421937+09:00     "inserted": 0,
2026-06-15T13:22:52.0421937+09:00     "scanned": 12,
2026-06-15T13:22:52.0421937+09:00     "stale": {
2026-06-15T13:22:52.0421937+09:00       "scanned": 12,
2026-06-15T13:22:52.0504926+09:00       "staleDetected": 0,
2026-06-15T13:22:52.0504926+09:00       "rolledBack": 0,
2026-06-15T13:22:52.0538583+09:00       "skippedCap": 0,
2026-06-15T13:22:52.0558870+09:00       "dryRun": false,
2026-06-15T13:22:52.0605718+09:00       "actions": []
2026-06-15T13:22:52.0625771+09:00     }
2026-06-15T13:22:52.0645830+09:00   },
2026-06-15T13:22:52.0665897+09:00   "dispatch": {
2026-06-15T13:22:52.0665897+09:00     "claimed": 1,
2026-06-15T13:22:52.0685957+09:00     "done": 1,
2026-06-15T13:22:52.0706022+09:00     "failed": 0
2026-06-15T13:22:52.0726101+09:00   },
2026-06-15T13:22:52.0736167+09:00   "step4_poll": {
2026-06-15T13:22:52.0763848+09:00     "scanned": 12,
2026-06-15T13:22:52.0769459+09:00     "awaiting": 1,
2026-06-15T13:22:52.0769459+09:00     "polled": 0,
2026-06-15T13:22:52.0769459+09:00     "picks_applied": 0,
2026-06-15T13:22:52.0769459+09:00     "pick_errors": 0,
2026-06-15T13:22:52.0769459+09:00     "timeouts": 0,
2026-06-15T13:22:52.0769459+09:00     "skipped": 0,
2026-06-15T13:22:52.0769459+09:00     "results": [
2026-06-15T13:22:52.0769459+09:00       {
2026-06-15T13:22:52.0769459+09:00         "task_id": "daily-20260615-r02",
2026-06-15T13:22:52.0922255+09:00         "result": {
2026-06-15T13:22:52.0922255+09:00           "outcome": "no_new_messages"
2026-06-15T13:22:52.0922255+09:00         }
2026-06-15T13:22:52.0922255+09:00       }
2026-06-15T13:22:52.0922255+09:00     ]
2026-06-15T13:22:52.0922255+09:00   },
2026-06-15T13:22:52.0922255+09:00   "step7_retry_poll": {
2026-06-15T13:22:52.1052576+09:00     "scanned": 12,
2026-06-15T13:22:52.1052576+09:00     "eligible": 9,
2026-06-15T13:22:52.1082703+09:00     "polled": 0,
2026-06-15T13:22:52.1082703+09:00     "retries_triggered": 0,
2026-06-15T13:22:52.1103916+09:00     "retry_errors": 0,
2026-06-15T13:22:52.1124001+09:00     "skipped": 0,
2026-06-15T13:22:52.1144067+09:00     "results": []
2026-06-15T13:22:52.1164130+09:00   }
2026-06-15T13:22:52.1164130+09:00 }
2026-06-15T13:22:52.1184189+09:00 OK run-once finished
2026-06-15T13:27:49.1571499+09:00 START dispatch-run-once
2026-06-15T13:27:49.5655173+09:00 
2026-06-15T13:27:49.5676511+09:00 > orchestrator
2026-06-15T13:27:49.5697759+09:00 > tsx src/cli/orchestrator.ts run-once --limit 10
2026-06-15T13:27:49.5714178+09:00 
2026-06-15T13:27:52.9973392+09:00 {
2026-06-15T13:27:52.9973392+09:00   "ensure_daily": {
2026-06-15T13:27:52.9973392+09:00     "runs": [
2026-06-15T13:27:52.9973392+09:00       {
2026-06-15T13:27:52.9973392+09:00         "run_id": "r01",
2026-06-15T13:27:52.9973392+09:00         "action": "not_due",
2026-06-15T13:27:53.0130106+09:00         "taskId": "daily-20260615-r01",
2026-06-15T13:27:53.0130106+09:00         "reason": "jst_hour=13"
2026-06-15T13:27:53.0130106+09:00       },
2026-06-15T13:27:53.0328177+09:00       {
2026-06-15T13:27:53.0328177+09:00         "run_id": "r02",
2026-06-15T13:27:53.0328177+09:00         "action": "skipped_exists",
2026-06-15T13:27:53.0448392+09:00         "taskId": "daily-20260615-r02"
2026-06-15T13:27:53.0468299+09:00       },
2026-06-15T13:27:53.0468299+09:00       {
2026-06-15T13:27:53.0468299+09:00         "run_id": "r03",
2026-06-15T13:27:53.0468299+09:00         "action": "not_due",
2026-06-15T13:27:53.0559513+09:00         "taskId": "daily-20260615-r03",
2026-06-15T13:27:53.0579573+09:00         "reason": "jst_hour=13"
2026-06-15T13:27:53.0599644+09:00       }
2026-06-15T13:27:53.0599644+09:00     ]
2026-06-15T13:27:53.0599644+09:00   },
2026-06-15T13:27:53.0599644+09:00   "reconcile": {
2026-06-15T13:27:53.0599644+09:00     "resetProcessing": 0,
2026-06-15T13:27:53.0599644+09:00     "inserted": 1,
2026-06-15T13:27:53.0599644+09:00     "scanned": 12,
2026-06-15T13:27:53.0599644+09:00     "stale": {
2026-06-15T13:27:53.0735155+09:00       "scanned": 12,
2026-06-15T13:27:53.0760538+09:00       "staleDetected": 0,
2026-06-15T13:27:53.0760538+09:00       "rolledBack": 0,
2026-06-15T13:27:53.0760538+09:00       "skippedCap": 0,
2026-06-15T13:27:53.0760538+09:00       "dryRun": false,
2026-06-15T13:27:53.0760538+09:00       "actions": []
2026-06-15T13:27:53.0760538+09:00     }
2026-06-15T13:27:53.0760538+09:00   },
2026-06-15T13:27:53.0760538+09:00   "dispatch": {
2026-06-15T13:27:53.0919344+09:00     "claimed": 1,
2026-06-15T13:27:53.0919344+09:00     "done": 1,
2026-06-15T13:27:53.0919344+09:00     "failed": 0
2026-06-15T13:27:53.0919344+09:00   },
2026-06-15T13:27:53.0919344+09:00   "step4_poll": {
2026-06-15T13:27:53.0919344+09:00     "scanned": 12,
2026-06-15T13:27:53.0919344+09:00     "awaiting": 1,
2026-06-15T13:27:53.0919344+09:00     "polled": 0,
2026-06-15T13:27:53.0919344+09:00     "picks_applied": 0,
2026-06-15T13:27:53.1077204+09:00     "pick_errors": 0,
2026-06-15T13:27:53.1081770+09:00     "timeouts": 0,
2026-06-15T13:27:53.1113393+09:00     "skipped": 0,
2026-06-15T13:27:53.1134739+09:00     "results": [
2026-06-15T13:27:53.1144722+09:00       {
2026-06-15T13:27:53.1164734+09:00         "task_id": "daily-20260615-r02",
2026-06-15T13:27:53.1174730+09:00         "result": {
2026-06-15T13:27:53.1194741+09:00           "outcome": "no_new_messages"
2026-06-15T13:27:53.1208828+09:00         }
2026-06-15T13:27:53.1228974+09:00       }
2026-06-15T13:27:53.1248829+09:00     ]
2026-06-15T13:27:53.1258844+09:00   },
2026-06-15T13:27:53.1278818+09:00   "step7_retry_poll": {
2026-06-15T13:27:53.1288815+09:00     "scanned": 12,
2026-06-15T13:27:53.1288815+09:00     "eligible": 9,
2026-06-15T13:27:53.1288815+09:00     "polled": 0,
2026-06-15T13:27:53.1288815+09:00     "retries_triggered": 0,
2026-06-15T13:27:53.1288815+09:00     "retry_errors": 0,
2026-06-15T13:27:53.1288815+09:00     "skipped": 0,
2026-06-15T13:27:53.1288815+09:00     "results": []
2026-06-15T13:27:53.1288815+09:00   }
2026-06-15T13:27:53.1288815+09:00 }
2026-06-15T13:27:53.1288815+09:00 OK run-once finished
2026-06-15T13:32:49.3747347+09:00 START dispatch-run-once
2026-06-15T13:32:49.7653117+09:00 
2026-06-15T13:32:49.7663149+09:00 > orchestrator
2026-06-15T13:32:49.7663149+09:00 > tsx src/cli/orchestrator.ts run-once --limit 10
2026-06-15T13:32:49.7726729+09:00 
2026-06-15T13:32:53.0835195+09:00 {
2026-06-15T13:32:53.0883836+09:00   "ensure_daily": {
2026-06-15T13:32:53.0913905+09:00     "runs": [
2026-06-15T13:32:53.0913905+09:00       {
2026-06-15T13:32:53.0913905+09:00         "run_id": "r01",
2026-06-15T13:32:53.0976332+09:00         "action": "not_due",
2026-06-15T13:32:53.0996314+09:00         "taskId": "daily-20260615-r01",
2026-06-15T13:32:53.0996314+09:00         "reason": "jst_hour=13"
2026-06-15T13:32:53.1049256+09:00       },
2026-06-15T13:32:53.1236671+09:00       {
2026-06-15T13:32:53.1246677+09:00         "run_id": "r02",
2026-06-15T13:32:53.1246677+09:00         "action": "skipped_exists",
2026-06-15T13:32:53.1309557+09:00         "taskId": "daily-20260615-r02"
2026-06-15T13:32:53.1329548+09:00       },
2026-06-15T13:32:53.1350035+09:00       {
2026-06-15T13:32:53.1382914+09:00         "run_id": "r03",
2026-06-15T13:32:53.1392994+09:00         "action": "not_due",
2026-06-15T13:32:53.1413049+09:00         "taskId": "daily-20260615-r03",
2026-06-15T13:32:53.1413049+09:00         "reason": "jst_hour=13"
2026-06-15T13:32:53.1465857+09:00       }
2026-06-15T13:32:53.1485958+09:00     ]
2026-06-15T13:32:53.1495933+09:00   },
2026-06-15T13:32:53.1495933+09:00   "reconcile": {
2026-06-15T13:32:53.1495933+09:00     "resetProcessing": 0,
2026-06-15T13:32:53.1549419+09:00     "inserted": 1,
2026-06-15T13:32:53.1569490+09:00     "scanned": 12,
2026-06-15T13:32:53.1579500+09:00     "stale": {
2026-06-15T13:32:53.1579500+09:00       "scanned": 12,
2026-06-15T13:32:53.1579500+09:00       "staleDetected": 0,
2026-06-15T13:32:53.1632721+09:00       "rolledBack": 0,
2026-06-15T13:32:53.1652808+09:00       "skippedCap": 0,
2026-06-15T13:32:53.1662807+09:00       "dryRun": false,
2026-06-15T13:32:53.1662807+09:00       "actions": []
2026-06-15T13:32:53.1662807+09:00     }
2026-06-15T13:32:53.1725623+09:00   },
2026-06-15T13:32:53.1745690+09:00   "dispatch": {
2026-06-15T13:32:53.1755698+09:00     "claimed": 1,
2026-06-15T13:32:53.1755698+09:00     "done": 1,
2026-06-15T13:32:53.1755698+09:00     "failed": 0
2026-06-15T13:32:53.1809125+09:00   },
2026-06-15T13:32:53.1819108+09:00   "step4_poll": {
2026-06-15T13:32:53.1829098+09:00     "scanned": 12,
2026-06-15T13:32:53.1829098+09:00     "awaiting": 1,
2026-06-15T13:32:53.1829098+09:00     "polled": 0,
2026-06-15T13:32:53.1882338+09:00     "picks_applied": 0,
2026-06-15T13:32:53.1892437+09:00     "pick_errors": 0,
2026-06-15T13:32:53.1912409+09:00     "timeouts": 0,
2026-06-15T13:32:53.1912409+09:00     "skipped": 0,
2026-06-15T13:32:53.1912409+09:00     "results": [
2026-06-15T13:32:53.1912409+09:00       {
2026-06-15T13:32:53.1965866+09:00         "task_id": "daily-20260615-r02",
2026-06-15T13:32:53.1985942+09:00         "result": {
2026-06-15T13:32:53.1995943+09:00           "outcome": "no_new_messages"
2026-06-15T13:32:53.1995943+09:00         }
2026-06-15T13:32:53.1995943+09:00       }
2026-06-15T13:32:53.1995943+09:00     ]
2026-06-15T13:32:53.2059084+09:00   },
2026-06-15T13:32:53.2069076+09:00   "step7_retry_poll": {
2026-06-15T13:32:53.2079075+09:00     "scanned": 12,
2026-06-15T13:32:53.2079075+09:00     "eligible": 9,
2026-06-15T13:32:53.2079075+09:00     "polled": 0,
2026-06-15T13:32:53.2132462+09:00     "retries_triggered": 0,
2026-06-15T13:32:53.2169187+09:00     "retry_errors": 0,
2026-06-15T13:32:53.2169187+09:00     "skipped": 0,
2026-06-15T13:32:53.2169187+09:00     "results": []
2026-06-15T13:32:53.2215818+09:00   }
2026-06-15T13:32:53.2235879+09:00 }
2026-06-15T13:32:53.2245889+09:00 OK run-once finished
2026-06-15T13:37:49.5575307+09:00 START dispatch-run-once
2026-06-15T13:37:49.9535865+09:00 
2026-06-15T13:37:49.9535865+09:00 > orchestrator
2026-06-15T13:37:49.9535865+09:00 > tsx src/cli/orchestrator.ts run-once --limit 10
2026-06-15T13:37:49.9535865+09:00 
2026-06-15T13:37:53.1226306+09:00 {
2026-06-15T13:37:53.1261612+09:00   "ensure_daily": {
2026-06-15T13:37:53.1284647+09:00     "runs": [
2026-06-15T13:37:53.1311328+09:00       {
2026-06-15T13:37:53.1337835+09:00         "run_id": "r01",
2026-06-15T13:37:53.1359091+09:00         "action": "not_due",
2026-06-15T13:37:53.1374941+09:00         "taskId": "daily-20260615-r01",
2026-06-15T13:37:53.1394979+09:00         "reason": "jst_hour=13"
2026-06-15T13:37:53.1405039+09:00       },
2026-06-15T13:37:53.1613043+09:00       {
2026-06-15T13:37:53.1633404+09:00         "run_id": "r02",
2026-06-15T13:37:53.1633404+09:00         "action": "skipped_exists",
2026-06-15T13:37:53.1633404+09:00         "taskId": "daily-20260615-r02"
2026-06-15T13:37:53.1633404+09:00       },
2026-06-15T13:37:53.1633404+09:00       {
2026-06-15T13:37:53.1724231+09:00         "run_id": "r03",
2026-06-15T13:37:53.1744338+09:00         "action": "not_due",
2026-06-15T13:37:53.1744338+09:00         "taskId": "daily-20260615-r03",
2026-06-15T13:37:53.1744338+09:00         "reason": "jst_hour=13"
2026-06-15T13:37:53.1744338+09:00       }
2026-06-15T13:37:53.1744338+09:00     ]
2026-06-15T13:37:53.1744338+09:00   },
2026-06-15T13:37:53.1744338+09:00   "reconcile": {
2026-06-15T13:37:53.1744338+09:00     "resetProcessing": 0,
2026-06-15T13:37:53.1744338+09:00     "inserted": 1,
2026-06-15T13:37:53.1880762+09:00     "scanned": 12,
2026-06-15T13:37:53.1880762+09:00     "stale": {
2026-06-15T13:37:53.1880762+09:00       "scanned": 12,
2026-06-15T13:37:53.1880762+09:00       "staleDetected": 0,
2026-06-15T13:37:53.1880762+09:00       "rolledBack": 0,
2026-06-15T13:37:53.1880762+09:00       "skippedCap": 0,
2026-06-15T13:37:53.1880762+09:00       "dryRun": false,
2026-06-15T13:37:53.1880762+09:00       "actions": []
2026-06-15T13:37:53.1880762+09:00     }
2026-06-15T13:37:53.2037917+09:00   },
2026-06-15T13:37:53.2037917+09:00   "dispatch": {
2026-06-15T13:37:53.2037917+09:00     "claimed": 1,
2026-06-15T13:37:53.2037917+09:00     "done": 1,
2026-06-15T13:37:53.2037917+09:00     "failed": 0
2026-06-15T13:37:53.2037917+09:00   },
2026-06-15T13:37:53.2037917+09:00   "step4_poll": {
2026-06-15T13:37:53.2037917+09:00     "scanned": 12,
2026-06-15T13:37:53.2037917+09:00     "awaiting": 1,
2026-06-15T13:37:53.2037917+09:00     "polled": 0,
2026-06-15T13:37:53.2195330+09:00     "picks_applied": 0,
2026-06-15T13:37:53.2195330+09:00     "pick_errors": 0,
2026-06-15T13:37:53.2195330+09:00     "timeouts": 0,
2026-06-15T13:37:53.2195330+09:00     "skipped": 0,
2026-06-15T13:37:53.2195330+09:00     "results": [
2026-06-15T13:37:53.2195330+09:00       {
2026-06-15T13:37:53.2195330+09:00         "task_id": "daily-20260615-r02",
2026-06-15T13:37:53.2195330+09:00         "result": {
2026-06-15T13:37:53.2195330+09:00           "outcome": "no_new_messages"
2026-06-15T13:37:53.2195330+09:00         }
2026-06-15T13:37:53.2195330+09:00       }
2026-06-15T13:37:53.2353927+09:00     ]
2026-06-15T13:37:53.2353927+09:00   },
2026-06-15T13:37:53.2353927+09:00   "step7_retry_poll": {
2026-06-15T13:37:53.2353927+09:00     "scanned": 12,
2026-06-15T13:37:53.2353927+09:00     "eligible": 9,
2026-06-15T13:37:53.2353927+09:00     "polled": 0,
2026-06-15T13:37:53.2353927+09:00     "retries_triggered": 0,
2026-06-15T13:37:53.2353927+09:00     "retry_errors": 0,
2026-06-15T13:37:53.2353927+09:00     "skipped": 0,
2026-06-15T13:37:53.2353927+09:00     "results": []
2026-06-15T13:37:53.2353927+09:00   }
2026-06-15T13:37:53.2511751+09:00 }
2026-06-15T13:37:53.2511751+09:00 OK run-once finished
2026-06-15T13:42:49.0511125+09:00 START dispatch-run-once
2026-06-15T13:42:49.4312711+09:00 
2026-06-15T13:42:49.4312711+09:00 > orchestrator
2026-06-15T13:42:49.4312711+09:00 > tsx src/cli/orchestrator.ts run-once --limit 10
2026-06-15T13:42:49.4312711+09:00 
2026-06-15T13:42:52.7419635+09:00 {
2026-06-15T13:42:52.7502723+09:00   "ensure_daily": {
2026-06-15T13:42:52.7537250+09:00     "runs": [
2026-06-15T13:42:52.7537250+09:00       {
2026-06-15T13:42:52.7586135+09:00         "run_id": "r01",
2026-06-15T13:42:52.7586135+09:00         "action": "not_due",
2026-06-15T13:42:52.7586135+09:00         "taskId": "daily-20260615-r01",
2026-06-15T13:42:52.7672453+09:00         "reason": "jst_hour=13"
2026-06-15T13:42:52.7696652+09:00       },
2026-06-15T13:42:52.7922871+09:00       {
2026-06-15T13:42:52.7922871+09:00         "run_id": "r02",
2026-06-15T13:42:52.8002427+09:00         "action": "skipped_exists",
2026-06-15T13:42:52.8015178+09:00         "taskId": "daily-20260615-r02"
2026-06-15T13:42:52.8015178+09:00       },
2026-06-15T13:42:52.8089478+09:00       {
2026-06-15T13:42:52.8089478+09:00         "run_id": "r03",
2026-06-15T13:42:52.8089478+09:00         "action": "not_due",
2026-06-15T13:42:52.8168943+09:00         "taskId": "daily-20260615-r03",
2026-06-15T13:42:52.8168943+09:00         "reason": "jst_hour=13"
2026-06-15T13:42:52.8168943+09:00       }
2026-06-15T13:42:52.8168943+09:00     ]
2026-06-15T13:42:52.8252168+09:00   },
2026-06-15T13:42:52.8252168+09:00   "reconcile": {
2026-06-15T13:42:52.8252168+09:00     "resetProcessing": 0,
2026-06-15T13:42:52.8335785+09:00     "inserted": 1,
2026-06-15T13:42:52.8335785+09:00     "scanned": 12,
2026-06-15T13:42:52.8335785+09:00     "stale": {
2026-06-15T13:42:52.8335785+09:00       "scanned": 12,
2026-06-15T13:42:52.8419054+09:00       "staleDetected": 0,
2026-06-15T13:42:52.8419054+09:00       "rolledBack": 0,
2026-06-15T13:42:52.8419054+09:00       "skippedCap": 0,
2026-06-15T13:42:52.8502668+09:00       "dryRun": false,
2026-06-15T13:42:52.8502668+09:00       "actions": []
2026-06-15T13:42:52.8502668+09:00     }
2026-06-15T13:42:52.8585786+09:00   },
2026-06-15T13:42:52.8585786+09:00   "dispatch": {
2026-06-15T13:42:52.8585786+09:00     "claimed": 1,
2026-06-15T13:42:52.8585786+09:00     "done": 1,
2026-06-15T13:42:52.8668886+09:00     "failed": 0
2026-06-15T13:42:52.8668886+09:00   },
2026-06-15T13:42:52.8668886+09:00   "step4_poll": {
2026-06-15T13:42:52.8668886+09:00     "scanned": 12,
2026-06-15T13:42:52.8752662+09:00     "awaiting": 1,
2026-06-15T13:42:52.8755874+09:00     "polled": 0,
2026-06-15T13:42:52.8755874+09:00     "picks_applied": 0,
2026-06-15T13:42:52.8755874+09:00     "pick_errors": 0,
2026-06-15T13:42:52.8755874+09:00     "timeouts": 0,
2026-06-15T13:42:52.8835987+09:00     "skipped": 0,
2026-06-15T13:42:52.8835987+09:00     "results": [
2026-06-15T13:42:52.8835987+09:00       {
2026-06-15T13:42:52.8835987+09:00         "task_id": "daily-20260615-r02",
2026-06-15T13:42:52.8921938+09:00         "result": {
2026-06-15T13:42:52.8921938+09:00           "outcome": "no_new_messages"
2026-06-15T13:42:52.8921938+09:00         }
2026-06-15T13:42:52.8921938+09:00       }
2026-06-15T13:42:52.9020329+09:00     ]
2026-06-15T13:42:52.9020329+09:00   },
2026-06-15T13:42:52.9020329+09:00   "step7_retry_poll": {
2026-06-15T13:42:52.9020329+09:00     "scanned": 12,
2026-06-15T13:42:52.9085949+09:00     "eligible": 9,
2026-06-15T13:42:52.9085949+09:00     "polled": 0,
2026-06-15T13:42:52.9085949+09:00     "retries_triggered": 0,
2026-06-15T13:42:52.9085949+09:00     "retry_errors": 0,
2026-06-15T13:42:52.9169400+09:00     "skipped": 0,
2026-06-15T13:42:52.9169400+09:00     "results": []
2026-06-15T13:42:52.9169400+09:00   }
2026-06-15T13:42:52.9169400+09:00 }
2026-06-15T13:42:52.9273308+09:00 OK run-once finished
2026-06-15T13:47:49.9288075+09:00 START dispatch-run-once
2026-06-15T13:47:50.3190612+09:00 
2026-06-15T13:47:50.3190612+09:00 > orchestrator
2026-06-15T13:47:50.3350667+09:00 > tsx src/cli/orchestrator.ts run-once --limit 10
2026-06-15T13:47:50.3370778+09:00 
2026-06-15T13:47:53.8688834+09:00 {
2026-06-15T13:47:53.8806914+09:00   "ensure_daily": {
2026-06-15T13:47:53.8806914+09:00     "runs": [
2026-06-15T13:47:53.8958573+09:00       {
2026-06-15T13:47:53.8978810+09:00         "run_id": "r01",
2026-06-15T13:47:53.9122292+09:00         "action": "not_due",
2026-06-15T13:47:53.9142531+09:00         "taskId": "daily-20260615-r01",
2026-06-15T13:47:53.9249054+09:00         "reason": "jst_hour=13"
2026-06-15T13:47:53.9249054+09:00       },
2026-06-15T13:47:53.9566773+09:00       {
2026-06-15T13:47:53.9566773+09:00         "run_id": "r02",
2026-06-15T13:47:53.9603282+09:00         "action": "skipped_exists",
2026-06-15T13:47:53.9603282+09:00         "taskId": "daily-20260615-r02"
2026-06-15T13:47:53.9669233+09:00       },
2026-06-15T13:47:53.9669233+09:00       {
2026-06-15T13:47:53.9745162+09:00         "run_id": "r03",
2026-06-15T13:47:53.9745162+09:00         "action": "not_due",
2026-06-15T13:47:53.9745162+09:00         "taskId": "daily-20260615-r03",
2026-06-15T13:47:53.9810467+09:00         "reason": "jst_hour=13"
2026-06-15T13:47:53.9810467+09:00       }
2026-06-15T13:47:53.9810467+09:00     ]
2026-06-15T13:47:53.9881621+09:00   },
2026-06-15T13:47:53.9901703+09:00   "reconcile": {
2026-06-15T13:47:53.9921763+09:00     "resetProcessing": 0,
2026-06-15T13:47:53.9941905+09:00     "inserted": 1,
2026-06-15T13:47:53.9941905+09:00     "scanned": 12,
2026-06-15T13:47:53.9941905+09:00     "stale": {
2026-06-15T13:47:53.9941905+09:00       "scanned": 12,
2026-06-15T13:47:54.0041485+09:00       "staleDetected": 0,
2026-06-15T13:47:54.0041485+09:00       "rolledBack": 0,
2026-06-15T13:47:54.0041485+09:00       "skippedCap": 0,
2026-06-15T13:47:54.0041485+09:00       "dryRun": false,
2026-06-15T13:47:54.0041485+09:00       "actions": []
2026-06-15T13:47:54.0041485+09:00     }
2026-06-15T13:47:54.0041485+09:00   },
2026-06-15T13:47:54.0200024+09:00   "dispatch": {
2026-06-15T13:47:54.0200024+09:00     "claimed": 1,
2026-06-15T13:47:54.0200024+09:00     "done": 1,
2026-06-15T13:47:54.0200024+09:00     "failed": 0
2026-06-15T13:47:54.0200024+09:00   },
2026-06-15T13:47:54.0200024+09:00   "step4_poll": {
2026-06-15T13:47:54.0200024+09:00     "scanned": 12,
2026-06-15T13:47:54.0200024+09:00     "awaiting": 1,
2026-06-15T13:47:54.0359384+09:00     "polled": 0,
2026-06-15T13:47:54.0359384+09:00     "picks_applied": 0,
2026-06-15T13:47:54.0359384+09:00     "pick_errors": 0,
2026-06-15T13:47:54.0359384+09:00     "timeouts": 0,
2026-06-15T13:47:54.0359384+09:00     "skipped": 0,
2026-06-15T13:47:54.0456885+09:00     "results": [
2026-06-15T13:47:54.0456885+09:00       {
2026-06-15T13:47:54.0456885+09:00         "task_id": "daily-20260615-r02",
2026-06-15T13:47:54.0456885+09:00         "result": {
2026-06-15T13:47:54.0516919+09:00           "outcome": "no_new_messages"
2026-06-15T13:47:54.0516919+09:00         }
2026-06-15T13:47:54.0516919+09:00       }
2026-06-15T13:47:54.0516919+09:00     ]
2026-06-15T13:47:54.0516919+09:00   },
2026-06-15T13:47:54.0516919+09:00   "step7_retry_poll": {
2026-06-15T13:47:54.0516919+09:00     "scanned": 12,
2026-06-15T13:47:54.0516919+09:00     "eligible": 9,
2026-06-15T13:47:54.0673697+09:00     "polled": 0,
2026-06-15T13:47:54.0673697+09:00     "retries_triggered": 0,
2026-06-15T13:47:54.0673697+09:00     "retry_errors": 0,
2026-06-15T13:47:54.0673697+09:00     "skipped": 0,
2026-06-15T13:47:54.0673697+09:00     "results": []
2026-06-15T13:47:54.0673697+09:00   }
2026-06-15T13:47:54.0673697+09:00 }
2026-06-15T13:47:54.0810923+09:00 OK run-once finished
2026-06-15T13:52:48.8307625+09:00 START dispatch-run-once
2026-06-15T13:52:49.2115499+09:00 
2026-06-15T13:52:49.2115499+09:00 > orchestrator
2026-06-15T13:52:49.2115499+09:00 > tsx src/cli/orchestrator.ts run-once --limit 10
2026-06-15T13:52:49.2273698+09:00 
2026-06-15T13:52:52.3654882+09:00 {
2026-06-15T13:52:52.3654882+09:00   "ensure_daily": {
2026-06-15T13:52:52.3811762+09:00     "runs": [
2026-06-15T13:52:52.3844064+09:00       {
2026-06-15T13:52:52.3844064+09:00         "run_id": "r01",
2026-06-15T13:52:52.3844064+09:00         "action": "not_due",
2026-06-15T13:52:52.3844064+09:00         "taskId": "daily-20260615-r01",
2026-06-15T13:52:52.3844064+09:00         "reason": "jst_hour=13"
2026-06-15T13:52:52.3844064+09:00       },
2026-06-15T13:52:52.4127965+09:00       {
2026-06-15T13:52:52.4127965+09:00         "run_id": "r02",
2026-06-15T13:52:52.4127965+09:00         "action": "skipped_exists",
2026-06-15T13:52:52.4127965+09:00         "taskId": "daily-20260615-r02"
2026-06-15T13:52:52.4127965+09:00       },
2026-06-15T13:52:52.4127965+09:00       {
2026-06-15T13:52:52.4285084+09:00         "run_id": "r03",
2026-06-15T13:52:52.4285084+09:00         "action": "not_due",
2026-06-15T13:52:52.4285084+09:00         "taskId": "daily-20260615-r03",
2026-06-15T13:52:52.4285084+09:00         "reason": "jst_hour=13"
2026-06-15T13:52:52.4285084+09:00       }
2026-06-15T13:52:52.4285084+09:00     ]
2026-06-15T13:52:52.4285084+09:00   },
2026-06-15T13:52:52.4285084+09:00   "reconcile": {
2026-06-15T13:52:52.4285084+09:00     "resetProcessing": 0,
2026-06-15T13:52:52.4285084+09:00     "inserted": 1,
2026-06-15T13:52:52.4285084+09:00     "scanned": 12,
2026-06-15T13:52:52.4446189+09:00     "stale": {
2026-06-15T13:52:52.4446189+09:00       "scanned": 12,
2026-06-15T13:52:52.4446189+09:00       "staleDetected": 0,
2026-06-15T13:52:52.4446189+09:00       "rolledBack": 0,
2026-06-15T13:52:52.4446189+09:00       "skippedCap": 0,
2026-06-15T13:52:52.4446189+09:00       "dryRun": false,
2026-06-15T13:52:52.4446189+09:00       "actions": []
2026-06-15T13:52:52.4446189+09:00     }
2026-06-15T13:52:52.4446189+09:00   },
2026-06-15T13:52:52.4605452+09:00   "dispatch": {
2026-06-15T13:52:52.4625537+09:00     "claimed": 1,
2026-06-15T13:52:52.4625537+09:00     "done": 1,
2026-06-15T13:52:52.4625537+09:00     "failed": 0
2026-06-15T13:52:52.4625537+09:00   },
2026-06-15T13:52:52.4625537+09:00   "step4_poll": {
2026-06-15T13:52:52.4625537+09:00     "scanned": 12,
2026-06-15T13:52:52.4625537+09:00     "awaiting": 1,
2026-06-15T13:52:52.4625537+09:00     "polled": 0,
2026-06-15T13:52:52.4625537+09:00     "picks_applied": 0,
2026-06-15T13:52:52.4625537+09:00     "pick_errors": 0,
2026-06-15T13:52:52.4765669+09:00     "timeouts": 0,
2026-06-15T13:52:52.4765669+09:00     "skipped": 0,
2026-06-15T13:52:52.4765669+09:00     "results": [
2026-06-15T13:52:52.4765669+09:00       {
2026-06-15T13:52:52.4765669+09:00         "task_id": "daily-20260615-r02",
2026-06-15T13:52:52.4765669+09:00         "result": {
2026-06-15T13:52:52.4765669+09:00           "outcome": "no_new_messages"
2026-06-15T13:52:52.4765669+09:00         }
2026-06-15T13:52:52.4765669+09:00       }
2026-06-15T13:52:52.4765669+09:00     ]
2026-06-15T13:52:52.4765669+09:00   },
2026-06-15T13:52:52.4925049+09:00   "step7_retry_poll": {
2026-06-15T13:52:52.4925049+09:00     "scanned": 12,
2026-06-15T13:52:52.4925049+09:00     "eligible": 9,
2026-06-15T13:52:52.4925049+09:00     "polled": 0,
2026-06-15T13:52:52.4925049+09:00     "retries_triggered": 0,
2026-06-15T13:52:52.4925049+09:00     "retry_errors": 0,
2026-06-15T13:52:52.4925049+09:00     "skipped": 0,
2026-06-15T13:52:52.4925049+09:00     "results": []
2026-06-15T13:52:52.4925049+09:00   }
2026-06-15T13:52:52.4925049+09:00 }
2026-06-15T13:52:52.5085672+09:00 OK run-once finished
2026-06-15T13:57:49.1400653+09:00 START dispatch-run-once
2026-06-15T13:57:49.5291743+09:00 
2026-06-15T13:57:49.5308121+09:00 > orchestrator
2026-06-15T13:57:49.5339010+09:00 > tsx src/cli/orchestrator.ts run-once --limit 10
2026-06-15T13:57:49.5346520+09:00 
2026-06-15T13:57:52.7656297+09:00 {
2026-06-15T13:57:52.7696294+09:00   "ensure_daily": {
2026-06-15T13:57:52.7726103+09:00     "runs": [
2026-06-15T13:57:52.7766285+09:00       {
2026-06-15T13:57:52.7786355+09:00         "run_id": "r01",
2026-06-15T13:57:52.7810229+09:00         "action": "not_due",
2026-06-15T13:57:52.7831136+09:00         "taskId": "daily-20260615-r01",
2026-06-15T13:57:52.7851138+09:00         "reason": "jst_hour=13"
2026-06-15T13:57:52.7861142+09:00       },
2026-06-15T13:57:52.8069852+09:00       {
2026-06-15T13:57:52.8099850+09:00         "run_id": "r02",
2026-06-15T13:57:52.8119866+09:00         "action": "skipped_exists",
2026-06-15T13:57:52.8139838+09:00         "taskId": "daily-20260615-r02"
2026-06-15T13:57:52.8162804+09:00       },
2026-06-15T13:57:52.8182813+09:00       {
2026-06-15T13:57:52.8202801+09:00         "run_id": "r03",
2026-06-15T13:57:52.8235287+09:00         "action": "not_due",
2026-06-15T13:57:52.8255296+09:00         "taskId": "daily-20260615-r03",
2026-06-15T13:57:52.8275359+09:00         "reason": "jst_hour=13"
2026-06-15T13:57:52.8296305+09:00       }
2026-06-15T13:57:52.8319481+09:00     ]
2026-06-15T13:57:52.8339127+09:00   },
2026-06-15T13:57:52.8349125+09:00   "reconcile": {
2026-06-15T13:57:52.8373112+09:00     "resetProcessing": 0,
2026-06-15T13:57:52.8391497+09:00     "inserted": 1,
2026-06-15T13:57:52.8402286+09:00     "scanned": 12,
2026-06-15T13:57:52.8427438+09:00     "stale": {
2026-06-15T13:57:52.8447416+09:00       "scanned": 12,
2026-06-15T13:57:52.8467501+09:00       "staleDetected": 0,
2026-06-15T13:57:52.8485693+09:00       "rolledBack": 0,
2026-06-15T13:57:52.8505716+09:00       "skippedCap": 0,
2026-06-15T13:57:52.8536555+09:00       "dryRun": false,
2026-06-15T13:57:52.8556842+09:00       "actions": []
2026-06-15T13:57:52.8578661+09:00     }
2026-06-15T13:57:52.8598707+09:00   },
2026-06-15T13:57:52.8620382+09:00   "dispatch": {
2026-06-15T13:57:52.8640805+09:00     "claimed": 1,
2026-06-15T13:57:52.8660876+09:00     "done": 1,
2026-06-15T13:57:52.8680890+09:00     "failed": 0
2026-06-15T13:57:52.8700888+09:00   },
2026-06-15T13:57:52.8710888+09:00   "step4_poll": {
2026-06-15T13:57:52.8730876+09:00     "scanned": 12,
2026-06-15T13:57:52.8750880+09:00     "awaiting": 1,
2026-06-15T13:57:52.8760870+09:00     "polled": 0,
2026-06-15T13:57:52.8780892+09:00     "picks_applied": 0,
2026-06-15T13:57:52.8800878+09:00     "pick_errors": 0,
2026-06-15T13:57:52.8819264+09:00     "timeouts": 0,
2026-06-15T13:57:52.8839255+09:00     "skipped": 0,
2026-06-15T13:57:52.8856028+09:00     "results": [
2026-06-15T13:57:52.8866281+09:00       {
2026-06-15T13:57:52.8891154+09:00         "task_id": "daily-20260615-r02",
2026-06-15T13:57:52.8912022+09:00         "result": {
2026-06-15T13:57:52.8932039+09:00           "outcome": "no_new_messages"
2026-06-15T13:57:52.8946746+09:00         }
2026-06-15T13:57:52.8974450+09:00       }
2026-06-15T13:57:52.8995259+09:00     ]
2026-06-15T13:57:52.9018049+09:00   },
2026-06-15T13:57:52.9038669+09:00   "step7_retry_poll": {
2026-06-15T13:57:52.9058316+09:00     "scanned": 12,
2026-06-15T13:57:52.9079852+09:00     "eligible": 9,
2026-06-15T13:57:52.9092949+09:00     "polled": 0,
2026-06-15T13:57:52.9115174+09:00     "retries_triggered": 0,
2026-06-15T13:57:52.9135161+09:00     "retry_errors": 0,
2026-06-15T13:57:52.9151923+09:00     "skipped": 0,
2026-06-15T13:57:52.9161909+09:00     "results": []
2026-06-15T13:57:52.9185614+09:00   }
2026-06-15T13:57:52.9205581+09:00 }
2026-06-15T13:57:52.9224333+09:00 OK run-once finished
2026-06-15T14:03:08.7263187+09:00 START dispatch-run-once
2026-06-15T14:03:09.1115593+09:00 
2026-06-15T14:03:09.1115593+09:00 > orchestrator
2026-06-15T14:03:09.1272602+09:00 > tsx src/cli/orchestrator.ts run-once --limit 10
2026-06-15T14:03:09.1272602+09:00 
2026-06-15T14:03:12.4392512+09:00 {
2026-06-15T14:03:12.4412528+09:00   "ensure_daily": {
2026-06-15T14:03:12.4442545+09:00     "runs": [
2026-06-15T14:03:12.4462524+09:00       {
2026-06-15T14:03:12.4482524+09:00         "run_id": "r01",
2026-06-15T14:03:12.4499661+09:00         "action": "not_due",
2026-06-15T14:03:12.4519746+09:00         "taskId": "daily-20260615-r01",
2026-06-15T14:03:12.4539749+09:00         "reason": "jst_hour=14"
2026-06-15T14:03:12.4559746+09:00       },
2026-06-15T14:03:12.4762372+09:00       {
2026-06-15T14:03:12.4782360+09:00         "run_id": "r02",
2026-06-15T14:03:12.4802350+09:00         "action": "skipped_exists",
2026-06-15T14:03:12.4832369+09:00         "taskId": "daily-20260615-r02"
2026-06-15T14:03:12.4832369+09:00       },
2026-06-15T14:03:12.4832369+09:00       {
2026-06-15T14:03:12.4832369+09:00         "run_id": "r03",
2026-06-15T14:03:12.4832369+09:00         "action": "not_due",
2026-06-15T14:03:12.4832369+09:00         "taskId": "daily-20260615-r03",
2026-06-15T14:03:12.4832369+09:00         "reason": "jst_hour=14"
2026-06-15T14:03:12.4832369+09:00       }
2026-06-15T14:03:12.4832369+09:00     ]
2026-06-15T14:03:12.4832369+09:00   },
2026-06-15T14:03:12.4991110+09:00   "reconcile": {
2026-06-15T14:03:12.4991110+09:00     "resetProcessing": 0,
2026-06-15T14:03:12.4991110+09:00     "inserted": 1,
2026-06-15T14:03:12.4991110+09:00     "scanned": 12,
2026-06-15T14:03:12.4991110+09:00     "stale": {
2026-06-15T14:03:12.5081934+09:00       "scanned": 12,
2026-06-15T14:03:12.5101897+09:00       "staleDetected": 0,
2026-06-15T14:03:12.5111894+09:00       "rolledBack": 0,
2026-06-15T14:03:12.5131887+09:00       "skippedCap": 0,
2026-06-15T14:03:12.5141896+09:00       "dryRun": false,
2026-06-15T14:03:12.5167228+09:00       "actions": []
2026-06-15T14:03:12.5187221+09:00     }
2026-06-15T14:03:12.5197239+09:00   },
2026-06-15T14:03:12.5217200+09:00   "dispatch": {
2026-06-15T14:03:12.5227209+09:00     "claimed": 1,
2026-06-15T14:03:12.5247212+09:00     "done": 1,
2026-06-15T14:03:12.5247212+09:00     "failed": 0
2026-06-15T14:03:12.5247212+09:00   },
2026-06-15T14:03:12.5247212+09:00   "step4_poll": {
2026-06-15T14:03:12.5247212+09:00     "scanned": 12,
2026-06-15T14:03:12.5247212+09:00     "awaiting": 1,
2026-06-15T14:03:12.5247212+09:00     "polled": 0,
2026-06-15T14:03:12.5247212+09:00     "picks_applied": 0,
2026-06-15T14:03:12.5247212+09:00     "pick_errors": 0,
2026-06-15T14:03:12.5247212+09:00     "timeouts": 0,
2026-06-15T14:03:12.5385315+09:00     "skipped": 0,
2026-06-15T14:03:12.5416071+09:00     "results": [
2026-06-15T14:03:12.5436083+09:00       {
2026-06-15T14:03:12.5446083+09:00         "task_id": "daily-20260615-r02",
2026-06-15T14:03:12.5466111+09:00         "result": {
2026-06-15T14:03:12.5490552+09:00           "outcome": "no_new_messages"
2026-06-15T14:03:12.5511634+09:00         }
2026-06-15T14:03:12.5541614+09:00       }
2026-06-15T14:03:12.5561617+09:00     ]
2026-06-15T14:03:12.5571626+09:00   },
2026-06-15T14:03:12.5571626+09:00   "step7_retry_poll": {
2026-06-15T14:03:12.5571626+09:00     "scanned": 12,
2026-06-15T14:03:12.5571626+09:00     "eligible": 9,
2026-06-15T14:03:12.5571626+09:00     "polled": 0,
2026-06-15T14:03:12.5571626+09:00     "retries_triggered": 0,
2026-06-15T14:03:12.5571626+09:00     "retry_errors": 0,
2026-06-15T14:03:12.5571626+09:00     "skipped": 0,
2026-06-15T14:03:12.5571626+09:00     "results": []
2026-06-15T14:03:12.5728510+09:00   }
2026-06-15T14:03:12.5747882+09:00 }
2026-06-15T14:03:12.5777949+09:00 OK run-once finished
2026-06-15T14:07:49.3251665+09:00 START dispatch-run-once
2026-06-15T14:07:49.7110759+09:00 
2026-06-15T14:07:49.7135614+09:00 > orchestrator
2026-06-15T14:07:49.7155628+09:00 > tsx src/cli/orchestrator.ts run-once --limit 10
2026-06-15T14:07:49.7175613+09:00 
2026-06-15T14:07:52.9107517+09:00 {
2026-06-15T14:07:52.9232051+09:00   "ensure_daily": {
2026-06-15T14:07:52.9313884+09:00     "runs": [
2026-06-15T14:07:52.9358401+09:00       {
2026-06-15T14:07:52.9398354+09:00         "run_id": "r01",
2026-06-15T14:07:52.9418348+09:00         "action": "not_due",
2026-06-15T14:07:52.9428362+09:00         "taskId": "daily-20260615-r01",
2026-06-15T14:07:52.9428362+09:00         "reason": "jst_hour=14"
2026-06-15T14:07:52.9428362+09:00       },
2026-06-15T14:07:52.9647632+09:00       {
2026-06-15T14:07:52.9688524+09:00         "run_id": "r02",
2026-06-15T14:07:52.9708491+09:00         "action": "skipped_exists",
2026-06-15T14:07:52.9728495+09:00         "taskId": "daily-20260615-r02"
2026-06-15T14:07:52.9748485+09:00       },
2026-06-15T14:07:52.9768492+09:00       {
2026-06-15T14:07:52.9787847+09:00         "run_id": "r03",
2026-06-15T14:07:52.9798251+09:00         "action": "not_due",
2026-06-15T14:07:52.9818246+09:00         "taskId": "daily-20260615-r03",
2026-06-15T14:07:52.9827914+09:00         "reason": "jst_hour=14"
2026-06-15T14:07:52.9844877+09:00       }
2026-06-15T14:07:52.9865821+09:00     ]
2026-06-15T14:07:52.9875823+09:00   },
2026-06-15T14:07:52.9895812+09:00   "reconcile": {
2026-06-15T14:07:52.9912977+09:00     "resetProcessing": 0,
2026-06-15T14:07:52.9923210+09:00     "inserted": 1,
2026-06-15T14:07:52.9943197+09:00     "scanned": 12,
2026-06-15T14:07:52.9953191+09:00     "stale": {
2026-06-15T14:07:52.9973201+09:00       "scanned": 12,
2026-06-15T14:07:52.9993232+09:00       "staleDetected": 0,
2026-06-15T14:07:53.0013217+09:00       "rolledBack": 0,
2026-06-15T14:07:53.0023191+09:00       "skippedCap": 0,
2026-06-15T14:07:53.0043238+09:00       "dryRun": false,
2026-06-15T14:07:53.0063246+09:00       "actions": []
2026-06-15T14:07:53.0083192+09:00     }
2026-06-15T14:07:53.0105338+09:00   },
2026-06-15T14:07:53.0115339+09:00   "dispatch": {
2026-06-15T14:07:53.0135332+09:00     "claimed": 1,
2026-06-15T14:07:53.0149644+09:00     "done": 1,
2026-06-15T14:07:53.0167185+09:00     "failed": 0
2026-06-15T14:07:53.0176841+09:00   },
2026-06-15T14:07:53.0189022+09:00   "step4_poll": {
2026-06-15T14:07:53.0209350+09:00     "scanned": 12,
2026-06-15T14:07:53.0219015+09:00     "awaiting": 1,
2026-06-15T14:07:53.0239052+09:00     "polled": 0,
2026-06-15T14:07:53.0249055+09:00     "picks_applied": 0,
2026-06-15T14:07:53.0272050+09:00     "pick_errors": 0,
2026-06-15T14:07:53.0282041+09:00     "timeouts": 0,
2026-06-15T14:07:53.0302058+09:00     "skipped": 0,
2026-06-15T14:07:53.0312056+09:00     "results": [
2026-06-15T14:07:53.0322040+09:00       {
2026-06-15T14:07:53.0342042+09:00         "task_id": "daily-20260615-r02",
2026-06-15T14:07:53.0356364+09:00         "result": {
2026-06-15T14:07:53.0366339+09:00           "outcome": "no_new_messages"
2026-06-15T14:07:53.0386348+09:00         }
2026-06-15T14:07:53.0396356+09:00       }
2026-06-15T14:07:53.0416348+09:00     ]
2026-06-15T14:07:53.0426357+09:00   },
2026-06-15T14:07:53.0436354+09:00   "step7_retry_poll": {
2026-06-15T14:07:53.0436354+09:00     "scanned": 12,
2026-06-15T14:07:53.0436354+09:00     "eligible": 9,
2026-06-15T14:07:53.0436354+09:00     "polled": 0,
2026-06-15T14:07:53.0436354+09:00     "retries_triggered": 0,
2026-06-15T14:07:53.0436354+09:00     "retry_errors": 0,
2026-06-15T14:07:53.0436354+09:00     "skipped": 0,
2026-06-15T14:07:53.0436354+09:00     "results": []
2026-06-15T14:07:53.0436354+09:00   }
2026-06-15T14:07:53.0436354+09:00 }
2026-06-15T14:07:53.0436354+09:00 OK run-once finished
2026-06-15T14:12:48.4767827+09:00 START dispatch-run-once
2026-06-15T14:12:48.9058744+09:00 
2026-06-15T14:12:48.9058744+09:00 > orchestrator
2026-06-15T14:12:48.9058744+09:00 > tsx src/cli/orchestrator.ts run-once --limit 10
2026-06-15T14:12:48.9058744+09:00 
2026-06-15T14:12:52.1930662+09:00 {
2026-06-15T14:12:52.2090000+09:00   "ensure_daily": {
2026-06-15T14:12:52.2090000+09:00     "runs": [
2026-06-15T14:12:52.2249492+09:00       {
2026-06-15T14:12:52.2249492+09:00         "run_id": "r01",
2026-06-15T14:12:52.2249492+09:00         "action": "not_due",
2026-06-15T14:12:52.2249492+09:00         "taskId": "daily-20260615-r01",
2026-06-15T14:12:52.2249492+09:00         "reason": "jst_hour=14"
2026-06-15T14:12:52.2249492+09:00       },
2026-06-15T14:12:52.2565015+09:00       {
2026-06-15T14:12:52.2565015+09:00         "run_id": "r02",
2026-06-15T14:12:52.2565015+09:00         "action": "skipped_exists",
2026-06-15T14:12:52.2565015+09:00         "taskId": "daily-20260615-r02"
2026-06-15T14:12:52.2565015+09:00       },
2026-06-15T14:12:52.2565015+09:00       {
2026-06-15T14:12:52.2565015+09:00         "run_id": "r03",
2026-06-15T14:12:52.2565015+09:00         "action": "not_due",
2026-06-15T14:12:52.2565015+09:00         "taskId": "daily-20260615-r03",
2026-06-15T14:12:52.2721815+09:00         "reason": "jst_hour=14"
2026-06-15T14:12:52.2721815+09:00       }
2026-06-15T14:12:52.2721815+09:00     ]
2026-06-15T14:12:52.2721815+09:00   },
2026-06-15T14:12:52.2721815+09:00   "reconcile": {
2026-06-15T14:12:52.2721815+09:00     "resetProcessing": 0,
2026-06-15T14:12:52.2721815+09:00     "inserted": 1,
2026-06-15T14:12:52.2721815+09:00     "scanned": 12,
2026-06-15T14:12:52.2721815+09:00     "stale": {
2026-06-15T14:12:52.2721815+09:00       "scanned": 12,
2026-06-15T14:12:52.2721815+09:00       "staleDetected": 0,
2026-06-15T14:12:52.2875857+09:00       "rolledBack": 0,
2026-06-15T14:12:52.2895944+09:00       "skippedCap": 0,
2026-06-15T14:12:52.2895944+09:00       "dryRun": false,
2026-06-15T14:12:52.2895944+09:00       "actions": []
2026-06-15T14:12:52.2895944+09:00     }
2026-06-15T14:12:52.2895944+09:00   },
2026-06-15T14:12:52.2895944+09:00   "dispatch": {
2026-06-15T14:12:52.2895944+09:00     "claimed": 1,
2026-06-15T14:12:52.2895944+09:00     "done": 1,
2026-06-15T14:12:52.3035063+09:00     "failed": 0
2026-06-15T14:12:52.3035063+09:00   },
2026-06-15T14:12:52.3035063+09:00   "step4_poll": {
2026-06-15T14:12:52.3035063+09:00     "scanned": 12,
2026-06-15T14:12:52.3035063+09:00     "awaiting": 1,
2026-06-15T14:12:52.3035063+09:00     "polled": 0,
2026-06-15T14:12:52.3035063+09:00     "picks_applied": 0,
2026-06-15T14:12:52.3035063+09:00     "pick_errors": 0,
2026-06-15T14:12:52.3035063+09:00     "timeouts": 0,
2026-06-15T14:12:52.3035063+09:00     "skipped": 0,
2026-06-15T14:12:52.3035063+09:00     "results": [
2026-06-15T14:12:52.3195334+09:00       {
2026-06-15T14:12:52.3195334+09:00         "task_id": "daily-20260615-r02",
2026-06-15T14:12:52.3195334+09:00         "result": {
2026-06-15T14:12:52.3195334+09:00           "outcome": "no_new_messages"
2026-06-15T14:12:52.3195334+09:00         }
2026-06-15T14:12:52.3195334+09:00       }
2026-06-15T14:12:52.3195334+09:00     ]
2026-06-15T14:12:52.3195334+09:00   },
2026-06-15T14:12:52.3195334+09:00   "step7_retry_poll": {
2026-06-15T14:12:52.3195334+09:00     "scanned": 12,
2026-06-15T14:12:52.3195334+09:00     "eligible": 9,
2026-06-15T14:12:52.3195334+09:00     "polled": 0,
2026-06-15T14:12:52.3352664+09:00     "retries_triggered": 0,
2026-06-15T14:12:52.3352664+09:00     "retry_errors": 0,
2026-06-15T14:12:52.3352664+09:00     "skipped": 0,
2026-06-15T14:12:52.3352664+09:00     "results": []
2026-06-15T14:12:52.3352664+09:00   }
2026-06-15T14:12:52.3352664+09:00 }
2026-06-15T14:12:52.3352664+09:00 OK run-once finished
2026-06-15T14:17:49.1700382+09:00 START dispatch-run-once
2026-06-15T14:17:49.6553511+09:00 
2026-06-15T14:17:49.6573592+09:00 > orchestrator
2026-06-15T14:17:49.6573592+09:00 > tsx src/cli/orchestrator.ts run-once --limit 10
2026-06-15T14:17:49.6620162+09:00 
2026-06-15T14:17:52.8820986+09:00 {
2026-06-15T14:17:52.8853595+09:00   "ensure_daily": {
2026-06-15T14:17:52.8882613+09:00     "runs": [
2026-06-15T14:17:52.8902659+09:00       {
2026-06-15T14:17:52.8922666+09:00         "run_id": "r01",
2026-06-15T14:17:52.8941964+09:00         "action": "not_due",
2026-06-15T14:17:52.8965279+09:00         "taskId": "daily-20260615-r01",
2026-06-15T14:17:52.8986327+09:00         "reason": "jst_hour=14"
2026-06-15T14:17:52.9012538+09:00       },
2026-06-15T14:17:52.9212798+09:00       {
2026-06-15T14:17:52.9212798+09:00         "run_id": "r02",
2026-06-15T14:17:52.9212798+09:00         "action": "skipped_exists",
2026-06-15T14:17:52.9212798+09:00         "taskId": "daily-20260615-r02"
2026-06-15T14:17:52.9300415+09:00       },
2026-06-15T14:17:52.9300415+09:00       {
2026-06-15T14:17:52.9344555+09:00         "run_id": "r03",
2026-06-15T14:17:52.9344555+09:00         "action": "not_due",
2026-06-15T14:17:52.9391640+09:00         "taskId": "daily-20260615-r03",
2026-06-15T14:17:52.9411638+09:00         "reason": "jst_hour=14"
2026-06-15T14:17:52.9431650+09:00       }
2026-06-15T14:17:52.9451635+09:00     ]
2026-06-15T14:17:52.9477087+09:00   },
2026-06-15T14:17:52.9507073+09:00   "reconcile": {
2026-06-15T14:17:52.9517049+09:00     "resetProcessing": 0,
2026-06-15T14:17:52.9537045+09:00     "inserted": 1,
2026-06-15T14:17:52.9557071+09:00     "scanned": 12,
2026-06-15T14:17:52.9557071+09:00     "stale": {
2026-06-15T14:17:52.9557071+09:00       "scanned": 12,
2026-06-15T14:17:52.9557071+09:00       "staleDetected": 0,
2026-06-15T14:17:52.9557071+09:00       "rolledBack": 0,
2026-06-15T14:17:52.9557071+09:00       "skippedCap": 0,
2026-06-15T14:17:52.9557071+09:00       "dryRun": false,
2026-06-15T14:17:52.9557071+09:00       "actions": []
2026-06-15T14:17:52.9557071+09:00     }
2026-06-15T14:17:52.9717788+09:00   },
2026-06-15T14:17:52.9717788+09:00   "dispatch": {
2026-06-15T14:17:52.9717788+09:00     "claimed": 1,
2026-06-15T14:17:52.9717788+09:00     "done": 1,
2026-06-15T14:17:52.9717788+09:00     "failed": 0
2026-06-15T14:17:52.9717788+09:00   },
2026-06-15T14:17:52.9717788+09:00   "step4_poll": {
2026-06-15T14:17:52.9857327+09:00     "scanned": 12,
2026-06-15T14:17:52.9882339+09:00     "awaiting": 1,
2026-06-15T14:17:52.9907043+09:00     "polled": 0,
2026-06-15T14:17:52.9920023+09:00     "picks_applied": 0,
2026-06-15T14:17:52.9940015+09:00     "pick_errors": 0,
2026-06-15T14:17:52.9960004+09:00     "timeouts": 0,
2026-06-15T14:17:52.9970026+09:00     "skipped": 0,
2026-06-15T14:17:52.9996114+09:00     "results": [
2026-06-15T14:17:53.0006100+09:00       {
2026-06-15T14:17:53.0026112+09:00         "task_id": "daily-20260615-r02",
2026-06-15T14:17:53.0046111+09:00         "result": {
2026-06-15T14:17:53.0063635+09:00           "outcome": "no_new_messages"
2026-06-15T14:17:53.0073627+09:00         }
2026-06-15T14:17:53.0093628+09:00       }
2026-06-15T14:17:53.0113624+09:00     ]
2026-06-15T14:17:53.0123627+09:00   },
2026-06-15T14:17:53.0149160+09:00   "step7_retry_poll": {
2026-06-15T14:17:53.0169221+09:00     "scanned": 12,
2026-06-15T14:17:53.0179222+09:00     "eligible": 9,
2026-06-15T14:17:53.0199249+09:00     "polled": 0,
2026-06-15T14:17:53.0219229+09:00     "retries_triggered": 0,
2026-06-15T14:17:53.0240276+09:00     "retry_errors": 0,
2026-06-15T14:17:53.0250274+09:00     "skipped": 0,
2026-06-15T14:17:53.0270271+09:00     "results": []
2026-06-15T14:17:53.0280282+09:00   }
2026-06-15T14:17:53.0309810+09:00 }
2026-06-15T14:17:53.0334049+09:00 OK run-once finished
2026-06-15T14:22:50.2190896+09:00 START dispatch-run-once
2026-06-15T14:22:50.6184899+09:00 
2026-06-15T14:22:50.6215065+09:00 > orchestrator
2026-06-15T14:22:50.6215065+09:00 > tsx src/cli/orchestrator.ts run-once --limit 10
2026-06-15T14:22:50.6215065+09:00 
2026-06-15T14:22:53.8930416+09:00 {
2026-06-15T14:22:53.8930416+09:00   "ensure_daily": {
2026-06-15T14:22:53.9090165+09:00     "runs": [
2026-06-15T14:22:53.9090165+09:00       {
2026-06-15T14:22:53.9090165+09:00         "run_id": "r01",
2026-06-15T14:22:53.9090165+09:00         "action": "not_due",
2026-06-15T14:22:53.9090165+09:00         "taskId": "daily-20260615-r01",
2026-06-15T14:22:53.9090165+09:00         "reason": "jst_hour=14"
2026-06-15T14:22:53.9090165+09:00       },
2026-06-15T14:22:53.9407829+09:00       {
2026-06-15T14:22:53.9407829+09:00         "run_id": "r02",
2026-06-15T14:22:53.9454076+09:00         "action": "skipped_exists",
2026-06-15T14:22:53.9454076+09:00         "taskId": "daily-20260615-r02"
2026-06-15T14:22:53.9491792+09:00       },
2026-06-15T14:22:53.9512968+09:00       {
2026-06-15T14:22:53.9512968+09:00         "run_id": "r03",
2026-06-15T14:22:53.9512968+09:00         "action": "not_due",
2026-06-15T14:22:53.9564585+09:00         "taskId": "daily-20260615-r03",
2026-06-15T14:22:53.9564585+09:00         "reason": "jst_hour=14"
2026-06-15T14:22:53.9564585+09:00       }
2026-06-15T14:22:53.9564585+09:00     ]
2026-06-15T14:22:53.9643741+09:00   },
2026-06-15T14:22:53.9643741+09:00   "reconcile": {
2026-06-15T14:22:53.9643741+09:00     "resetProcessing": 0,
2026-06-15T14:22:53.9643741+09:00     "inserted": 1,
2026-06-15T14:22:53.9643741+09:00     "scanned": 12,
2026-06-15T14:22:53.9722453+09:00     "stale": {
2026-06-15T14:22:53.9722453+09:00       "scanned": 12,
2026-06-15T14:22:53.9722453+09:00       "staleDetected": 0,
2026-06-15T14:22:53.9722453+09:00       "rolledBack": 0,
2026-06-15T14:22:53.9815607+09:00       "skippedCap": 0,
2026-06-15T14:22:53.9835674+09:00       "dryRun": false,
2026-06-15T14:22:53.9875834+09:00       "actions": []
2026-06-15T14:22:53.9875834+09:00     }
2026-06-15T14:22:53.9875834+09:00   },
2026-06-15T14:22:53.9875834+09:00   "dispatch": {
2026-06-15T14:22:53.9875834+09:00     "claimed": 1,
2026-06-15T14:22:53.9875834+09:00     "done": 1,
2026-06-15T14:22:53.9875834+09:00     "failed": 0
2026-06-15T14:22:53.9875834+09:00   },
2026-06-15T14:22:53.9875834+09:00   "step4_poll": {
2026-06-15T14:22:53.9875834+09:00     "scanned": 12,
2026-06-15T14:22:54.0037355+09:00     "awaiting": 1,
2026-06-15T14:22:54.0037355+09:00     "polled": 0,
2026-06-15T14:22:54.0037355+09:00     "picks_applied": 0,
2026-06-15T14:22:54.0037355+09:00     "pick_errors": 0,
2026-06-15T14:22:54.0037355+09:00     "timeouts": 0,
2026-06-15T14:22:54.0037355+09:00     "skipped": 0,
2026-06-15T14:22:54.0037355+09:00     "results": [
2026-06-15T14:22:54.0037355+09:00       {
2026-06-15T14:22:54.0037355+09:00         "task_id": "daily-20260615-r02",
2026-06-15T14:22:54.0198338+09:00         "result": {
2026-06-15T14:22:54.0198338+09:00           "outcome": "no_new_messages"
2026-06-15T14:22:54.0198338+09:00         }
2026-06-15T14:22:54.0198338+09:00       }
2026-06-15T14:22:54.0198338+09:00     ]
2026-06-15T14:22:54.0198338+09:00   },
2026-06-15T14:22:54.0198338+09:00   "step7_retry_poll": {
2026-06-15T14:22:54.0198338+09:00     "scanned": 12,
2026-06-15T14:22:54.0198338+09:00     "eligible": 9,
2026-06-15T14:22:54.0198338+09:00     "polled": 0,
2026-06-15T14:22:54.0359376+09:00     "retries_triggered": 0,
2026-06-15T14:22:54.0359376+09:00     "retry_errors": 0,
2026-06-15T14:22:54.0359376+09:00     "skipped": 0,
2026-06-15T14:22:54.0359376+09:00     "results": []
2026-06-15T14:22:54.0359376+09:00   }
2026-06-15T14:22:54.0359376+09:00 }
2026-06-15T14:22:54.0359376+09:00 OK run-once finished
2026-06-15T14:27:50.1443854+09:00 START dispatch-run-once
2026-06-15T14:27:50.6574318+09:00 
2026-06-15T14:27:50.6621428+09:00 > orchestrator
2026-06-15T14:27:50.6621428+09:00 > tsx src/cli/orchestrator.ts run-once --limit 10
2026-06-15T14:27:50.6701268+09:00 
2026-06-15T14:27:53.9768865+09:00 {
2026-06-15T14:27:53.9768865+09:00   "ensure_daily": {
2026-06-15T14:27:53.9868906+09:00     "runs": [
2026-06-15T14:27:53.9868906+09:00       {
2026-06-15T14:27:53.9868906+09:00         "run_id": "r01",
2026-06-15T14:27:53.9868906+09:00         "action": "not_due",
2026-06-15T14:27:53.9868906+09:00         "taskId": "daily-20260615-r01",
2026-06-15T14:27:53.9868906+09:00         "reason": "jst_hour=14"
2026-06-15T14:27:53.9868906+09:00       },
2026-06-15T14:27:54.0246366+09:00       {
2026-06-15T14:27:54.0266433+09:00         "run_id": "r02",
2026-06-15T14:27:54.0266433+09:00         "action": "skipped_exists",
2026-06-15T14:27:54.0320581+09:00         "taskId": "daily-20260615-r02"
2026-06-15T14:27:54.0343777+09:00       },
2026-06-15T14:27:54.0384832+09:00       {
2026-06-15T14:27:54.0404901+09:00         "run_id": "r03",
2026-06-15T14:27:54.0424980+09:00         "action": "not_due",
2026-06-15T14:27:54.0424980+09:00         "taskId": "daily-20260615-r03",
2026-06-15T14:27:54.0502268+09:00         "reason": "jst_hour=14"
2026-06-15T14:27:54.0522358+09:00       }
2026-06-15T14:27:54.0522358+09:00     ]
2026-06-15T14:27:54.0522358+09:00   },
2026-06-15T14:27:54.0601442+09:00   "reconcile": {
2026-06-15T14:27:54.0601442+09:00     "resetProcessing": 0,
2026-06-15T14:27:54.0659902+09:00     "inserted": 1,
2026-06-15T14:27:54.0659902+09:00     "scanned": 12,
2026-06-15T14:27:54.0659902+09:00     "stale": {
2026-06-15T14:27:54.0659902+09:00       "scanned": 12,
2026-06-15T14:27:54.0659902+09:00       "staleDetected": 0,
2026-06-15T14:27:54.0659902+09:00       "rolledBack": 0,
2026-06-15T14:27:54.0659902+09:00       "skippedCap": 0,
2026-06-15T14:27:54.0839958+09:00       "dryRun": false,
2026-06-15T14:27:54.0839958+09:00       "actions": []
2026-06-15T14:27:54.0839958+09:00     }
2026-06-15T14:27:54.0839958+09:00   },
2026-06-15T14:27:54.0839958+09:00   "dispatch": {
2026-06-15T14:27:54.0839958+09:00     "claimed": 1,
2026-06-15T14:27:54.0839958+09:00     "done": 1,
2026-06-15T14:27:54.0998232+09:00     "failed": 0
2026-06-15T14:27:54.1018296+09:00   },
2026-06-15T14:27:54.1038363+09:00   "step4_poll": {
2026-06-15T14:27:54.1058441+09:00     "scanned": 12,
2026-06-15T14:27:54.1058441+09:00     "awaiting": 1,
2026-06-15T14:27:54.1078505+09:00     "polled": 0,
2026-06-15T14:27:54.1098579+09:00     "picks_applied": 0,
2026-06-15T14:27:54.1118650+09:00     "pick_errors": 0,
2026-06-15T14:27:54.1136132+09:00     "timeouts": 0,
2026-06-15T14:27:54.1136132+09:00     "skipped": 0,
2026-06-15T14:27:54.1136132+09:00     "results": [
2026-06-15T14:27:54.1136132+09:00       {
2026-06-15T14:27:54.1136132+09:00         "task_id": "daily-20260615-r02",
2026-06-15T14:27:54.1136132+09:00         "result": {
2026-06-15T14:27:54.1136132+09:00           "outcome": "no_new_messages"
2026-06-15T14:27:54.1136132+09:00         }
2026-06-15T14:27:54.1136132+09:00       }
2026-06-15T14:27:54.1294511+09:00     ]
2026-06-15T14:27:54.1294511+09:00   },
2026-06-15T14:27:54.1294511+09:00   "step7_retry_poll": {
2026-06-15T14:27:54.1294511+09:00     "scanned": 12,
2026-06-15T14:27:54.1294511+09:00     "eligible": 9,
2026-06-15T14:27:54.1294511+09:00     "polled": 0,
2026-06-15T14:27:54.1294511+09:00     "retries_triggered": 0,
2026-06-15T14:27:54.1294511+09:00     "retry_errors": 0,
2026-06-15T14:27:54.1294511+09:00     "skipped": 0,
2026-06-15T14:27:54.1450915+09:00     "results": []
2026-06-15T14:27:54.1473022+09:00   }
2026-06-15T14:27:54.1493087+09:00 }
2026-06-15T14:27:54.1521075+09:00 OK run-once finished
2026-06-15T14:32:48.4224786+09:00 START dispatch-run-once
2026-06-15T14:32:48.8195894+09:00 
2026-06-15T14:32:48.8195894+09:00 > orchestrator
2026-06-15T14:32:48.8195894+09:00 > tsx src/cli/orchestrator.ts run-once --limit 10
2026-06-15T14:32:48.8195894+09:00 
2026-06-15T14:32:52.0191197+09:00 {
2026-06-15T14:32:52.0191197+09:00   "ensure_daily": {
2026-06-15T14:32:52.0191197+09:00     "runs": [
2026-06-15T14:32:52.0191197+09:00       {
2026-06-15T14:32:52.0191197+09:00         "run_id": "r01",
2026-06-15T14:32:52.0191197+09:00         "action": "not_due",
2026-06-15T14:32:52.0191197+09:00         "taskId": "daily-20260615-r01",
2026-06-15T14:32:52.0350711+09:00         "reason": "jst_hour=14"
2026-06-15T14:32:52.0350711+09:00       },
2026-06-15T14:32:52.0551079+09:00       {
2026-06-15T14:32:52.0582065+09:00         "run_id": "r02",
2026-06-15T14:32:52.0582065+09:00         "action": "skipped_exists",
2026-06-15T14:32:52.0582065+09:00         "taskId": "daily-20260615-r02"
2026-06-15T14:32:52.0582065+09:00       },
2026-06-15T14:32:52.0667649+09:00       {
2026-06-15T14:32:52.0667649+09:00         "run_id": "r03",
2026-06-15T14:32:52.0667649+09:00         "action": "not_due",
2026-06-15T14:32:52.0667649+09:00         "taskId": "daily-20260615-r03",
2026-06-15T14:32:52.0667649+09:00         "reason": "jst_hour=14"
2026-06-15T14:32:52.0667649+09:00       }
2026-06-15T14:32:52.0667649+09:00     ]
2026-06-15T14:32:52.0667649+09:00   },
2026-06-15T14:32:52.0827256+09:00   "reconcile": {
2026-06-15T14:32:52.0827256+09:00     "resetProcessing": 0,
2026-06-15T14:32:52.0827256+09:00     "inserted": 1,
2026-06-15T14:32:52.0827256+09:00     "scanned": 12,
2026-06-15T14:32:52.0827256+09:00     "stale": {
2026-06-15T14:32:52.0827256+09:00       "scanned": 12,
2026-06-15T14:32:52.0827256+09:00       "staleDetected": 0,
2026-06-15T14:32:52.0961749+09:00       "rolledBack": 0,
2026-06-15T14:32:52.0961749+09:00       "skippedCap": 0,
2026-06-15T14:32:52.0986968+09:00       "dryRun": false,
2026-06-15T14:32:52.0986968+09:00       "actions": []
2026-06-15T14:32:52.1058008+09:00     }
2026-06-15T14:32:52.1078079+09:00   },
2026-06-15T14:32:52.1078079+09:00   "dispatch": {
2026-06-15T14:32:52.1098150+09:00     "claimed": 1,
2026-06-15T14:32:52.1118219+09:00     "done": 1,
2026-06-15T14:32:52.1138288+09:00     "failed": 0
2026-06-15T14:32:52.1138288+09:00   },
2026-06-15T14:32:52.1138288+09:00   "step4_poll": {
2026-06-15T14:32:52.1138288+09:00     "scanned": 12,
2026-06-15T14:32:52.1138288+09:00     "awaiting": 1,
2026-06-15T14:32:52.1138288+09:00     "polled": 0,
2026-06-15T14:32:52.1138288+09:00     "picks_applied": 0,
2026-06-15T14:32:52.1138288+09:00     "pick_errors": 0,
2026-06-15T14:32:52.1138288+09:00     "timeouts": 0,
2026-06-15T14:32:52.1138288+09:00     "skipped": 0,
2026-06-15T14:32:52.1295120+09:00     "results": [
2026-06-15T14:32:52.1295120+09:00       {
2026-06-15T14:32:52.1295120+09:00         "task_id": "daily-20260615-r02",
2026-06-15T14:32:52.1295120+09:00         "result": {
2026-06-15T14:32:52.1295120+09:00           "outcome": "no_new_messages"
2026-06-15T14:32:52.1295120+09:00         }
2026-06-15T14:32:52.1295120+09:00       }
2026-06-15T14:32:52.1295120+09:00     ]
2026-06-15T14:32:52.1295120+09:00   },
2026-06-15T14:32:52.1295120+09:00   "step7_retry_poll": {
2026-06-15T14:32:52.1295120+09:00     "scanned": 12,
2026-06-15T14:32:52.1453444+09:00     "eligible": 9,
2026-06-15T14:32:52.1453444+09:00     "polled": 0,
2026-06-15T14:32:52.1453444+09:00     "retries_triggered": 0,
2026-06-15T14:32:52.1453444+09:00     "retry_errors": 0,
2026-06-15T14:32:52.1453444+09:00     "skipped": 0,
2026-06-15T14:32:52.1453444+09:00     "results": []
2026-06-15T14:32:52.1453444+09:00   }
2026-06-15T14:32:52.1453444+09:00 }
2026-06-15T14:32:52.1453444+09:00 OK run-once finished
2026-06-15T14:37:48.2794587+09:00 START dispatch-run-once
2026-06-15T14:37:48.7112598+09:00 
2026-06-15T14:37:48.7132609+09:00 > orchestrator
2026-06-15T14:37:48.7152592+09:00 > tsx src/cli/orchestrator.ts run-once --limit 10
2026-06-15T14:37:48.7177736+09:00 
2026-06-15T14:37:52.2548769+09:00 {
2026-06-15T14:37:52.2610025+09:00   "ensure_daily": {
2026-06-15T14:37:52.2632363+09:00     "runs": [
2026-06-15T14:37:52.2727697+09:00       {
2026-06-15T14:37:52.2762896+09:00         "run_id": "r01",
2026-06-15T14:37:52.2824291+09:00         "action": "not_due",
2026-06-15T14:37:52.2854278+09:00         "taskId": "daily-20260615-r01",
2026-06-15T14:37:52.2884261+09:00         "reason": "jst_hour=14"
2026-06-15T14:37:52.2904250+09:00       },
2026-06-15T14:37:52.3121885+09:00       {
2026-06-15T14:37:52.3142594+09:00         "run_id": "r02",
2026-06-15T14:37:52.3152571+09:00         "action": "skipped_exists",
2026-06-15T14:37:52.3152571+09:00         "taskId": "daily-20260615-r02"
2026-06-15T14:37:52.3215802+09:00       },
2026-06-15T14:37:52.3241361+09:00       {
2026-06-15T14:37:52.3241361+09:00         "run_id": "r03",
2026-06-15T14:37:52.3289212+09:00         "action": "not_due",
2026-06-15T14:37:52.3302153+09:00         "taskId": "daily-20260615-r03",
2026-06-15T14:37:52.3322140+09:00         "reason": "jst_hour=14"
2026-06-15T14:37:52.3334406+09:00       }
2026-06-15T14:37:52.3354471+09:00     ]
2026-06-15T14:37:52.3364461+09:00   },
2026-06-15T14:37:52.3386256+09:00   "reconcile": {
2026-06-15T14:37:52.3396251+09:00     "resetProcessing": 0,
2026-06-15T14:37:52.3416246+09:00     "inserted": 1,
2026-06-15T14:37:52.3426251+09:00     "scanned": 12,
2026-06-15T14:37:52.3446229+09:00     "stale": {
2026-06-15T14:37:52.3461571+09:00       "scanned": 12,
2026-06-15T14:37:52.3461571+09:00       "staleDetected": 0,
2026-06-15T14:37:52.3461571+09:00       "rolledBack": 0,
2026-06-15T14:37:52.3461571+09:00       "skippedCap": 0,
2026-06-15T14:37:52.3461571+09:00       "dryRun": false,
2026-06-15T14:37:52.3543859+09:00       "actions": []
2026-06-15T14:37:52.3543859+09:00     }
2026-06-15T14:37:52.3543859+09:00   },
2026-06-15T14:37:52.3543859+09:00   "dispatch": {
2026-06-15T14:37:52.3543859+09:00     "claimed": 1,
2026-06-15T14:37:52.3622481+09:00     "done": 1,
2026-06-15T14:37:52.3626698+09:00     "failed": 0
2026-06-15T14:37:52.3626698+09:00   },
2026-06-15T14:37:52.3626698+09:00   "step4_poll": {
2026-06-15T14:37:52.3626698+09:00     "scanned": 12,
2026-06-15T14:37:52.3626698+09:00     "awaiting": 1,
2026-06-15T14:37:52.3710501+09:00     "polled": 0,
2026-06-15T14:37:52.3710501+09:00     "picks_applied": 0,
2026-06-15T14:37:52.3731750+09:00     "pick_errors": 0,
2026-06-15T14:37:52.3731750+09:00     "timeouts": 0,
2026-06-15T14:37:52.3731750+09:00     "skipped": 0,
2026-06-15T14:37:52.3731750+09:00     "results": [
2026-06-15T14:37:52.3803705+09:00       {
2026-06-15T14:37:52.3819173+09:00         "task_id": "daily-20260615-r02",
2026-06-15T14:37:52.3819173+09:00         "result": {
2026-06-15T14:37:52.3819173+09:00           "outcome": "no_new_messages"
2026-06-15T14:37:52.3872858+09:00         }
2026-06-15T14:37:52.3894811+09:00       }
2026-06-15T14:37:52.3914807+09:00     ]
2026-06-15T14:37:52.3924806+09:00   },
2026-06-15T14:37:52.3944812+09:00   "step7_retry_poll": {
2026-06-15T14:37:52.3954812+09:00     "scanned": 12,
2026-06-15T14:37:52.3974811+09:00     "eligible": 9,
2026-06-15T14:37:52.3984812+09:00     "polled": 0,
2026-06-15T14:37:52.3994810+09:00     "retries_triggered": 0,
2026-06-15T14:37:52.4014795+09:00     "retry_errors": 0,
2026-06-15T14:37:52.4024807+09:00     "skipped": 0,
2026-06-15T14:37:52.4041310+09:00     "results": []
2026-06-15T14:37:52.4051381+09:00   }
2026-06-15T14:37:52.4071367+09:00 }
2026-06-15T14:37:52.4091374+09:00 OK run-once finished
2026-06-15T14:42:49.7493471+09:00 START dispatch-run-once
2026-06-15T14:42:50.1591094+09:00 
2026-06-15T14:42:50.1611089+09:00 > orchestrator
2026-06-15T14:42:50.1631151+09:00 > tsx src/cli/orchestrator.ts run-once --limit 10
2026-06-15T14:42:50.1651128+09:00 
2026-06-15T14:42:53.4916707+09:00 {
2026-06-15T14:42:53.4978108+09:00   "ensure_daily": {
2026-06-15T14:42:53.5054332+09:00     "runs": [
2026-06-15T14:42:53.5145319+09:00       {
2026-06-15T14:42:53.5169329+09:00         "run_id": "r01",
2026-06-15T14:42:53.5317003+09:00         "action": "not_due",
2026-06-15T14:42:53.5386930+09:00         "taskId": "daily-20260615-r01",
2026-06-15T14:42:53.5448379+09:00         "reason": "jst_hour=14"
2026-06-15T14:42:53.5468398+09:00       },
2026-06-15T14:42:53.5685079+09:00       {
2026-06-15T14:42:53.5705133+09:00         "run_id": "r02",
2026-06-15T14:42:53.5725206+09:00         "action": "skipped_exists",
2026-06-15T14:42:53.5756002+09:00         "taskId": "daily-20260615-r02"
2026-06-15T14:42:53.5776114+09:00       },
2026-06-15T14:42:53.5808323+09:00       {
2026-06-15T14:42:53.5848772+09:00         "run_id": "r03",
2026-06-15T14:42:53.5848772+09:00         "action": "not_due",
2026-06-15T14:42:53.5848772+09:00         "taskId": "daily-20260615-r03",
2026-06-15T14:42:53.5911873+09:00         "reason": "jst_hour=14"
2026-06-15T14:42:53.5911873+09:00       }
2026-06-15T14:42:53.5931941+09:00     ]
2026-06-15T14:42:53.5952012+09:00   },
2026-06-15T14:42:53.5952012+09:00   "reconcile": {
2026-06-15T14:42:53.5952012+09:00     "resetProcessing": 0,
2026-06-15T14:42:53.5952012+09:00     "inserted": 1,
2026-06-15T14:42:53.5952012+09:00     "scanned": 12,
2026-06-15T14:42:53.5952012+09:00     "stale": {
2026-06-15T14:42:53.6051029+09:00       "scanned": 12,
2026-06-15T14:42:53.6051029+09:00       "staleDetected": 0,
2026-06-15T14:42:53.6051029+09:00       "rolledBack": 0,
2026-06-15T14:42:53.6051029+09:00       "skippedCap": 0,
2026-06-15T14:42:53.6051029+09:00       "dryRun": false,
2026-06-15T14:42:53.6051029+09:00       "actions": []
2026-06-15T14:42:53.6179725+09:00     }
2026-06-15T14:42:53.6179725+09:00   },
2026-06-15T14:42:53.6208857+09:00   "dispatch": {
2026-06-15T14:42:53.6208857+09:00     "claimed": 1,
2026-06-15T14:42:53.6208857+09:00     "done": 1,
2026-06-15T14:42:53.6208857+09:00     "failed": 0
2026-06-15T14:42:53.6208857+09:00   },
2026-06-15T14:42:53.6208857+09:00   "step4_poll": {
2026-06-15T14:42:53.6208857+09:00     "scanned": 12,
2026-06-15T14:42:53.6208857+09:00     "awaiting": 1,
2026-06-15T14:42:53.6208857+09:00     "polled": 0,
2026-06-15T14:42:53.6366126+09:00     "picks_applied": 0,
2026-06-15T14:42:53.6386190+09:00     "pick_errors": 0,
2026-06-15T14:42:53.6391183+09:00     "timeouts": 0,
2026-06-15T14:42:53.6391183+09:00     "skipped": 0,
2026-06-15T14:42:53.6391183+09:00     "results": [
2026-06-15T14:42:53.6391183+09:00       {
2026-06-15T14:42:53.6391183+09:00         "task_id": "daily-20260615-r02",
2026-06-15T14:42:53.6391183+09:00         "result": {
2026-06-15T14:42:53.6391183+09:00           "outcome": "no_new_messages"
2026-06-15T14:42:53.6391183+09:00         }
2026-06-15T14:42:53.6391183+09:00       }
2026-06-15T14:42:53.6550936+09:00     ]
2026-06-15T14:42:53.6572238+09:00   },
2026-06-15T14:42:53.6592245+09:00   "step7_retry_poll": {
2026-06-15T14:42:53.6602254+09:00     "scanned": 12,
2026-06-15T14:42:53.6622220+09:00     "eligible": 9,
2026-06-15T14:42:53.6632218+09:00     "polled": 0,
2026-06-15T14:42:53.6652232+09:00     "retries_triggered": 0,
2026-06-15T14:42:53.6672217+09:00     "retry_errors": 0,
2026-06-15T14:42:53.6682225+09:00     "skipped": 0,
2026-06-15T14:42:53.6682225+09:00     "results": []
2026-06-15T14:42:53.6682225+09:00   }
2026-06-15T14:42:53.6682225+09:00 }
2026-06-15T14:42:53.6682225+09:00 OK run-once finished
2026-06-15T14:47:48.8831843+09:00 START dispatch-run-once
2026-06-15T14:47:49.2766805+09:00 
2026-06-15T14:47:49.2786890+09:00 > orchestrator
2026-06-15T14:47:49.2806974+09:00 > tsx src/cli/orchestrator.ts run-once --limit 10
2026-06-15T14:47:49.2806974+09:00 
2026-06-15T14:47:52.4454420+09:00 {
2026-06-15T14:47:52.4454420+09:00   "ensure_daily": {
2026-06-15T14:47:52.4594172+09:00     "runs": [
2026-06-15T14:47:52.4594172+09:00       {
2026-06-15T14:47:52.4594172+09:00         "run_id": "r01",
2026-06-15T14:47:52.4594172+09:00         "action": "not_due",
2026-06-15T14:47:52.4594172+09:00         "taskId": "daily-20260615-r01",
2026-06-15T14:47:52.4594172+09:00         "reason": "jst_hour=14"
2026-06-15T14:47:52.4594172+09:00       },
2026-06-15T14:47:52.4913016+09:00       {
2026-06-15T14:47:52.4913016+09:00         "run_id": "r02",
2026-06-15T14:47:52.4913016+09:00         "action": "skipped_exists",
2026-06-15T14:47:52.4913016+09:00         "taskId": "daily-20260615-r02"
2026-06-15T14:47:52.4913016+09:00       },
2026-06-15T14:47:52.4913016+09:00       {
2026-06-15T14:47:52.4913016+09:00         "run_id": "r03",
2026-06-15T14:47:52.4913016+09:00         "action": "not_due",
2026-06-15T14:47:52.5070543+09:00         "taskId": "daily-20260615-r03",
2026-06-15T14:47:52.5070543+09:00         "reason": "jst_hour=14"
2026-06-15T14:47:52.5070543+09:00       }
2026-06-15T14:47:52.5070543+09:00     ]
2026-06-15T14:47:52.5070543+09:00   },
2026-06-15T14:47:52.5070543+09:00   "reconcile": {
2026-06-15T14:47:52.5070543+09:00     "resetProcessing": 0,
2026-06-15T14:47:52.5070543+09:00     "inserted": 1,
2026-06-15T14:47:52.5070543+09:00     "scanned": 12,
2026-06-15T14:47:52.5070543+09:00     "stale": {
2026-06-15T14:47:52.5229990+09:00       "scanned": 12,
2026-06-15T14:47:52.5229990+09:00       "staleDetected": 0,
2026-06-15T14:47:52.5229990+09:00       "rolledBack": 0,
2026-06-15T14:47:52.5280097+09:00       "skippedCap": 0,
2026-06-15T14:47:52.5280097+09:00       "dryRun": false,
2026-06-15T14:47:52.5280097+09:00       "actions": []
2026-06-15T14:47:52.5280097+09:00     }
2026-06-15T14:47:52.5280097+09:00   },
2026-06-15T14:47:52.5280097+09:00   "dispatch": {
2026-06-15T14:47:52.5280097+09:00     "claimed": 1,
2026-06-15T14:47:52.5389984+09:00     "done": 1,
2026-06-15T14:47:52.5389984+09:00     "failed": 0
2026-06-15T14:47:52.5389984+09:00   },
2026-06-15T14:47:52.5389984+09:00   "step4_poll": {
2026-06-15T14:47:52.5389984+09:00     "scanned": 12,
2026-06-15T14:47:52.5389984+09:00     "awaiting": 1,
2026-06-15T14:47:52.5389984+09:00     "polled": 0,
2026-06-15T14:47:52.5389984+09:00     "picks_applied": 0,
2026-06-15T14:47:52.5389984+09:00     "pick_errors": 0,
2026-06-15T14:47:52.5389984+09:00     "timeouts": 0,
2026-06-15T14:47:52.5389984+09:00     "skipped": 0,
2026-06-15T14:47:52.5548384+09:00     "results": [
2026-06-15T14:47:52.5548384+09:00       {
2026-06-15T14:47:52.5548384+09:00         "task_id": "daily-20260615-r02",
2026-06-15T14:47:52.5548384+09:00         "result": {
2026-06-15T14:47:52.5548384+09:00           "outcome": "no_new_messages"
2026-06-15T14:47:52.5548384+09:00         }
2026-06-15T14:47:52.5548384+09:00       }
2026-06-15T14:47:52.5548384+09:00     ]
2026-06-15T14:47:52.5548384+09:00   },
2026-06-15T14:47:52.5548384+09:00   "step7_retry_poll": {
2026-06-15T14:47:52.5548384+09:00     "scanned": 12,
2026-06-15T14:47:52.5705110+09:00     "eligible": 9,
2026-06-15T14:47:52.5705110+09:00     "polled": 0,
2026-06-15T14:47:52.5705110+09:00     "retries_triggered": 0,
2026-06-15T14:47:52.5705110+09:00     "retry_errors": 0,
2026-06-15T14:47:52.5705110+09:00     "skipped": 0,
2026-06-15T14:47:52.5705110+09:00     "results": []
2026-06-15T14:47:52.5705110+09:00   }
2026-06-15T14:47:52.5705110+09:00 }
2026-06-15T14:47:52.5705110+09:00 OK run-once finished
2026-06-15T14:52:50.3386522+09:00 START dispatch-run-once
2026-06-15T14:52:50.7327298+09:00 
2026-06-15T14:52:50.7344648+09:00 > orchestrator
2026-06-15T14:52:50.7344648+09:00 > tsx src/cli/orchestrator.ts run-once --limit 10
2026-06-15T14:52:50.7344648+09:00 
2026-06-15T14:52:53.9699141+09:00 {
2026-06-15T14:52:53.9730777+09:00   "ensure_daily": {
2026-06-15T14:52:53.9730777+09:00     "runs": [
2026-06-15T14:52:53.9730777+09:00       {
2026-06-15T14:52:53.9730777+09:00         "run_id": "r01",
2026-06-15T14:52:53.9730777+09:00         "action": "not_due",
2026-06-15T14:52:53.9730777+09:00         "taskId": "daily-20260615-r01",
2026-06-15T14:52:53.9730777+09:00         "reason": "jst_hour=14"
2026-06-15T14:52:53.9730777+09:00       },
2026-06-15T14:52:54.0049752+09:00       {
2026-06-15T14:52:54.0049752+09:00         "run_id": "r02",
2026-06-15T14:52:54.0049752+09:00         "action": "skipped_exists",
2026-06-15T14:52:54.0049752+09:00         "taskId": "daily-20260615-r02"
2026-06-15T14:52:54.0049752+09:00       },
2026-06-15T14:52:54.0049752+09:00       {
2026-06-15T14:52:54.0210496+09:00         "run_id": "r03",
2026-06-15T14:52:54.0210496+09:00         "action": "not_due",
2026-06-15T14:52:54.0210496+09:00         "taskId": "daily-20260615-r03",
2026-06-15T14:52:54.0210496+09:00         "reason": "jst_hour=14"
2026-06-15T14:52:54.0210496+09:00       }
2026-06-15T14:52:54.0210496+09:00     ]
2026-06-15T14:52:54.0210496+09:00   },
2026-06-15T14:52:54.0210496+09:00   "reconcile": {
2026-06-15T14:52:54.0210496+09:00     "resetProcessing": 0,
2026-06-15T14:52:54.0210496+09:00     "inserted": 1,
2026-06-15T14:52:54.0210496+09:00     "scanned": 12,
2026-06-15T14:52:54.0369987+09:00     "stale": {
2026-06-15T14:52:54.0369987+09:00       "scanned": 12,
2026-06-15T14:52:54.0369987+09:00       "staleDetected": 0,
2026-06-15T14:52:54.0369987+09:00       "rolledBack": 0,
2026-06-15T14:52:54.0369987+09:00       "skippedCap": 0,
2026-06-15T14:52:54.0369987+09:00       "dryRun": false,
2026-06-15T14:52:54.0369987+09:00       "actions": []
2026-06-15T14:52:54.0369987+09:00     }
2026-06-15T14:52:54.0369987+09:00   },
2026-06-15T14:52:54.0369987+09:00   "dispatch": {
2026-06-15T14:52:54.0527896+09:00     "claimed": 1,
2026-06-15T14:52:54.0527896+09:00     "done": 1,
2026-06-15T14:52:54.0527896+09:00     "failed": 0
2026-06-15T14:52:54.0527896+09:00   },
2026-06-15T14:52:54.0527896+09:00   "step4_poll": {
2026-06-15T14:52:54.0527896+09:00     "scanned": 12,
2026-06-15T14:52:54.0527896+09:00     "awaiting": 1,
2026-06-15T14:52:54.0527896+09:00     "polled": 0,
2026-06-15T14:52:54.0527896+09:00     "picks_applied": 0,
2026-06-15T14:52:54.0659440+09:00     "pick_errors": 0,
2026-06-15T14:52:54.0659440+09:00     "timeouts": 0,
2026-06-15T14:52:54.0685719+09:00     "skipped": 0,
2026-06-15T14:52:54.0685719+09:00     "results": [
2026-06-15T14:52:54.0685719+09:00       {
2026-06-15T14:52:54.0685719+09:00         "task_id": "daily-20260615-r02",
2026-06-15T14:52:54.0685719+09:00         "result": {
2026-06-15T14:52:54.0685719+09:00           "outcome": "no_new_messages"
2026-06-15T14:52:54.0685719+09:00         }
2026-06-15T14:52:54.0685719+09:00       }
2026-06-15T14:52:54.0685719+09:00     ]
2026-06-15T14:52:54.0685719+09:00   },
2026-06-15T14:52:54.0685719+09:00   "step7_retry_poll": {
2026-06-15T14:52:54.0842693+09:00     "scanned": 12,
2026-06-15T14:52:54.0842693+09:00     "eligible": 9,
2026-06-15T14:52:54.0842693+09:00     "polled": 0,
2026-06-15T14:52:54.0842693+09:00     "retries_triggered": 0,
2026-06-15T14:52:54.0842693+09:00     "retry_errors": 0,
2026-06-15T14:52:54.0842693+09:00     "skipped": 0,
2026-06-15T14:52:54.0842693+09:00     "results": []
2026-06-15T14:52:54.0842693+09:00   }
2026-06-15T14:52:54.0842693+09:00 }
2026-06-15T14:52:54.0842693+09:00 OK run-once finished
2026-06-15T14:57:49.6864323+09:00 START dispatch-run-once
2026-06-15T14:57:50.0856616+09:00 
2026-06-15T14:57:50.0856616+09:00 > orchestrator
2026-06-15T14:57:50.0856616+09:00 > tsx src/cli/orchestrator.ts run-once --limit 10
2026-06-15T14:57:50.0961598+09:00 
2026-06-15T14:57:53.3343733+09:00 {
2026-06-15T14:57:53.3379252+09:00   "ensure_daily": {
2026-06-15T14:57:53.3379252+09:00     "runs": [
2026-06-15T14:57:53.3379252+09:00       {
2026-06-15T14:57:53.3379252+09:00         "run_id": "r01",
2026-06-15T14:57:53.3379252+09:00         "action": "not_due",
2026-06-15T14:57:53.3530090+09:00         "taskId": "daily-20260615-r01",
2026-06-15T14:57:53.3530090+09:00         "reason": "jst_hour=14"
2026-06-15T14:57:53.3530090+09:00       },
2026-06-15T14:57:53.3779932+09:00       {
2026-06-15T14:57:53.3802637+09:00         "run_id": "r02",
2026-06-15T14:57:53.3802637+09:00         "action": "skipped_exists",
2026-06-15T14:57:53.3802637+09:00         "taskId": "daily-20260615-r02"
2026-06-15T14:57:53.3863314+09:00       },
2026-06-15T14:57:53.3863314+09:00       {
2026-06-15T14:57:53.3863314+09:00         "run_id": "r03",
2026-06-15T14:57:53.3863314+09:00         "action": "not_due",
2026-06-15T14:57:53.3946560+09:00         "taskId": "daily-20260615-r03",
2026-06-15T14:57:53.3946560+09:00         "reason": "jst_hour=14"
2026-06-15T14:57:53.3946560+09:00       }
2026-06-15T14:57:53.3946560+09:00     ]
2026-06-15T14:57:53.3946560+09:00   },
2026-06-15T14:57:53.4029539+09:00   "reconcile": {
2026-06-15T14:57:53.4029539+09:00     "resetProcessing": 0,
2026-06-15T14:57:53.4029539+09:00     "inserted": 1,
2026-06-15T14:57:53.4029539+09:00     "scanned": 12,
2026-06-15T14:57:53.4029539+09:00     "stale": {
2026-06-15T14:57:53.4112886+09:00       "scanned": 12,
2026-06-15T14:57:53.4142592+09:00       "staleDetected": 0,
2026-06-15T14:57:53.4142592+09:00       "rolledBack": 0,
2026-06-15T14:57:53.4162655+09:00       "skippedCap": 0,
2026-06-15T14:57:53.4182722+09:00       "dryRun": false,
2026-06-15T14:57:53.4196406+09:00       "actions": []
2026-06-15T14:57:53.4196406+09:00     }
2026-06-15T14:57:53.4196406+09:00   },
2026-06-15T14:57:53.4196406+09:00   "dispatch": {
2026-06-15T14:57:53.4196406+09:00     "claimed": 1,
2026-06-15T14:57:53.4196406+09:00     "done": 1,
2026-06-15T14:57:53.4196406+09:00     "failed": 0
2026-06-15T14:57:53.4196406+09:00   },
2026-06-15T14:57:53.4196406+09:00   "step4_poll": {
2026-06-15T14:57:53.4363139+09:00     "scanned": 12,
2026-06-15T14:57:53.4378424+09:00     "awaiting": 1,
2026-06-15T14:57:53.4378424+09:00     "polled": 0,
2026-06-15T14:57:53.4378424+09:00     "picks_applied": 0,
2026-06-15T14:57:53.4378424+09:00     "pick_errors": 0,
2026-06-15T14:57:53.4378424+09:00     "timeouts": 0,
2026-06-15T14:57:53.4446216+09:00     "skipped": 0,
2026-06-15T14:57:53.4446216+09:00     "results": [
2026-06-15T14:57:53.4446216+09:00       {
2026-06-15T14:57:53.4446216+09:00         "task_id": "daily-20260615-r02",
2026-06-15T14:57:53.4446216+09:00         "result": {
2026-06-15T14:57:53.4529719+09:00           "outcome": "no_new_messages"
2026-06-15T14:57:53.4529719+09:00         }
2026-06-15T14:57:53.4529719+09:00       }
2026-06-15T14:57:53.4529719+09:00     ]
2026-06-15T14:57:53.4529719+09:00   },
2026-06-15T14:57:53.4613107+09:00   "step7_retry_poll": {
2026-06-15T14:57:53.4613107+09:00     "scanned": 12,
2026-06-15T14:57:53.4613107+09:00     "eligible": 9,
2026-06-15T14:57:53.4613107+09:00     "polled": 0,
2026-06-15T14:57:53.4613107+09:00     "retries_triggered": 0,
2026-06-15T14:57:53.4613107+09:00     "retry_errors": 0,
2026-06-15T14:57:53.4696278+09:00     "skipped": 0,
2026-06-15T14:57:53.4696278+09:00     "results": []
2026-06-15T14:57:53.4696278+09:00   }
2026-06-15T14:57:53.4696278+09:00 }
2026-06-15T14:57:53.4696278+09:00 OK run-once finished
2026-06-15T15:02:50.2814047+09:00 START dispatch-run-once
2026-06-15T15:02:50.6630789+09:00 
2026-06-15T15:02:50.6685019+09:00 > orchestrator
2026-06-15T15:02:50.6685019+09:00 > tsx src/cli/orchestrator.ts run-once --limit 10
2026-06-15T15:02:50.6685019+09:00 
2026-06-15T15:02:54.0933878+09:00 {
2026-06-15T15:02:54.0986129+09:00   "ensure_daily": {
2026-06-15T15:02:54.0986129+09:00     "runs": [
2026-06-15T15:02:54.1038769+09:00       {
2026-06-15T15:02:54.1038769+09:00         "run_id": "r01",
2026-06-15T15:02:54.1090275+09:00         "action": "not_due",
2026-06-15T15:02:54.1090275+09:00         "taskId": "daily-20260615-r01",
2026-06-15T15:02:54.1090275+09:00         "reason": "jst_hour=15"
2026-06-15T15:02:54.1145338+09:00       },
2026-06-15T15:02:54.1352487+09:00       {
2026-06-15T15:02:54.1375278+09:00         "run_id": "r02",
2026-06-15T15:02:54.1375278+09:00         "action": "skipped_exists",
2026-06-15T15:02:54.1406028+09:00         "taskId": "daily-20260615-r02"
2026-06-15T15:02:54.1406028+09:00       },
2026-06-15T15:02:54.1406028+09:00       {
2026-06-15T15:02:54.1461021+09:00         "run_id": "r03",
2026-06-15T15:02:54.1461021+09:00         "action": "not_due",
2026-06-15T15:02:54.1461021+09:00         "taskId": "daily-20260615-r03",
2026-06-15T15:02:54.1513333+09:00         "reason": "jst_hour=15"
2026-06-15T15:02:54.1533420+09:00       }
2026-06-15T15:02:54.1563562+09:00     ]
2026-06-15T15:02:54.1583651+09:00   },
2026-06-15T15:02:54.1583651+09:00   "reconcile": {
2026-06-15T15:02:54.1614736+09:00     "resetProcessing": 0,
2026-06-15T15:02:54.1614736+09:00     "inserted": 1,
2026-06-15T15:02:54.1614736+09:00     "scanned": 12,
2026-06-15T15:02:54.1669016+09:00     "stale": {
2026-06-15T15:02:54.1669016+09:00       "scanned": 12,
2026-06-15T15:02:54.1725513+09:00       "staleDetected": 0,
2026-06-15T15:02:54.1725513+09:00       "rolledBack": 0,
2026-06-15T15:02:54.1762374+09:00       "skippedCap": 0,
2026-06-15T15:02:54.1782440+09:00       "dryRun": false,
2026-06-15T15:02:54.1814728+09:00       "actions": []
2026-06-15T15:02:54.1814728+09:00     }
2026-06-15T15:02:54.1863043+09:00   },
2026-06-15T15:02:54.1883145+09:00   "dispatch": {
2026-06-15T15:02:54.1920444+09:00     "claimed": 1,
2026-06-15T15:02:54.1920444+09:00     "done": 1,
2026-06-15T15:02:54.1920444+09:00     "failed": 0
2026-06-15T15:02:54.1970184+09:00   },
2026-06-15T15:02:54.1970184+09:00   "step4_poll": {
2026-06-15T15:02:54.1970184+09:00     "scanned": 12,
2026-06-15T15:02:54.1970184+09:00     "awaiting": 1,
2026-06-15T15:02:54.2025250+09:00     "polled": 0,
2026-06-15T15:02:54.2025250+09:00     "picks_applied": 0,
2026-06-15T15:02:54.2025250+09:00     "pick_errors": 0,
2026-06-15T15:02:54.2080240+09:00     "timeouts": 0,
2026-06-15T15:02:54.2080240+09:00     "skipped": 0,
2026-06-15T15:02:54.2080240+09:00     "results": [
2026-06-15T15:02:54.2080240+09:00       {
2026-06-15T15:02:54.2130404+09:00         "task_id": "daily-20260615-r02",
2026-06-15T15:02:54.2130404+09:00         "result": {
2026-06-15T15:02:54.2130404+09:00           "outcome": "no_new_messages"
2026-06-15T15:02:54.2180532+09:00         }
2026-06-15T15:02:54.2180532+09:00       }
2026-06-15T15:02:54.2180532+09:00     ]
2026-06-15T15:02:54.2180532+09:00   },
2026-06-15T15:02:54.2231338+09:00   "step7_retry_poll": {
2026-06-15T15:02:54.2231338+09:00     "scanned": 12,
2026-06-15T15:02:54.2231338+09:00     "eligible": 9,
2026-06-15T15:02:54.2231338+09:00     "polled": 0,
2026-06-15T15:02:54.2286258+09:00     "retries_triggered": 0,
2026-06-15T15:02:54.2286258+09:00     "retry_errors": 0,
2026-06-15T15:02:54.2286258+09:00     "skipped": 0,
2026-06-15T15:02:54.2286258+09:00     "results": []
2026-06-15T15:02:54.2338020+09:00   }
2026-06-15T15:02:54.2338020+09:00 }
2026-06-15T15:02:54.2338020+09:00 OK run-once finished
2026-06-15T15:07:48.8706664+09:00 START dispatch-run-once
2026-06-15T15:07:49.5078981+09:00 
2026-06-15T15:07:49.5096403+09:00 > orchestrator
2026-06-15T15:07:49.5116493+09:00 > tsx src/cli/orchestrator.ts run-once --limit 10
2026-06-15T15:07:49.5149463+09:00 
2026-06-15T15:07:52.8275942+09:00 {
2026-06-15T15:07:52.8328257+09:00   "ensure_daily": {
2026-06-15T15:07:52.8328257+09:00     "runs": [
2026-06-15T15:07:52.8379599+09:00       {
2026-06-15T15:07:52.8409855+09:00         "run_id": "r01",
2026-06-15T15:07:52.8429939+09:00         "action": "not_due",
2026-06-15T15:07:52.8429939+09:00         "taskId": "daily-20260615-r01",
2026-06-15T15:07:52.8480210+09:00         "reason": "jst_hour=15"
2026-06-15T15:07:52.8480210+09:00       },
2026-06-15T15:07:52.8688904+09:00       {
2026-06-15T15:07:52.8688904+09:00         "run_id": "r02",
2026-06-15T15:07:52.8739324+09:00         "action": "skipped_exists",
2026-06-15T15:07:52.8739324+09:00         "taskId": "daily-20260615-r02"
2026-06-15T15:07:52.8792565+09:00       },
2026-06-15T15:07:52.8792565+09:00       {
2026-06-15T15:07:52.8844209+09:00         "run_id": "r03",
2026-06-15T15:07:52.8844209+09:00         "action": "not_due",
2026-06-15T15:07:52.8844209+09:00         "taskId": "daily-20260615-r03",
2026-06-15T15:07:52.8895926+09:00         "reason": "jst_hour=15"
2026-06-15T15:07:52.8895926+09:00       }
2026-06-15T15:07:52.8946324+09:00     ]
2026-06-15T15:07:52.8946324+09:00   },
2026-06-15T15:07:52.8997121+09:00   "reconcile": {
2026-06-15T15:07:52.8997121+09:00     "resetProcessing": 0,
2026-06-15T15:07:52.8997121+09:00     "inserted": 1,
2026-06-15T15:07:52.9051276+09:00     "scanned": 12,
2026-06-15T15:07:52.9051276+09:00     "stale": {
2026-06-15T15:07:52.9102091+09:00       "scanned": 12,
2026-06-15T15:07:52.9102091+09:00       "staleDetected": 0,
2026-06-15T15:07:52.9154524+09:00       "rolledBack": 0,
2026-06-15T15:07:52.9154524+09:00       "skippedCap": 0,
2026-06-15T15:07:52.9208209+09:00       "dryRun": false,
2026-06-15T15:07:52.9208209+09:00       "actions": []
2026-06-15T15:07:52.9260986+09:00     }
2026-06-15T15:07:52.9260986+09:00   },
2026-06-15T15:07:52.9302299+09:00   "dispatch": {
2026-06-15T15:07:52.9332489+09:00     "claimed": 1,
2026-06-15T15:07:52.9356596+09:00     "done": 1,
2026-06-15T15:07:52.9386675+09:00     "failed": 0
2026-06-15T15:07:52.9421012+09:00   },
2026-06-15T15:07:52.9441809+09:00   "step4_poll": {
2026-06-15T15:07:52.9469215+09:00     "scanned": 12,
2026-06-15T15:07:52.9487260+09:00     "awaiting": 1,
2026-06-15T15:07:52.9487260+09:00     "polled": 0,
2026-06-15T15:07:52.9537495+09:00     "picks_applied": 0,
2026-06-15T15:07:52.9586412+09:00     "pick_errors": 0,
2026-06-15T15:07:52.9616404+09:00     "timeouts": 0,
2026-06-15T15:07:52.9646401+09:00     "skipped": 0,
2026-06-15T15:07:52.9671902+09:00     "results": [
2026-06-15T15:07:52.9671902+09:00       {
2026-06-15T15:07:52.9715587+09:00         "task_id": "daily-20260615-r02",
2026-06-15T15:07:52.9735797+09:00         "result": {
2026-06-15T15:07:52.9766256+09:00           "outcome": "no_new_messages"
2026-06-15T15:07:52.9786298+09:00         }
2026-06-15T15:07:52.9806286+09:00       }
2026-06-15T15:07:52.9816244+09:00     ]
2026-06-15T15:07:52.9868114+09:00   },
2026-06-15T15:07:52.9868114+09:00   "step7_retry_poll": {
2026-06-15T15:07:52.9914482+09:00     "scanned": 12,
2026-06-15T15:07:52.9914482+09:00     "eligible": 9,
2026-06-15T15:07:52.9960262+09:00     "polled": 0,
2026-06-15T15:07:52.9983934+09:00     "retries_triggered": 0,
2026-06-15T15:07:52.9988616+09:00     "retry_errors": 0,
2026-06-15T15:07:52.9988616+09:00     "skipped": 0,
2026-06-15T15:07:53.0036362+09:00     "results": []
2026-06-15T15:07:53.0069916+09:00   }
2026-06-15T15:07:53.0069916+09:00 }
2026-06-15T15:07:53.0116490+09:00 OK run-once finished
2026-06-15T15:12:49.2784461+09:00 START dispatch-run-once
2026-06-15T15:12:49.7209090+09:00 
2026-06-15T15:12:49.7209090+09:00 > orchestrator
2026-06-15T15:12:49.7260715+09:00 > tsx src/cli/orchestrator.ts run-once --limit 10
2026-06-15T15:12:49.7260715+09:00 
2026-06-15T15:12:52.9770948+09:00 {
2026-06-15T15:12:52.9878330+09:00   "ensure_daily": {
2026-06-15T15:12:52.9930129+09:00     "runs": [
2026-06-15T15:12:52.9982934+09:00       {
2026-06-15T15:12:52.9982934+09:00         "run_id": "r01",
2026-06-15T15:12:53.0035245+09:00         "action": "not_due",
2026-06-15T15:12:53.0035245+09:00         "taskId": "daily-20260615-r01",
2026-06-15T15:12:53.0035245+09:00         "reason": "jst_hour=15"
2026-06-15T15:12:53.0087863+09:00       },
2026-06-15T15:12:53.0296941+09:00       {
2026-06-15T15:12:53.0317006+09:00         "run_id": "r02",
2026-06-15T15:12:53.0347134+09:00         "action": "skipped_exists",
2026-06-15T15:12:53.0367182+09:00         "taskId": "daily-20260615-r02"
2026-06-15T15:12:53.0387247+09:00       },
2026-06-15T15:12:53.0417369+09:00       {
2026-06-15T15:12:53.0437439+09:00         "run_id": "r03",
2026-06-15T15:12:53.0447491+09:00         "action": "not_due",
2026-06-15T15:12:53.0467549+09:00         "taskId": "daily-20260615-r03",
2026-06-15T15:12:53.0499650+09:00         "reason": "jst_hour=15"
2026-06-15T15:12:53.0499650+09:00       }
2026-06-15T15:12:53.0499650+09:00     ]
2026-06-15T15:12:53.0550661+09:00   },
2026-06-15T15:12:53.0550661+09:00   "reconcile": {
2026-06-15T15:12:53.0601455+09:00     "resetProcessing": 0,
2026-06-15T15:12:53.0636208+09:00     "inserted": 1,
2026-06-15T15:12:53.0653621+09:00     "scanned": 12,
2026-06-15T15:12:53.0673688+09:00     "stale": {
2026-06-15T15:12:53.0703794+09:00       "scanned": 12,
2026-06-15T15:12:53.0703794+09:00       "staleDetected": 0,
2026-06-15T15:12:53.0703794+09:00       "rolledBack": 0,
2026-06-15T15:12:53.0754801+09:00       "skippedCap": 0,
2026-06-15T15:12:53.0754801+09:00       "dryRun": false,
2026-06-15T15:12:53.0832072+09:00       "actions": []
2026-06-15T15:12:53.0832072+09:00     }
2026-06-15T15:12:53.0862286+09:00   },
2026-06-15T15:12:53.0862286+09:00   "dispatch": {
2026-06-15T15:12:53.0862286+09:00     "claimed": 1,
2026-06-15T15:12:53.0915223+09:00     "done": 1,
2026-06-15T15:12:53.0915223+09:00     "failed": 0
2026-06-15T15:12:53.0915223+09:00   },
2026-06-15T15:12:53.0965317+09:00   "step4_poll": {
2026-06-15T15:12:53.0965317+09:00     "scanned": 12,
2026-06-15T15:12:53.0965317+09:00     "awaiting": 1,
2026-06-15T15:12:53.1018768+09:00     "polled": 0,
2026-06-15T15:12:53.1018768+09:00     "picks_applied": 0,
2026-06-15T15:12:53.1069745+09:00     "pick_errors": 0,
2026-06-15T15:12:53.1069745+09:00     "timeouts": 0,
2026-06-15T15:12:53.1069745+09:00     "skipped": 0,
2026-06-15T15:12:53.1109038+09:00     "results": [
2026-06-15T15:12:53.1124106+09:00       {
2026-06-15T15:12:53.1124106+09:00         "task_id": "daily-20260615-r02",
2026-06-15T15:12:53.1124106+09:00         "result": {
2026-06-15T15:12:53.1189348+09:00           "outcome": "no_new_messages"
2026-06-15T15:12:53.1209322+09:00         }
2026-06-15T15:12:53.1219305+09:00       }
2026-06-15T15:12:53.1219305+09:00     ]
2026-06-15T15:12:53.1219305+09:00   },
2026-06-15T15:12:53.1270605+09:00   "step7_retry_poll": {
2026-06-15T15:12:53.1270605+09:00     "scanned": 12,
2026-06-15T15:12:53.1270605+09:00     "eligible": 9,
2026-06-15T15:12:53.1325392+09:00     "polled": 0,
2026-06-15T15:12:53.1325392+09:00     "retries_triggered": 0,
2026-06-15T15:12:53.1325392+09:00     "retry_errors": 0,
2026-06-15T15:12:53.1376604+09:00     "skipped": 0,
2026-06-15T15:12:53.1376604+09:00     "results": []
2026-06-15T15:12:53.1376604+09:00   }
2026-06-15T15:12:53.1427622+09:00 }
2026-06-15T15:12:53.1427622+09:00 OK run-once finished
2026-06-15T15:17:48.9152304+09:00 START dispatch-run-once
2026-06-15T15:17:49.3321231+09:00 
2026-06-15T15:17:49.3321231+09:00 > orchestrator
2026-06-15T15:17:49.3321231+09:00 > tsx src/cli/orchestrator.ts run-once --limit 10
2026-06-15T15:17:49.3375684+09:00 
2026-06-15T15:17:52.5299763+09:00 {
2026-06-15T15:17:52.5333287+09:00   "ensure_daily": {
2026-06-15T15:17:52.5333287+09:00     "runs": [
2026-06-15T15:17:52.5383397+09:00       {
2026-06-15T15:17:52.5383397+09:00         "run_id": "r01",
2026-06-15T15:17:52.5436831+09:00         "action": "not_due",
2026-06-15T15:17:52.5436831+09:00         "taskId": "daily-20260615-r01",
2026-06-15T15:17:52.5488653+09:00         "reason": "jst_hour=15"
2026-06-15T15:17:52.5488653+09:00       },
2026-06-15T15:17:52.5691932+09:00       {
2026-06-15T15:17:52.5691932+09:00         "run_id": "r02",
2026-06-15T15:17:52.5742528+09:00         "action": "skipped_exists",
2026-06-15T15:17:52.5742528+09:00         "taskId": "daily-20260615-r02"
2026-06-15T15:17:52.5742528+09:00       },
2026-06-15T15:17:52.5794830+09:00       {
2026-06-15T15:17:52.5821905+09:00         "run_id": "r03",
2026-06-15T15:17:52.5821905+09:00         "action": "not_due",
2026-06-15T15:17:52.5848937+09:00         "taskId": "daily-20260615-r03",
2026-06-15T15:17:52.5875419+09:00         "reason": "jst_hour=15"
2026-06-15T15:17:52.5875419+09:00       }
2026-06-15T15:17:52.5903648+09:00     ]
2026-06-15T15:17:52.5903648+09:00   },
2026-06-15T15:17:52.5903648+09:00   "reconcile": {
2026-06-15T15:17:52.5903648+09:00     "resetProcessing": 0,
2026-06-15T15:17:52.5954821+09:00     "inserted": 1,
2026-06-15T15:17:52.5954821+09:00     "scanned": 12,
2026-06-15T15:17:52.5954821+09:00     "stale": {
2026-06-15T15:17:52.6007171+09:00       "scanned": 12,
2026-06-15T15:17:52.6007171+09:00       "staleDetected": 0,
2026-06-15T15:17:52.6007171+09:00       "rolledBack": 0,
2026-06-15T15:17:52.6007171+09:00       "skippedCap": 0,
2026-06-15T15:17:52.6057292+09:00       "dryRun": false,
2026-06-15T15:17:52.6057292+09:00       "actions": []
2026-06-15T15:17:52.6057292+09:00     }
2026-06-15T15:17:52.6110720+09:00   },
2026-06-15T15:17:52.6110720+09:00   "dispatch": {
2026-06-15T15:17:52.6110720+09:00     "claimed": 1,
2026-06-15T15:17:52.6161340+09:00     "done": 1,
2026-06-15T15:17:52.6182867+09:00     "failed": 0
2026-06-15T15:17:52.6182867+09:00   },
2026-06-15T15:17:52.6215316+09:00   "step4_poll": {
2026-06-15T15:17:52.6215316+09:00     "scanned": 12,
2026-06-15T15:17:52.6215316+09:00     "awaiting": 1,
2026-06-15T15:17:52.6267336+09:00     "polled": 0,
2026-06-15T15:17:52.6267336+09:00     "picks_applied": 0,
2026-06-15T15:17:52.6267336+09:00     "pick_errors": 0,
2026-06-15T15:17:52.6267336+09:00     "timeouts": 0,
2026-06-15T15:17:52.6318566+09:00     "skipped": 0,
2026-06-15T15:17:52.6318566+09:00     "results": [
2026-06-15T15:17:52.6318566+09:00       {
2026-06-15T15:17:52.6370914+09:00         "task_id": "daily-20260615-r02",
2026-06-15T15:17:52.6370914+09:00         "result": {
2026-06-15T15:17:52.6370914+09:00           "outcome": "no_new_messages"
2026-06-15T15:17:52.6370914+09:00         }
2026-06-15T15:17:52.6421124+09:00       }
2026-06-15T15:17:52.6421124+09:00     ]
2026-06-15T15:17:52.6421124+09:00   },
2026-06-15T15:17:52.6421124+09:00   "step7_retry_poll": {
2026-06-15T15:17:52.6472318+09:00     "scanned": 12,
2026-06-15T15:17:52.6472318+09:00     "eligible": 9,
2026-06-15T15:17:52.6472318+09:00     "polled": 0,
2026-06-15T15:17:52.6523771+09:00     "retries_triggered": 0,
2026-06-15T15:17:52.6523771+09:00     "retry_errors": 0,
2026-06-15T15:17:52.6523771+09:00     "skipped": 0,
2026-06-15T15:17:52.6523771+09:00     "results": []
2026-06-15T15:17:52.6573853+09:00   }
2026-06-15T15:17:52.6573853+09:00 }
2026-06-15T15:17:52.6573853+09:00 OK run-once finished
2026-06-15T15:23:02.4480389+09:00 START dispatch-run-once
2026-06-15T15:23:02.8878181+09:00 
2026-06-15T15:23:02.8893034+09:00 > orchestrator
2026-06-15T15:23:02.8893034+09:00 > tsx src/cli/orchestrator.ts run-once --limit 10
2026-06-15T15:23:02.8928293+09:00 
2026-06-15T15:23:06.3166046+09:00 {
2026-06-15T15:23:06.3304951+09:00   "ensure_daily": {
2026-06-15T15:23:06.3435903+09:00     "runs": [
2026-06-15T15:23:06.3490309+09:00       {
2026-06-15T15:23:06.3556880+09:00         "run_id": "r01",
2026-06-15T15:23:06.3571002+09:00         "action": "not_due",
2026-06-15T15:23:06.3595591+09:00         "taskId": "daily-20260615-r01",
2026-06-15T15:23:06.3628581+09:00         "reason": "jst_hour=15"
2026-06-15T15:23:06.3653178+09:00       },
2026-06-15T15:23:06.3888992+09:00       {
2026-06-15T15:23:06.3903615+09:00         "run_id": "r02",
2026-06-15T15:23:06.3950193+09:00         "action": "skipped_exists",
2026-06-15T15:23:06.3972671+09:00         "taskId": "daily-20260615-r02"
2026-06-15T15:23:06.3987177+09:00       },
2026-06-15T15:23:06.4034673+09:00       {
2026-06-15T15:23:06.4065340+09:00         "run_id": "r03",
2026-06-15T15:23:06.4089293+09:00         "action": "not_due",
2026-06-15T15:23:06.4117906+09:00         "taskId": "daily-20260615-r03",
2026-06-15T15:23:06.4155778+09:00         "reason": "jst_hour=15"
2026-06-15T15:23:06.4182362+09:00       }
2026-06-15T15:23:06.4211907+09:00     ]
2026-06-15T15:23:06.4231907+09:00   },
2026-06-15T15:23:06.4246134+09:00   "reconcile": {
2026-06-15T15:23:06.4246134+09:00     "resetProcessing": 0,
2026-06-15T15:23:06.4295545+09:00     "inserted": 1,
2026-06-15T15:23:06.4321832+09:00     "scanned": 12,
2026-06-15T15:23:06.4321832+09:00     "stale": {
2026-06-15T15:23:06.4365867+09:00       "scanned": 12,
2026-06-15T15:23:06.4388572+09:00       "staleDetected": 0,
2026-06-15T15:23:06.4402742+09:00       "rolledBack": 0,
2026-06-15T15:23:06.4402742+09:00       "skippedCap": 0,
2026-06-15T15:23:06.4462282+09:00       "dryRun": false,
2026-06-15T15:23:06.4482280+09:00       "actions": []
2026-06-15T15:23:06.4486231+09:00     }
2026-06-15T15:23:06.4486231+09:00   },
2026-06-15T15:23:06.4534969+09:00   "dispatch": {
2026-06-15T15:23:06.4555061+09:00     "claimed": 1,
2026-06-15T15:23:06.4568768+09:00     "done": 1,
2026-06-15T15:23:06.4568768+09:00     "failed": 0
2026-06-15T15:23:06.4568768+09:00   },
2026-06-15T15:23:06.4628407+09:00   "step4_poll": {
2026-06-15T15:23:06.4648424+09:00     "scanned": 12,
2026-06-15T15:23:06.4652199+09:00     "awaiting": 1,
2026-06-15T15:23:06.4652199+09:00     "polled": 0,
2026-06-15T15:23:06.4699285+09:00     "picks_applied": 0,
2026-06-15T15:23:06.4721764+09:00     "pick_errors": 0,
2026-06-15T15:23:06.4735849+09:00     "timeouts": 0,
2026-06-15T15:23:06.4735849+09:00     "skipped": 0,
2026-06-15T15:23:06.4735849+09:00     "results": [
2026-06-15T15:23:06.4795165+09:00       {
2026-06-15T15:23:06.4818804+09:00         "task_id": "daily-20260615-r02",
2026-06-15T15:23:06.4823885+09:00         "result": {
2026-06-15T15:23:06.4823885+09:00           "outcome": "no_new_messages"
2026-06-15T15:23:06.4867143+09:00         }
2026-06-15T15:23:06.4888419+09:00       }
2026-06-15T15:23:06.4902191+09:00     ]
2026-06-15T15:23:06.4902191+09:00   },
2026-06-15T15:23:06.4902191+09:00   "step7_retry_poll": {
2026-06-15T15:23:06.4961733+09:00     "scanned": 12,
2026-06-15T15:23:06.4985312+09:00     "eligible": 9,
2026-06-15T15:23:06.4985312+09:00     "polled": 0,
2026-06-15T15:23:06.4985312+09:00     "retries_triggered": 0,
2026-06-15T15:23:06.5044953+09:00     "retry_errors": 0,
2026-06-15T15:23:06.5068222+09:00     "skipped": 0,
2026-06-15T15:23:06.5068222+09:00     "results": []
2026-06-15T15:23:06.5068222+09:00   }
2026-06-15T15:23:06.5116573+09:00 }
2026-06-15T15:23:06.5151966+09:00 OK run-once finished
2026-06-15T15:27:49.1861876+09:00 START dispatch-run-once
2026-06-15T15:27:49.6058350+09:00 
2026-06-15T15:27:49.6078427+09:00 > orchestrator
2026-06-15T15:27:49.6113177+09:00 > tsx src/cli/orchestrator.ts run-once --limit 10
2026-06-15T15:27:49.6113177+09:00 
2026-06-15T15:27:53.1628708+09:00 {
2026-06-15T15:27:53.1648721+09:00   "ensure_daily": {
2026-06-15T15:27:53.1678708+09:00     "runs": [
2026-06-15T15:27:53.1698696+09:00       {
2026-06-15T15:27:53.1728705+09:00         "run_id": "r01",
2026-06-15T15:27:53.1748714+09:00         "action": "not_due",
2026-06-15T15:27:53.1778688+09:00         "taskId": "daily-20260615-r01",
2026-06-15T15:27:53.1798695+09:00         "reason": "jst_hour=15"
2026-06-15T15:27:53.1818729+09:00       },
2026-06-15T15:27:53.2019154+09:00       {
2026-06-15T15:27:53.2039201+09:00         "run_id": "r02",
2026-06-15T15:27:53.2059160+09:00         "action": "skipped_exists",
2026-06-15T15:27:53.2079152+09:00         "taskId": "daily-20260615-r02"
2026-06-15T15:27:53.2099183+09:00       },
2026-06-15T15:27:53.2119169+09:00       {
2026-06-15T15:27:53.2149193+09:00         "run_id": "r03",
2026-06-15T15:27:53.2169657+09:00         "action": "not_due",
2026-06-15T15:27:53.2189658+09:00         "taskId": "daily-20260615-r03",
2026-06-15T15:27:53.2209661+09:00         "reason": "jst_hour=15"
2026-06-15T15:27:53.2229663+09:00       }
2026-06-15T15:27:53.2249655+09:00     ]
2026-06-15T15:27:53.2259658+09:00   },
2026-06-15T15:27:53.2279673+09:00   "reconcile": {
2026-06-15T15:27:53.2289670+09:00     "resetProcessing": 0,
2026-06-15T15:27:53.2309669+09:00     "inserted": 1,
2026-06-15T15:27:53.2319663+09:00     "scanned": 12,
2026-06-15T15:27:53.2339664+09:00     "stale": {
2026-06-15T15:27:53.2359687+09:00       "scanned": 12,
2026-06-15T15:27:53.2369658+09:00       "staleDetected": 0,
2026-06-15T15:27:53.2389659+09:00       "rolledBack": 0,
2026-06-15T15:27:53.2409674+09:00       "skippedCap": 0,
2026-06-15T15:27:53.2419644+09:00       "dryRun": false,
2026-06-15T15:27:53.2439647+09:00       "actions": []
2026-06-15T15:27:53.2449639+09:00     }
2026-06-15T15:27:53.2469672+09:00   },
2026-06-15T15:27:53.2479662+09:00   "dispatch": {
2026-06-15T15:27:53.2489680+09:00     "claimed": 1,
2026-06-15T15:27:53.2509662+09:00     "done": 1,
2026-06-15T15:27:53.2529676+09:00     "failed": 0
2026-06-15T15:27:53.2539661+09:00   },
2026-06-15T15:27:53.2559678+09:00   "step4_poll": {
2026-06-15T15:27:53.2569670+09:00     "scanned": 12,
2026-06-15T15:27:53.2589680+09:00     "awaiting": 1,
2026-06-15T15:27:53.2599681+09:00     "polled": 0,
2026-06-15T15:27:53.2619664+09:00     "picks_applied": 0,
2026-06-15T15:27:53.2632241+09:00     "pick_errors": 0,
2026-06-15T15:27:53.2642312+09:00     "timeouts": 0,
2026-06-15T15:27:53.2662320+09:00     "skipped": 0,
2026-06-15T15:27:53.2672633+09:00     "results": [
2026-06-15T15:27:53.2692636+09:00       {
2026-06-15T15:27:53.2702311+09:00         "task_id": "daily-20260615-r02",
2026-06-15T15:27:53.2722328+09:00         "result": {
2026-06-15T15:27:53.2732312+09:00           "outcome": "no_new_messages"
2026-06-15T15:27:53.2752304+09:00         }
2026-06-15T15:27:53.2762308+09:00       }
2026-06-15T15:27:53.2782302+09:00     ]
2026-06-15T15:27:53.2792302+09:00   },
2026-06-15T15:27:53.2812341+09:00   "step7_retry_poll": {
2026-06-15T15:27:53.2832318+09:00     "scanned": 12,
2026-06-15T15:27:53.2842291+09:00     "eligible": 9,
2026-06-15T15:27:53.2862306+09:00     "polled": 0,
2026-06-15T15:27:53.2872301+09:00     "retries_triggered": 0,
2026-06-15T15:27:53.2892304+09:00     "retry_errors": 0,
2026-06-15T15:27:53.2912312+09:00     "skipped": 0,
2026-06-15T15:27:53.2922312+09:00     "results": []
2026-06-15T15:27:53.2932305+09:00   }
2026-06-15T15:27:53.2952300+09:00 }
2026-06-15T15:27:53.2972307+09:00 OK run-once finished
2026-06-15T15:32:51.4673097+09:00 START dispatch-run-once
2026-06-15T15:32:51.9416528+09:00 
2026-06-15T15:32:51.9416528+09:00 > orchestrator
2026-06-15T15:32:51.9416528+09:00 > tsx src/cli/orchestrator.ts run-once --limit 10
2026-06-15T15:32:51.9469678+09:00 
2026-06-15T15:32:55.5946338+09:00 {
2026-06-15T15:32:55.6046894+09:00   "ensure_daily": {
2026-06-15T15:32:55.6099571+09:00     "runs": [
2026-06-15T15:32:55.6152245+09:00       {
2026-06-15T15:32:55.6203184+09:00         "run_id": "r01",
2026-06-15T15:32:55.6203184+09:00         "action": "not_due",
2026-06-15T15:32:55.6203184+09:00         "taskId": "daily-20260615-r01",
2026-06-15T15:32:55.6254130+09:00         "reason": "jst_hour=15"
2026-06-15T15:32:55.6254130+09:00       },
2026-06-15T15:32:55.6510980+09:00       {
2026-06-15T15:32:55.6510980+09:00         "run_id": "r02",
2026-06-15T15:32:55.6510980+09:00         "action": "skipped_exists",
2026-06-15T15:32:55.6564440+09:00         "taskId": "daily-20260615-r02"
2026-06-15T15:32:55.6606916+09:00       },
2026-06-15T15:32:55.6616981+09:00       {
2026-06-15T15:32:55.6637061+09:00         "run_id": "r03",
2026-06-15T15:32:55.6667210+09:00         "action": "not_due",
2026-06-15T15:32:55.6667210+09:00         "taskId": "daily-20260615-r03",
2026-06-15T15:32:55.6717447+09:00         "reason": "jst_hour=15"
2026-06-15T15:32:55.6717447+09:00       }
2026-06-15T15:32:55.6757338+09:00     ]
2026-06-15T15:32:55.6772389+09:00   },
2026-06-15T15:32:55.6772389+09:00   "reconcile": {
2026-06-15T15:32:55.6772389+09:00     "resetProcessing": 0,
2026-06-15T15:32:55.6823378+09:00     "inserted": 1,
2026-06-15T15:32:55.6823378+09:00     "scanned": 12,
2026-06-15T15:32:55.6875037+09:00     "stale": {
2026-06-15T15:32:55.6875037+09:00       "scanned": 12,
2026-06-15T15:32:55.6927919+09:00       "staleDetected": 0,
2026-06-15T15:32:55.6927919+09:00       "rolledBack": 0,
2026-06-15T15:32:55.6970308+09:00       "skippedCap": 0,
2026-06-15T15:32:55.6980367+09:00       "dryRun": false,
2026-06-15T15:32:55.7000430+09:00       "actions": []
2026-06-15T15:32:55.7034540+09:00     }
2026-06-15T15:32:55.7034540+09:00   },
2026-06-15T15:32:55.7086908+09:00   "dispatch": {
2026-06-15T15:32:55.7086908+09:00     "claimed": 1,
2026-06-15T15:32:55.7086908+09:00     "done": 1,
2026-06-15T15:32:55.7138872+09:00     "failed": 0
2026-06-15T15:32:55.7138872+09:00   },
2026-06-15T15:32:55.7189166+09:00   "step4_poll": {
2026-06-15T15:32:55.7189166+09:00     "scanned": 12,
2026-06-15T15:32:55.7189166+09:00     "awaiting": 1,
2026-06-15T15:32:55.7243329+09:00     "polled": 0,
2026-06-15T15:32:55.7243329+09:00     "picks_applied": 0,
2026-06-15T15:32:55.7243329+09:00     "pick_errors": 0,
2026-06-15T15:32:55.7293616+09:00     "timeouts": 0,
2026-06-15T15:32:55.7293616+09:00     "skipped": 0,
2026-06-15T15:32:55.7293616+09:00     "results": [
2026-06-15T15:32:55.7344586+09:00       {
2026-06-15T15:32:55.7344586+09:00         "task_id": "daily-20260615-r02",
2026-06-15T15:32:55.7344586+09:00         "result": {
2026-06-15T15:32:55.7395094+09:00           "outcome": "no_new_messages"
2026-06-15T15:32:55.7395094+09:00         }
2026-06-15T15:32:55.7395094+09:00       }
2026-06-15T15:32:55.7446535+09:00     ]
2026-06-15T15:32:55.7446535+09:00   },
2026-06-15T15:32:55.7446535+09:00   "step7_retry_poll": {
2026-06-15T15:32:55.7497725+09:00     "scanned": 12,
2026-06-15T15:32:55.7497725+09:00     "eligible": 9,
2026-06-15T15:32:55.7497725+09:00     "polled": 0,
2026-06-15T15:32:55.7548792+09:00     "retries_triggered": 0,
2026-06-15T15:32:55.7548792+09:00     "retry_errors": 0,
2026-06-15T15:32:55.7548792+09:00     "skipped": 0,
2026-06-15T15:32:55.7600677+09:00     "results": []
2026-06-15T15:32:55.7600677+09:00   }
2026-06-15T15:32:55.7600677+09:00 }
2026-06-15T15:32:55.7653862+09:00 OK run-once finished
2026-06-15T15:37:48.8479043+09:00 START dispatch-run-once
2026-06-15T15:37:49.2732322+09:00 
2026-06-15T15:37:49.2752406+09:00 > orchestrator
2026-06-15T15:37:49.2782553+09:00 > tsx src/cli/orchestrator.ts run-once --limit 10
2026-06-15T15:37:49.2782553+09:00 
2026-06-15T15:37:52.4928280+09:00 {
2026-06-15T15:37:52.4980733+09:00   "ensure_daily": {
2026-06-15T15:37:52.4980733+09:00     "runs": [
2026-06-15T15:37:52.5035291+09:00       {
2026-06-15T15:37:52.5035291+09:00         "run_id": "r01",
2026-06-15T15:37:52.5086137+09:00         "action": "not_due",
2026-06-15T15:37:52.5086137+09:00         "taskId": "daily-20260615-r01",
2026-06-15T15:37:52.5137413+09:00         "reason": "jst_hour=15"
2026-06-15T15:37:52.5157489+09:00       },
2026-06-15T15:37:52.5347717+09:00       {
2026-06-15T15:37:52.5347717+09:00         "run_id": "r02",
2026-06-15T15:37:52.5398866+09:00         "action": "skipped_exists",
2026-06-15T15:37:52.5419253+09:00         "taskId": "daily-20260615-r02"
2026-06-15T15:37:52.5439327+09:00       },
2026-06-15T15:37:52.5449391+09:00       {
2026-06-15T15:37:52.5449391+09:00         "run_id": "r03",
2026-06-15T15:37:52.5499978+09:00         "action": "not_due",
2026-06-15T15:37:52.5499978+09:00         "taskId": "daily-20260615-r03",
2026-06-15T15:37:52.5499978+09:00         "reason": "jst_hour=15"
2026-06-15T15:37:52.5499978+09:00       }
2026-06-15T15:37:52.5550568+09:00     ]
2026-06-15T15:37:52.5550568+09:00   },
2026-06-15T15:37:52.5550568+09:00   "reconcile": {
2026-06-15T15:37:52.5601935+09:00     "resetProcessing": 0,
2026-06-15T15:37:52.5601935+09:00     "inserted": 1,
2026-06-15T15:37:52.5652538+09:00     "scanned": 12,
2026-06-15T15:37:52.5652538+09:00     "stale": {
2026-06-15T15:37:52.5699766+09:00       "scanned": 12,
2026-06-15T15:37:52.5699766+09:00       "staleDetected": 0,
2026-06-15T15:37:52.5750142+09:00       "rolledBack": 0,
2026-06-15T15:37:52.5750142+09:00       "skippedCap": 0,
2026-06-15T15:37:52.5804103+09:00       "dryRun": false,
2026-06-15T15:37:52.5804103+09:00       "actions": []
2026-06-15T15:37:52.5878775+09:00     }
2026-06-15T15:37:52.5878775+09:00   },
2026-06-15T15:37:52.5909886+09:00   "dispatch": {
2026-06-15T15:37:52.5909886+09:00     "claimed": 1,
2026-06-15T15:37:52.5941883+09:00     "done": 1,
2026-06-15T15:37:52.5961941+09:00     "failed": 0
2026-06-15T15:37:52.5961941+09:00   },
2026-06-15T15:37:52.5961941+09:00   "step4_poll": {
2026-06-15T15:37:52.6012108+09:00     "scanned": 12,
2026-06-15T15:37:52.6012108+09:00     "awaiting": 1,
2026-06-15T15:37:52.6062263+09:00     "polled": 0,
2026-06-15T15:37:52.6062263+09:00     "picks_applied": 0,
2026-06-15T15:37:52.6062263+09:00     "pick_errors": 0,
2026-06-15T15:37:52.6062263+09:00     "timeouts": 0,
2026-06-15T15:37:52.6114917+09:00     "skipped": 0,
2026-06-15T15:37:52.6114917+09:00     "results": [
2026-06-15T15:37:52.6114917+09:00       {
2026-06-15T15:37:52.6166059+09:00         "task_id": "daily-20260615-r02",
2026-06-15T15:37:52.6166059+09:00         "result": {
2026-06-15T15:37:52.6207381+09:00           "outcome": "no_new_messages"
2026-06-15T15:37:52.6217460+09:00         }
2026-06-15T15:37:52.6217460+09:00       }
2026-06-15T15:37:52.6217460+09:00     ]
2026-06-15T15:37:52.6268858+09:00   },
2026-06-15T15:37:52.6268858+09:00   "step7_retry_poll": {
2026-06-15T15:37:52.6268858+09:00     "scanned": 12,
2026-06-15T15:37:52.6268858+09:00     "eligible": 9,
2026-06-15T15:37:52.6320536+09:00     "polled": 0,
2026-06-15T15:37:52.6320536+09:00     "retries_triggered": 0,
2026-06-15T15:37:52.6370951+09:00     "retry_errors": 0,
2026-06-15T15:37:52.6370951+09:00     "skipped": 0,
2026-06-15T15:37:52.6370951+09:00     "results": []
2026-06-15T15:37:52.6370951+09:00   }
2026-06-15T15:37:52.6425133+09:00 }
2026-06-15T15:37:52.6425133+09:00 OK run-once finished
2026-06-15T15:42:49.5724709+09:00 START dispatch-run-once
2026-06-15T15:42:49.9434224+09:00 
2026-06-15T15:42:49.9434224+09:00 > orchestrator
2026-06-15T15:42:49.9484835+09:00 > tsx src/cli/orchestrator.ts run-once --limit 10
2026-06-15T15:42:49.9484835+09:00 
2026-06-15T15:42:53.1885210+09:00 {
2026-06-15T15:42:53.1916557+09:00   "ensure_daily": {
2026-06-15T15:42:53.1967148+09:00     "runs": [
2026-06-15T15:42:53.1967148+09:00       {
2026-06-15T15:42:53.2017358+09:00         "run_id": "r01",
2026-06-15T15:42:53.2037454+09:00         "action": "not_due",
2026-06-15T15:42:53.2067570+09:00         "taskId": "daily-20260615-r01",
2026-06-15T15:42:53.2087649+09:00         "reason": "jst_hour=15"
2026-06-15T15:42:53.2107728+09:00       },
2026-06-15T15:42:53.2268387+09:00       {
2026-06-15T15:42:53.2268387+09:00         "run_id": "r02",
2026-06-15T15:42:53.2319052+09:00         "action": "skipped_exists",
2026-06-15T15:42:53.2319052+09:00         "taskId": "daily-20260615-r02"
2026-06-15T15:42:53.2369666+09:00       },
2026-06-15T15:42:53.2369666+09:00       {
2026-06-15T15:42:53.2402646+09:00         "run_id": "r03",
2026-06-15T15:42:53.2420125+09:00         "action": "not_due",
2026-06-15T15:42:53.2420125+09:00         "taskId": "daily-20260615-r03",
2026-06-15T15:42:53.2420125+09:00         "reason": "jst_hour=15"
2026-06-15T15:42:53.2420125+09:00       }
2026-06-15T15:42:53.2470223+09:00     ]
2026-06-15T15:42:53.2470223+09:00   },
2026-06-15T15:42:53.2470223+09:00   "reconcile": {
2026-06-15T15:42:53.2470223+09:00     "resetProcessing": 0,
2026-06-15T15:42:53.2523219+09:00     "inserted": 1,
2026-06-15T15:42:53.2523219+09:00     "scanned": 12,
2026-06-15T15:42:53.2523219+09:00     "stale": {
2026-06-15T15:42:53.2523219+09:00       "scanned": 12,
2026-06-15T15:42:53.2577550+09:00       "staleDetected": 0,
2026-06-15T15:42:53.2577550+09:00       "rolledBack": 0,
2026-06-15T15:42:53.2608360+09:00       "skippedCap": 0,
2026-06-15T15:42:53.2628441+09:00       "dryRun": false,
2026-06-15T15:42:53.2628441+09:00       "actions": []
2026-06-15T15:42:53.2628441+09:00     }
2026-06-15T15:42:53.2681793+09:00   },
2026-06-15T15:42:53.2681793+09:00   "dispatch": {
2026-06-15T15:42:53.2681793+09:00     "claimed": 1,
2026-06-15T15:42:53.2681793+09:00     "done": 1,
2026-06-15T15:42:53.2733409+09:00     "failed": 0
2026-06-15T15:42:53.2733409+09:00   },
2026-06-15T15:42:53.2733409+09:00   "step4_poll": {
2026-06-15T15:42:53.2784927+09:00     "scanned": 12,
2026-06-15T15:42:53.2784927+09:00     "awaiting": 1,
2026-06-15T15:42:53.2784927+09:00     "polled": 0,
2026-06-15T15:42:53.2828304+09:00     "picks_applied": 0,
2026-06-15T15:42:53.2838696+09:00     "pick_errors": 0,
2026-06-15T15:42:53.2838696+09:00     "timeouts": 0,
2026-06-15T15:42:53.2838696+09:00     "skipped": 0,
2026-06-15T15:42:53.2838696+09:00     "results": [
2026-06-15T15:42:53.2889507+09:00       {
2026-06-15T15:42:53.2889507+09:00         "task_id": "daily-20260615-r02",
2026-06-15T15:42:53.2889507+09:00         "result": {
2026-06-15T15:42:53.2941019+09:00           "outcome": "no_new_messages"
2026-06-15T15:42:53.2956412+09:00         }
2026-06-15T15:42:53.2956412+09:00       }
2026-06-15T15:42:53.2956412+09:00     ]
2026-06-15T15:42:53.2995007+09:00   },
2026-06-15T15:42:53.2995007+09:00   "step7_retry_poll": {
2026-06-15T15:42:53.2995007+09:00     "scanned": 12,
2026-06-15T15:42:53.2995007+09:00     "eligible": 9,
2026-06-15T15:42:53.3048564+09:00     "polled": 0,
2026-06-15T15:42:53.3048564+09:00     "retries_triggered": 0,
2026-06-15T15:42:53.3048564+09:00     "retry_errors": 0,
2026-06-15T15:42:53.3048564+09:00     "skipped": 0,
2026-06-15T15:42:53.3100869+09:00     "results": []
2026-06-15T15:42:53.3100869+09:00   }
2026-06-15T15:42:53.3100869+09:00 }
2026-06-15T15:42:53.3100869+09:00 OK run-once finished
2026-06-15T15:47:49.5763425+09:00 START dispatch-run-once
2026-06-15T15:47:50.1224129+09:00 
2026-06-15T15:47:50.1244226+09:00 > orchestrator
2026-06-15T15:47:50.1299113+09:00 > tsx src/cli/orchestrator.ts run-once --limit 10
2026-06-15T15:47:50.1299113+09:00 
2026-06-15T15:47:54.0153018+09:00 {
2026-06-15T15:47:54.0318348+09:00   "ensure_daily": {
2026-06-15T15:47:54.0418670+09:00     "runs": [
2026-06-15T15:47:54.0524733+09:00       {
2026-06-15T15:47:54.0612209+09:00         "run_id": "r01",
2026-06-15T15:47:54.0684720+09:00         "action": "not_due",
2026-06-15T15:47:54.0729959+09:00         "taskId": "daily-20260615-r01",
2026-06-15T15:47:54.0789003+09:00         "reason": "jst_hour=15"
2026-06-15T15:47:54.0834967+09:00       },
2026-06-15T15:47:54.1193521+09:00       {
2026-06-15T15:47:54.1208888+09:00         "run_id": "r02",
2026-06-15T15:47:54.1263938+09:00         "action": "skipped_exists",
2026-06-15T15:47:54.1289154+09:00         "taskId": "daily-20260615-r02"
2026-06-15T15:47:54.1314313+09:00       },
2026-06-15T15:47:54.1314313+09:00       {
2026-06-15T15:47:54.1391781+09:00         "run_id": "r03",
2026-06-15T15:47:54.1417105+09:00         "action": "not_due",
2026-06-15T15:47:54.1417105+09:00         "taskId": "daily-20260615-r03",
2026-06-15T15:47:54.1484912+09:00         "reason": "jst_hour=15"
2026-06-15T15:47:54.1515821+09:00       }
2026-06-15T15:47:54.1515821+09:00     ]
2026-06-15T15:47:54.1566502+09:00   },
2026-06-15T15:47:54.1619701+09:00   "reconcile": {
2026-06-15T15:47:54.1659883+09:00     "resetProcessing": 0,
2026-06-15T15:47:54.1690419+09:00     "inserted": 1,
2026-06-15T15:47:54.1725038+09:00     "scanned": 12,
2026-06-15T15:47:54.1775291+09:00     "stale": {
2026-06-15T15:47:54.1810829+09:00       "scanned": 12,
2026-06-15T15:47:54.1828390+09:00       "staleDetected": 0,
2026-06-15T15:47:54.1881368+09:00       "rolledBack": 0,
2026-06-15T15:47:54.1911849+09:00       "skippedCap": 0,
2026-06-15T15:47:54.1931932+09:00       "dryRun": false,
2026-06-15T15:47:54.1972112+09:00       "actions": []
2026-06-15T15:47:54.1992266+09:00     }
2026-06-15T15:47:54.2032945+09:00   },
2026-06-15T15:47:54.2053026+09:00   "dispatch": {
2026-06-15T15:47:54.2083145+09:00     "claimed": 1,
2026-06-15T15:47:54.2093192+09:00     "done": 1,
2026-06-15T15:47:54.2133505+09:00     "failed": 0
2026-06-15T15:47:54.2133505+09:00   },
2026-06-15T15:47:54.2133505+09:00   "step4_poll": {
2026-06-15T15:47:54.2191135+09:00     "scanned": 12,
2026-06-15T15:47:54.2212091+09:00     "awaiting": 1,
2026-06-15T15:47:54.2243588+09:00     "polled": 0,
2026-06-15T15:47:54.2243588+09:00     "picks_applied": 0,
2026-06-15T15:47:54.2289586+09:00     "pick_errors": 0,
2026-06-15T15:47:54.2289586+09:00     "timeouts": 0,
2026-06-15T15:47:54.2341938+09:00     "skipped": 0,
2026-06-15T15:47:54.2341938+09:00     "results": [
2026-06-15T15:47:54.2392542+09:00       {
2026-06-15T15:47:54.2392542+09:00         "task_id": "daily-20260615-r02",
2026-06-15T15:47:54.2442958+09:00         "result": {
2026-06-15T15:47:54.2442958+09:00           "outcome": "no_new_messages"
2026-06-15T15:47:54.2490413+09:00         }
2026-06-15T15:47:54.2490413+09:00       }
2026-06-15T15:47:54.2537175+09:00     ]
2026-06-15T15:47:54.2537175+09:00   },
2026-06-15T15:47:54.2591064+09:00   "step7_retry_poll": {
2026-06-15T15:47:54.2645197+09:00     "scanned": 12,
2026-06-15T15:47:54.2672876+09:00     "eligible": 9,
2026-06-15T15:47:54.2693244+09:00     "polled": 0,
2026-06-15T15:47:54.2693244+09:00     "retries_triggered": 0,
2026-06-15T15:47:54.2764582+09:00     "retry_errors": 0,
2026-06-15T15:47:54.2789786+09:00     "skipped": 0,
2026-06-15T15:47:54.2810978+09:00     "results": []
2026-06-15T15:47:54.2844076+09:00   }
2026-06-15T15:47:54.2913023+09:00 }
2026-06-15T15:47:54.2946351+09:00 OK run-once finished
2026-06-15T15:52:54.3114291+09:00 START dispatch-run-once
2026-06-15T15:52:54.7497469+09:00 
2026-06-15T15:52:54.7538492+09:00 > orchestrator
2026-06-15T15:52:54.7538492+09:00 > tsx src/cli/orchestrator.ts run-once --limit 10
2026-06-15T15:52:54.7588993+09:00 
2026-06-15T15:52:58.6538958+09:00 {
2026-06-15T15:52:58.6578931+09:00   "ensure_daily": {
2026-06-15T15:52:58.6594021+09:00     "runs": [
2026-06-15T15:52:58.6644742+09:00       {
2026-06-15T15:52:58.6694796+09:00         "run_id": "r01",
2026-06-15T15:52:58.6715193+09:00         "action": "not_due",
2026-06-15T15:52:58.6745430+09:00         "taskId": "daily-20260615-r01",
2026-06-15T15:52:58.6785685+09:00         "reason": "jst_hour=15"
2026-06-15T15:52:58.6790745+09:00       },
2026-06-15T15:52:58.7093658+09:00       {
2026-06-15T15:52:58.7093658+09:00         "run_id": "r02",
2026-06-15T15:52:58.7148710+09:00         "action": "skipped_exists",
2026-06-15T15:52:58.7201022+09:00         "taskId": "daily-20260615-r02"
2026-06-15T15:52:58.7251092+09:00       },
2026-06-15T15:52:58.7271214+09:00       {
2026-06-15T15:52:58.7301562+09:00         "run_id": "r03",
2026-06-15T15:52:58.7301562+09:00         "action": "not_due",
2026-06-15T15:52:58.7393450+09:00         "taskId": "daily-20260615-r03",
2026-06-15T15:52:58.7403819+09:00         "reason": "jst_hour=15"
2026-06-15T15:52:58.7494076+09:00       }
2026-06-15T15:52:58.7541704+09:00     ]
2026-06-15T15:52:58.7562062+09:00   },
2026-06-15T15:52:58.7593831+09:00   "reconcile": {
2026-06-15T15:52:58.7614546+09:00     "resetProcessing": 0,
2026-06-15T15:52:58.7614546+09:00     "inserted": 1,
2026-06-15T15:52:58.7695541+09:00     "scanned": 12,
2026-06-15T15:52:58.7719340+09:00     "stale": {
2026-06-15T15:52:58.7719340+09:00       "scanned": 12,
2026-06-15T15:52:58.7771328+09:00       "staleDetected": 0,
2026-06-15T15:52:58.7812056+09:00       "rolledBack": 0,
2026-06-15T15:52:58.7846836+09:00       "skippedCap": 0,
2026-06-15T15:52:58.7875898+09:00       "dryRun": false,
2026-06-15T15:52:58.7890959+09:00       "actions": []
2026-06-15T15:52:58.7926142+09:00     }
2026-06-15T15:52:58.7948043+09:00   },
2026-06-15T15:52:58.7992305+09:00   "dispatch": {
2026-06-15T15:52:58.8027891+09:00     "claimed": 1,
2026-06-15T15:52:58.8027891+09:00     "done": 1,
2026-06-15T15:52:58.8078284+09:00     "failed": 0
2026-06-15T15:52:58.8093362+09:00   },
2026-06-15T15:52:58.8128722+09:00   "step4_poll": {
2026-06-15T15:52:58.8183172+09:00     "scanned": 12,
2026-06-15T15:52:58.8193244+09:00     "awaiting": 1,
2026-06-15T15:52:58.8233982+09:00     "polled": 0,
2026-06-15T15:52:58.8284604+09:00     "picks_applied": 0,
2026-06-15T15:52:58.8294682+09:00     "pick_errors": 0,
2026-06-15T15:52:58.8354511+09:00     "timeouts": 0,
2026-06-15T15:52:58.8392590+09:00     "skipped": 0,
2026-06-15T15:52:58.8392590+09:00     "results": [
2026-06-15T15:52:58.8437844+09:00       {
2026-06-15T15:52:58.8491983+09:00         "task_id": "daily-20260615-r02",
2026-06-15T15:52:58.8522504+09:00         "result": {
2026-06-15T15:52:58.8542629+09:00           "outcome": "no_new_messages"
2026-06-15T15:52:58.8595086+09:00         }
2026-06-15T15:52:58.8595086+09:00       }
2026-06-15T15:52:58.8642962+09:00     ]
2026-06-15T15:52:58.8691059+09:00   },
2026-06-15T15:52:58.8691059+09:00   "step7_retry_poll": {
2026-06-15T15:52:58.8769670+09:00     "scanned": 12,
2026-06-15T15:52:58.8794757+09:00     "eligible": 9,
2026-06-15T15:52:58.8815109+09:00     "polled": 0,
2026-06-15T15:52:58.8867297+09:00     "retries_triggered": 0,
2026-06-15T15:52:58.8892496+09:00     "retry_errors": 0,
2026-06-15T15:52:58.8918627+09:00     "skipped": 0,
2026-06-15T15:52:58.8972375+09:00     "results": []
2026-06-15T15:52:58.8992519+09:00   }
2026-06-15T15:52:58.9022792+09:00 }
2026-06-15T15:52:58.9095404+09:00 OK run-once finished
2026-06-15T15:57:50.8479327+09:00 START dispatch-run-once
2026-06-15T15:57:51.3400830+09:00 
2026-06-15T15:57:51.3400830+09:00 > orchestrator
2026-06-15T15:57:51.3453359+09:00 > tsx src/cli/orchestrator.ts run-once --limit 10
2026-06-15T15:57:51.3504023+09:00 
2026-06-15T15:57:55.0970468+09:00 {
2026-06-15T15:57:55.1021732+09:00   "ensure_daily": {
2026-06-15T15:57:55.1123978+09:00     "runs": [
2026-06-15T15:57:55.1178085+09:00       {
2026-06-15T15:57:55.1249070+09:00         "run_id": "r01",
2026-06-15T15:57:55.1281244+09:00         "action": "not_due",
2026-06-15T15:57:55.1333152+09:00         "taskId": "daily-20260615-r01",
2026-06-15T15:57:55.1333152+09:00         "reason": "jst_hour=15"
2026-06-15T15:57:55.1383997+09:00       },
2026-06-15T15:57:55.1639075+09:00       {
2026-06-15T15:57:55.1689511+09:00         "run_id": "r02",
2026-06-15T15:57:55.1689511+09:00         "action": "skipped_exists",
2026-06-15T15:57:55.1740802+09:00         "taskId": "daily-20260615-r02"
2026-06-15T15:57:55.1740802+09:00       },
2026-06-15T15:57:55.1792796+09:00       {
2026-06-15T15:57:55.1843154+09:00         "run_id": "r03",
2026-06-15T15:57:55.1843154+09:00         "action": "not_due",
2026-06-15T15:57:55.1898287+09:00         "taskId": "daily-20260615-r03",
2026-06-15T15:57:55.1926000+09:00         "reason": "jst_hour=15"
2026-06-15T15:57:55.1947494+09:00       }
2026-06-15T15:57:55.1947494+09:00     ]
2026-06-15T15:57:55.2001040+09:00   },
2026-06-15T15:57:55.2001040+09:00   "reconcile": {
2026-06-15T15:57:55.2054467+09:00     "resetProcessing": 0,
2026-06-15T15:57:55.2054467+09:00     "inserted": 1,
2026-06-15T15:57:55.2054467+09:00     "scanned": 12,
2026-06-15T15:57:55.2054467+09:00     "stale": {
2026-06-15T15:57:55.2115965+09:00       "scanned": 12,
2026-06-15T15:57:55.2115965+09:00       "staleDetected": 0,
2026-06-15T15:57:55.2164449+09:00       "rolledBack": 0,
2026-06-15T15:57:55.2164449+09:00       "skippedCap": 0,
2026-06-15T15:57:55.2214734+09:00       "dryRun": false,
2026-06-15T15:57:55.2214734+09:00       "actions": []
2026-06-15T15:57:55.2214734+09:00     }
2026-06-15T15:57:55.2274356+09:00   },
2026-06-15T15:57:55.2274356+09:00   "dispatch": {
2026-06-15T15:57:55.2315383+09:00     "claimed": 1,
2026-06-15T15:57:55.2315383+09:00     "done": 1,
2026-06-15T15:57:55.2339658+09:00     "failed": 0
2026-06-15T15:57:55.2369520+09:00   },
2026-06-15T15:57:55.2369520+09:00   "step4_poll": {
2026-06-15T15:57:55.2369520+09:00     "scanned": 12,
2026-06-15T15:57:55.2369520+09:00     "awaiting": 1,
2026-06-15T15:57:55.2422676+09:00     "polled": 0,
2026-06-15T15:57:55.2422676+09:00     "picks_applied": 0,
2026-06-15T15:57:55.2473856+09:00     "pick_errors": 0,
2026-06-15T15:57:55.2473856+09:00     "timeouts": 0,
2026-06-15T15:57:55.2473856+09:00     "skipped": 0,
2026-06-15T15:57:55.2473856+09:00     "results": [
2026-06-15T15:57:55.2526486+09:00       {
2026-06-15T15:57:55.2526486+09:00         "task_id": "daily-20260615-r02",
2026-06-15T15:57:55.2526486+09:00         "result": {
2026-06-15T15:57:55.2578848+09:00           "outcome": "no_new_messages"
2026-06-15T15:57:55.2578848+09:00         }
2026-06-15T15:57:55.2630331+09:00       }
2026-06-15T15:57:55.2630331+09:00     ]
2026-06-15T15:57:55.2630331+09:00   },
2026-06-15T15:57:55.2683550+09:00   "step7_retry_poll": {
2026-06-15T15:57:55.2683550+09:00     "scanned": 12,
2026-06-15T15:57:55.2683550+09:00     "eligible": 9,
2026-06-15T15:57:55.2734542+09:00     "polled": 0,
2026-06-15T15:57:55.2734542+09:00     "retries_triggered": 0,
2026-06-15T15:57:55.2734542+09:00     "retry_errors": 0,
2026-06-15T15:57:55.2784766+09:00     "skipped": 0,
2026-06-15T15:57:55.2804472+09:00     "results": []
2026-06-15T15:57:55.2804472+09:00   }
2026-06-15T15:57:55.2839002+09:00 }
2026-06-15T15:57:55.2839002+09:00 OK run-once finished
2026-06-15T16:02:50.6149570+09:00 START dispatch-run-once
2026-06-15T16:02:51.0203155+09:00 
2026-06-15T16:02:51.0203155+09:00 > orchestrator
2026-06-15T16:02:51.0255794+09:00 > tsx src/cli/orchestrator.ts run-once --limit 10
2026-06-15T16:02:51.0294254+09:00 
2026-06-15T16:02:54.7394857+09:00 {
2026-06-15T16:02:54.7500385+09:00   "ensure_daily": {
2026-06-15T16:02:54.7500385+09:00     "runs": [
2026-06-15T16:02:54.7557932+09:00       {
2026-06-15T16:02:54.7557932+09:00         "run_id": "r01",
2026-06-15T16:02:54.7608843+09:00         "action": "not_due",
2026-06-15T16:02:54.7608843+09:00         "taskId": "daily-20260615-r01",
2026-06-15T16:02:54.7659364+09:00         "reason": "jst_hour=16"
2026-06-15T16:02:54.7659364+09:00       },
2026-06-15T16:02:54.7894275+09:00       {
2026-06-15T16:02:54.7914203+09:00         "run_id": "r02",
2026-06-15T16:02:54.7934231+09:00         "action": "not_due",
2026-06-15T16:02:54.7944218+09:00         "taskId": "daily-20260615-r02",
2026-06-15T16:02:54.7944218+09:00         "reason": "jst_hour=16"
2026-06-15T16:02:54.7997795+09:00       },
2026-06-15T16:02:54.7997795+09:00       {
2026-06-15T16:02:54.8047875+09:00         "run_id": "r03",
2026-06-15T16:02:54.8047875+09:00         "action": "not_due",
2026-06-15T16:02:54.8100029+09:00         "taskId": "daily-20260615-r03",
2026-06-15T16:02:54.8100029+09:00         "reason": "jst_hour=16"
2026-06-15T16:02:54.8100029+09:00       }
2026-06-15T16:02:54.8154011+09:00     ]
2026-06-15T16:02:54.8154011+09:00   },
2026-06-15T16:02:54.8208560+09:00   "reconcile": {
2026-06-15T16:02:54.8208560+09:00     "resetProcessing": 0,
2026-06-15T16:02:54.8208560+09:00     "inserted": 1,
2026-06-15T16:02:54.8263310+09:00     "scanned": 12,
2026-06-15T16:02:54.8263310+09:00     "stale": {
2026-06-15T16:02:54.8313569+09:00       "scanned": 12,
2026-06-15T16:02:54.8332238+09:00       "staleDetected": 0,
2026-06-15T16:02:54.8332238+09:00       "rolledBack": 0,
2026-06-15T16:02:54.8368400+09:00       "skippedCap": 0,
2026-06-15T16:02:54.8368400+09:00       "dryRun": false,
2026-06-15T16:02:54.8368400+09:00       "actions": []
2026-06-15T16:02:54.8418551+09:00     }
2026-06-15T16:02:54.8418551+09:00   },
2026-06-15T16:02:54.8471778+09:00   "dispatch": {
2026-06-15T16:02:54.8471778+09:00     "claimed": 1,
2026-06-15T16:02:54.8471778+09:00     "done": 1,
2026-06-15T16:02:54.8471778+09:00     "failed": 0
2026-06-15T16:02:54.8524471+09:00   },
2026-06-15T16:02:54.8524471+09:00   "step4_poll": {
2026-06-15T16:02:54.8560562+09:00     "scanned": 12,
2026-06-15T16:02:54.8578082+09:00     "awaiting": 1,
2026-06-15T16:02:54.8578082+09:00     "polled": 0,
2026-06-15T16:02:54.8578082+09:00     "picks_applied": 0,
2026-06-15T16:02:54.8628221+09:00     "pick_errors": 0,
2026-06-15T16:02:54.8628221+09:00     "timeouts": 0,
2026-06-15T16:02:54.8628221+09:00     "skipped": 0,
2026-06-15T16:02:54.8678848+09:00     "results": [
2026-06-15T16:02:54.8678848+09:00       {
2026-06-15T16:02:54.8678848+09:00         "task_id": "daily-20260615-r02",
2026-06-15T16:02:54.8729267+09:00         "result": {
2026-06-15T16:02:54.8729267+09:00           "outcome": "no_new_messages"
2026-06-15T16:02:54.8729267+09:00         }
2026-06-15T16:02:54.8782148+09:00       }
2026-06-15T16:02:54.8782148+09:00     ]
2026-06-15T16:02:54.8782148+09:00   },
2026-06-15T16:02:54.8832401+09:00   "step7_retry_poll": {
2026-06-15T16:02:54.8832401+09:00     "scanned": 12,
2026-06-15T16:02:54.8832401+09:00     "eligible": 9,
2026-06-15T16:02:54.8886917+09:00     "polled": 0,
2026-06-15T16:02:54.8886917+09:00     "retries_triggered": 0,
2026-06-15T16:02:54.8886917+09:00     "retry_errors": 0,
2026-06-15T16:02:54.8886917+09:00     "skipped": 0,
2026-06-15T16:02:54.8940282+09:00     "results": []
2026-06-15T16:02:54.8940282+09:00   }
2026-06-15T16:02:54.8990805+09:00 }
2026-06-15T16:02:54.9010873+09:00 OK run-once finished
2026-06-15T16:07:49.1485756+09:00 START dispatch-run-once
2026-06-15T16:07:49.6753956+09:00 
2026-06-15T16:07:49.6774040+09:00 > orchestrator
2026-06-15T16:07:49.6804061+09:00 > tsx src/cli/orchestrator.ts run-once --limit 10
2026-06-15T16:07:49.6824845+09:00 
2026-06-15T16:07:53.0173741+09:00 {
2026-06-15T16:07:53.0228300+09:00   "ensure_daily": {
2026-06-15T16:07:53.0228300+09:00     "runs": [
2026-06-15T16:07:53.0282627+09:00       {
2026-06-15T16:07:53.0282627+09:00         "run_id": "r01",
2026-06-15T16:07:53.0333998+09:00         "action": "not_due",
2026-06-15T16:07:53.0333998+09:00         "taskId": "daily-20260615-r01",
2026-06-15T16:07:53.0333998+09:00         "reason": "jst_hour=16"
2026-06-15T16:07:53.0387627+09:00       },
2026-06-15T16:07:53.0541729+09:00       {
2026-06-15T16:07:53.0596738+09:00         "run_id": "r02",
2026-06-15T16:07:53.0621130+09:00         "action": "not_due",
2026-06-15T16:07:53.0647034+09:00         "taskId": "daily-20260615-r02",
2026-06-15T16:07:53.0647034+09:00         "reason": "jst_hour=16"
2026-06-15T16:07:53.0647034+09:00       },
2026-06-15T16:07:53.0697611+09:00       {
2026-06-15T16:07:53.0718911+09:00         "run_id": "r03",
2026-06-15T16:07:53.0748528+09:00         "action": "not_due",
2026-06-15T16:07:53.0748528+09:00         "taskId": "daily-20260615-r03",
2026-06-15T16:07:53.0748528+09:00         "reason": "jst_hour=16"
2026-06-15T16:07:53.0748528+09:00       }
2026-06-15T16:07:53.0802023+09:00     ]
2026-06-15T16:07:53.0802023+09:00   },
2026-06-15T16:07:53.0832166+09:00   "reconcile": {
2026-06-15T16:07:53.0852265+09:00     "resetProcessing": 0,
2026-06-15T16:07:53.0852265+09:00     "inserted": 1,
2026-06-15T16:07:53.0852265+09:00     "scanned": 12,
2026-06-15T16:07:53.0903170+09:00     "stale": {
2026-06-15T16:07:53.0903170+09:00       "scanned": 12,
2026-06-15T16:07:53.0903170+09:00       "staleDetected": 0,
2026-06-15T16:07:53.0903170+09:00       "rolledBack": 0,
2026-06-15T16:07:53.0956556+09:00       "skippedCap": 0,
2026-06-15T16:07:53.0956556+09:00       "dryRun": false,
2026-06-15T16:07:53.1010000+09:00       "actions": []
2026-06-15T16:07:53.1010000+09:00     }
2026-06-15T16:07:53.1010000+09:00   },
2026-06-15T16:07:53.1010000+09:00   "dispatch": {
2026-06-15T16:07:53.1064612+09:00     "claimed": 1,
2026-06-15T16:07:53.1064612+09:00     "done": 1,
2026-06-15T16:07:53.1064612+09:00     "failed": 0
2026-06-15T16:07:53.1118384+09:00   },
2026-06-15T16:07:53.1118384+09:00   "step4_poll": {
2026-06-15T16:07:53.1118384+09:00     "scanned": 12,
2026-06-15T16:07:53.1118384+09:00     "awaiting": 1,
2026-06-15T16:07:53.1168539+09:00     "polled": 0,
2026-06-15T16:07:53.1168539+09:00     "picks_applied": 0,
2026-06-15T16:07:53.1168539+09:00     "pick_errors": 0,
2026-06-15T16:07:53.1219640+09:00     "timeouts": 0,
2026-06-15T16:07:53.1219640+09:00     "skipped": 0,
2026-06-15T16:07:53.1219640+09:00     "results": [
2026-06-15T16:07:53.1219640+09:00       {
2026-06-15T16:07:53.1273636+09:00         "task_id": "daily-20260615-r02",
2026-06-15T16:07:53.1273636+09:00         "result": {
2026-06-15T16:07:53.1273636+09:00           "outcome": "no_new_messages"
2026-06-15T16:07:53.1326166+09:00         }
2026-06-15T16:07:53.1326166+09:00       }
2026-06-15T16:07:53.1326166+09:00     ]
2026-06-15T16:07:53.1326166+09:00   },
2026-06-15T16:07:53.1378367+09:00   "step7_retry_poll": {
2026-06-15T16:07:53.1378367+09:00     "scanned": 12,
2026-06-15T16:07:53.1378367+09:00     "eligible": 9,
2026-06-15T16:07:53.1378367+09:00     "polled": 0,
2026-06-15T16:07:53.1432792+09:00     "retries_triggered": 0,
2026-06-15T16:07:53.1432792+09:00     "retry_errors": 0,
2026-06-15T16:07:53.1432792+09:00     "skipped": 0,
2026-06-15T16:07:53.1487955+09:00     "results": []
2026-06-15T16:07:53.1500860+09:00   }
2026-06-15T16:07:53.1520882+09:00 }
2026-06-15T16:07:53.1537141+09:00 OK run-once finished
2026-06-15T16:12:52.6868795+09:00 START dispatch-run-once
2026-06-15T16:12:53.0948889+09:00 
2026-06-15T16:12:53.0982695+09:00 > orchestrator
2026-06-15T16:12:53.1013678+09:00 > tsx src/cli/orchestrator.ts run-once --limit 10
2026-06-15T16:12:53.1048872+09:00 
2026-06-15T16:12:56.5363378+09:00 {
2026-06-15T16:12:56.5491702+09:00   "ensure_daily": {
2026-06-15T16:12:56.5537182+09:00     "runs": [
2026-06-15T16:12:56.5598490+09:00       {
2026-06-15T16:12:56.5628422+09:00         "run_id": "r01",
2026-06-15T16:12:56.5661434+09:00         "action": "not_due",
2026-06-15T16:12:56.5691428+09:00         "taskId": "daily-20260615-r01",
2026-06-15T16:12:56.5727778+09:00         "reason": "jst_hour=16"
2026-06-15T16:12:56.5754112+09:00       },
2026-06-15T16:12:56.5962534+09:00       {
2026-06-15T16:12:56.5982527+09:00         "run_id": "r02",
2026-06-15T16:12:56.5982527+09:00         "action": "not_due",
2026-06-15T16:12:56.6034878+09:00         "taskId": "daily-20260615-r02",
2026-06-15T16:12:56.6049954+09:00         "reason": "jst_hour=16"
2026-06-15T16:12:56.6049954+09:00       },
2026-06-15T16:12:56.6085103+09:00       {
2026-06-15T16:12:56.6085103+09:00         "run_id": "r03",
2026-06-15T16:12:56.6085103+09:00         "action": "not_due",
2026-06-15T16:12:56.6136326+09:00         "taskId": "daily-20260615-r03",
2026-06-15T16:12:56.6151401+09:00         "reason": "jst_hour=16"
2026-06-15T16:12:56.6151401+09:00       }
2026-06-15T16:12:56.6189539+09:00     ]
2026-06-15T16:12:56.6189539+09:00   },
2026-06-15T16:12:56.6189539+09:00   "reconcile": {
2026-06-15T16:12:56.6189539+09:00     "resetProcessing": 0,
2026-06-15T16:12:56.6252650+09:00     "inserted": 1,
2026-06-15T16:12:56.6252650+09:00     "scanned": 12,
2026-06-15T16:12:56.6252650+09:00     "stale": {
2026-06-15T16:12:56.6293259+09:00       "scanned": 12,
2026-06-15T16:12:56.6313374+09:00       "staleDetected": 0,
2026-06-15T16:12:56.6313374+09:00       "rolledBack": 0,
2026-06-15T16:12:56.6350855+09:00       "skippedCap": 0,
2026-06-15T16:12:56.6350855+09:00       "dryRun": false,
2026-06-15T16:12:56.6350855+09:00       "actions": []
2026-06-15T16:12:56.6399740+09:00     }
2026-06-15T16:12:56.6399740+09:00   },
2026-06-15T16:12:56.6437788+09:00   "dispatch": {
2026-06-15T16:12:56.6448203+09:00     "claimed": 1,
2026-06-15T16:12:56.6471700+09:00     "done": 1,
2026-06-15T16:12:56.6480690+09:00     "failed": 0
2026-06-15T16:12:56.6500766+09:00   },
2026-06-15T16:12:56.6513972+09:00   "step4_poll": {
2026-06-15T16:12:56.6534173+09:00     "scanned": 12,
2026-06-15T16:12:56.6534173+09:00     "awaiting": 1,
2026-06-15T16:12:56.6562476+09:00     "polled": 0,
2026-06-15T16:12:56.6583383+09:00     "picks_applied": 0,
2026-06-15T16:12:56.6593378+09:00     "pick_errors": 0,
2026-06-15T16:12:56.6614180+09:00     "timeouts": 0,
2026-06-15T16:12:56.6624174+09:00     "skipped": 0,
2026-06-15T16:12:56.6642194+09:00     "results": [
2026-06-15T16:12:56.6652556+09:00       {
2026-06-15T16:12:56.6672617+09:00         "task_id": "daily-20260615-r02",
2026-06-15T16:12:56.6694522+09:00         "result": {
2026-06-15T16:12:56.6704520+09:00           "outcome": "no_new_messages"
2026-06-15T16:12:56.6721737+09:00         }
2026-06-15T16:12:56.6735683+09:00       }
2026-06-15T16:12:56.6750766+09:00     ]
2026-06-15T16:12:56.6760829+09:00   },
2026-06-15T16:12:56.6780841+09:00   "step7_retry_poll": {
2026-06-15T16:12:56.6790844+09:00     "scanned": 12,
2026-06-15T16:12:56.6805057+09:00     "eligible": 9,
2026-06-15T16:12:56.6826211+09:00     "polled": 0,
2026-06-15T16:12:56.6836204+09:00     "retries_triggered": 0,
2026-06-15T16:12:56.6851272+09:00     "retry_errors": 0,
2026-06-15T16:12:56.6871348+09:00     "skipped": 0,
2026-06-15T16:12:56.6881346+09:00     "results": []
2026-06-15T16:12:56.6888503+09:00   }
2026-06-15T16:12:56.6888503+09:00 }
2026-06-15T16:12:56.6888503+09:00 OK run-once finished
2026-06-15T16:17:50.2992914+09:00 START dispatch-run-once
2026-06-15T16:17:50.7249556+09:00 
2026-06-15T16:17:50.7295718+09:00 > orchestrator
2026-06-15T16:17:50.7295718+09:00 > tsx src/cli/orchestrator.ts run-once --limit 10
2026-06-15T16:17:50.7333834+09:00 
2026-06-15T16:17:54.5585579+09:00 {
2026-06-15T16:17:54.5672781+09:00   "ensure_daily": {
2026-06-15T16:17:54.5713546+09:00     "runs": [
2026-06-15T16:17:54.5763525+09:00       {
2026-06-15T16:17:54.5790568+09:00         "run_id": "r01",
2026-06-15T16:17:54.5824695+09:00         "action": "not_due",
2026-06-15T16:17:54.5834838+09:00         "taskId": "daily-20260615-r01",
2026-06-15T16:17:54.5886006+09:00         "reason": "jst_hour=16"
2026-06-15T16:17:54.5908394+09:00       },
2026-06-15T16:17:54.6082886+09:00       {
2026-06-15T16:17:54.6131797+09:00         "run_id": "r02",
2026-06-15T16:17:54.6157572+09:00         "action": "not_due",
2026-06-15T16:17:54.6166960+09:00         "taskId": "daily-20260615-r02",
2026-06-15T16:17:54.6166960+09:00         "reason": "jst_hour=16"
2026-06-15T16:17:54.6208462+09:00       },
2026-06-15T16:17:54.6250558+09:00       {
2026-06-15T16:17:54.6250558+09:00         "run_id": "r03",
2026-06-15T16:17:54.6291341+09:00         "action": "not_due",
2026-06-15T16:17:54.6314474+09:00         "taskId": "daily-20260615-r03",
2026-06-15T16:17:54.6331996+09:00         "reason": "jst_hour=16"
2026-06-15T16:17:54.6331996+09:00       }
2026-06-15T16:17:54.6331996+09:00     ]
2026-06-15T16:17:54.6379655+09:00   },
2026-06-15T16:17:54.6379655+09:00   "reconcile": {
2026-06-15T16:17:54.6413088+09:00     "resetProcessing": 0,
2026-06-15T16:17:54.6413088+09:00     "inserted": 1,
2026-06-15T16:17:54.6413088+09:00     "scanned": 12,
2026-06-15T16:17:54.6466992+09:00     "stale": {
2026-06-15T16:17:54.6466992+09:00       "scanned": 12,
2026-06-15T16:17:54.6498214+09:00       "staleDetected": 0,
2026-06-15T16:17:54.6498214+09:00       "rolledBack": 0,
2026-06-15T16:17:54.6541322+09:00       "skippedCap": 0,
2026-06-15T16:17:54.6561396+09:00       "dryRun": false,
2026-06-15T16:17:54.6584091+09:00       "actions": []
2026-06-15T16:17:54.6584091+09:00     }
2026-06-15T16:17:54.6625732+09:00   },
2026-06-15T16:17:54.6625732+09:00   "dispatch": {
2026-06-15T16:17:54.6657397+09:00     "claimed": 1,
2026-06-15T16:17:54.6665823+09:00     "done": 1,
2026-06-15T16:17:54.6665823+09:00     "failed": 0
2026-06-15T16:17:54.6709141+09:00   },
2026-06-15T16:17:54.6709141+09:00   "step4_poll": {
2026-06-15T16:17:54.6709141+09:00     "scanned": 12,
2026-06-15T16:17:54.6748088+09:00     "awaiting": 1,
2026-06-15T16:17:54.6748088+09:00     "polled": 0,
2026-06-15T16:17:54.6791540+09:00     "picks_applied": 0,
2026-06-15T16:17:54.6791540+09:00     "pick_errors": 0,
2026-06-15T16:17:54.6791540+09:00     "timeouts": 0,
2026-06-15T16:17:54.6833591+09:00     "skipped": 0,
2026-06-15T16:17:54.6833591+09:00     "results": [
2026-06-15T16:17:54.6833591+09:00       {
2026-06-15T16:17:54.6876980+09:00         "task_id": "daily-20260615-r02",
2026-06-15T16:17:54.6907427+09:00         "result": {
2026-06-15T16:17:54.6915381+09:00           "outcome": "no_new_messages"
2026-06-15T16:17:54.6915381+09:00         }
2026-06-15T16:17:54.6915381+09:00       }
2026-06-15T16:17:54.6962091+09:00     ]
2026-06-15T16:17:54.6962091+09:00   },
2026-06-15T16:17:54.6998410+09:00   "step7_retry_poll": {
2026-06-15T16:17:54.6998410+09:00     "scanned": 12,
2026-06-15T16:17:54.6998410+09:00     "eligible": 9,
2026-06-15T16:17:54.7044968+09:00     "polled": 0,
2026-06-15T16:17:54.7044968+09:00     "retries_triggered": 0,
2026-06-15T16:17:54.7079059+09:00     "retry_errors": 0,
2026-06-15T16:17:54.7079059+09:00     "skipped": 0,
2026-06-15T16:17:54.7079059+09:00     "results": []
2026-06-15T16:17:54.7130831+09:00   }
2026-06-15T16:17:54.7130831+09:00 }
2026-06-15T16:17:54.7165103+09:00 OK run-once finished
2026-06-15T16:22:49.5883451+09:00 START dispatch-run-once
2026-06-15T16:22:50.0270104+09:00 
2026-06-15T16:22:50.0270104+09:00 > orchestrator
2026-06-15T16:22:50.0313455+09:00 > tsx src/cli/orchestrator.ts run-once --limit 10
2026-06-15T16:22:50.0343820+09:00 
2026-06-15T16:22:53.4436086+09:00 {
2026-06-15T16:22:53.4480701+09:00   "ensure_daily": {
2026-06-15T16:22:53.4520628+09:00     "runs": [
2026-06-15T16:22:53.4563342+09:00       {
2026-06-15T16:22:53.4593118+09:00         "run_id": "r01",
2026-06-15T16:22:53.4621740+09:00         "action": "not_due",
2026-06-15T16:22:53.4641829+09:00         "taskId": "daily-20260615-r01",
2026-06-15T16:22:53.4661916+09:00         "reason": "jst_hour=16"
2026-06-15T16:22:53.4684821+09:00       },
2026-06-15T16:22:53.4947830+09:00       {
2026-06-15T16:22:53.4970650+09:00         "run_id": "r02",
2026-06-15T16:22:53.4997131+09:00         "action": "not_due",
2026-06-15T16:22:53.5018901+09:00         "taskId": "daily-20260615-r02",
2026-06-15T16:22:53.5059625+09:00         "reason": "jst_hour=16"
2026-06-15T16:22:53.5090639+09:00       },
2026-06-15T16:22:53.5118269+09:00       {
2026-06-15T16:22:53.5146307+09:00         "run_id": "r03",
2026-06-15T16:22:53.5168201+09:00         "action": "not_due",
2026-06-15T16:22:53.5195672+09:00         "taskId": "daily-20260615-r03",
2026-06-15T16:22:53.5213145+09:00         "reason": "jst_hour=16"
2026-06-15T16:22:53.5228905+09:00       }
2026-06-15T16:22:53.5248922+09:00     ]
2026-06-15T16:22:53.5268933+09:00   },
2026-06-15T16:22:53.5298908+09:00   "reconcile": {
2026-06-15T16:22:53.5318907+09:00     "resetProcessing": 0,
2026-06-15T16:22:53.5348919+09:00     "inserted": 1,
2026-06-15T16:22:53.5368917+09:00     "scanned": 12,
2026-06-15T16:22:53.5388897+09:00     "stale": {
2026-06-15T16:22:53.5408922+09:00       "scanned": 12,
2026-06-15T16:22:53.5438953+09:00       "staleDetected": 0,
2026-06-15T16:22:53.5468926+09:00       "rolledBack": 0,
2026-06-15T16:22:53.5488942+09:00       "skippedCap": 0,
2026-06-15T16:22:53.5518951+09:00       "dryRun": false,
2026-06-15T16:22:53.5538947+09:00       "actions": []
2026-06-15T16:22:53.5558896+09:00     }
2026-06-15T16:22:53.5578946+09:00   },
2026-06-15T16:22:53.5608921+09:00   "dispatch": {
2026-06-15T16:22:53.5628920+09:00     "claimed": 1,
2026-06-15T16:22:53.5648913+09:00     "done": 1,
2026-06-15T16:22:53.5668922+09:00     "failed": 0
2026-06-15T16:22:53.5688919+09:00   },
2026-06-15T16:22:53.5708893+09:00   "step4_poll": {
2026-06-15T16:22:53.5728919+09:00     "scanned": 12,
2026-06-15T16:22:53.5748919+09:00     "awaiting": 1,
2026-06-15T16:22:53.5768918+09:00     "polled": 0,
2026-06-15T16:22:53.5788907+09:00     "picks_applied": 0,
2026-06-15T16:22:53.5808901+09:00     "pick_errors": 0,
2026-06-15T16:22:53.5828913+09:00     "timeouts": 0,
2026-06-15T16:22:53.5848908+09:00     "skipped": 0,
2026-06-15T16:22:53.5868905+09:00     "results": [
2026-06-15T16:22:53.5888915+09:00       {
2026-06-15T16:22:53.5908906+09:00         "task_id": "daily-20260615-r02",
2026-06-15T16:22:53.5938933+09:00         "result": {
2026-06-15T16:22:53.5958924+09:00           "outcome": "no_new_messages"
2026-06-15T16:22:53.5978931+09:00         }
2026-06-15T16:22:53.5988899+09:00       }
2026-06-15T16:22:53.6018919+09:00     ]
2026-06-15T16:22:53.6038992+09:00   },
2026-06-15T16:22:53.6048969+09:00   "step7_retry_poll": {
2026-06-15T16:22:53.6078992+09:00     "scanned": 12,
2026-06-15T16:22:53.6099011+09:00     "eligible": 9,
2026-06-15T16:22:53.6118979+09:00     "polled": 0,
2026-06-15T16:22:53.6138992+09:00     "retries_triggered": 0,
2026-06-15T16:22:53.6158982+09:00     "retry_errors": 0,
2026-06-15T16:22:53.6184048+09:00     "skipped": 0,
2026-06-15T16:22:53.6204154+09:00     "results": []
2026-06-15T16:22:53.6224151+09:00   }
2026-06-15T16:22:53.6224151+09:00 }
2026-06-15T16:22:53.6282678+09:00 OK run-once finished
2026-06-15T16:27:50.8533615+09:00 START dispatch-run-once
2026-06-15T16:27:51.2928647+09:00 
2026-06-15T16:27:51.2951285+09:00 > orchestrator
2026-06-15T16:27:51.2951285+09:00 > tsx src/cli/orchestrator.ts run-once --limit 10
2026-06-15T16:27:51.2995859+09:00 
2026-06-15T16:27:54.5390514+09:00 {
2026-06-15T16:27:54.5444299+09:00   "ensure_daily": {
2026-06-15T16:27:54.5451510+09:00     "runs": [
2026-06-15T16:27:54.5495553+09:00       {
2026-06-15T16:27:54.5495553+09:00         "run_id": "r01",
2026-06-15T16:27:54.5532809+09:00         "action": "not_due",
2026-06-15T16:27:54.5532809+09:00         "taskId": "daily-20260615-r01",
2026-06-15T16:27:54.5580044+09:00         "reason": "jst_hour=16"
2026-06-15T16:27:54.5611055+09:00       },
2026-06-15T16:27:54.5830257+09:00       {
2026-06-15T16:27:54.5858796+09:00         "run_id": "r02",
2026-06-15T16:27:54.5887477+09:00         "action": "not_due",
2026-06-15T16:27:54.5927676+09:00         "taskId": "daily-20260615-r02",
2026-06-15T16:27:54.5954471+09:00         "reason": "jst_hour=16"
2026-06-15T16:27:54.5974489+09:00       },
2026-06-15T16:27:54.6004486+09:00       {
2026-06-15T16:27:54.6032404+09:00         "run_id": "r03",
2026-06-15T16:27:54.6032404+09:00         "action": "not_due",
2026-06-15T16:27:54.6077944+09:00         "taskId": "daily-20260615-r03",
2026-06-15T16:27:54.6077944+09:00         "reason": "jst_hour=16"
2026-06-15T16:27:54.6116728+09:00       }
2026-06-15T16:27:54.6133026+09:00     ]
2026-06-15T16:27:54.6133026+09:00   },
2026-06-15T16:27:54.6161645+09:00   "reconcile": {
2026-06-15T16:27:54.6161645+09:00     "resetProcessing": 0,
2026-06-15T16:27:54.6199047+09:00     "inserted": 1,
2026-06-15T16:27:54.6199047+09:00     "scanned": 12,
2026-06-15T16:27:54.6199047+09:00     "stale": {
2026-06-15T16:27:54.6282149+09:00       "scanned": 12,
2026-06-15T16:27:54.6282149+09:00       "staleDetected": 0,
2026-06-15T16:27:54.6282149+09:00       "rolledBack": 0,
2026-06-15T16:27:54.6329915+09:00       "skippedCap": 0,
2026-06-15T16:27:54.6329915+09:00       "dryRun": false,
2026-06-15T16:27:54.6366103+09:00       "actions": []
2026-06-15T16:27:54.6391602+09:00     }
2026-06-15T16:27:54.6391602+09:00   },
2026-06-15T16:27:54.6411901+09:00   "dispatch": {
2026-06-15T16:27:54.6411901+09:00     "claimed": 1,
2026-06-15T16:27:54.6448804+09:00     "done": 1,
2026-06-15T16:27:54.6448804+09:00     "failed": 0
2026-06-15T16:27:54.6448804+09:00   },
2026-06-15T16:27:54.6496538+09:00   "step4_poll": {
2026-06-15T16:27:54.6496538+09:00     "scanned": 12,
2026-06-15T16:27:54.6533008+09:00     "awaiting": 1,
2026-06-15T16:27:54.6533008+09:00     "polled": 0,
2026-06-15T16:27:54.6533008+09:00     "picks_applied": 0,
2026-06-15T16:27:54.6577898+09:00     "pick_errors": 0,
2026-06-15T16:27:54.6577898+09:00     "timeouts": 0,
2026-06-15T16:27:54.6610949+09:00     "skipped": 0,
2026-06-15T16:27:54.6615058+09:00     "results": [
2026-06-15T16:27:54.6615058+09:00       {
2026-06-15T16:27:54.6663098+09:00         "task_id": "daily-20260615-r02",
2026-06-15T16:27:54.6663098+09:00         "result": {
2026-06-15T16:27:54.6663098+09:00           "outcome": "no_new_messages"
2026-06-15T16:27:54.6699495+09:00         }
2026-06-15T16:27:54.6699495+09:00       }
2026-06-15T16:27:54.6699495+09:00     ]
2026-06-15T16:27:54.6745457+09:00   },
2026-06-15T16:27:54.6745457+09:00   "step7_retry_poll": {
2026-06-15T16:27:54.6781617+09:00     "scanned": 12,
2026-06-15T16:27:54.6801718+09:00     "eligible": 9,
2026-06-15T16:27:54.6801718+09:00     "polled": 0,
2026-06-15T16:27:54.6831257+09:00     "retries_triggered": 0,
2026-06-15T16:27:54.6831257+09:00     "retry_errors": 0,
2026-06-15T16:27:54.6864825+09:00     "skipped": 0,
2026-06-15T16:27:54.6864825+09:00     "results": []
2026-06-15T16:27:54.6864825+09:00   }
2026-06-15T16:27:54.6912698+09:00 }
2026-06-15T16:27:54.6912698+09:00 OK run-once finished
2026-06-15T16:32:49.6191130+09:00 START dispatch-run-once
2026-06-15T16:32:50.0601016+09:00 
2026-06-15T16:32:50.0639579+09:00 > orchestrator
2026-06-15T16:32:50.0639579+09:00 > tsx src/cli/orchestrator.ts run-once --limit 10
2026-06-15T16:32:50.0681403+09:00 
2026-06-15T16:32:53.4213399+09:00 {
2026-06-15T16:32:53.4218868+09:00   "ensure_daily": {
2026-06-15T16:32:53.4258842+09:00     "runs": [
2026-06-15T16:32:53.4258842+09:00       {
2026-06-15T16:32:53.4305464+09:00         "run_id": "r01",
2026-06-15T16:32:53.4305464+09:00         "action": "not_due",
2026-06-15T16:32:53.4348566+09:00         "taskId": "daily-20260615-r01",
2026-06-15T16:32:53.4348566+09:00         "reason": "jst_hour=16"
2026-06-15T16:32:53.4388140+09:00       },
2026-06-15T16:32:53.4595862+09:00       {
2026-06-15T16:32:53.4629864+09:00         "run_id": "r02",
2026-06-15T16:32:53.4664026+09:00         "action": "not_due",
2026-06-15T16:32:53.4681486+09:00         "taskId": "daily-20260615-r02",
2026-06-15T16:32:53.4681486+09:00         "reason": "jst_hour=16"
2026-06-15T16:32:53.4722213+09:00       },
2026-06-15T16:32:53.4742275+09:00       {
2026-06-15T16:32:53.4772401+09:00         "run_id": "r03",
2026-06-15T16:32:53.4805943+09:00         "action": "not_due",
2026-06-15T16:32:53.4805943+09:00         "taskId": "daily-20260615-r03",
2026-06-15T16:32:53.4849405+09:00         "reason": "jst_hour=16"
2026-06-15T16:32:53.4879905+09:00       }
2026-06-15T16:32:53.4888531+09:00     ]
2026-06-15T16:32:53.4888531+09:00   },
2026-06-15T16:32:53.4930824+09:00   "reconcile": {
2026-06-15T16:32:53.4962863+09:00     "resetProcessing": 0,
2026-06-15T16:32:53.4969202+09:00     "inserted": 1,
2026-06-15T16:32:53.4969202+09:00     "scanned": 12,
2026-06-15T16:32:53.5019699+09:00     "stale": {
2026-06-15T16:32:53.5052575+09:00       "scanned": 12,
2026-06-15T16:32:53.5074513+09:00       "staleDetected": 0,
2026-06-15T16:32:53.5094565+09:00       "rolledBack": 0,
2026-06-15T16:32:53.5104989+09:00       "skippedCap": 0,
2026-06-15T16:32:53.5139112+09:00       "dryRun": false,
2026-06-15T16:32:53.5159208+09:00       "actions": []
2026-06-15T16:32:53.5181219+09:00     }
2026-06-15T16:32:53.5181219+09:00   },
2026-06-15T16:32:53.5223072+09:00   "dispatch": {
2026-06-15T16:32:53.5223072+09:00     "claimed": 1,
2026-06-15T16:32:53.5223072+09:00     "done": 1,
2026-06-15T16:32:53.5277175+09:00     "failed": 0
2026-06-15T16:32:53.5305315+09:00   },
2026-06-15T16:32:53.5305315+09:00   "step4_poll": {
2026-06-15T16:32:53.5305315+09:00     "scanned": 12,
2026-06-15T16:32:53.5351171+09:00     "awaiting": 1,
2026-06-15T16:32:53.5379736+09:00     "polled": 0,
2026-06-15T16:32:53.5386278+09:00     "picks_applied": 0,
2026-06-15T16:32:53.5386278+09:00     "pick_errors": 0,
2026-06-15T16:32:53.5436392+09:00     "timeouts": 0,
2026-06-15T16:32:53.5463028+09:00     "skipped": 0,
2026-06-15T16:32:53.5471928+09:00     "results": [
2026-06-15T16:32:53.5471928+09:00       {
2026-06-15T16:32:53.5516969+09:00         "task_id": "daily-20260615-r02",
2026-06-15T16:32:53.5516969+09:00         "result": {
2026-06-15T16:32:53.5555005+09:00           "outcome": "no_new_messages"
2026-06-15T16:32:53.5555005+09:00         }
2026-06-15T16:32:53.5598198+09:00       }
2026-06-15T16:32:53.5598198+09:00     ]
2026-06-15T16:32:53.5638487+09:00   },
2026-06-15T16:32:53.5638487+09:00   "step7_retry_poll": {
2026-06-15T16:32:53.5663337+09:00     "scanned": 12,
2026-06-15T16:32:53.5681135+09:00     "eligible": 9,
2026-06-15T16:32:53.5681135+09:00     "polled": 0,
2026-06-15T16:32:53.5721066+09:00     "retries_triggered": 0,
2026-06-15T16:32:53.5721066+09:00     "retry_errors": 0,
2026-06-15T16:32:53.5764428+09:00     "skipped": 0,
2026-06-15T16:32:53.5764428+09:00     "results": []
2026-06-15T16:32:53.5802341+09:00   }
2026-06-15T16:32:53.5802341+09:00 }
2026-06-15T16:32:53.5855249+09:00 OK run-once finished
2026-06-15T16:37:49.2621678+09:00 START dispatch-run-once
2026-06-15T16:37:49.6474031+09:00 
2026-06-15T16:37:49.6497537+09:00 > orchestrator
2026-06-15T16:37:49.6497537+09:00 > tsx src/cli/orchestrator.ts run-once --limit 10
2026-06-15T16:37:49.6547903+09:00 
2026-06-15T16:37:52.9610913+09:00 {
2026-06-15T16:37:52.9715918+09:00   "ensure_daily": {
2026-06-15T16:37:52.9770728+09:00     "runs": [
2026-06-15T16:37:52.9877650+09:00       {
2026-06-15T16:37:52.9932336+09:00         "run_id": "r01",
2026-06-15T16:37:52.9932336+09:00         "action": "not_due",
2026-06-15T16:37:52.9983948+09:00         "taskId": "daily-20260615-r01",
2026-06-15T16:37:52.9983948+09:00         "reason": "jst_hour=16"
2026-06-15T16:37:52.9983948+09:00       },
2026-06-15T16:37:53.0230397+09:00       {
2026-06-15T16:37:53.0246797+09:00         "run_id": "r02",
2026-06-15T16:37:53.0246797+09:00         "action": "not_due",
2026-06-15T16:37:53.0295252+09:00         "taskId": "daily-20260615-r02",
2026-06-15T16:37:53.0324715+09:00         "reason": "jst_hour=16"
2026-06-15T16:37:53.0348839+09:00       },
2026-06-15T16:37:53.0373149+09:00       {
2026-06-15T16:37:53.0395891+09:00         "run_id": "r03",
2026-06-15T16:37:53.0415799+09:00         "action": "not_due",
2026-06-15T16:37:53.0436210+09:00         "taskId": "daily-20260615-r03",
2026-06-15T16:37:53.0446597+09:00         "reason": "jst_hour=16"
2026-06-15T16:37:53.0466603+09:00       }
2026-06-15T16:37:53.0476277+09:00     ]
2026-06-15T16:37:53.0496276+09:00   },
2026-06-15T16:37:53.0516281+09:00   "reconcile": {
2026-06-15T16:37:53.0544607+09:00     "resetProcessing": 0,
2026-06-15T16:37:53.0564567+09:00     "inserted": 1,
2026-06-15T16:37:53.0589696+09:00     "scanned": 12,
2026-06-15T16:37:53.0609793+09:00     "stale": {
2026-06-15T16:37:53.0629760+09:00       "scanned": 12,
2026-06-15T16:37:53.0649778+09:00       "staleDetected": 0,
2026-06-15T16:37:53.0669798+09:00       "rolledBack": 0,
2026-06-15T16:37:53.0697710+09:00       "skippedCap": 0,
2026-06-15T16:37:53.0727605+09:00       "dryRun": false,
2026-06-15T16:37:53.0747643+09:00       "actions": []
2026-06-15T16:37:53.0767614+09:00     }
2026-06-15T16:37:53.0787614+09:00   },
2026-06-15T16:37:53.0817600+09:00   "dispatch": {
2026-06-15T16:37:53.0837625+09:00     "claimed": 1,
2026-06-15T16:37:53.0847594+09:00     "done": 1,
2026-06-15T16:37:53.0874239+09:00     "failed": 0
2026-06-15T16:37:53.0904233+09:00   },
2026-06-15T16:37:53.0924227+09:00   "step4_poll": {
2026-06-15T16:37:53.0953379+09:00     "scanned": 12,
2026-06-15T16:37:53.0983254+09:00     "awaiting": 1,
2026-06-15T16:37:53.1013326+09:00     "polled": 0,
2026-06-15T16:37:53.1033237+09:00     "picks_applied": 0,
2026-06-15T16:37:53.1053253+09:00     "pick_errors": 0,
2026-06-15T16:37:53.1073272+09:00     "timeouts": 0,
2026-06-15T16:37:53.1093272+09:00     "skipped": 0,
2026-06-15T16:37:53.1132152+09:00     "results": [
2026-06-15T16:37:53.1152135+09:00       {
2026-06-15T16:37:53.1172160+09:00         "task_id": "daily-20260615-r02",
2026-06-15T16:37:53.1191133+09:00         "result": {
2026-06-15T16:37:53.1231203+09:00           "outcome": "no_new_messages"
2026-06-15T16:37:53.1261214+09:00         }
2026-06-15T16:37:53.1301259+09:00       }
2026-06-15T16:37:53.1321221+09:00     ]
2026-06-15T16:37:53.1341210+09:00   },
2026-06-15T16:37:53.1361221+09:00   "step7_retry_poll": {
2026-06-15T16:37:53.1391204+09:00     "scanned": 12,
2026-06-15T16:37:53.1421202+09:00     "eligible": 9,
2026-06-15T16:37:53.1438775+09:00     "polled": 0,
2026-06-15T16:37:53.1468854+09:00     "retries_triggered": 0,
2026-06-15T16:37:53.1488860+09:00     "retry_errors": 0,
2026-06-15T16:37:53.1498880+09:00     "skipped": 0,
2026-06-15T16:37:53.1525366+09:00     "results": []
2026-06-15T16:37:53.1545324+09:00   }
2026-06-15T16:37:53.1555355+09:00 }
2026-06-15T16:37:53.1575696+09:00 OK run-once finished
2026-06-15T16:42:50.4258317+09:00 START dispatch-run-once
2026-06-15T16:42:50.8169345+09:00 
2026-06-15T16:42:50.8172449+09:00 > orchestrator
2026-06-15T16:42:50.8172449+09:00 > tsx src/cli/orchestrator.ts run-once --limit 10
2026-06-15T16:42:50.8239108+09:00 
2026-06-15T16:42:54.0772175+09:00 {
2026-06-15T16:42:54.0855074+09:00   "ensure_daily": {
2026-06-15T16:42:54.0929062+09:00     "runs": [
2026-06-15T16:42:54.0972765+09:00       {
2026-06-15T16:42:54.1007803+09:00         "run_id": "r01",
2026-06-15T16:42:54.1007803+09:00         "action": "not_due",
2026-06-15T16:42:54.1052889+09:00         "taskId": "daily-20260615-r01",
2026-06-15T16:42:54.1052889+09:00         "reason": "jst_hour=16"
2026-06-15T16:42:54.1088694+09:00       },
2026-06-15T16:42:54.1256196+09:00       {
2026-06-15T16:42:54.1300892+09:00         "run_id": "r02",
2026-06-15T16:42:54.1336437+09:00         "action": "not_due",
2026-06-15T16:42:54.1340350+09:00         "taskId": "daily-20260615-r02",
2026-06-15T16:42:54.1382084+09:00         "reason": "jst_hour=16"
2026-06-15T16:42:54.1417682+09:00       },
2026-06-15T16:42:54.1422666+09:00       {
2026-06-15T16:42:54.1422666+09:00         "run_id": "r03",
2026-06-15T16:42:54.1468044+09:00         "action": "not_due",
2026-06-15T16:42:54.1468044+09:00         "taskId": "daily-20260615-r03",
2026-06-15T16:42:54.1506885+09:00         "reason": "jst_hour=16"
2026-06-15T16:42:54.1506885+09:00       }
2026-06-15T16:42:54.1553342+09:00     ]
2026-06-15T16:42:54.1553342+09:00   },
2026-06-15T16:42:54.1583751+09:00   "reconcile": {
2026-06-15T16:42:54.1589424+09:00     "resetProcessing": 0,
2026-06-15T16:42:54.1589424+09:00     "inserted": 1,
2026-06-15T16:42:54.1634515+09:00     "scanned": 12,
2026-06-15T16:42:54.1667720+09:00     "stale": {
2026-06-15T16:42:54.1673307+09:00       "scanned": 12,
2026-06-15T16:42:54.1673307+09:00       "staleDetected": 0,
2026-06-15T16:42:54.1721689+09:00       "rolledBack": 0,
2026-06-15T16:42:54.1752579+09:00       "skippedCap": 0,
2026-06-15T16:42:54.1759192+09:00       "dryRun": false,
2026-06-15T16:42:54.1804673+09:00       "actions": []
2026-06-15T16:42:54.1804673+09:00     }
2026-06-15T16:42:54.1837359+09:00   },
2026-06-15T16:42:54.1837359+09:00   "dispatch": {
2026-06-15T16:42:54.1837359+09:00     "claimed": 1,
2026-06-15T16:42:54.1885080+09:00     "done": 1,
2026-06-15T16:42:54.1885080+09:00     "failed": 0
2026-06-15T16:42:54.1920550+09:00   },
2026-06-15T16:42:54.1920550+09:00   "step4_poll": {
2026-06-15T16:42:54.1920550+09:00     "scanned": 12,
2026-06-15T16:42:54.1972577+09:00     "awaiting": 1,
2026-06-15T16:42:54.1972577+09:00     "polled": 0,
2026-06-15T16:42:54.2008556+09:00     "picks_applied": 0,
2026-06-15T16:42:54.2008556+09:00     "pick_errors": 0,
2026-06-15T16:42:54.2008556+09:00     "timeouts": 0,
2026-06-15T16:42:54.2052636+09:00     "skipped": 0,
2026-06-15T16:42:54.2052636+09:00     "results": [
2026-06-15T16:42:54.2087375+09:00       {
2026-06-15T16:42:54.2087375+09:00         "task_id": "daily-20260615-r02",
2026-06-15T16:42:54.2134280+09:00         "result": {
2026-06-15T16:42:54.2134280+09:00           "outcome": "no_new_messages"
2026-06-15T16:42:54.2171024+09:00         }
2026-06-15T16:42:54.2171024+09:00       }
2026-06-15T16:42:54.2217536+09:00     ]
2026-06-15T16:42:54.2217536+09:00   },
2026-06-15T16:42:54.2254330+09:00   "step7_retry_poll": {
2026-06-15T16:42:54.2254330+09:00     "scanned": 12,
2026-06-15T16:42:54.2254330+09:00     "eligible": 9,
2026-06-15T16:42:54.2302761+09:00     "polled": 0,
2026-06-15T16:42:54.2302761+09:00     "retries_triggered": 0,
2026-06-15T16:42:54.2337554+09:00     "retry_errors": 0,
2026-06-15T16:42:54.2337554+09:00     "skipped": 0,
2026-06-15T16:42:54.2386168+09:00     "results": []
2026-06-15T16:42:54.2386168+09:00   }
2026-06-15T16:42:54.2421155+09:00 }
2026-06-15T16:42:54.2421155+09:00 OK run-once finished
2026-06-15T16:47:49.6154016+09:00 START dispatch-run-once
2026-06-15T16:47:50.0195508+09:00 
2026-06-15T16:47:50.0195508+09:00 > orchestrator
2026-06-15T16:47:50.0236603+09:00 > tsx src/cli/orchestrator.ts run-once --limit 10
2026-06-15T16:47:50.0269224+09:00 
2026-06-15T16:47:53.3122204+09:00 {
2026-06-15T16:47:53.3272701+09:00   "ensure_daily": {
2026-06-15T16:47:53.3365780+09:00     "runs": [
2026-06-15T16:47:53.3437198+09:00       {
2026-06-15T16:47:53.3488429+09:00         "run_id": "r01",
2026-06-15T16:47:53.3524603+09:00         "action": "not_due",
2026-06-15T16:47:53.3524603+09:00         "taskId": "daily-20260615-r01",
2026-06-15T16:47:53.3569814+09:00         "reason": "jst_hour=16"
2026-06-15T16:47:53.3569814+09:00       },
2026-06-15T16:47:53.3818938+09:00       {
2026-06-15T16:47:53.3848891+09:00         "run_id": "r02",
2026-06-15T16:47:53.3868923+09:00         "action": "not_due",
2026-06-15T16:47:53.3898900+09:00         "taskId": "daily-20260615-r02",
2026-06-15T16:47:53.3928920+09:00         "reason": "jst_hour=16"
2026-06-15T16:47:53.3967537+09:00       },
2026-06-15T16:47:53.3967537+09:00       {
2026-06-15T16:47:53.4018518+09:00         "run_id": "r03",
2026-06-15T16:47:53.4049082+09:00         "action": "not_due",
2026-06-15T16:47:53.4069156+09:00         "taskId": "daily-20260615-r03",
2026-06-15T16:47:53.4101955+09:00         "reason": "jst_hour=16"
2026-06-15T16:47:53.4131322+09:00       }
2026-06-15T16:47:53.4131322+09:00     ]
2026-06-15T16:47:53.4151401+09:00   },
2026-06-15T16:47:53.4171470+09:00   "reconcile": {
2026-06-15T16:47:53.4191641+09:00     "resetProcessing": 0,
2026-06-15T16:47:53.4191641+09:00     "inserted": 1,
2026-06-15T16:47:53.4236171+09:00     "scanned": 12,
2026-06-15T16:47:53.4236171+09:00     "stale": {
2026-06-15T16:47:53.4277559+09:00       "scanned": 12,
2026-06-15T16:47:53.4277559+09:00       "staleDetected": 0,
2026-06-15T16:47:53.4277559+09:00       "rolledBack": 0,
2026-06-15T16:47:53.4323314+09:00       "skippedCap": 0,
2026-06-15T16:47:53.4360031+09:00       "dryRun": false,
2026-06-15T16:47:53.4382658+09:00       "actions": []
2026-06-15T16:47:53.4402780+09:00     }
2026-06-15T16:47:53.4402780+09:00   },
2026-06-15T16:47:53.4434993+09:00   "dispatch": {
2026-06-15T16:47:53.4442442+09:00     "claimed": 1,
2026-06-15T16:47:53.4442442+09:00     "done": 1,
2026-06-15T16:47:53.4487531+09:00     "failed": 0
2026-06-15T16:47:53.4487531+09:00   },
2026-06-15T16:47:53.4487531+09:00   "step4_poll": {
2026-06-15T16:47:53.4525644+09:00     "scanned": 12,
2026-06-15T16:47:53.4525644+09:00     "awaiting": 1,
2026-06-15T16:47:53.4525644+09:00     "polled": 0,
2026-06-15T16:47:53.4568746+09:00     "picks_applied": 0,
2026-06-15T16:47:53.4568746+09:00     "pick_errors": 0,
2026-06-15T16:47:53.4609578+09:00     "timeouts": 0,
2026-06-15T16:47:53.4609578+09:00     "skipped": 0,
2026-06-15T16:47:53.4609578+09:00     "results": [
2026-06-15T16:47:53.4653019+09:00       {
2026-06-15T16:47:53.4653019+09:00         "task_id": "daily-20260615-r02",
2026-06-15T16:47:53.4692982+09:00         "result": {
2026-06-15T16:47:53.4692982+09:00           "outcome": "no_new_messages"
2026-06-15T16:47:53.4692982+09:00         }
2026-06-15T16:47:53.4738626+09:00       }
2026-06-15T16:47:53.4738626+09:00     ]
2026-06-15T16:47:53.4776229+09:00   },
2026-06-15T16:47:53.4776229+09:00   "step7_retry_poll": {
2026-06-15T16:47:53.4776229+09:00     "scanned": 12,
2026-06-15T16:47:53.4818434+09:00     "eligible": 9,
2026-06-15T16:47:53.4818434+09:00     "polled": 0,
2026-06-15T16:47:53.4859340+09:00     "retries_triggered": 0,
2026-06-15T16:47:53.4859340+09:00     "retry_errors": 0,
2026-06-15T16:47:53.4859340+09:00     "skipped": 0,
2026-06-15T16:47:53.4903870+09:00     "results": []
2026-06-15T16:47:53.4903870+09:00   }
2026-06-15T16:47:53.4935038+09:00 }
2026-06-15T16:47:53.4942453+09:00 OK run-once finished
2026-06-15T16:52:50.7589928+09:00 START dispatch-run-once
2026-06-15T16:52:51.1548514+09:00 
2026-06-15T16:52:51.1579202+09:00 > orchestrator
2026-06-15T16:52:51.1599207+09:00 > tsx src/cli/orchestrator.ts run-once --limit 10
2026-06-15T16:52:51.1630781+09:00 
2026-06-15T16:52:54.4629687+09:00 {
2026-06-15T16:52:54.4691336+09:00   "ensure_daily": {
2026-06-15T16:52:54.4751569+09:00     "runs": [
2026-06-15T16:52:54.4771561+09:00       {
2026-06-15T16:52:54.4797737+09:00         "run_id": "r01",
2026-06-15T16:52:54.4818357+09:00         "action": "not_due",
2026-06-15T16:52:54.4838361+09:00         "taskId": "daily-20260615-r01",
2026-06-15T16:52:54.4868329+09:00         "reason": "jst_hour=16"
2026-06-15T16:52:54.4903138+09:00       },
2026-06-15T16:52:54.5084823+09:00       {
2026-06-15T16:52:54.5104820+09:00         "run_id": "r02",
2026-06-15T16:52:54.5127541+09:00         "action": "not_due",
2026-06-15T16:52:54.5148626+09:00         "taskId": "daily-20260615-r02",
2026-06-15T16:52:54.5168613+09:00         "reason": "jst_hour=16"
2026-06-15T16:52:54.5188609+09:00       },
2026-06-15T16:52:54.5214465+09:00       {
2026-06-15T16:52:54.5234433+09:00         "run_id": "r03",
2026-06-15T16:52:54.5244450+09:00         "action": "not_due",
2026-06-15T16:52:54.5264452+09:00         "taskId": "daily-20260615-r03",
2026-06-15T16:52:54.5284450+09:00         "reason": "jst_hour=16"
2026-06-15T16:52:54.5314450+09:00       }
2026-06-15T16:52:54.5324443+09:00     ]
2026-06-15T16:52:54.5348980+09:00   },
2026-06-15T16:52:54.5358980+09:00   "reconcile": {
2026-06-15T16:52:54.5378986+09:00     "resetProcessing": 0,
2026-06-15T16:52:54.5388990+09:00     "inserted": 1,
2026-06-15T16:52:54.5408968+09:00     "scanned": 12,
2026-06-15T16:52:54.5418977+09:00     "stale": {
2026-06-15T16:52:54.5438973+09:00       "scanned": 12,
2026-06-15T16:52:54.5462035+09:00       "staleDetected": 0,
2026-06-15T16:52:54.5482563+09:00       "rolledBack": 0,
2026-06-15T16:52:54.5502548+09:00       "skippedCap": 0,
2026-06-15T16:52:54.5512556+09:00       "dryRun": false,
2026-06-15T16:52:54.5532556+09:00       "actions": []
2026-06-15T16:52:54.5543264+09:00     }
2026-06-15T16:52:54.5563819+09:00   },
2026-06-15T16:52:54.5573807+09:00   "dispatch": {
2026-06-15T16:52:54.5583822+09:00     "claimed": 1,
2026-06-15T16:52:54.5608467+09:00     "done": 1,
2026-06-15T16:52:54.5622108+09:00     "failed": 0
2026-06-15T16:52:54.5636909+09:00   },
2026-06-15T16:52:54.5647235+09:00   "step4_poll": {
2026-06-15T16:52:54.5666912+09:00     "scanned": 12,
2026-06-15T16:52:54.5676909+09:00     "awaiting": 1,
2026-06-15T16:52:54.5686907+09:00     "polled": 0,
2026-06-15T16:52:54.5710926+09:00     "picks_applied": 0,
2026-06-15T16:52:54.5721462+09:00     "pick_errors": 0,
2026-06-15T16:52:54.5741541+09:00     "timeouts": 0,
2026-06-15T16:52:54.5751538+09:00     "skipped": 0,
2026-06-15T16:52:54.5761519+09:00     "results": [
2026-06-15T16:52:54.5781523+09:00       {
2026-06-15T16:52:54.5792684+09:00         "task_id": "daily-20260615-r02",
2026-06-15T16:52:54.5813171+09:00         "result": {
2026-06-15T16:52:54.5823175+09:00           "outcome": "no_new_messages"
2026-06-15T16:52:54.5833171+09:00         }
2026-06-15T16:52:54.5853186+09:00       }
2026-06-15T16:52:54.5869553+09:00     ]
2026-06-15T16:52:54.5886561+09:00   },
2026-06-15T16:52:54.5896627+09:00   "step7_retry_poll": {
2026-06-15T16:52:54.5916632+09:00     "scanned": 12,
2026-06-15T16:52:54.5926617+09:00     "eligible": 9,
2026-06-15T16:52:54.5936617+09:00     "polled": 0,
2026-06-15T16:52:54.5952851+09:00     "retries_triggered": 0,
2026-06-15T16:52:54.5969655+09:00     "retry_errors": 0,
2026-06-15T16:52:54.5979640+09:00     "skipped": 0,
2026-06-15T16:52:54.5999650+09:00     "results": []
2026-06-15T16:52:54.6019648+09:00   }
2026-06-15T16:52:54.6029635+09:00 }
2026-06-15T16:52:54.6053147+09:00 OK run-once finished
2026-06-15T16:57:49.9773770+09:00 START dispatch-run-once
2026-06-15T16:57:50.6757880+09:00 
2026-06-15T16:57:50.6806554+09:00 > orchestrator
2026-06-15T16:57:50.6851976+09:00 > tsx src/cli/orchestrator.ts run-once --limit 10
2026-06-15T16:57:50.6899749+09:00 
2026-06-15T16:57:54.4405677+09:00 {
2026-06-15T16:57:54.4456806+09:00   "ensure_daily": {
2026-06-15T16:57:54.4501843+09:00     "runs": [
2026-06-15T16:57:54.4552919+09:00       {
2026-06-15T16:57:54.4552919+09:00         "run_id": "r01",
2026-06-15T16:57:54.4605186+09:00         "action": "not_due",
2026-06-15T16:57:54.4605186+09:00         "taskId": "daily-20260615-r01",
2026-06-15T16:57:54.4605186+09:00         "reason": "jst_hour=16"
2026-06-15T16:57:54.4605186+09:00       },
2026-06-15T16:57:54.4854379+09:00       {
2026-06-15T16:57:54.4875579+09:00         "run_id": "r02",
2026-06-15T16:57:54.4895640+09:00         "action": "not_due",
2026-06-15T16:57:54.4915715+09:00         "taskId": "daily-20260615-r02",
2026-06-15T16:57:54.4935837+09:00         "reason": "jst_hour=16"
2026-06-15T16:57:54.4966001+09:00       },
2026-06-15T16:57:54.4986086+09:00       {
2026-06-15T16:57:54.5006172+09:00         "run_id": "r03",
2026-06-15T16:57:54.5016273+09:00         "action": "not_due",
2026-06-15T16:57:54.5056244+09:00         "taskId": "daily-20260615-r03",
2026-06-15T16:57:54.5071323+09:00         "reason": "jst_hour=16"
2026-06-15T16:57:54.5091393+09:00       }
2026-06-15T16:57:54.5121736+09:00     ]
2026-06-15T16:57:54.5121736+09:00   },
2026-06-15T16:57:54.5155979+09:00   "reconcile": {
2026-06-15T16:57:54.5173375+09:00     "resetProcessing": 0,
2026-06-15T16:57:54.5193450+09:00     "inserted": 1,
2026-06-15T16:57:54.5233018+09:00     "scanned": 12,
2026-06-15T16:57:54.5253026+09:00     "stale": {
2026-06-15T16:57:54.5273060+09:00       "scanned": 12,
2026-06-15T16:57:54.5293016+09:00       "staleDetected": 0,
2026-06-15T16:57:54.5318068+09:00       "rolledBack": 0,
2026-06-15T16:57:54.5348074+09:00       "skippedCap": 0,
2026-06-15T16:57:54.5368066+09:00       "dryRun": false,
2026-06-15T16:57:54.5388048+09:00       "actions": []
2026-06-15T16:57:54.5388048+09:00     }
2026-06-15T16:57:54.5388048+09:00   },
2026-06-15T16:57:54.5440927+09:00   "dispatch": {
2026-06-15T16:57:54.5440927+09:00     "claimed": 1,
2026-06-15T16:57:54.5440927+09:00     "done": 1,
2026-06-15T16:57:54.5495017+09:00     "failed": 0
2026-06-15T16:57:54.5495017+09:00   },
2026-06-15T16:57:54.5495017+09:00   "step4_poll": {
2026-06-15T16:57:54.5495017+09:00     "scanned": 12,
2026-06-15T16:57:54.5549209+09:00     "awaiting": 1,
2026-06-15T16:57:54.5549209+09:00     "polled": 0,
2026-06-15T16:57:54.5549209+09:00     "picks_applied": 0,
2026-06-15T16:57:54.5603153+09:00     "pick_errors": 0,
2026-06-15T16:57:54.5623230+09:00     "timeouts": 0,
2026-06-15T16:57:54.5653365+09:00     "skipped": 0,
2026-06-15T16:57:54.5673434+09:00     "results": [
2026-06-15T16:57:54.5673434+09:00       {
2026-06-15T16:57:54.5703652+09:00         "task_id": "daily-20260615-r02",
2026-06-15T16:57:54.5703652+09:00         "result": {
2026-06-15T16:57:54.5723720+09:00           "outcome": "no_new_messages"
2026-06-15T16:57:54.5753852+09:00         }
2026-06-15T16:57:54.5753852+09:00       }
2026-06-15T16:57:54.5773918+09:00     ]
2026-06-15T16:57:54.5793989+09:00   },
2026-06-15T16:57:54.5804048+09:00   "step7_retry_poll": {
2026-06-15T16:57:54.5824115+09:00     "scanned": 12,
2026-06-15T16:57:54.5844187+09:00     "eligible": 9,
2026-06-15T16:57:54.5854306+09:00     "polled": 0,
2026-06-15T16:57:54.5854306+09:00     "retries_triggered": 0,
2026-06-15T16:57:54.5854306+09:00     "retry_errors": 0,
2026-06-15T16:57:54.5908021+09:00     "skipped": 0,
2026-06-15T16:57:54.5908021+09:00     "results": []
2026-06-15T16:57:54.5908021+09:00   }
2026-06-15T16:57:54.5908021+09:00 }
2026-06-15T16:57:54.5958984+09:00 OK run-once finished
2026-06-15T17:02:53.9639758+09:00 START dispatch-run-once
2026-06-15T17:02:54.3739443+09:00 
2026-06-15T17:02:54.3739443+09:00 > orchestrator
2026-06-15T17:02:54.3790269+09:00 > tsx src/cli/orchestrator.ts run-once --limit 10
2026-06-15T17:02:54.3790269+09:00 
2026-06-15T17:03:05.0364993+09:00 {
2026-06-15T17:03:05.0384993+09:00   "ensure_daily": {
2026-06-15T17:03:05.0416819+09:00     "runs": [
2026-06-15T17:03:05.0436869+09:00       {
2026-06-15T17:03:05.0456809+09:00         "run_id": "r01",
2026-06-15T17:03:05.0476826+09:00         "action": "not_due",
2026-06-15T17:03:05.0486792+09:00         "taskId": "daily-20260615-r01",
2026-06-15T17:03:05.0486792+09:00         "reason": "jst_hour=17"
2026-06-15T17:03:05.0537604+09:00       },
2026-06-15T17:03:05.0692933+09:00       {
2026-06-15T17:03:05.0743570+09:00         "run_id": "r02",
2026-06-15T17:03:05.0743570+09:00         "action": "not_due",
2026-06-15T17:03:05.0743570+09:00         "taskId": "daily-20260615-r02",
2026-06-15T17:03:05.0795136+09:00         "reason": "jst_hour=17"
2026-06-15T17:03:05.0818291+09:00       },
2026-06-15T17:03:05.0848430+09:00       {
2026-06-15T17:03:05.0848430+09:00         "run_id": "r03",
2026-06-15T17:03:05.0868500+09:00         "action": "created",
2026-06-15T17:03:05.0888575+09:00         "taskId": "daily-20260615-r03"
2026-06-15T17:03:05.0898650+09:00       }
2026-06-15T17:03:05.0918726+09:00     ]
2026-06-15T17:03:05.0937957+09:00   },
2026-06-15T17:03:05.0953032+09:00   "reconcile": {
2026-06-15T17:03:05.0973110+09:00     "resetProcessing": 0,
2026-06-15T17:03:05.0973110+09:00     "inserted": 1,
2026-06-15T17:03:05.1003240+09:00     "scanned": 13,
2026-06-15T17:03:05.1003240+09:00     "stale": {
2026-06-15T17:03:05.1023314+09:00       "scanned": 13,
2026-06-15T17:03:05.1023314+09:00       "staleDetected": 0,
2026-06-15T17:03:05.1056421+09:00       "rolledBack": 0,
2026-06-15T17:03:05.1056421+09:00       "skippedCap": 0,
2026-06-15T17:03:05.1110632+09:00       "dryRun": false,
2026-06-15T17:03:05.1110632+09:00       "actions": []
2026-06-15T17:03:05.1110632+09:00     }
2026-06-15T17:03:05.1162253+09:00   },
2026-06-15T17:03:05.1162253+09:00   "dispatch": {
2026-06-15T17:03:05.1162253+09:00     "claimed": 2,
2026-06-15T17:03:05.1162253+09:00     "done": 2,
2026-06-15T17:03:05.1212989+09:00     "failed": 0
2026-06-15T17:03:05.1212989+09:00   },
2026-06-15T17:03:05.1265269+09:00   "step4_poll": {
2026-06-15T17:03:05.1265269+09:00     "scanned": 13,
2026-06-15T17:03:05.1265269+09:00     "awaiting": 1,
2026-06-15T17:03:05.1265269+09:00     "polled": 0,
2026-06-15T17:03:05.1317174+09:00     "picks_applied": 0,
2026-06-15T17:03:05.1317174+09:00     "pick_errors": 0,
2026-06-15T17:03:05.1317174+09:00     "timeouts": 0,
2026-06-15T17:03:05.1317174+09:00     "skipped": 0,
2026-06-15T17:03:05.1367628+09:00     "results": [
2026-06-15T17:03:05.1367628+09:00       {
2026-06-15T17:03:05.1419192+09:00         "task_id": "daily-20260615-r02",
2026-06-15T17:03:05.1419192+09:00         "result": {
2026-06-15T17:03:05.1419192+09:00           "outcome": "no_new_messages"
2026-06-15T17:03:05.1472277+09:00         }
2026-06-15T17:03:05.1472277+09:00       }
2026-06-15T17:03:05.1472277+09:00     ]
2026-06-15T17:03:05.1472277+09:00   },
2026-06-15T17:03:05.1539957+09:00   "step7_retry_poll": {
2026-06-15T17:03:05.1560235+09:00     "scanned": 13,
2026-06-15T17:03:05.1565027+09:00     "eligible": 9,
2026-06-15T17:03:05.1565027+09:00     "polled": 0,
2026-06-15T17:03:05.1565027+09:00     "retries_triggered": 0,
2026-06-15T17:03:05.1611161+09:00     "retry_errors": 0,
2026-06-15T17:03:05.1611161+09:00     "skipped": 0,
2026-06-15T17:03:05.1611161+09:00     "results": []
2026-06-15T17:03:05.1675022+09:00   }
2026-06-15T17:03:05.1685008+09:00 }
2026-06-15T17:03:05.1705012+09:00 OK run-once finished
2026-06-15T17:07:49.3366064+09:00 START dispatch-run-once
2026-06-15T17:07:49.8273098+09:00 
2026-06-15T17:07:49.8303046+09:00 > orchestrator
2026-06-15T17:07:49.8325398+09:00 > tsx src/cli/orchestrator.ts run-once --limit 10
2026-06-15T17:07:49.8355174+09:00 
2026-06-15T17:07:53.4090920+09:00 {
2026-06-15T17:07:53.4258282+09:00   "ensure_daily": {
2026-06-15T17:07:53.4349016+09:00     "runs": [
2026-06-15T17:07:53.4410179+09:00       {
2026-06-15T17:07:53.4460213+09:00         "run_id": "r01",
2026-06-15T17:07:53.4505019+09:00         "action": "not_due",
2026-06-15T17:07:53.4552308+09:00         "taskId": "daily-20260615-r01",
2026-06-15T17:07:53.4572405+09:00         "reason": "jst_hour=17"
2026-06-15T17:07:53.4626235+09:00       },
2026-06-15T17:07:53.4876249+09:00       {
2026-06-15T17:07:53.4896678+09:00         "run_id": "r02",
2026-06-15T17:07:53.4925058+09:00         "action": "not_due",
2026-06-15T17:07:53.4947155+09:00         "taskId": "daily-20260615-r02",
2026-06-15T17:07:53.4957156+09:00         "reason": "jst_hour=17"
2026-06-15T17:07:53.4957156+09:00       },
2026-06-15T17:07:53.5008835+09:00       {
2026-06-15T17:07:53.5029579+09:00         "run_id": "r03",
2026-06-15T17:07:53.5039586+09:00         "action": "skipped_exists",
2026-06-15T17:07:53.5039586+09:00         "taskId": "daily-20260615-r03"
2026-06-15T17:07:53.5102086+09:00       }
2026-06-15T17:07:53.5122070+09:00     ]
2026-06-15T17:07:53.5142067+09:00   },
2026-06-15T17:07:53.5162063+09:00   "reconcile": {
2026-06-15T17:07:53.5182076+09:00     "resetProcessing": 0,
2026-06-15T17:07:53.5192053+09:00     "inserted": 1,
2026-06-15T17:07:53.5212062+09:00     "scanned": 13,
2026-06-15T17:07:53.5225384+09:00     "stale": {
2026-06-15T17:07:53.5245411+09:00       "scanned": 13,
2026-06-15T17:07:53.5269269+09:00       "staleDetected": 0,
2026-06-15T17:07:53.5289244+09:00       "rolledBack": 0,
2026-06-15T17:07:53.5289244+09:00       "skippedCap": 0,
2026-06-15T17:07:53.5289244+09:00       "dryRun": false,
2026-06-15T17:07:53.5341445+09:00       "actions": []
2026-06-15T17:07:53.5362606+09:00     }
2026-06-15T17:07:53.5372618+09:00   },
2026-06-15T17:07:53.5372618+09:00   "dispatch": {
2026-06-15T17:07:53.5372618+09:00     "claimed": 2,
2026-06-15T17:07:53.5435906+09:00     "done": 2,
2026-06-15T17:07:53.5458943+09:00     "failed": 0
2026-06-15T17:07:53.5458943+09:00   },
2026-06-15T17:07:53.5458943+09:00   "step4_poll": {
2026-06-15T17:07:53.5507768+09:00     "scanned": 13,
2026-06-15T17:07:53.5528784+09:00     "awaiting": 1,
2026-06-15T17:07:53.5548782+09:00     "polled": 0,
2026-06-15T17:07:53.5558777+09:00     "picks_applied": 0,
2026-06-15T17:07:53.5578767+09:00     "pick_errors": 0,
2026-06-15T17:07:53.5605300+09:00     "timeouts": 0,
2026-06-15T17:07:53.5615241+09:00     "skipped": 0,
2026-06-15T17:07:53.5637419+09:00     "results": [
2026-06-15T17:07:53.5647423+09:00       {
2026-06-15T17:07:53.5667421+09:00         "task_id": "daily-20260615-r02",
2026-06-15T17:07:53.5685840+09:00         "result": {
2026-06-15T17:07:53.5695907+09:00           "outcome": "no_new_messages"
2026-06-15T17:07:53.5705914+09:00         }
2026-06-15T17:07:53.5705914+09:00       }
2026-06-15T17:07:53.5757516+09:00     ]
2026-06-15T17:07:53.5779198+09:00   },
2026-06-15T17:07:53.5792364+09:00   "step7_retry_poll": {
2026-06-15T17:07:53.5792364+09:00     "scanned": 13,
2026-06-15T17:07:53.5835097+09:00     "eligible": 9,
2026-06-15T17:07:53.5852211+09:00     "polled": 0,
2026-06-15T17:07:53.5862224+09:00     "retries_triggered": 0,
2026-06-15T17:07:53.5882197+09:00     "retry_errors": 0,
2026-06-15T17:07:53.5902186+09:00     "skipped": 0,
2026-06-15T17:07:53.5922186+09:00     "results": []
2026-06-15T17:07:53.5942225+09:00   }
2026-06-15T17:07:53.5952169+09:00 }
2026-06-15T17:07:53.5976673+09:00 OK run-once finished
2026-06-15T17:12:50.5807204+09:00 START dispatch-run-once
2026-06-15T17:12:50.9796432+09:00 
2026-06-15T17:12:50.9843802+09:00 > orchestrator
2026-06-15T17:12:50.9843802+09:00 > tsx src/cli/orchestrator.ts run-once --limit 10
2026-06-15T17:12:50.9872921+09:00 
2026-06-15T17:12:54.7466069+09:00 {
2026-06-15T17:12:54.7516577+09:00   "ensure_daily": {
2026-06-15T17:12:54.7537486+09:00     "runs": [
2026-06-15T17:12:54.7567490+09:00       {
2026-06-15T17:12:54.7567490+09:00         "run_id": "r01",
2026-06-15T17:12:54.7567490+09:00         "action": "not_due",
2026-06-15T17:12:54.7567490+09:00         "taskId": "daily-20260615-r01",
2026-06-15T17:12:54.7621806+09:00         "reason": "jst_hour=17"
2026-06-15T17:12:54.7621806+09:00       },
2026-06-15T17:12:54.7829551+09:00       {
2026-06-15T17:12:54.7829551+09:00         "run_id": "r02",
2026-06-15T17:12:54.7879886+09:00         "action": "not_due",
2026-06-15T17:12:54.7906980+09:00         "taskId": "daily-20260615-r02",
2026-06-15T17:12:54.7906980+09:00         "reason": "jst_hour=17"
2026-06-15T17:12:54.7931769+09:00       },
2026-06-15T17:12:54.7931769+09:00       {
2026-06-15T17:12:54.7983168+09:00         "run_id": "r03",
2026-06-15T17:12:54.7983168+09:00         "action": "skipped_exists",
2026-06-15T17:12:54.7983168+09:00         "taskId": "daily-20260615-r03"
2026-06-15T17:12:54.8033986+09:00       }
2026-06-15T17:12:54.8033986+09:00     ]
2026-06-15T17:12:54.8033986+09:00   },
2026-06-15T17:12:54.8033986+09:00   "reconcile": {
2026-06-15T17:12:54.8085898+09:00     "resetProcessing": 0,
2026-06-15T17:12:54.8085898+09:00     "inserted": 1,
2026-06-15T17:12:54.8085898+09:00     "scanned": 13,
2026-06-15T17:12:54.8136606+09:00     "stale": {
2026-06-15T17:12:54.8136606+09:00       "scanned": 13,
2026-06-15T17:12:54.8136606+09:00       "staleDetected": 0,
2026-06-15T17:12:54.8187815+09:00       "rolledBack": 0,
2026-06-15T17:12:54.8187815+09:00       "skippedCap": 0,
2026-06-15T17:12:54.8187815+09:00       "dryRun": false,
2026-06-15T17:12:54.8238427+09:00       "actions": []
2026-06-15T17:12:54.8238427+09:00     }
2026-06-15T17:12:54.8238427+09:00   },
2026-06-15T17:12:54.8293553+09:00   "dispatch": {
2026-06-15T17:12:54.8293553+09:00     "claimed": 2,
2026-06-15T17:12:54.8293553+09:00     "done": 2,
2026-06-15T17:12:54.8348010+09:00     "failed": 0
2026-06-15T17:12:54.8348010+09:00   },
2026-06-15T17:12:54.8348010+09:00   "step4_poll": {
2026-06-15T17:12:54.8348010+09:00     "scanned": 13,
2026-06-15T17:12:54.8401669+09:00     "awaiting": 1,
2026-06-15T17:12:54.8401669+09:00     "polled": 0,
2026-06-15T17:12:54.8401669+09:00     "picks_applied": 0,
2026-06-15T17:12:54.8401669+09:00     "pick_errors": 0,
2026-06-15T17:12:54.8455627+09:00     "timeouts": 0,
2026-06-15T17:12:54.8455627+09:00     "skipped": 0,
2026-06-15T17:12:54.8455627+09:00     "results": [
2026-06-15T17:12:54.8455627+09:00       {
2026-06-15T17:12:54.8508834+09:00         "task_id": "daily-20260615-r02",
2026-06-15T17:12:54.8508834+09:00         "result": {
2026-06-15T17:12:54.8508834+09:00           "outcome": "no_new_messages"
2026-06-15T17:12:54.8508834+09:00         }
2026-06-15T17:12:54.8561047+09:00       }
2026-06-15T17:12:54.8561047+09:00     ]
2026-06-15T17:12:54.8561047+09:00   },
2026-06-15T17:12:54.8561047+09:00   "step7_retry_poll": {
2026-06-15T17:12:54.8620362+09:00     "scanned": 13,
2026-06-15T17:12:54.8620362+09:00     "eligible": 9,
2026-06-15T17:12:54.8620362+09:00     "polled": 0,
2026-06-15T17:12:54.8666138+09:00     "retries_triggered": 0,
2026-06-15T17:12:54.8666138+09:00     "retry_errors": 0,
2026-06-15T17:12:54.8666138+09:00     "skipped": 0,
2026-06-15T17:12:54.8666138+09:00     "results": []
2026-06-15T17:12:54.8719989+09:00   }
2026-06-15T17:12:54.8719989+09:00 }
2026-06-15T17:12:54.8719989+09:00 OK run-once finished
2026-06-15T17:17:50.4481298+09:00 START dispatch-run-once
2026-06-15T17:17:50.9076631+09:00 
2026-06-15T17:17:50.9083377+09:00 > orchestrator
2026-06-15T17:17:50.9117970+09:00 > tsx src/cli/orchestrator.ts run-once --limit 10
2026-06-15T17:17:50.9139606+09:00 
2026-06-15T17:17:55.8119536+09:00 {
2026-06-15T17:17:55.8166168+09:00   "ensure_daily": {
2026-06-15T17:17:55.8247827+09:00     "runs": [
2026-06-15T17:17:55.8293362+09:00       {
2026-06-15T17:17:55.8319679+09:00         "run_id": "r01",
2026-06-15T17:17:55.8319679+09:00         "action": "not_due",
2026-06-15T17:17:55.8403188+09:00         "taskId": "daily-20260615-r01",
2026-06-15T17:17:55.8433981+09:00         "reason": "jst_hour=17"
2026-06-15T17:17:55.8454168+09:00       },
2026-06-15T17:17:55.8690251+09:00       {
2026-06-15T17:17:55.8735240+09:00         "run_id": "r02",
2026-06-15T17:17:55.8735240+09:00         "action": "not_due",
2026-06-15T17:17:55.8780248+09:00         "taskId": "daily-20260615-r02",
2026-06-15T17:17:55.8815619+09:00         "reason": "jst_hour=17"
2026-06-15T17:17:55.8815619+09:00       },
2026-06-15T17:17:55.8866623+09:00       {
2026-06-15T17:17:55.8897532+09:00         "run_id": "r03",
2026-06-15T17:17:55.8917610+09:00         "action": "skipped_exists",
2026-06-15T17:17:55.8944406+09:00         "taskId": "daily-20260615-r03"
2026-06-15T17:17:55.8981507+09:00       }
2026-06-15T17:17:55.8981507+09:00     ]
2026-06-15T17:17:55.9017517+09:00   },
2026-06-15T17:17:55.9045186+09:00   "reconcile": {
2026-06-15T17:17:55.9065086+09:00     "resetProcessing": 0,
2026-06-15T17:17:55.9065086+09:00     "inserted": 1,
2026-06-15T17:17:55.9110168+09:00     "scanned": 13,
2026-06-15T17:17:55.9138880+09:00     "stale": {
2026-06-15T17:17:55.9148930+09:00       "scanned": 13,
2026-06-15T17:17:55.9148930+09:00       "staleDetected": 0,
2026-06-15T17:17:55.9212209+09:00       "rolledBack": 0,
2026-06-15T17:17:55.9227388+09:00       "skippedCap": 0,
2026-06-15T17:17:55.9249377+09:00       "dryRun": false,
2026-06-15T17:17:55.9279540+09:00       "actions": []
2026-06-15T17:17:55.9305197+09:00     }
2026-06-15T17:17:55.9319768+09:00   },
2026-06-15T17:17:55.9319768+09:00   "dispatch": {
2026-06-15T17:17:55.9359452+09:00     "claimed": 3,
2026-06-15T17:17:55.9388726+09:00     "done": 3,
2026-06-15T17:17:55.9395288+09:00     "failed": 0
2026-06-15T17:17:55.9420383+09:00   },
2026-06-15T17:17:55.9440666+09:00   "step4_poll": {
2026-06-15T17:17:55.9472319+09:00     "scanned": 13,
2026-06-15T17:17:55.9482312+09:00     "awaiting": 1,
2026-06-15T17:17:55.9482312+09:00     "polled": 0,
2026-06-15T17:17:55.9519519+09:00     "picks_applied": 0,
2026-06-15T17:17:55.9545322+09:00     "pick_errors": 0,
2026-06-15T17:17:55.9565434+09:00     "timeouts": 0,
2026-06-15T17:17:55.9565434+09:00     "skipped": 0,
2026-06-15T17:17:55.9565434+09:00     "results": [
2026-06-15T17:17:55.9619739+09:00       {
2026-06-15T17:17:55.9654571+09:00         "task_id": "daily-20260615-r02",
2026-06-15T17:17:55.9654571+09:00         "result": {
2026-06-15T17:17:55.9654571+09:00           "outcome": "no_new_messages"
2026-06-15T17:17:55.9702859+09:00         }
2026-06-15T17:17:55.9732634+09:00       }
2026-06-15T17:17:55.9732634+09:00     ]
2026-06-15T17:17:55.9732634+09:00   },
2026-06-15T17:17:55.9778177+09:00   "step7_retry_poll": {
2026-06-15T17:17:55.9815035+09:00     "scanned": 13,
2026-06-15T17:17:55.9820126+09:00     "eligible": 9,
2026-06-15T17:17:55.9820126+09:00     "polled": 0,
2026-06-15T17:17:55.9858305+09:00     "retries_triggered": 0,
2026-06-15T17:17:55.9898147+09:00     "retry_errors": 0,
2026-06-15T17:17:55.9918224+09:00     "skipped": 0,
2026-06-15T17:17:55.9918224+09:00     "results": []
2026-06-15T17:17:55.9942272+09:00   }
2026-06-15T17:17:55.9971656+09:00 }
2026-06-15T17:17:55.9981516+09:00 OK run-once finished
2026-06-15T17:22:50.4786265+09:00 START dispatch-run-once
2026-06-15T17:22:51.0006722+09:00 
2026-06-15T17:22:51.0026797+09:00 > orchestrator
2026-06-15T17:22:51.0026797+09:00 > tsx src/cli/orchestrator.ts run-once --limit 10
2026-06-15T17:22:51.0026797+09:00 
2026-06-15T17:22:54.4122151+09:00 {
2026-06-15T17:22:54.4122151+09:00   "ensure_daily": {
2026-06-15T17:22:54.4173047+09:00     "runs": [
2026-06-15T17:22:54.4173047+09:00       {
2026-06-15T17:22:54.4173047+09:00         "run_id": "r01",
2026-06-15T17:22:54.4224503+09:00         "action": "not_due",
2026-06-15T17:22:54.4224503+09:00         "taskId": "daily-20260615-r01",
2026-06-15T17:22:54.4224503+09:00         "reason": "jst_hour=17"
2026-06-15T17:22:54.4274829+09:00       },
2026-06-15T17:22:54.4433856+09:00       {
2026-06-15T17:22:54.4485345+09:00         "run_id": "r02",
2026-06-15T17:22:54.4485345+09:00         "action": "not_due",
2026-06-15T17:22:54.4485345+09:00         "taskId": "daily-20260615-r02",
2026-06-15T17:22:54.4535677+09:00         "reason": "jst_hour=17"
2026-06-15T17:22:54.4535677+09:00       },
2026-06-15T17:22:54.4586786+09:00       {
2026-06-15T17:22:54.4606847+09:00         "run_id": "r03",
2026-06-15T17:22:54.4627024+09:00         "action": "skipped_exists",
2026-06-15T17:22:54.4637242+09:00         "taskId": "daily-20260615-r03"
2026-06-15T17:22:54.4680494+09:00       }
2026-06-15T17:22:54.4690545+09:00     ]
2026-06-15T17:22:54.4690545+09:00   },
2026-06-15T17:22:54.4690545+09:00   "reconcile": {
2026-06-15T17:22:54.4742853+09:00     "resetProcessing": 0,
2026-06-15T17:22:54.4742853+09:00     "inserted": 1,
2026-06-15T17:22:54.4742853+09:00     "scanned": 13,
2026-06-15T17:22:54.4793088+09:00     "stale": {
2026-06-15T17:22:54.4793088+09:00       "scanned": 13,
2026-06-15T17:22:54.4831462+09:00       "staleDetected": 0,
2026-06-15T17:22:54.4846535+09:00       "rolledBack": 0,
2026-06-15T17:22:54.4846535+09:00       "skippedCap": 0,
2026-06-15T17:22:54.4846535+09:00       "dryRun": false,
2026-06-15T17:22:54.4846535+09:00       "actions": []
2026-06-15T17:22:54.4897883+09:00     }
2026-06-15T17:22:54.4897883+09:00   },
2026-06-15T17:22:54.4897883+09:00   "dispatch": {
2026-06-15T17:22:54.4949554+09:00     "claimed": 2,
2026-06-15T17:22:54.4949554+09:00     "done": 2,
2026-06-15T17:22:54.4949554+09:00     "failed": 0
2026-06-15T17:22:54.5001113+09:00   },
2026-06-15T17:22:54.5001113+09:00   "step4_poll": {
2026-06-15T17:22:54.5001113+09:00     "scanned": 13,
2026-06-15T17:22:54.5050478+09:00     "awaiting": 2,
2026-06-15T17:22:54.5050478+09:00     "polled": 0,
2026-06-15T17:22:54.5050478+09:00     "picks_applied": 0,
2026-06-15T17:22:54.5050478+09:00     "pick_errors": 0,
2026-06-15T17:22:54.5105657+09:00     "timeouts": 0,
2026-06-15T17:22:54.5105657+09:00     "skipped": 0,
2026-06-15T17:22:54.5105657+09:00     "results": [
2026-06-15T17:22:54.5151794+09:00       {
2026-06-15T17:22:54.5171899+09:00         "task_id": "daily-20260615-r02",
2026-06-15T17:22:54.5181919+09:00         "result": {
2026-06-15T17:22:54.5201926+09:00           "outcome": "no_new_messages"
2026-06-15T17:22:54.5219047+09:00         }
2026-06-15T17:22:54.5239951+09:00       },
2026-06-15T17:22:54.5259962+09:00       {
2026-06-15T17:22:54.5279963+09:00         "task_id": "daily-20260615-r03",
2026-06-15T17:22:54.5299958+09:00         "result": {
2026-06-15T17:22:54.5315539+09:00           "outcome": "no_new_messages"
2026-06-15T17:22:54.5325925+09:00         }
2026-06-15T17:22:54.5345929+09:00       }
2026-06-15T17:22:54.5355940+09:00     ]
2026-06-15T17:22:54.5365922+09:00   },
2026-06-15T17:22:54.5386264+09:00   "step7_retry_poll": {
2026-06-15T17:22:54.5395934+09:00     "scanned": 13,
2026-06-15T17:22:54.5395934+09:00     "eligible": 9,
2026-06-15T17:22:54.5395934+09:00     "polled": 0,
2026-06-15T17:22:54.5447759+09:00     "retries_triggered": 0,
2026-06-15T17:22:54.5447759+09:00     "retry_errors": 0,
2026-06-15T17:22:54.5447759+09:00     "skipped": 0,
2026-06-15T17:22:54.5447759+09:00     "results": []
2026-06-15T17:22:54.5498975+09:00   }
2026-06-15T17:22:54.5498975+09:00 }
2026-06-15T17:22:54.5498975+09:00 OK run-once finished
2026-06-15T17:27:50.4562835+09:00 START dispatch-run-once
2026-06-15T17:27:50.8885225+09:00 
2026-06-15T17:27:50.8901828+09:00 > orchestrator
2026-06-15T17:27:50.8929538+09:00 > tsx src/cli/orchestrator.ts run-once --limit 10
2026-06-15T17:27:50.8953060+09:00 
2026-06-15T17:27:54.2855079+09:00 {
2026-06-15T17:27:54.2895110+09:00   "ensure_daily": {
2026-06-15T17:27:54.2926957+09:00     "runs": [
2026-06-15T17:27:54.2936848+09:00       {
2026-06-15T17:27:54.2999154+09:00         "run_id": "r01",
2026-06-15T17:27:54.3005336+09:00         "action": "not_due",
2026-06-15T17:27:54.3050931+09:00         "taskId": "daily-20260615-r01",
2026-06-15T17:27:54.3050931+09:00         "reason": "jst_hour=17"
2026-06-15T17:27:54.3088498+09:00       },
2026-06-15T17:27:54.3301818+09:00       {
2026-06-15T17:27:54.3354723+09:00         "run_id": "r02",
2026-06-15T17:27:54.3382637+09:00         "action": "not_due",
2026-06-15T17:27:54.3415908+09:00         "taskId": "daily-20260615-r02",
2026-06-15T17:27:54.3422946+09:00         "reason": "jst_hour=17"
2026-06-15T17:27:54.3466209+09:00       },
2026-06-15T17:27:54.3517782+09:00       {
2026-06-15T17:27:54.3517782+09:00         "run_id": "r03",
2026-06-15T17:27:54.3568002+09:00         "action": "skipped_exists",
2026-06-15T17:27:54.3608192+09:00         "taskId": "daily-20260615-r03"
2026-06-15T17:27:54.3617024+09:00       }
2026-06-15T17:27:54.3665929+09:00     ]
2026-06-15T17:27:54.3692271+09:00   },
2026-06-15T17:27:54.3712387+09:00   "reconcile": {
2026-06-15T17:27:54.3712387+09:00     "resetProcessing": 0,
2026-06-15T17:27:54.3763535+09:00     "inserted": 2,
2026-06-15T17:27:54.3763535+09:00     "scanned": 13,
2026-06-15T17:27:54.3814328+09:00     "stale": {
2026-06-15T17:27:54.3838509+09:00       "scanned": 13,
2026-06-15T17:27:54.3884911+09:00       "staleDetected": 0,
2026-06-15T17:27:54.3922943+09:00       "rolledBack": 0,
2026-06-15T17:27:54.3966624+09:00       "skippedCap": 0,
2026-06-15T17:27:54.3966624+09:00       "dryRun": false,
2026-06-15T17:27:54.3999162+09:00       "actions": []
2026-06-15T17:27:54.4035470+09:00     }
2026-06-15T17:27:54.4046762+09:00   },
2026-06-15T17:27:54.4046762+09:00   "dispatch": {
2026-06-15T17:27:54.4082223+09:00     "claimed": 2,
2026-06-15T17:27:54.4087991+09:00     "done": 2,
2026-06-15T17:27:54.4087991+09:00     "failed": 0
2026-06-15T17:27:54.4132747+09:00   },
2026-06-15T17:27:54.4132747+09:00   "step4_poll": {
2026-06-15T17:27:54.4170963+09:00     "scanned": 13,
2026-06-15T17:27:54.4170963+09:00     "awaiting": 2,
2026-06-15T17:27:54.4215681+09:00     "polled": 0,
2026-06-15T17:27:54.4215681+09:00     "picks_applied": 0,
2026-06-15T17:27:54.4276193+09:00     "pick_errors": 0,
2026-06-15T17:27:54.4276193+09:00     "timeouts": 0,
2026-06-15T17:27:54.4304599+09:00     "skipped": 0,
2026-06-15T17:27:54.4304599+09:00     "results": [
2026-06-15T17:27:54.4338482+09:00       {
2026-06-15T17:27:54.4338482+09:00         "task_id": "daily-20260615-r02",
2026-06-15T17:27:54.4384930+09:00         "result": {
2026-06-15T17:27:54.4415786+09:00           "outcome": "no_new_messages"
2026-06-15T17:27:54.4421869+09:00         }
2026-06-15T17:27:54.4421869+09:00       },
2026-06-15T17:27:54.4467968+09:00       {
2026-06-15T17:27:54.4467968+09:00         "task_id": "daily-20260615-r03",
2026-06-15T17:27:54.4505100+09:00         "result": {
2026-06-15T17:27:54.4505100+09:00           "outcome": "no_new_messages"
2026-06-15T17:27:54.4554070+09:00         }
2026-06-15T17:27:54.4588674+09:00       }
2026-06-15T17:27:54.4588674+09:00     ]
2026-06-15T17:27:54.4634882+09:00   },
2026-06-15T17:27:54.4634882+09:00   "step7_retry_poll": {
2026-06-15T17:27:54.4672384+09:00     "scanned": 13,
2026-06-15T17:27:54.4672384+09:00     "eligible": 9,
2026-06-15T17:27:54.4719421+09:00     "polled": 0,
2026-06-15T17:27:54.4719421+09:00     "retries_triggered": 0,
2026-06-15T17:27:54.4755095+09:00     "retry_errors": 0,
2026-06-15T17:27:54.4755095+09:00     "skipped": 0,
2026-06-15T17:27:54.4799943+09:00     "results": []
2026-06-15T17:27:54.4832300+09:00   }
2026-06-15T17:27:54.4838647+09:00 }
2026-06-15T17:27:54.4883935+09:00 OK run-once finished
2026-06-15T17:32:49.6929104+09:00 START dispatch-run-once
2026-06-15T17:32:50.1218992+09:00 
2026-06-15T17:32:50.1229106+09:00 > orchestrator
2026-06-15T17:32:50.1229106+09:00 > tsx src/cli/orchestrator.ts run-once --limit 10
2026-06-15T17:32:50.1280285+09:00 
2026-06-15T17:32:53.5837387+09:00 {
2026-06-15T17:32:53.5873854+09:00   "ensure_daily": {
2026-06-15T17:32:53.5893846+09:00     "runs": [
2026-06-15T17:32:53.5913837+09:00       {
2026-06-15T17:32:53.5939016+09:00         "run_id": "r01",
2026-06-15T17:32:53.5958179+09:00         "action": "not_due",
2026-06-15T17:32:53.5978577+09:00         "taskId": "daily-20260615-r01",
2026-06-15T17:32:53.5998582+09:00         "reason": "jst_hour=17"
2026-06-15T17:32:53.6017911+09:00       },
2026-06-15T17:32:53.6207024+09:00       {
2026-06-15T17:32:53.6227988+09:00         "run_id": "r02",
2026-06-15T17:32:53.6247671+09:00         "action": "not_due",
2026-06-15T17:32:53.6273640+09:00         "taskId": "daily-20260615-r02",
2026-06-15T17:32:53.6301379+09:00         "reason": "jst_hour=17"
2026-06-15T17:32:53.6332046+09:00       },
2026-06-15T17:32:53.6349753+09:00       {
2026-06-15T17:32:53.6362675+09:00         "run_id": "r03",
2026-06-15T17:32:53.6381224+09:00         "action": "skipped_exists",
2026-06-15T17:32:53.6401234+09:00         "taskId": "daily-20260615-r03"
2026-06-15T17:32:53.6411239+09:00       }
2026-06-15T17:32:53.6433932+09:00     ]
2026-06-15T17:32:53.6452500+09:00   },
2026-06-15T17:32:53.6468652+09:00   "reconcile": {
2026-06-15T17:32:53.6484539+09:00     "resetProcessing": 0,
2026-06-15T17:32:53.6498576+09:00     "inserted": 2,
2026-06-15T17:32:53.6517414+09:00     "scanned": 13,
2026-06-15T17:32:53.6532543+09:00     "stale": {
2026-06-15T17:32:53.6551944+09:00       "scanned": 13,
2026-06-15T17:32:53.6567866+09:00       "staleDetected": 0,
2026-06-15T17:32:53.6579142+09:00       "rolledBack": 0,
2026-06-15T17:32:53.6607433+09:00       "skippedCap": 0,
2026-06-15T17:32:53.6619681+09:00       "dryRun": false,
2026-06-15T17:32:53.6639678+09:00       "actions": []
2026-06-15T17:32:53.6649685+09:00     }
2026-06-15T17:32:53.6671021+09:00   },
2026-06-15T17:32:53.6692802+09:00   "dispatch": {
2026-06-15T17:32:53.6710676+09:00     "claimed": 2,
2026-06-15T17:32:53.6730729+09:00     "done": 2,
2026-06-15T17:32:53.6749446+09:00     "failed": 0
2026-06-15T17:32:53.6759433+09:00   },
2026-06-15T17:32:53.6782322+09:00   "step4_poll": {
2026-06-15T17:32:53.6795564+09:00     "scanned": 13,
2026-06-15T17:32:53.6805535+09:00     "awaiting": 2,
2026-06-15T17:32:53.6828831+09:00     "polled": 0,
2026-06-15T17:32:53.6838862+09:00     "picks_applied": 0,
2026-06-15T17:32:53.6856589+09:00     "pick_errors": 0,
2026-06-15T17:32:53.6868719+09:00     "timeouts": 0,
2026-06-15T17:32:53.6888742+09:00     "skipped": 0,
2026-06-15T17:32:53.6897543+09:00     "results": [
2026-06-15T17:32:53.6918412+09:00       {
2026-06-15T17:32:53.6933984+09:00         "task_id": "daily-20260615-r02",
2026-06-15T17:32:53.6952179+09:00         "result": {
2026-06-15T17:32:53.6962211+09:00           "outcome": "no_new_messages"
2026-06-15T17:32:53.6982201+09:00         }
2026-06-15T17:32:53.6992197+09:00       },
2026-06-15T17:32:53.7012208+09:00       {
2026-06-15T17:32:53.7020333+09:00         "task_id": "daily-20260615-r03",
2026-06-15T17:32:53.7040349+09:00         "result": {
2026-06-15T17:32:53.7050333+09:00           "outcome": "no_new_messages"
2026-06-15T17:32:53.7060344+09:00         }
2026-06-15T17:32:53.7080345+09:00       }
2026-06-15T17:32:53.7100351+09:00     ]
2026-06-15T17:32:53.7121933+09:00   },
2026-06-15T17:32:53.7131930+09:00   "step7_retry_poll": {
2026-06-15T17:32:53.7141908+09:00     "scanned": 13,
2026-06-15T17:32:53.7161929+09:00     "eligible": 9,
2026-06-15T17:32:53.7171920+09:00     "polled": 0,
2026-06-15T17:32:53.7181915+09:00     "retries_triggered": 0,
2026-06-15T17:32:53.7181915+09:00     "retry_errors": 0,
2026-06-15T17:32:53.7181915+09:00     "skipped": 0,
2026-06-15T17:32:53.7181915+09:00     "results": []
2026-06-15T17:32:53.7235048+09:00   }
2026-06-15T17:32:53.7235048+09:00 }
2026-06-15T17:32:53.7235048+09:00 OK run-once finished
2026-06-15T17:37:49.3436779+09:00 START dispatch-run-once
2026-06-15T17:37:49.7482191+09:00 
2026-06-15T17:37:49.7512180+09:00 > orchestrator
2026-06-15T17:37:49.7522192+09:00 > tsx src/cli/orchestrator.ts run-once --limit 10
2026-06-15T17:37:49.7562137+09:00 
2026-06-15T17:37:53.3063484+09:00 {
2026-06-15T17:37:53.3083498+09:00   "ensure_daily": {
2026-06-15T17:37:53.3113490+09:00     "runs": [
2026-06-15T17:37:53.3153531+09:00       {
2026-06-15T17:37:53.3183521+09:00         "run_id": "r01",
2026-06-15T17:37:53.3213517+09:00         "action": "not_due",
2026-06-15T17:37:53.3233512+09:00         "taskId": "daily-20260615-r01",
2026-06-15T17:37:53.3263483+09:00         "reason": "jst_hour=17"
2026-06-15T17:37:53.3293496+09:00       },
2026-06-15T17:37:53.3553496+09:00       {
2026-06-15T17:37:53.3583486+09:00         "run_id": "r02",
2026-06-15T17:37:53.3603489+09:00         "action": "not_due",
2026-06-15T17:37:53.3633509+09:00         "taskId": "daily-20260615-r02",
2026-06-15T17:37:53.3663487+09:00         "reason": "jst_hour=17"
2026-06-15T17:37:53.3693488+09:00       },
2026-06-15T17:37:53.3723485+09:00       {
2026-06-15T17:37:53.3753599+09:00         "run_id": "r03",
2026-06-15T17:37:53.3773134+09:00         "action": "skipped_exists",
2026-06-15T17:37:53.3793182+09:00         "taskId": "daily-20260615-r03"
2026-06-15T17:37:53.3816291+09:00       }
2026-06-15T17:37:53.3836358+09:00     ]
2026-06-15T17:37:53.3846367+09:00   },
2026-06-15T17:37:53.3866362+09:00   "reconcile": {
2026-06-15T17:37:53.3886367+09:00     "resetProcessing": 0,
2026-06-15T17:37:53.3906737+09:00     "inserted": 2,
2026-06-15T17:37:53.3926728+09:00     "scanned": 13,
2026-06-15T17:37:53.3936725+09:00     "stale": {
2026-06-15T17:37:53.3956770+09:00       "scanned": 13,
2026-06-15T17:37:53.3976750+09:00       "staleDetected": 0,
2026-06-15T17:37:53.3996723+09:00       "rolledBack": 0,
2026-06-15T17:37:53.4016726+09:00       "skippedCap": 0,
2026-06-15T17:37:53.4036735+09:00       "dryRun": false,
2026-06-15T17:37:53.4056734+09:00       "actions": []
2026-06-15T17:37:53.4076728+09:00     }
2026-06-15T17:37:53.4096728+09:00   },
2026-06-15T17:37:53.4106749+09:00   "dispatch": {
2026-06-15T17:37:53.4126800+09:00     "claimed": 2,
2026-06-15T17:37:53.4136734+09:00     "done": 2,
2026-06-15T17:37:53.4156744+09:00     "failed": 0
2026-06-15T17:37:53.4166730+09:00   },
2026-06-15T17:37:53.4186722+09:00   "step4_poll": {
2026-06-15T17:37:53.4196740+09:00     "scanned": 13,
2026-06-15T17:37:53.4216747+09:00     "awaiting": 2,
2026-06-15T17:37:53.4236748+09:00     "polled": 0,
2026-06-15T17:37:53.4246728+09:00     "picks_applied": 0,
2026-06-15T17:37:53.4266714+09:00     "pick_errors": 0,
2026-06-15T17:37:53.4276716+09:00     "timeouts": 0,
2026-06-15T17:37:53.4296780+09:00     "skipped": 0,
2026-06-15T17:37:53.4316732+09:00     "results": [
2026-06-15T17:37:53.4326731+09:00       {
2026-06-15T17:37:53.4346727+09:00         "task_id": "daily-20260615-r02",
2026-06-15T17:37:53.4356732+09:00         "result": {
2026-06-15T17:37:53.4376768+09:00           "outcome": "no_new_messages"
2026-06-15T17:37:53.4396741+09:00         }
2026-06-15T17:37:53.4416728+09:00       },
2026-06-15T17:37:53.4426716+09:00       {
2026-06-15T17:37:53.4446723+09:00         "task_id": "daily-20260615-r03",
2026-06-15T17:37:53.4466753+09:00         "result": {
2026-06-15T17:37:53.4476742+09:00           "outcome": "no_new_messages"
2026-06-15T17:37:53.4496716+09:00         }
2026-06-15T17:37:53.4506730+09:00       }
2026-06-15T17:37:53.4516723+09:00     ]
2026-06-15T17:37:53.4546758+09:00   },
2026-06-15T17:37:53.4566728+09:00   "step7_retry_poll": {
2026-06-15T17:37:53.4576729+09:00     "scanned": 13,
2026-06-15T17:37:53.4586724+09:00     "eligible": 9,
2026-06-15T17:37:53.4606731+09:00     "polled": 0,
2026-06-15T17:37:53.4626749+09:00     "retries_triggered": 0,
2026-06-15T17:37:53.4636744+09:00     "retry_errors": 0,
2026-06-15T17:37:53.4656728+09:00     "skipped": 0,
2026-06-15T17:37:53.4666747+09:00     "results": []
2026-06-15T17:37:53.4686735+09:00   }
2026-06-15T17:37:53.4706760+09:00 }
2026-06-15T17:37:53.4726732+09:00 OK run-once finished
2026-06-15T17:42:50.3376721+09:00 START dispatch-run-once
2026-06-15T17:42:50.7260287+09:00 
2026-06-15T17:42:50.7280270+09:00 > orchestrator
2026-06-15T17:42:50.7300284+09:00 > tsx src/cli/orchestrator.ts run-once --limit 10
2026-06-15T17:42:50.7321239+09:00 
2026-06-15T17:42:54.2743692+09:00 {
2026-06-15T17:42:54.2874059+09:00   "ensure_daily": {
2026-06-15T17:42:54.2974049+09:00     "runs": [
2026-06-15T17:42:54.3099166+09:00       {
2026-06-15T17:42:54.3182296+09:00         "run_id": "r01",
2026-06-15T17:42:54.3224918+09:00         "action": "not_due",
2026-06-15T17:42:54.3276242+09:00         "taskId": "daily-20260615-r01",
2026-06-15T17:42:54.3336287+09:00         "reason": "jst_hour=17"
2026-06-15T17:42:54.3376226+09:00       },
2026-06-15T17:42:54.3639871+09:00       {
2026-06-15T17:42:54.3659859+09:00         "run_id": "r02",
2026-06-15T17:42:54.3689854+09:00         "action": "not_due",
2026-06-15T17:42:54.3721057+09:00         "taskId": "daily-20260615-r02",
2026-06-15T17:42:54.3751977+09:00         "reason": "jst_hour=17"
2026-06-15T17:42:54.3773702+09:00       },
2026-06-15T17:42:54.3795893+09:00       {
2026-06-15T17:42:54.3812960+09:00         "run_id": "r03",
2026-06-15T17:42:54.3829390+09:00         "action": "skipped_exists",
2026-06-15T17:42:54.3845653+09:00         "taskId": "daily-20260615-r03"
2026-06-15T17:42:54.3856602+09:00       }
2026-06-15T17:42:54.3872327+09:00     ]
2026-06-15T17:42:54.3882327+09:00   },
2026-06-15T17:42:54.3912312+09:00   "reconcile": {
2026-06-15T17:42:54.3922305+09:00     "resetProcessing": 0,
2026-06-15T17:42:54.3942329+09:00     "inserted": 2,
2026-06-15T17:42:54.3952355+09:00     "scanned": 13,
2026-06-15T17:42:54.3972339+09:00     "stale": {
2026-06-15T17:42:54.3992342+09:00       "scanned": 13,
2026-06-15T17:42:54.4023536+09:00       "staleDetected": 0,
2026-06-15T17:42:54.4073517+09:00       "rolledBack": 0,
2026-06-15T17:42:54.4093639+09:00       "skippedCap": 0,
2026-06-15T17:42:54.4113634+09:00       "dryRun": false,
2026-06-15T17:42:54.4134872+09:00       "actions": []
2026-06-15T17:42:54.4154908+09:00     }
2026-06-15T17:42:54.4174889+09:00   },
2026-06-15T17:42:54.4184891+09:00   "dispatch": {
2026-06-15T17:42:54.4204891+09:00     "claimed": 2,
2026-06-15T17:42:54.4226429+09:00     "done": 2,
2026-06-15T17:42:54.4241559+09:00     "failed": 0
2026-06-15T17:42:54.4261642+09:00   },
2026-06-15T17:42:54.4271662+09:00   "step4_poll": {
2026-06-15T17:42:54.4291656+09:00     "scanned": 13,
2026-06-15T17:42:54.4301661+09:00     "awaiting": 2,
2026-06-15T17:42:54.4321668+09:00     "polled": 0,
2026-06-15T17:42:54.4342783+09:00     "picks_applied": 0,
2026-06-15T17:42:54.4352776+09:00     "pick_errors": 0,
2026-06-15T17:42:54.4372775+09:00     "timeouts": 0,
2026-06-15T17:42:54.4382785+09:00     "skipped": 0,
2026-06-15T17:42:54.4402775+09:00     "results": [
2026-06-15T17:42:54.4423867+09:00       {
2026-06-15T17:42:54.4433901+09:00         "task_id": "daily-20260615-r02",
2026-06-15T17:42:54.4453914+09:00         "result": {
2026-06-15T17:42:54.4463911+09:00           "outcome": "no_new_messages"
2026-06-15T17:42:54.4483906+09:00         }
2026-06-15T17:42:54.4503909+09:00       },
2026-06-15T17:42:54.4513903+09:00       {
2026-06-15T17:42:54.4525001+09:00         "task_id": "daily-20260615-r03",
2026-06-15T17:42:54.4545001+09:00         "result": {
2026-06-15T17:42:54.4564988+09:00           "outcome": "no_new_messages"
2026-06-15T17:42:54.4585013+09:00         }
2026-06-15T17:42:54.4595010+09:00       }
2026-06-15T17:42:54.4605008+09:00     ]
2026-06-15T17:42:54.4626087+09:00   },
2026-06-15T17:42:54.4636125+09:00   "step7_retry_poll": {
2026-06-15T17:42:54.4656093+09:00     "scanned": 13,
2026-06-15T17:42:54.4676081+09:00     "eligible": 9,
2026-06-15T17:42:54.4686084+09:00     "polled": 0,
2026-06-15T17:42:54.4706073+09:00     "retries_triggered": 0,
2026-06-15T17:42:54.4716090+09:00     "retry_errors": 0,
2026-06-15T17:42:54.4737205+09:00     "skipped": 0,
2026-06-15T17:42:54.4757190+09:00     "results": []
2026-06-15T17:42:54.4767205+09:00   }
2026-06-15T17:42:54.4777205+09:00 }
2026-06-15T17:42:54.4797194+09:00 OK run-once finished
2026-06-15T17:47:50.5706575+09:00 START dispatch-run-once
2026-06-15T17:47:51.1266517+09:00 
2026-06-15T17:47:51.1317064+09:00 > orchestrator
2026-06-15T17:47:51.1371635+09:00 > tsx src/cli/orchestrator.ts run-once --limit 10
2026-06-15T17:47:51.1371635+09:00 
2026-06-15T17:47:55.3465837+09:00 {
2026-06-15T17:47:55.3574595+09:00   "ensure_daily": {
2026-06-15T17:47:55.3627206+09:00     "runs": [
2026-06-15T17:47:55.3733938+09:00       {
2026-06-15T17:47:55.3836571+09:00         "run_id": "r01",
2026-06-15T17:47:55.3941760+09:00         "action": "not_due",
2026-06-15T17:47:55.4008512+09:00         "taskId": "daily-20260615-r01",
2026-06-15T17:47:55.4044176+09:00         "reason": "jst_hour=17"
2026-06-15T17:47:55.4099322+09:00       },
2026-06-15T17:47:55.4432966+09:00       {
2026-06-15T17:47:55.4467201+09:00         "run_id": "r02",
2026-06-15T17:47:55.4518204+09:00         "action": "not_due",
2026-06-15T17:47:55.4518204+09:00         "taskId": "daily-20260615-r02",
2026-06-15T17:47:55.4568578+09:00         "reason": "jst_hour=17"
2026-06-15T17:47:55.4568578+09:00       },
2026-06-15T17:47:55.4620144+09:00       {
2026-06-15T17:47:55.4665701+09:00         "run_id": "r03",
2026-06-15T17:47:55.4665701+09:00         "action": "skipped_exists",
2026-06-15T17:47:55.4716827+09:00         "taskId": "daily-20260615-r03"
2026-06-15T17:47:55.4716827+09:00       }
2026-06-15T17:47:55.4771329+09:00     ]
2026-06-15T17:47:55.4771329+09:00   },
2026-06-15T17:47:55.4822953+09:00   "reconcile": {
2026-06-15T17:47:55.4832631+09:00     "resetProcessing": 0,
2026-06-15T17:47:55.4832631+09:00     "inserted": 2,
2026-06-15T17:47:55.4874899+09:00     "scanned": 13,
2026-06-15T17:47:55.4874899+09:00     "stale": {
2026-06-15T17:47:55.4874899+09:00       "scanned": 13,
2026-06-15T17:47:55.4929281+09:00       "staleDetected": 0,
2026-06-15T17:47:55.4929281+09:00       "rolledBack": 0,
2026-06-15T17:47:55.4981227+09:00       "skippedCap": 0,
2026-06-15T17:47:55.5007644+09:00       "dryRun": false,
2026-06-15T17:47:55.5036227+09:00       "actions": []
2026-06-15T17:47:55.5036227+09:00     }
2026-06-15T17:47:55.5077683+09:00   },
2026-06-15T17:47:55.5091145+09:00   "dispatch": {
2026-06-15T17:47:55.5091145+09:00     "claimed": 2,
2026-06-15T17:47:55.5137898+09:00     "done": 2,
2026-06-15T17:47:55.5137898+09:00     "failed": 0
2026-06-15T17:47:55.5137898+09:00   },
2026-06-15T17:47:55.5189024+09:00   "step4_poll": {
2026-06-15T17:47:55.5189024+09:00     "scanned": 13,
2026-06-15T17:47:55.5189024+09:00     "awaiting": 2,
2026-06-15T17:47:55.5240183+09:00     "polled": 0,
2026-06-15T17:47:55.5259865+09:00     "picks_applied": 0,
2026-06-15T17:47:55.5259865+09:00     "pick_errors": 0,
2026-06-15T17:47:55.5291819+09:00     "timeouts": 0,
2026-06-15T17:47:55.5291819+09:00     "skipped": 0,
2026-06-15T17:47:55.5291819+09:00     "results": [
2026-06-15T17:47:55.5342228+09:00       {
2026-06-15T17:47:55.5342228+09:00         "task_id": "daily-20260615-r02",
2026-06-15T17:47:55.5342228+09:00         "result": {
2026-06-15T17:47:55.5393428+09:00           "outcome": "no_new_messages"
2026-06-15T17:47:55.5393428+09:00         }
2026-06-15T17:47:55.5393428+09:00       },
2026-06-15T17:47:55.5445732+09:00       {
2026-06-15T17:47:55.5445732+09:00         "task_id": "daily-20260615-r03",
2026-06-15T17:47:55.5445732+09:00         "result": {
2026-06-15T17:47:55.5498647+09:00           "outcome": "no_new_messages"
2026-06-15T17:47:55.5498647+09:00         }
2026-06-15T17:47:55.5498647+09:00       }
2026-06-15T17:47:55.5548839+09:00     ]
2026-06-15T17:47:55.5578824+09:00   },
2026-06-15T17:47:55.5599171+09:00   "step7_retry_poll": {
2026-06-15T17:47:55.5599171+09:00     "scanned": 13,
2026-06-15T17:47:55.5599171+09:00     "eligible": 9,
2026-06-15T17:47:55.5651161+09:00     "polled": 0,
2026-06-15T17:47:55.5651161+09:00     "retries_triggered": 0,
2026-06-15T17:47:55.5651161+09:00     "retry_errors": 0,
2026-06-15T17:47:55.5704228+09:00     "skipped": 0,
2026-06-15T17:47:55.5704228+09:00     "results": []
2026-06-15T17:47:55.5704228+09:00   }
2026-06-15T17:47:55.5758357+09:00 }
2026-06-15T17:47:55.5758357+09:00 OK run-once finished
2026-06-15T17:52:50.6535970+09:00 START dispatch-run-once
2026-06-15T17:52:51.1157029+09:00 
2026-06-15T17:52:51.1157029+09:00 > orchestrator
2026-06-15T17:52:51.1209672+09:00 > tsx src/cli/orchestrator.ts run-once --limit 10
2026-06-15T17:52:51.1261293+09:00 
2026-06-15T17:52:55.1584781+09:00 {
2026-06-15T17:52:55.1637492+09:00   "ensure_daily": {
2026-06-15T17:52:55.1728484+09:00     "runs": [
2026-06-15T17:52:55.1758648+09:00       {
2026-06-15T17:52:55.1788818+09:00         "run_id": "r01",
2026-06-15T17:52:55.1840502+09:00         "action": "not_due",
2026-06-15T17:52:55.1840502+09:00         "taskId": "daily-20260615-r01",
2026-06-15T17:52:55.1891248+09:00         "reason": "jst_hour=17"
2026-06-15T17:52:55.1891248+09:00       },
2026-06-15T17:52:55.2164960+09:00       {
2026-06-15T17:52:55.2195130+09:00         "run_id": "r02",
2026-06-15T17:52:55.2195130+09:00         "action": "not_due",
2026-06-15T17:52:55.2256683+09:00         "taskId": "daily-20260615-r02",
2026-06-15T17:52:55.2256683+09:00         "reason": "jst_hour=17"
2026-06-15T17:52:55.2299355+09:00       },
2026-06-15T17:52:55.2299355+09:00       {
2026-06-15T17:52:55.2351836+09:00         "run_id": "r03",
2026-06-15T17:52:55.2404919+09:00         "action": "skipped_exists",
2026-06-15T17:52:55.2404919+09:00         "taskId": "daily-20260615-r03"
2026-06-15T17:52:55.2457248+09:00       }
2026-06-15T17:52:55.2457248+09:00     ]
2026-06-15T17:52:55.2506170+09:00   },
2026-06-15T17:52:55.2506170+09:00   "reconcile": {
2026-06-15T17:52:55.2542928+09:00     "resetProcessing": 0,
2026-06-15T17:52:55.2560776+09:00     "inserted": 2,
2026-06-15T17:52:55.2560776+09:00     "scanned": 13,
2026-06-15T17:52:55.2560776+09:00     "stale": {
2026-06-15T17:52:55.2612324+09:00       "scanned": 13,
2026-06-15T17:52:55.2612324+09:00       "staleDetected": 0,
2026-06-15T17:52:55.2666774+09:00       "rolledBack": 0,
2026-06-15T17:52:55.2666774+09:00       "skippedCap": 0,
2026-06-15T17:52:55.2666774+09:00       "dryRun": false,
2026-06-15T17:52:55.2720616+09:00       "actions": []
2026-06-15T17:52:55.2720616+09:00     }
2026-06-15T17:52:55.2772747+09:00   },
2026-06-15T17:52:55.2772747+09:00   "dispatch": {
2026-06-15T17:52:55.2772747+09:00     "claimed": 2,
2026-06-15T17:52:55.2823224+09:00     "done": 2,
2026-06-15T17:52:55.2823224+09:00     "failed": 0
2026-06-15T17:52:55.2874512+09:00   },
2026-06-15T17:52:55.2874512+09:00   "step4_poll": {
2026-06-15T17:52:55.2874512+09:00     "scanned": 13,
2026-06-15T17:52:55.2874512+09:00     "awaiting": 2,
2026-06-15T17:52:55.2927241+09:00     "polled": 0,
2026-06-15T17:52:55.2927241+09:00     "picks_applied": 0,
2026-06-15T17:52:55.2978866+09:00     "pick_errors": 0,
2026-06-15T17:52:55.2978866+09:00     "timeouts": 0,
2026-06-15T17:52:55.2978866+09:00     "skipped": 0,
2026-06-15T17:52:55.3030881+09:00     "results": [
2026-06-15T17:52:55.3030881+09:00       {
2026-06-15T17:52:55.3030881+09:00         "task_id": "daily-20260615-r02",
2026-06-15T17:52:55.3085718+09:00         "result": {
2026-06-15T17:52:55.3085718+09:00           "outcome": "no_new_messages"
2026-06-15T17:52:55.3085718+09:00         }
2026-06-15T17:52:55.3152269+09:00       },
2026-06-15T17:52:55.3157950+09:00       {
2026-06-15T17:52:55.3186963+09:00         "task_id": "daily-20260615-r03",
2026-06-15T17:52:55.3186963+09:00         "result": {
2026-06-15T17:52:55.3186963+09:00           "outcome": "no_new_messages"
2026-06-15T17:52:55.3237617+09:00         }
2026-06-15T17:52:55.3257707+09:00       }
2026-06-15T17:52:55.3257707+09:00     ]
2026-06-15T17:52:55.3288115+09:00   },
2026-06-15T17:52:55.3288115+09:00   "step7_retry_poll": {
2026-06-15T17:52:55.3288115+09:00     "scanned": 13,
2026-06-15T17:52:55.3342516+09:00     "eligible": 9,
2026-06-15T17:52:55.3342516+09:00     "polled": 0,
2026-06-15T17:52:55.3342516+09:00     "retries_triggered": 0,
2026-06-15T17:52:55.3396649+09:00     "retry_errors": 0,
2026-06-15T17:52:55.3396649+09:00     "skipped": 0,
2026-06-15T17:52:55.3396649+09:00     "results": []
2026-06-15T17:52:55.3450841+09:00   }
2026-06-15T17:52:55.3450841+09:00 }
2026-06-15T17:52:55.3450841+09:00 OK run-once finished
2026-06-15T17:57:50.3881351+09:00 START dispatch-run-once
2026-06-15T17:57:50.8400608+09:00 
2026-06-15T17:57:50.8400608+09:00 > orchestrator
2026-06-15T17:57:50.8400608+09:00 > tsx src/cli/orchestrator.ts run-once --limit 10
2026-06-15T17:57:50.8560676+09:00 
2026-06-15T17:57:53.4303889+09:00 2026-06-15T08:57:53.429Z [info] [Step5 research daily-20260615-r03/custom_1c37da1206196461] [-] run_agent start {"timeout_ms":600000,"idempotency_key":"step5-research-daily-20260615-r03-r03-custom_1c37da1206196461-1781513873427"}
2026-06-15T17:57:53.4379961+09:00 2026-06-15T08:57:53.433Z [info] [Step5 research daily-20260615-r03/custom_1c37da1206196461] [-] rpc agent begin {"timeout_ms":600000}
2026-06-15T17:57:53.5493545+09:00 2026-06-15T08:57:53.558Z [info] [Step5 research daily-20260615-r03/custom_1c37da1206196461] [-] rpc agent ok {"duration_ms":125}
2026-06-15T17:57:53.5493545+09:00 2026-06-15T08:57:53.559Z [info] [Step5 research daily-20260615-r03/custom_1c37da1206196461] [-] rpc agent.wait begin {"timeout_ms":600000}
2026-06-15T17:58:33.3005180+09:00 2026-06-15T08:58:33.300Z [info] [Step5 research daily-20260615-r03/custom_1c37da1206196461] [-] rpc agent.wait ok {"duration_ms":39741}
2026-06-15T17:58:33.3081120+09:00 2026-06-15T08:58:33.301Z [info] [Step5 research daily-20260615-r03/custom_1c37da1206196461] [-] rpc chat.history begin {"timeout_ms":600000}
2026-06-15T17:58:33.3371944+09:00 2026-06-15T08:58:33.344Z [info] [Step5 research daily-20260615-r03/custom_1c37da1206196461] [-] rpc chat.history ok {"duration_ms":43}
2026-06-15T17:58:33.3502112+09:00 2026-06-15T08:58:33.345Z [info] [Step5 research daily-20260615-r03/custom_1c37da1206196461] [-] run_agent done {"duration_ms":39916,"gateway_run_id":"step5-research-daily-20260615-r03-r03-custom_1c37da1206196461-1781513873427","content_chars":1257}
2026-06-15T17:58:33.6811132+09:00 2026-06-15T08:58:33.677Z [info] [Step6 copy daily-20260615-r03/custom_1c37da1206196461 attempt=1] [-] run_agent start {"timeout_ms":600000,"idempotency_key":"step6-copy-daily-20260615-r03-r03-custom_1c37da1206196461-1781513913675-1"}
2026-06-15T17:58:33.7423578+09:00 2026-06-15T08:58:33.680Z [info] [Step6 copy daily-20260615-r03/custom_1c37da1206196461 attempt=1] [-] rpc agent begin {"timeout_ms":600000}
2026-06-15T17:58:33.8494702+09:00 2026-06-15T08:58:33.847Z [info] [Step6 copy daily-20260615-r03/custom_1c37da1206196461 attempt=1] [-] rpc agent ok {"duration_ms":167}
2026-06-15T17:58:33.8562024+09:00 2026-06-15T08:58:33.849Z [info] [Step6 copy daily-20260615-r03/custom_1c37da1206196461 attempt=1] [-] rpc agent.wait begin {"timeout_ms":600000}
2026-06-15T17:58:49.8202893+09:00 2026-06-15T08:58:49.819Z [info] [Step6 copy daily-20260615-r03/custom_1c37da1206196461 attempt=1] [-] rpc agent.wait ok {"duration_ms":15970}
2026-06-15T17:58:49.8267292+09:00 2026-06-15T08:58:49.821Z [info] [Step6 copy daily-20260615-r03/custom_1c37da1206196461 attempt=1] [-] rpc chat.history begin {"timeout_ms":600000}
2026-06-15T17:58:49.9906835+09:00 2026-06-15T08:58:49.987Z [info] [Step6 copy daily-20260615-r03/custom_1c37da1206196461 attempt=1] [-] rpc chat.history ok {"duration_ms":166}
2026-06-15T17:58:49.9958511+09:00 2026-06-15T08:58:49.988Z [info] [Step6 copy daily-20260615-r03/custom_1c37da1206196461 attempt=1] [-] run_agent done {"duration_ms":16311,"gateway_run_id":"step6-copy-daily-20260615-r03-r03-custom_1c37da1206196461-1781513913675-1","content_chars":2775}
2026-06-15T17:58:50.0038711+09:00 [content-copy] daily-20260615-r03/custom_1c37da1206196461: CONTENT_COPY_DRAFT_LIMIT: 蟆冗ｺ｢荵ｦ (xiaohongshu) title: 17 chars, max 16; X (x) body: 327 chars, max 200 窶・retry 2/3
2026-06-15T17:58:50.0108618+09:00 2026-06-15T08:58:49.993Z [info] [Step6 copy daily-20260615-r03/custom_1c37da1206196461 attempt=2] [-] run_agent start {"timeout_ms":600000,"idempotency_key":"step6-copy-daily-20260615-r03-r03-custom_1c37da1206196461-1781513929993-2"}
2026-06-15T17:58:50.0128774+09:00 2026-06-15T08:58:49.995Z [info] [Step6 copy daily-20260615-r03/custom_1c37da1206196461 attempt=2] [-] rpc agent begin {"timeout_ms":600000}
2026-06-15T17:58:50.1131130+09:00 2026-06-15T08:58:50.124Z [info] [Step6 copy daily-20260615-r03/custom_1c37da1206196461 attempt=2] [-] rpc agent ok {"duration_ms":129}
2026-06-15T17:58:50.1289663+09:00 2026-06-15T08:58:50.125Z [info] [Step6 copy daily-20260615-r03/custom_1c37da1206196461 attempt=2] [-] rpc agent.wait begin {"timeout_ms":600000}
2026-06-15T17:59:19.6550817+09:00 2026-06-15T08:59:19.654Z [info] [Step6 copy daily-20260615-r03/custom_1c37da1206196461 attempt=2] [-] rpc agent.wait ok {"duration_ms":29529}
2026-06-15T17:59:19.6570947+09:00 2026-06-15T08:59:19.654Z [info] [Step6 copy daily-20260615-r03/custom_1c37da1206196461 attempt=2] [-] rpc chat.history begin {"timeout_ms":600000}
2026-06-15T17:59:19.7062668+09:00 2026-06-15T08:59:19.708Z [info] [Step6 copy daily-20260615-r03/custom_1c37da1206196461 attempt=2] [-] rpc chat.history ok {"duration_ms":54}
2026-06-15T17:59:19.7113390+09:00 2026-06-15T08:59:19.708Z [info] [Step6 copy daily-20260615-r03/custom_1c37da1206196461 attempt=2] [-] run_agent done {"duration_ms":29715,"gateway_run_id":"step6-copy-daily-20260615-r03-r03-custom_1c37da1206196461-1781513929993-2","content_chars":6008}
2026-06-15T17:59:19.7113390+09:00 [content-copy] daily-20260615-r03/custom_1c37da1206196461: CONTENT_COPY_DRAFT_LIMIT: 蟆冗ｺ｢荵ｦ (xiaohongshu) title: 17 chars, max 16; X (x) body: 288 chars, max 200 窶・retry 3/3
2026-06-15T17:59:19.7185332+09:00 2026-06-15T08:59:19.710Z [info] [Step6 copy daily-20260615-r03/custom_1c37da1206196461 attempt=3] [-] run_agent start {"timeout_ms":600000,"idempotency_key":"step6-copy-daily-20260615-r03-r03-custom_1c37da1206196461-1781513959709-3"}
2026-06-15T17:59:19.7212536+09:00 2026-06-15T08:59:19.710Z [info] [Step6 copy daily-20260615-r03/custom_1c37da1206196461 attempt=3] [-] rpc agent begin {"timeout_ms":600000}
2026-06-15T17:59:19.7989201+09:00 2026-06-15T08:59:19.801Z [info] [Step6 copy daily-20260615-r03/custom_1c37da1206196461 attempt=3] [-] rpc agent ok {"duration_ms":91}
2026-06-15T17:59:19.8039745+09:00 2026-06-15T08:59:19.802Z [info] [Step6 copy daily-20260615-r03/custom_1c37da1206196461 attempt=3] [-] rpc agent.wait begin {"timeout_ms":600000}
2026-06-15T17:59:34.3166894+09:00 2026-06-15T08:59:34.316Z [info] [Step6 copy daily-20260615-r03/custom_1c37da1206196461 attempt=3] [-] rpc agent.wait ok {"duration_ms":14514}
2026-06-15T17:59:34.3207054+09:00 2026-06-15T08:59:34.317Z [info] [Step6 copy daily-20260615-r03/custom_1c37da1206196461 attempt=3] [-] rpc chat.history begin {"timeout_ms":600000}
2026-06-15T17:59:34.3584191+09:00 2026-06-15T08:59:34.358Z [info] [Step6 copy daily-20260615-r03/custom_1c37da1206196461 attempt=3] [-] rpc chat.history ok {"duration_ms":41}
2026-06-15T17:59:34.3611866+09:00 2026-06-15T08:59:34.359Z [info] [Step6 copy daily-20260615-r03/custom_1c37da1206196461 attempt=3] [-] run_agent done {"duration_ms":14649,"gateway_run_id":"step6-copy-daily-20260615-r03-r03-custom_1c37da1206196461-1781513959709-3","content_chars":2927}
2026-06-15T17:59:34.3678655+09:00 [content-copy] daily-20260615-r03/custom_1c37da1206196461: limits still exceeded after 3 attempts; applied local clamp (CONTENT_COPY_DRAFT_LIMIT: X (x) body: 386 chars, max 200; Instagram (instagram) body: 103 chars, max 100)
2026-06-15T18:03:26.5246786+09:00 START dispatch-run-once
2026-06-15T18:03:26.9751085+09:00 
2026-06-15T18:03:26.9785047+09:00 > orchestrator
2026-06-15T18:03:26.9795784+09:00 > tsx src/cli/orchestrator.ts run-once --limit 10
2026-06-15T18:03:26.9831416+09:00 
2026-06-15T18:03:38.3487489+09:00 {
2026-06-15T18:03:38.3592230+09:00   "ensure_daily": {
2026-06-15T18:03:38.3663783+09:00     "runs": [
2026-06-15T18:03:38.3795032+09:00       {
2026-06-15T18:03:38.3848264+09:00         "run_id": "r01",
2026-06-15T18:03:38.3953463+09:00         "action": "not_due",
2026-06-15T18:03:38.4059300+09:00         "taskId": "daily-20260615-r01",
2026-06-15T18:03:38.4530470+09:00         "reason": "jst_hour=17"
2026-06-15T18:03:38.4581220+09:00       },
2026-06-15T18:03:38.4682744+09:00       {
2026-06-15T18:03:38.4733893+09:00         "run_id": "r02",
2026-06-15T18:03:38.4785447+09:00         "action": "not_due",
2026-06-15T18:03:38.4836222+09:00         "taskId": "daily-20260615-r02",
2026-06-15T18:03:38.4888932+09:00         "reason": "jst_hour=17"
2026-06-15T18:03:38.4888932+09:00       },
2026-06-15T18:03:38.4962539+09:00       {
2026-06-15T18:03:38.4992751+09:00         "run_id": "r03",
2026-06-15T18:03:38.4992751+09:00         "action": "skipped_exists",
2026-06-15T18:03:38.5064495+09:00         "taskId": "daily-20260615-r03"
2026-06-15T18:03:38.5096803+09:00       }
2026-06-15T18:03:38.5096803+09:00     ]
2026-06-15T18:03:38.5147020+09:00   },
2026-06-15T18:03:38.5147020+09:00   "reconcile": {
2026-06-15T18:03:38.5197087+09:00     "resetProcessing": 0,
2026-06-15T18:03:38.5197087+09:00     "inserted": 3,
2026-06-15T18:03:38.5197087+09:00     "scanned": 13,
2026-06-15T18:03:38.5257819+09:00     "stale": {
2026-06-15T18:03:38.5257819+09:00       "scanned": 13,
2026-06-15T18:03:38.5257819+09:00       "staleDetected": 0,
2026-06-15T18:03:38.5302983+09:00       "rolledBack": 0,
2026-06-15T18:03:38.5302983+09:00       "skippedCap": 0,
2026-06-15T18:03:38.5302983+09:00       "dryRun": false,
2026-06-15T18:03:38.5356164+09:00       "actions": []
2026-06-15T18:03:38.5356164+09:00     }
2026-06-15T18:03:38.5407507+09:00   },
2026-06-15T18:03:38.5407507+09:00   "dispatch": {
2026-06-15T18:03:38.5457980+09:00     "claimed": 11,
2026-06-15T18:03:38.5457980+09:00     "done": 4,
2026-06-15T18:03:38.5457980+09:00     "failed": 7
2026-06-15T18:03:38.5512083+09:00   },
2026-06-15T18:03:38.5512083+09:00   "step4_poll": {
2026-06-15T18:03:38.5562574+09:00     "scanned": 13,
2026-06-15T18:03:38.5562574+09:00     "awaiting": 2,
2026-06-15T18:03:38.5562574+09:00     "polled": 1,
2026-06-15T18:03:38.5612705+09:00     "picks_applied": 1,
2026-06-15T18:03:38.5612705+09:00     "pick_errors": 0,
2026-06-15T18:03:38.5612705+09:00     "timeouts": 0,
2026-06-15T18:03:38.5662912+09:00     "skipped": 0,
2026-06-15T18:03:38.5674689+09:00     "results": [
2026-06-15T18:03:38.5674689+09:00       {
2026-06-15T18:03:38.5714241+09:00         "task_id": "daily-20260615-r02",
2026-06-15T18:03:38.5714241+09:00         "result": {
2026-06-15T18:03:38.5714241+09:00           "outcome": "no_new_messages"
2026-06-15T18:03:38.5764915+09:00         }
2026-06-15T18:03:38.5764915+09:00       },
2026-06-15T18:03:38.5764915+09:00       {
2026-06-15T18:03:38.5816434+09:00         "task_id": "daily-20260615-r03",
2026-06-15T18:03:38.5816434+09:00         "result": {
2026-06-15T18:03:38.5868043+09:00           "outcome": "pick_applied",
2026-06-15T18:03:38.5868043+09:00           "task_id": "daily-20260615-r03"
2026-06-15T18:03:38.5868043+09:00         }
2026-06-15T18:03:38.5918969+09:00       }
2026-06-15T18:03:38.5918969+09:00     ]
2026-06-15T18:03:38.5918969+09:00   },
2026-06-15T18:03:38.5973470+09:00   "step7_retry_poll": {
2026-06-15T18:03:38.5973470+09:00     "scanned": 13,
2026-06-15T18:03:38.5973470+09:00     "eligible": 9,
2026-06-15T18:03:38.5973470+09:00     "polled": 0,
2026-06-15T18:03:38.6026835+09:00     "retries_triggered": 0,
2026-06-15T18:03:38.6026835+09:00     "retry_errors": 0,
2026-06-15T18:03:38.6026835+09:00     "skipped": 0,
2026-06-15T18:03:38.6078668+09:00     "results": []
2026-06-15T18:03:38.6078668+09:00   }
2026-06-15T18:03:38.6078668+09:00 }
2026-06-15T18:03:38.6132435+09:00 FAIL run-once exit=1
2026-06-15T18:04:08.6391192+09:00 [2026-06-15T09:04:08.641Z] 蠑蟋句書蟶・mode=post platform=xiaohongshu profile=default job=C:\Users\compu\.openclaw\publish-system\data\tasks\daily-20260615-r03\publish\publish_job_20260615_r03.json
2026-06-15T18:06:15.7047734+09:00 [2026-06-15T09:06:15.704Z] 逋ｻ蠖墓∝ｷｲ菫晏ｭ・ C:\Users\compu\.openclaw\publish-system\data\auth\xiaohongshu\default\state.json
2026-06-15T18:06:16.0206711+09:00 [2026-06-15T09:06:16.017Z] 扈捺棡蟾ｲ菫晏ｭ・ C:\Users\compu\.openclaw\publish-system\logs\task\daily-20260615-r03\xiaohongshu\default\result.json
2026-06-15T18:06:16.0206711+09:00 [2026-06-15T09:06:16.019Z] 蠑蟋句書蟶・mode=post platform=facebook profile=default job=C:\Users\compu\.openclaw\publish-system\data\tasks\daily-20260615-r03\publish\publish_job_20260615_r03.json
2026-06-15T18:07:50.1250534+09:00 START dispatch-run-once
2026-06-15T18:07:50.5785079+09:00 
2026-06-15T18:07:50.5946293+09:00 > orchestrator
2026-06-15T18:07:50.5946293+09:00 > tsx src/cli/orchestrator.ts run-once --limit 10
2026-06-15T18:07:50.5946293+09:00 
2026-06-15T18:07:54.6536349+09:00 {
2026-06-15T18:07:54.6632395+09:00   "ensure_daily": {
2026-06-15T18:07:54.6713561+09:00     "runs": [
2026-06-15T18:07:54.6792793+09:00       {
2026-06-15T18:07:54.6894369+09:00         "run_id": "r01",
2026-06-15T18:07:54.6914564+09:00         "action": "not_due",
2026-06-15T18:07:54.7032346+09:00         "taskId": "daily-20260615-r01",
2026-06-15T18:07:54.7032346+09:00         "reason": "jst_hour=18"
2026-06-15T18:07:54.7095632+09:00       },
2026-06-15T18:07:54.7419364+09:00       {
2026-06-15T18:07:54.7477699+09:00         "run_id": "r02",
2026-06-15T18:07:54.7519742+09:00         "action": "not_due",
2026-06-15T18:07:54.7519742+09:00         "taskId": "daily-20260615-r02",
2026-06-15T18:07:54.7553207+09:00         "reason": "jst_hour=18"
2026-06-15T18:07:54.7553207+09:00       },
2026-06-15T18:07:54.7553207+09:00       {
2026-06-15T18:07:54.7635225+09:00         "run_id": "r03",
2026-06-15T18:07:54.7635225+09:00         "action": "skipped_exists",
2026-06-15T18:07:54.7635225+09:00         "taskId": "daily-20260615-r03"
2026-06-15T18:07:54.7635225+09:00       }
2026-06-15T18:07:54.7635225+09:00     ]
2026-06-15T18:07:54.7635225+09:00   },
2026-06-15T18:07:54.7792537+09:00   "reconcile": {
2026-06-15T18:07:54.7792537+09:00     "resetProcessing": 0,
2026-06-15T18:07:54.7792537+09:00     "inserted": 1,
2026-06-15T18:07:54.7792537+09:00     "scanned": 13,
2026-06-15T18:07:54.7792537+09:00     "stale": {
2026-06-15T18:07:54.7792537+09:00       "scanned": 13,
2026-06-15T18:07:54.7792537+09:00       "staleDetected": 0,
2026-06-15T18:07:54.7949061+09:00       "rolledBack": 0,
2026-06-15T18:07:54.7949061+09:00       "skippedCap": 0,
2026-06-15T18:07:54.7949061+09:00       "dryRun": false,
2026-06-15T18:07:54.7949061+09:00       "actions": []
2026-06-15T18:07:54.7949061+09:00     }
2026-06-15T18:07:54.7949061+09:00   },
2026-06-15T18:07:54.7949061+09:00   "dispatch": {
2026-06-15T18:07:54.8105542+09:00     "claimed": 10,
2026-06-15T18:07:54.8105542+09:00     "done": 10,
2026-06-15T18:07:54.8105542+09:00     "failed": 0
2026-06-15T18:07:54.8105542+09:00   },
2026-06-15T18:07:54.8105542+09:00   "step4_poll": {
2026-06-15T18:07:54.8105542+09:00     "scanned": 13,
2026-06-15T18:07:54.8105542+09:00     "awaiting": 1,
2026-06-15T18:07:54.8105542+09:00     "polled": 0,
2026-06-15T18:07:54.8105542+09:00     "picks_applied": 0,
2026-06-15T18:07:54.8262913+09:00     "pick_errors": 0,
2026-06-15T18:07:54.8262913+09:00     "timeouts": 0,
2026-06-15T18:07:54.8262913+09:00     "skipped": 0,
2026-06-15T18:07:54.8262913+09:00     "results": [
2026-06-15T18:07:54.8262913+09:00       {
2026-06-15T18:07:54.8262913+09:00         "task_id": "daily-20260615-r02",
2026-06-15T18:07:54.8262913+09:00         "result": {
2026-06-15T18:07:54.8262913+09:00           "outcome": "no_new_messages"
2026-06-15T18:07:54.8262913+09:00         }
2026-06-15T18:07:54.8421217+09:00       }
2026-06-15T18:07:54.8421217+09:00     ]
2026-06-15T18:07:54.8421217+09:00   },
2026-06-15T18:07:54.8421217+09:00   "step7_retry_poll": {
2026-06-15T18:07:54.8421217+09:00     "scanned": 13,
2026-06-15T18:07:54.8421217+09:00     "eligible": 9,
2026-06-15T18:07:54.8555709+09:00     "polled": 0,
2026-06-15T18:07:54.8563245+09:00     "retries_triggered": 0,
2026-06-15T18:07:54.8587343+09:00     "retry_errors": 0,
2026-06-15T18:07:54.8616805+09:00     "skipped": 0,
2026-06-15T18:07:54.8646621+09:00     "results": []
2026-06-15T18:07:54.8646621+09:00   }
2026-06-15T18:07:54.8646621+09:00 }
2026-06-15T18:07:54.8731923+09:00 OK run-once finished
2026-06-15T18:11:47.8078527+09:00 [2026-06-15T09:11:47.795Z] 逋ｻ蠖墓∝ｷｲ菫晏ｭ・ C:\Users\compu\.openclaw\publish-system\data\auth\facebook\default\state.json
2026-06-15T18:11:48.4061237+09:00 [2026-06-15T09:11:48.400Z] 扈捺棡蟾ｲ菫晏ｭ・ C:\Users\compu\.openclaw\publish-system\logs\task\daily-20260615-r03\facebook\default\result.json
2026-06-15T18:11:48.4155432+09:00 [2026-06-15T09:11:48.410Z] 蠑蟋句書蟶・mode=post platform=x profile=default job=C:\Users\compu\.openclaw\publish-system\data\tasks\daily-20260615-r03\publish\publish_job_20260615_r03.json
2026-06-15T18:12:50.2589250+09:00 START dispatch-run-once
2026-06-15T18:12:51.0833432+09:00 
2026-06-15T18:12:51.0881617+09:00 > orchestrator
2026-06-15T18:12:51.0917048+09:00 > tsx src/cli/orchestrator.ts run-once --limit 10
2026-06-15T18:12:51.0939647+09:00 
2026-06-15T18:12:55.1169135+09:00 {
2026-06-15T18:12:55.1318810+09:00   "ensure_daily": {
2026-06-15T18:12:55.1427733+09:00     "runs": [
2026-06-15T18:12:55.1526202+09:00       {
2026-06-15T18:12:55.1635691+09:00         "run_id": "r01",
2026-06-15T18:12:55.1742751+09:00         "action": "not_due",
2026-06-15T18:12:55.1779148+09:00         "taskId": "daily-20260615-r01",
2026-06-15T18:12:55.1832816+09:00         "reason": "jst_hour=18"
2026-06-15T18:12:55.1863567+09:00       },
2026-06-15T18:12:55.2165295+09:00       {
2026-06-15T18:12:55.2180849+09:00         "run_id": "r02",
2026-06-15T18:12:55.2180849+09:00         "action": "not_due",
2026-06-15T18:12:55.2255339+09:00         "taskId": "daily-20260615-r02",
2026-06-15T18:12:55.2279743+09:00         "reason": "jst_hour=18"
2026-06-15T18:12:55.2340140+09:00       },
2026-06-15T18:12:55.2388166+09:00       {
2026-06-15T18:12:55.2415269+09:00         "run_id": "r03",
2026-06-15T18:12:55.2421335+09:00         "action": "skipped_exists",
2026-06-15T18:12:55.2421335+09:00         "taskId": "daily-20260615-r03"
2026-06-15T18:12:55.2508616+09:00       }
2026-06-15T18:12:55.2508616+09:00     ]
2026-06-15T18:12:55.2508616+09:00   },
2026-06-15T18:12:55.2588173+09:00   "reconcile": {
2026-06-15T18:12:55.2588173+09:00     "resetProcessing": 0,
2026-06-15T18:12:55.2665203+09:00     "inserted": 0,
2026-06-15T18:12:55.2702070+09:00     "scanned": 13,
2026-06-15T18:12:55.2702070+09:00     "stale": {
2026-06-15T18:12:55.2748333+09:00       "scanned": 13,
2026-06-15T18:12:55.2748333+09:00       "staleDetected": 0,
2026-06-15T18:12:55.2748333+09:00       "rolledBack": 0,
2026-06-15T18:12:55.2833858+09:00       "skippedCap": 0,
2026-06-15T18:12:55.2833858+09:00       "dryRun": false,
2026-06-15T18:12:55.2909448+09:00       "actions": []
2026-06-15T18:12:55.2915137+09:00     }
2026-06-15T18:12:55.2953730+09:00   },
2026-06-15T18:12:55.2998760+09:00   "dispatch": {
2026-06-15T18:12:55.3020404+09:00     "claimed": 10,
2026-06-15T18:12:55.3041234+09:00     "done": 10,
2026-06-15T18:12:55.3082429+09:00     "failed": 0
2026-06-15T18:12:55.3082429+09:00   },
2026-06-15T18:12:55.3124842+09:00   "step4_poll": {
2026-06-15T18:12:55.3166468+09:00     "scanned": 13,
2026-06-15T18:12:55.3166468+09:00     "awaiting": 1,
2026-06-15T18:12:55.3166468+09:00     "polled": 0,
2026-06-15T18:12:55.3166468+09:00     "picks_applied": 0,
2026-06-15T18:12:55.3166468+09:00     "pick_errors": 0,
2026-06-15T18:12:55.3166468+09:00     "timeouts": 0,
2026-06-15T18:12:55.3325121+09:00     "skipped": 0,
2026-06-15T18:12:55.3325121+09:00     "results": [
2026-06-15T18:12:55.3325121+09:00       {
2026-06-15T18:12:55.3325121+09:00         "task_id": "daily-20260615-r02",
2026-06-15T18:12:55.3325121+09:00         "result": {
2026-06-15T18:12:55.3499526+09:00           "outcome": "no_new_messages"
2026-06-15T18:12:55.3499526+09:00         }
2026-06-15T18:12:55.3499526+09:00       }
2026-06-15T18:12:55.3499526+09:00     ]
2026-06-15T18:12:55.3499526+09:00   },
2026-06-15T18:12:55.3643130+09:00   "step7_retry_poll": {
2026-06-15T18:12:55.3643130+09:00     "scanned": 13,
2026-06-15T18:12:55.3643130+09:00     "eligible": 9,
2026-06-15T18:12:55.3703130+09:00     "polled": 0,
2026-06-15T18:12:55.3749843+09:00     "retries_triggered": 0,
2026-06-15T18:12:55.3749843+09:00     "retry_errors": 0,
2026-06-15T18:12:55.3749843+09:00     "skipped": 0,
2026-06-15T18:12:55.3832713+09:00     "results": []
2026-06-15T18:12:55.3832713+09:00   }
2026-06-15T18:12:55.3832713+09:00 }
2026-06-15T18:12:55.3832713+09:00 OK run-once finished
2026-06-15T18:12:57.0934783+09:00 [2026-06-15T09:12:57.092Z] 逋ｻ蠖墓∝ｷｲ菫晏ｭ・ C:\Users\compu\.openclaw\publish-system\data\auth\x\default\state.json
2026-06-15T18:12:57.5355425+09:00 [2026-06-15T09:12:57.536Z] 扈捺棡蟾ｲ菫晏ｭ・ C:\Users\compu\.openclaw\publish-system\logs\task\daily-20260615-r03\x\default\result.json
2026-06-15T18:12:57.5727048+09:00 [2026-06-15T09:12:57.539Z] 蠑蟋句書蟶・mode=post platform=instagram profile=default job=C:\Users\compu\.openclaw\publish-system\data\tasks\daily-20260615-r03\publish\publish_job_20260615_r03.json
2026-06-15T18:14:23.7231959+09:00 [2026-06-15T09:14:23.714Z] 逋ｻ蠖墓∝ｷｲ菫晏ｭ・ C:\Users\compu\.openclaw\publish-system\data\auth\instagram\default\state.json
2026-06-15T18:14:24.3576130+09:00 [2026-06-15T09:14:24.355Z] 扈捺棡蟾ｲ菫晏ｭ・ C:\Users\compu\.openclaw\publish-system\logs\task\daily-20260615-r03\instagram\default\result.json
2026-06-15T18:14:26.7647732+09:00 {
2026-06-15T18:14:26.7799525+09:00   "ensure_daily": {
2026-06-15T18:14:26.7885156+09:00     "runs": [
2026-06-15T18:14:26.7885156+09:00       {
2026-06-15T18:14:26.7970843+09:00         "run_id": "r01",
2026-06-15T18:14:26.7970843+09:00         "action": "not_due",
2026-06-15T18:14:26.8052417+09:00         "taskId": "daily-20260615-r01",
2026-06-15T18:14:26.8052417+09:00         "reason": "jst_hour=18"
2026-06-15T18:14:26.8133670+09:00       },
2026-06-15T18:14:26.8133670+09:00       {
2026-06-15T18:14:26.8133670+09:00         "run_id": "r02",
2026-06-15T18:14:26.8216488+09:00         "action": "not_due",
2026-06-15T18:14:26.8216488+09:00         "taskId": "daily-20260615-r02",
2026-06-15T18:14:26.8216488+09:00         "reason": "jst_hour=18"
2026-06-15T18:14:26.8301096+09:00       },
2026-06-15T18:14:26.8341388+09:00       {
2026-06-15T18:14:26.8351457+09:00         "run_id": "r03",
2026-06-15T18:14:26.8382091+09:00         "action": "skipped_exists",
2026-06-15T18:14:26.8463843+09:00         "taskId": "daily-20260615-r03"
2026-06-15T18:14:26.8463843+09:00       }
2026-06-15T18:14:26.8463843+09:00     ]
2026-06-15T18:14:26.8545548+09:00   },
2026-06-15T18:14:26.8545548+09:00   "reconcile": {
2026-06-15T18:14:26.8630019+09:00     "resetProcessing": 0,
2026-06-15T18:14:26.8638474+09:00     "inserted": 0,
2026-06-15T18:14:26.8638474+09:00     "scanned": 13,
2026-06-15T18:14:26.8707606+09:00     "stale": {
2026-06-15T18:14:26.8707606+09:00       "scanned": 13,
2026-06-15T18:14:26.8707606+09:00       "staleDetected": 0,
2026-06-15T18:14:26.8787773+09:00       "rolledBack": 0,
2026-06-15T18:14:26.8787773+09:00       "skippedCap": 0,
2026-06-15T18:14:26.8787773+09:00       "dryRun": false,
2026-06-15T18:14:26.8787773+09:00       "actions": []
2026-06-15T18:14:26.8872288+09:00     }
2026-06-15T18:14:26.8872288+09:00   },
2026-06-15T18:14:26.8872288+09:00   "dispatch": {
2026-06-15T18:14:26.8872288+09:00     "claimed": 2,
2026-06-15T18:14:26.8872288+09:00     "done": 1,
2026-06-15T18:14:26.8954375+09:00     "failed": 1
2026-06-15T18:14:26.8954375+09:00   },
2026-06-15T18:14:26.8954375+09:00   "step4_poll": {
2026-06-15T18:14:26.8954375+09:00     "scanned": 13,
2026-06-15T18:14:26.9036318+09:00     "awaiting": 1,
2026-06-15T18:14:26.9036318+09:00     "polled": 0,
2026-06-15T18:14:26.9036318+09:00     "picks_applied": 0,
2026-06-15T18:14:26.9036318+09:00     "pick_errors": 0,
2026-06-15T18:14:26.9117499+09:00     "timeouts": 0,
2026-06-15T18:14:26.9117499+09:00     "skipped": 0,
2026-06-15T18:14:26.9117499+09:00     "results": [
2026-06-15T18:14:26.9117499+09:00       {
2026-06-15T18:14:26.9117499+09:00         "task_id": "daily-20260615-r02",
2026-06-15T18:14:26.9202775+09:00         "result": {
2026-06-15T18:14:26.9202775+09:00           "outcome": "no_new_messages"
2026-06-15T18:14:26.9202775+09:00         }
2026-06-15T18:14:26.9202775+09:00       }
2026-06-15T18:14:26.9282862+09:00     ]
2026-06-15T18:14:26.9322584+09:00   },
2026-06-15T18:14:26.9322584+09:00   "step7_retry_poll": {
2026-06-15T18:14:26.9373056+09:00     "scanned": 13,
2026-06-15T18:14:26.9394081+09:00     "eligible": 10,
2026-06-15T18:14:26.9414172+09:00     "polled": 0,
2026-06-15T18:14:26.9449362+09:00     "retries_triggered": 0,
2026-06-15T18:14:26.9493479+09:00     "retry_errors": 0,
2026-06-15T18:14:26.9493479+09:00     "skipped": 0,
2026-06-15T18:14:26.9529768+09:00     "results": []
2026-06-15T18:14:26.9551516+09:00   }
2026-06-15T18:14:26.9591749+09:00 }
2026-06-15T18:14:26.9653953+09:00 [2026-06-15T09:11:46.626Z] ERROR 謇ｾ荳榊芦蜿ｯ轤ｹ蜃ｻ逧・Facebook 蜿大ｸ・蜿大ｸ・潔髓ｮ・亥庄閭ｽ譁・｡域悴蜀吝・謌門崟迚・悴蜉霓ｽ螳梧・・・
2026-06-15T18:14:26.9700881+09:00 FAIL run-once exit=1
2026-06-15T18:17:50.6642093+09:00 START dispatch-run-once
2026-06-15T18:17:51.4437062+09:00 
2026-06-15T18:17:51.4499157+09:00 > orchestrator
2026-06-15T18:17:51.4559430+09:00 > tsx src/cli/orchestrator.ts run-once --limit 10
2026-06-15T18:17:51.4579538+09:00 
2026-06-15T18:17:55.4235196+09:00 {
2026-06-15T18:17:55.4292690+09:00   "ensure_daily": {
2026-06-15T18:17:55.4359584+09:00     "runs": [
2026-06-15T18:17:55.4459688+09:00       {
2026-06-15T18:17:55.4515242+09:00         "run_id": "r01",
2026-06-15T18:17:55.4601515+09:00         "action": "not_due",
2026-06-15T18:17:55.4601515+09:00         "taskId": "daily-20260615-r01",
2026-06-15T18:17:55.4601515+09:00         "reason": "jst_hour=18"
2026-06-15T18:17:55.4677245+09:00       },
2026-06-15T18:17:55.4915855+09:00       {
2026-06-15T18:17:55.4915855+09:00         "run_id": "r02",
2026-06-15T18:17:55.4915855+09:00         "action": "not_due",
2026-06-15T18:17:55.5000903+09:00         "taskId": "daily-20260615-r02",
2026-06-15T18:17:55.5000903+09:00         "reason": "jst_hour=18"
2026-06-15T18:17:55.5077934+09:00       },
2026-06-15T18:17:55.5077934+09:00       {
2026-06-15T18:17:55.5162881+09:00         "run_id": "r03",
2026-06-15T18:17:55.5162881+09:00         "action": "skipped_exists",
2026-06-15T18:17:55.5162881+09:00         "taskId": "daily-20260615-r03"
2026-06-15T18:17:55.5238918+09:00       }
2026-06-15T18:17:55.5238918+09:00     ]
2026-06-15T18:17:55.5238918+09:00   },
2026-06-15T18:17:55.5323292+09:00   "reconcile": {
2026-06-15T18:17:55.5323292+09:00     "resetProcessing": 0,
2026-06-15T18:17:55.5323292+09:00     "inserted": 1,
2026-06-15T18:17:55.5400405+09:00     "scanned": 13,
2026-06-15T18:17:55.5400405+09:00     "stale": {
2026-06-15T18:17:55.5454807+09:00       "scanned": 13,
2026-06-15T18:17:55.5454807+09:00       "staleDetected": 0,
2026-06-15T18:17:55.5483238+09:00       "rolledBack": 0,
2026-06-15T18:17:55.5483238+09:00       "skippedCap": 0,
2026-06-15T18:17:55.5483238+09:00       "dryRun": false,
2026-06-15T18:17:55.5566766+09:00       "actions": []
2026-06-15T18:17:55.5566766+09:00     }
2026-06-15T18:17:55.5566766+09:00   },
2026-06-15T18:17:55.5661624+09:00   "dispatch": {
2026-06-15T18:17:55.5679345+09:00     "claimed": 3,
2026-06-15T18:17:55.5701797+09:00     "done": 3,
2026-06-15T18:17:55.5717290+09:00     "failed": 0
2026-06-15T18:17:55.5732522+09:00   },
2026-06-15T18:17:55.5732522+09:00   "step4_poll": {
2026-06-15T18:17:55.5732522+09:00     "scanned": 13,
2026-06-15T18:17:55.5813227+09:00     "awaiting": 1,
2026-06-15T18:17:55.5813227+09:00     "polled": 0,
2026-06-15T18:17:55.5813227+09:00     "picks_applied": 0,
2026-06-15T18:17:55.5813227+09:00     "pick_errors": 0,
2026-06-15T18:17:55.5893864+09:00     "timeouts": 0,
2026-06-15T18:17:55.5893864+09:00     "skipped": 0,
2026-06-15T18:17:55.5893864+09:00     "results": [
2026-06-15T18:17:55.5893864+09:00       {
2026-06-15T18:17:55.5978553+09:00         "task_id": "daily-20260615-r02",
2026-06-15T18:17:55.5978553+09:00         "result": {
2026-06-15T18:17:55.6015102+09:00           "outcome": "no_new_messages"
2026-06-15T18:17:55.6015102+09:00         }
2026-06-15T18:17:55.6058743+09:00       }
2026-06-15T18:17:55.6058743+09:00     ]
2026-06-15T18:17:55.6058743+09:00   },
2026-06-15T18:17:55.6058743+09:00   "step7_retry_poll": {
2026-06-15T18:17:55.6142520+09:00     "scanned": 13,
2026-06-15T18:17:55.6170129+09:00     "eligible": 10,
2026-06-15T18:17:55.6170129+09:00     "polled": 0,
2026-06-15T18:17:55.6170129+09:00     "retries_triggered": 0,
2026-06-15T18:17:55.6226114+09:00     "retry_errors": 0,
2026-06-15T18:17:55.6226114+09:00     "skipped": 0,
2026-06-15T18:17:55.6226114+09:00     "results": []
2026-06-15T18:17:55.6226114+09:00   }
2026-06-15T18:17:55.6307288+09:00 }
2026-06-15T18:17:55.6307288+09:00 OK run-once finished
2026-06-15T18:22:50.5212649+09:00 START dispatch-run-once
2026-06-15T18:22:51.0147630+09:00 
2026-06-15T18:22:51.0147630+09:00 > orchestrator
2026-06-15T18:22:51.0147630+09:00 > tsx src/cli/orchestrator.ts run-once --limit 10
2026-06-15T18:22:51.0307276+09:00 
2026-06-15T18:22:55.1532730+09:00 {
2026-06-15T18:22:55.1607804+09:00   "ensure_daily": {
2026-06-15T18:22:55.1695321+09:00     "runs": [
2026-06-15T18:22:55.1773493+09:00       {
2026-06-15T18:22:55.1860419+09:00         "run_id": "r01",
2026-06-15T18:22:55.1956404+09:00         "action": "not_due",
2026-06-15T18:22:55.2020205+09:00         "taskId": "daily-20260615-r01",
2026-06-15T18:22:55.2098833+09:00         "reason": "jst_hour=18"
2026-06-15T18:22:55.2188570+09:00       },
2026-06-15T18:22:55.2832349+09:00       {
2026-06-15T18:22:55.2832349+09:00         "run_id": "r02",
2026-06-15T18:22:55.2921283+09:00         "action": "not_due",
2026-06-15T18:22:55.2921283+09:00         "taskId": "daily-20260615-r02",
2026-06-15T18:22:55.2998367+09:00         "reason": "jst_hour=18"
2026-06-15T18:22:55.2998367+09:00       },
2026-06-15T18:22:55.2998367+09:00       {
2026-06-15T18:22:55.3098669+09:00         "run_id": "r03",
2026-06-15T18:22:55.3098669+09:00         "action": "skipped_exists",
2026-06-15T18:22:55.3158691+09:00         "taskId": "daily-20260615-r03"
2026-06-15T18:22:55.3158691+09:00       }
2026-06-15T18:22:55.3158691+09:00     ]
2026-06-15T18:22:55.3236196+09:00   },
2026-06-15T18:22:55.3236196+09:00   "reconcile": {
2026-06-15T18:22:55.3236196+09:00     "resetProcessing": 0,
2026-06-15T18:22:55.3316650+09:00     "inserted": 1,
2026-06-15T18:22:55.3316650+09:00     "scanned": 13,
2026-06-15T18:22:55.3316650+09:00     "stale": {
2026-06-15T18:22:55.3409336+09:00       "scanned": 13,
2026-06-15T18:22:55.3409336+09:00       "staleDetected": 0,
2026-06-15T18:22:55.3409336+09:00       "rolledBack": 0,
2026-06-15T18:22:55.3479795+09:00       "skippedCap": 0,
2026-06-15T18:22:55.3479795+09:00       "dryRun": false,
2026-06-15T18:22:55.3479795+09:00       "actions": []
2026-06-15T18:22:55.3560039+09:00     }
2026-06-15T18:22:55.3560039+09:00   },
2026-06-15T18:22:55.3640822+09:00   "dispatch": {
2026-06-15T18:22:55.3640822+09:00     "claimed": 1,
2026-06-15T18:22:55.3640822+09:00     "done": 1,
2026-06-15T18:22:55.3640822+09:00     "failed": 0
2026-06-15T18:22:55.3728321+09:00   },
2026-06-15T18:22:55.3749088+09:00   "step4_poll": {
2026-06-15T18:22:55.3749088+09:00     "scanned": 13,
2026-06-15T18:22:55.3749088+09:00     "awaiting": 1,
2026-06-15T18:22:55.3803519+09:00     "polled": 0,
2026-06-15T18:22:55.3803519+09:00     "picks_applied": 0,
2026-06-15T18:22:55.3803519+09:00     "pick_errors": 0,
2026-06-15T18:22:55.3803519+09:00     "timeouts": 0,
2026-06-15T18:22:55.3803519+09:00     "skipped": 0,
2026-06-15T18:22:55.3888080+09:00     "results": [
2026-06-15T18:22:55.3888080+09:00       {
2026-06-15T18:22:55.3888080+09:00         "task_id": "daily-20260615-r02",
2026-06-15T18:22:55.3888080+09:00         "result": {
2026-06-15T18:22:55.3966678+09:00           "outcome": "no_new_messages"
2026-06-15T18:22:55.3966678+09:00         }
2026-06-15T18:22:55.3966678+09:00       }
2026-06-15T18:22:55.3966678+09:00     ]
2026-06-15T18:22:55.3966678+09:00   },
2026-06-15T18:22:55.4051572+09:00   "step7_retry_poll": {
2026-06-15T18:22:55.4074595+09:00     "scanned": 13,
2026-06-15T18:22:55.4074595+09:00     "eligible": 10,
2026-06-15T18:22:55.4074595+09:00     "polled": 0,
2026-06-15T18:22:55.4128508+09:00     "retries_triggered": 0,
2026-06-15T18:22:55.4128508+09:00     "retry_errors": 0,
2026-06-15T18:22:55.4128508+09:00     "skipped": 0,
2026-06-15T18:22:55.4128508+09:00     "results": []
2026-06-15T18:22:55.4211763+09:00   }
2026-06-15T18:22:55.4235552+09:00 }
2026-06-15T18:22:55.4235552+09:00 OK run-once finished
2026-06-15T18:27:50.0628941+09:00 START dispatch-run-once
2026-06-15T18:27:50.5211863+09:00 
2026-06-15T18:27:50.5369241+09:00 > orchestrator
2026-06-15T18:27:50.5369241+09:00 > tsx src/cli/orchestrator.ts run-once --limit 10
2026-06-15T18:27:50.5369241+09:00 
2026-06-15T18:27:54.5570033+09:00 {
2026-06-15T18:27:54.5607195+09:00   "ensure_daily": {
2026-06-15T18:27:54.5635054+09:00     "runs": [
2026-06-15T18:27:54.5675178+09:00       {
2026-06-15T18:27:54.5690243+09:00         "run_id": "r01",
2026-06-15T18:27:54.5733954+09:00         "action": "not_due",
2026-06-15T18:27:54.5754016+09:00         "taskId": "daily-20260615-r01",
2026-06-15T18:27:54.5791569+09:00         "reason": "jst_hour=18"
2026-06-15T18:27:54.5791569+09:00       },
2026-06-15T18:27:54.6022017+09:00       {
2026-06-15T18:27:54.6022017+09:00         "run_id": "r02",
2026-06-15T18:27:54.6022017+09:00         "action": "not_due",
2026-06-15T18:27:54.6100031+09:00         "taskId": "daily-20260615-r02",
2026-06-15T18:27:54.6100031+09:00         "reason": "jst_hour=18"
2026-06-15T18:27:54.6181905+09:00       },
2026-06-15T18:27:54.6205056+09:00       {
2026-06-15T18:27:54.6205056+09:00         "run_id": "r03",
2026-06-15T18:27:54.6205056+09:00         "action": "skipped_exists",
2026-06-15T18:27:54.6263417+09:00         "taskId": "daily-20260615-r03"
2026-06-15T18:27:54.6263417+09:00       }
2026-06-15T18:27:54.6263417+09:00     ]
2026-06-15T18:27:54.6263417+09:00   },
2026-06-15T18:27:54.6348086+09:00   "reconcile": {
2026-06-15T18:27:54.6348086+09:00     "resetProcessing": 0,
2026-06-15T18:27:54.6348086+09:00     "inserted": 1,
2026-06-15T18:27:54.6348086+09:00     "scanned": 13,
2026-06-15T18:27:54.6426104+09:00     "stale": {
2026-06-15T18:27:54.6426104+09:00       "scanned": 13,
2026-06-15T18:27:54.6426104+09:00       "staleDetected": 0,
2026-06-15T18:27:54.6426104+09:00       "rolledBack": 0,
2026-06-15T18:27:54.6510544+09:00       "skippedCap": 0,
2026-06-15T18:27:54.6510544+09:00       "dryRun": false,
2026-06-15T18:27:54.6510544+09:00       "actions": []
2026-06-15T18:27:54.6587270+09:00     }
2026-06-15T18:27:54.6639847+09:00   },
2026-06-15T18:27:54.6663067+09:00   "dispatch": {
2026-06-15T18:27:54.6681444+09:00     "claimed": 1,
2026-06-15T18:27:54.6699526+09:00     "done": 1,
2026-06-15T18:27:54.6718105+09:00     "failed": 0
2026-06-15T18:27:54.6736550+09:00   },
2026-06-15T18:27:54.6750680+09:00   "step4_poll": {
2026-06-15T18:27:54.6750680+09:00     "scanned": 13,
2026-06-15T18:27:54.6750680+09:00     "awaiting": 1,
2026-06-15T18:27:54.6750680+09:00     "polled": 0,
2026-06-15T18:27:54.6827640+09:00     "picks_applied": 0,
2026-06-15T18:27:54.6827640+09:00     "pick_errors": 0,
2026-06-15T18:27:54.6867742+09:00     "timeouts": 0,
2026-06-15T18:27:54.6867742+09:00     "skipped": 0,
2026-06-15T18:27:54.6867742+09:00     "results": [
2026-06-15T18:27:54.6912382+09:00       {
2026-06-15T18:27:54.6912382+09:00         "task_id": "daily-20260615-r02",
2026-06-15T18:27:54.6912382+09:00         "result": {
2026-06-15T18:27:54.6912382+09:00           "outcome": "no_new_messages"
2026-06-15T18:27:54.7001084+09:00         }
2026-06-15T18:27:54.7001084+09:00       }
2026-06-15T18:27:54.7001084+09:00     ]
2026-06-15T18:27:54.7001084+09:00   },
2026-06-15T18:27:54.7001084+09:00   "step7_retry_poll": {
2026-06-15T18:27:54.7078286+09:00     "scanned": 13,
2026-06-15T18:27:54.7078286+09:00     "eligible": 10,
2026-06-15T18:27:54.7078286+09:00     "polled": 0,
2026-06-15T18:27:54.7078286+09:00     "retries_triggered": 0,
2026-06-15T18:27:54.7161908+09:00     "retry_errors": 0,
2026-06-15T18:27:54.7166042+09:00     "skipped": 0,
2026-06-15T18:27:54.7166042+09:00     "results": []
2026-06-15T18:27:54.7215564+09:00   }
2026-06-15T18:27:54.7215564+09:00 }
2026-06-15T18:27:54.7246612+09:00 OK run-once finished
2026-06-15T18:32:51.8675352+09:00 START dispatch-run-once
2026-06-15T18:32:52.3759840+09:00 
2026-06-15T18:32:52.3759840+09:00 > orchestrator
2026-06-15T18:32:52.3808715+09:00 > tsx src/cli/orchestrator.ts run-once --limit 10
2026-06-15T18:32:52.3808715+09:00 
2026-06-15T18:32:56.3503022+09:00 {
2026-06-15T18:32:56.3606394+09:00   "ensure_daily": {
2026-06-15T18:32:56.3708139+09:00     "runs": [
2026-06-15T18:32:56.3740615+09:00       {
2026-06-15T18:32:56.3821614+09:00         "run_id": "r01",
2026-06-15T18:32:56.3940610+09:00         "action": "not_due",
2026-06-15T18:32:56.4048870+09:00         "taskId": "daily-20260615-r01",
2026-06-15T18:32:56.4151431+09:00         "reason": "jst_hour=18"
2026-06-15T18:32:56.4230093+09:00       },
2026-06-15T18:32:56.4819175+09:00       {
2026-06-15T18:32:56.4892564+09:00         "run_id": "r02",
2026-06-15T18:32:56.4983728+09:00         "action": "not_due",
2026-06-15T18:32:56.5131803+09:00         "taskId": "daily-20260615-r02",
2026-06-15T18:32:56.5212536+09:00         "reason": "jst_hour=18"
2026-06-15T18:32:56.5282263+09:00       },
2026-06-15T18:32:56.5337835+09:00       {
2026-06-15T18:32:56.5430462+09:00         "run_id": "r03",
2026-06-15T18:32:56.5482970+09:00         "action": "skipped_exists",
2026-06-15T18:32:56.5540141+09:00         "taskId": "daily-20260615-r03"
2026-06-15T18:32:56.5603468+09:00       }
2026-06-15T18:32:56.5623666+09:00     ]
2026-06-15T18:32:56.5740067+09:00   },
2026-06-15T18:32:56.5740067+09:00   "reconcile": {
2026-06-15T18:32:56.5740067+09:00     "resetProcessing": 0,
2026-06-15T18:32:56.5856031+09:00     "inserted": 1,
2026-06-15T18:32:56.5856031+09:00     "scanned": 13,
2026-06-15T18:32:56.5856031+09:00     "stale": {
2026-06-15T18:32:56.5856031+09:00       "scanned": 13,
2026-06-15T18:32:56.6017339+09:00       "staleDetected": 0,
2026-06-15T18:32:56.6037465+09:00       "rolledBack": 0,
2026-06-15T18:32:56.6037465+09:00       "skippedCap": 0,
2026-06-15T18:32:56.6037465+09:00       "dryRun": false,
2026-06-15T18:32:56.6174681+09:00       "actions": []
2026-06-15T18:32:56.6194805+09:00     }
2026-06-15T18:32:56.6261370+09:00   },
2026-06-15T18:32:56.6261370+09:00   "dispatch": {
2026-06-15T18:32:56.6335681+09:00     "claimed": 1,
2026-06-15T18:32:56.6335681+09:00     "done": 1,
2026-06-15T18:32:56.6335681+09:00     "failed": 0
2026-06-15T18:32:56.6335681+09:00   },
2026-06-15T18:32:56.6335681+09:00   "step4_poll": {
2026-06-15T18:32:56.6492242+09:00     "scanned": 13,
2026-06-15T18:32:56.6492242+09:00     "awaiting": 1,
2026-06-15T18:32:56.6492242+09:00     "polled": 0,
2026-06-15T18:32:56.6492242+09:00     "picks_applied": 0,
2026-06-15T18:32:56.6492242+09:00     "pick_errors": 0,
2026-06-15T18:32:56.6492242+09:00     "timeouts": 0,
2026-06-15T18:32:56.6492242+09:00     "skipped": 0,
2026-06-15T18:32:56.6492242+09:00     "results": [
2026-06-15T18:32:56.6650665+09:00       {
2026-06-15T18:32:56.6650665+09:00         "task_id": "daily-20260615-r02",
2026-06-15T18:32:56.6650665+09:00         "result": {
2026-06-15T18:32:56.6650665+09:00           "outcome": "no_new_messages"
2026-06-15T18:32:56.6650665+09:00         }
2026-06-15T18:32:56.6650665+09:00       }
2026-06-15T18:32:56.6650665+09:00     ]
2026-06-15T18:32:56.6650665+09:00   },
2026-06-15T18:32:56.6650665+09:00   "step7_retry_poll": {
2026-06-15T18:32:56.6809614+09:00     "scanned": 13,
2026-06-15T18:32:56.6809614+09:00     "eligible": 10,
2026-06-15T18:32:56.6809614+09:00     "polled": 0,
2026-06-15T18:32:56.6809614+09:00     "retries_triggered": 0,
2026-06-15T18:32:56.6809614+09:00     "retry_errors": 0,
2026-06-15T18:32:56.6809614+09:00     "skipped": 0,
2026-06-15T18:32:56.6809614+09:00     "results": []
2026-06-15T18:32:56.6809614+09:00   }
2026-06-15T18:32:56.6809614+09:00 }
2026-06-15T18:32:56.6968389+09:00 OK run-once finished
2026-06-15T20:36:25.5542268+09:00 START dispatch-run-once
