2026-06-17T00:02:51.9946055+09:00 START dispatch-run-once
2026-06-17T00:02:52.3874139+09:00 
2026-06-17T00:02:52.3904239+09:00 > orchestrator
2026-06-17T00:02:52.3924229+09:00 > tsx src/cli/orchestrator.ts run-once --limit 10
2026-06-17T00:02:52.3944229+09:00 
2026-06-17T00:02:58.3402106+09:00 {
2026-06-17T00:02:58.3511568+09:00   "ensure_daily": {
2026-06-17T00:02:58.3615565+09:00     "runs": [
2026-06-17T00:02:58.3713915+09:00       {
2026-06-17T00:02:58.3756285+09:00         "run_id": "r01",
2026-06-17T00:02:58.3845440+09:00         "action": "not_due",
2026-06-17T00:02:58.3903156+09:00         "taskId": "daily-20260617-r01",
2026-06-17T00:02:58.3923222+09:00         "reason": "jst_hour=0"
2026-06-17T00:02:58.3943236+09:00       },
2026-06-17T00:02:58.4175791+09:00       {
2026-06-17T00:02:58.4185782+09:00         "run_id": "r02",
2026-06-17T00:02:58.4205770+09:00         "action": "not_due",
2026-06-17T00:02:58.4225811+09:00         "taskId": "daily-20260617-r02",
2026-06-17T00:02:58.4257963+09:00         "reason": "jst_hour=0"
2026-06-17T00:02:58.4278009+09:00       },
2026-06-17T00:02:58.4313384+09:00       {
2026-06-17T00:02:58.4313384+09:00         "run_id": "r03",
2026-06-17T00:02:58.4313384+09:00         "action": "not_due",
2026-06-17T00:02:58.4363490+09:00         "taskId": "daily-20260617-r03",
2026-06-17T00:02:58.4363490+09:00         "reason": "jst_hour=0"
2026-06-17T00:02:58.4424233+09:00       }
2026-06-17T00:02:58.4445247+09:00     ]
2026-06-17T00:02:58.4459715+09:00   },
2026-06-17T00:02:58.4480749+09:00   "reconcile": {
2026-06-17T00:02:58.4500751+09:00     "resetProcessing": 0,
2026-06-17T00:02:58.4510750+09:00     "inserted": 1,
2026-06-17T00:02:58.4530714+09:00     "scanned": 16,
2026-06-17T00:02:58.4540709+09:00     "stale": {
2026-06-17T00:02:58.4583520+09:00       "scanned": 16,
2026-06-17T00:02:58.4593586+09:00       "staleDetected": 0,
2026-06-17T00:02:58.4613656+09:00       "rolledBack": 0,
2026-06-17T00:02:58.4643769+09:00       "skippedCap": 0,
2026-06-17T00:02:58.4663834+09:00       "dryRun": false,
2026-06-17T00:02:58.4684210+09:00       "actions": []
2026-06-17T00:02:58.4704258+09:00     }
2026-06-17T00:02:58.4723960+09:00   },
2026-06-17T00:02:58.4743970+09:00   "dispatch": {
2026-06-17T00:02:58.4763962+09:00     "claimed": 1,
2026-06-17T00:02:58.4783973+09:00     "done": 1,
2026-06-17T00:02:58.4798273+09:00     "failed": 0
2026-06-17T00:02:58.4798273+09:00   },
2026-06-17T00:02:58.4798273+09:00   "step4_poll": {
2026-06-17T00:02:58.4845362+09:00     "scanned": 16,
2026-06-17T00:02:58.4845362+09:00     "awaiting": 1,
2026-06-17T00:02:58.4845362+09:00     "polled": 0,
2026-06-17T00:02:58.4897107+09:00     "picks_applied": 0,
2026-06-17T00:02:58.4897107+09:00     "pick_errors": 0,
2026-06-17T00:02:58.4897107+09:00     "timeouts": 0,
2026-06-17T00:02:58.4955151+09:00     "skipped": 0,
2026-06-17T00:02:58.4970089+09:00     "results": [
2026-06-17T00:02:58.4990091+09:00       {
2026-06-17T00:02:58.5010088+09:00         "task_id": "daily-20260616-r03",
2026-06-17T00:02:58.5030096+09:00         "result": {
2026-06-17T00:02:58.5043124+09:00           "outcome": "no_new_messages"
2026-06-17T00:02:58.5063207+09:00         }
2026-06-17T00:02:58.5091324+09:00       }
2026-06-17T00:02:58.5091324+09:00     ]
2026-06-17T00:02:58.5091324+09:00   },
2026-06-17T00:02:58.5141752+09:00   "step7_retry_poll": {
2026-06-17T00:02:58.5141752+09:00     "scanned": 16,
2026-06-17T00:02:58.5141752+09:00     "eligible": 12,
2026-06-17T00:02:58.5214039+09:00     "polled": 0,
2026-06-17T00:02:58.5234720+09:00     "retries_triggered": 0,
2026-06-17T00:02:58.5254694+09:00     "retry_errors": 0,
2026-06-17T00:02:58.5264692+09:00     "skipped": 0,
2026-06-17T00:02:58.5284712+09:00     "results": []
2026-06-17T00:02:58.5294700+09:00   }
2026-06-17T00:02:58.5294700+09:00 }
2026-06-17T00:02:58.5294700+09:00 OK run-once finished
2026-06-17T00:07:50.5462889+09:00 START dispatch-run-once
2026-06-17T00:07:50.9352711+09:00 
2026-06-17T00:07:50.9372695+09:00 > orchestrator
2026-06-17T00:07:50.9407034+09:00 > tsx src/cli/orchestrator.ts run-once --limit 10
2026-06-17T00:07:50.9427387+09:00 
2026-06-17T00:07:57.0964460+09:00 {
2026-06-17T00:07:57.1070063+09:00   "ensure_daily": {
2026-06-17T00:07:57.1149007+09:00     "runs": [
2026-06-17T00:07:57.1247142+09:00       {
2026-06-17T00:07:57.1348216+09:00         "run_id": "r01",
2026-06-17T00:07:57.1396845+09:00         "action": "not_due",
2026-06-17T00:07:57.1439047+09:00         "taskId": "daily-20260617-r01",
2026-06-17T00:07:57.1491178+09:00         "reason": "jst_hour=0"
2026-06-17T00:07:57.1491178+09:00       },
2026-06-17T00:07:57.1746406+09:00       {
2026-06-17T00:07:57.1746406+09:00         "run_id": "r02",
2026-06-17T00:07:57.1746406+09:00         "action": "not_due",
2026-06-17T00:07:57.1798712+09:00         "taskId": "daily-20260617-r02",
2026-06-17T00:07:57.1798712+09:00         "reason": "jst_hour=0"
2026-06-17T00:07:57.1854349+09:00       },
2026-06-17T00:07:57.1875659+09:00       {
2026-06-17T00:07:57.1894890+09:00         "run_id": "r03",
2026-06-17T00:07:57.1915644+09:00         "action": "not_due",
2026-06-17T00:07:57.1935639+09:00         "taskId": "daily-20260617-r03",
2026-06-17T00:07:57.1955648+09:00         "reason": "jst_hour=0"
2026-06-17T00:07:57.1975644+09:00       }
2026-06-17T00:07:57.1988568+09:00     ]
2026-06-17T00:07:57.1988568+09:00   },
2026-06-17T00:07:57.2026267+09:00   "reconcile": {
2026-06-17T00:07:57.2026267+09:00     "resetProcessing": 0,
2026-06-17T00:07:57.2026267+09:00     "inserted": 1,
2026-06-17T00:07:57.2026267+09:00     "scanned": 16,
2026-06-17T00:07:57.2078880+09:00     "stale": {
2026-06-17T00:07:57.2078880+09:00       "scanned": 16,
2026-06-17T00:07:57.2125490+09:00       "staleDetected": 0,
2026-06-17T00:07:57.2141360+09:00       "rolledBack": 0,
2026-06-17T00:07:57.2161188+09:00       "skippedCap": 0,
2026-06-17T00:07:57.2176890+09:00       "dryRun": false,
2026-06-17T00:07:57.2192580+09:00       "actions": []
2026-06-17T00:07:57.2208250+09:00     }
2026-06-17T00:07:57.2218673+09:00   },
2026-06-17T00:07:57.2228191+09:00   "dispatch": {
2026-06-17T00:07:57.2228191+09:00     "claimed": 1,
2026-06-17T00:07:57.2228191+09:00     "done": 1,
2026-06-17T00:07:57.2276255+09:00     "failed": 0
2026-06-17T00:07:57.2276255+09:00   },
2026-06-17T00:07:57.2276255+09:00   "step4_poll": {
2026-06-17T00:07:57.2276255+09:00     "scanned": 16,
2026-06-17T00:07:57.2327201+09:00     "awaiting": 1,
2026-06-17T00:07:57.2327201+09:00     "polled": 0,
2026-06-17T00:07:57.2327201+09:00     "picks_applied": 0,
2026-06-17T00:07:57.2327201+09:00     "pick_errors": 0,
2026-06-17T00:07:57.2377400+09:00     "timeouts": 0,
2026-06-17T00:07:57.2377400+09:00     "skipped": 0,
2026-06-17T00:07:57.2377400+09:00     "results": [
2026-06-17T00:07:57.2433246+09:00       {
2026-06-17T00:07:57.2443257+09:00         "task_id": "daily-20260616-r03",
2026-06-17T00:07:57.2463648+09:00         "result": {
2026-06-17T00:07:57.2478285+09:00           "outcome": "no_new_messages"
2026-06-17T00:07:57.2489255+09:00         }
2026-06-17T00:07:57.2509251+09:00       }
2026-06-17T00:07:57.2518929+09:00     ]
2026-06-17T00:07:57.2529310+09:00   },
2026-06-17T00:07:57.2549256+09:00   "step7_retry_poll": {
2026-06-17T00:07:57.2558951+09:00     "scanned": 16,
2026-06-17T00:07:57.2558951+09:00     "eligible": 12,
2026-06-17T00:07:57.2558951+09:00     "polled": 0,
2026-06-17T00:07:57.2611999+09:00     "retries_triggered": 0,
2026-06-17T00:07:57.2611999+09:00     "retry_errors": 0,
2026-06-17T00:07:57.2611999+09:00     "skipped": 0,
2026-06-17T00:07:57.2611999+09:00     "results": []
2026-06-17T00:07:57.2664449+09:00   }
2026-06-17T00:07:57.2664449+09:00 }
2026-06-17T00:07:57.2664449+09:00 OK run-once finished
2026-06-17T00:12:51.9279607+09:00 START dispatch-run-once
2026-06-17T00:12:52.3397056+09:00 
2026-06-17T00:12:52.3415035+09:00 > orchestrator
2026-06-17T00:12:52.3415035+09:00 > tsx src/cli/orchestrator.ts run-once --limit 10
2026-06-17T00:12:52.3456850+09:00 
2026-06-17T00:12:58.4112690+09:00 {
2026-06-17T00:12:58.4231530+09:00   "ensure_daily": {
2026-06-17T00:12:58.4336143+09:00     "runs": [
2026-06-17T00:12:58.4386108+09:00       {
2026-06-17T00:12:58.4441057+09:00         "run_id": "r01",
2026-06-17T00:12:58.4528908+09:00         "action": "not_due",
2026-06-17T00:12:58.4578825+09:00         "taskId": "daily-20260617-r01",
2026-06-17T00:12:58.4622492+09:00         "reason": "jst_hour=0"
2026-06-17T00:12:58.4642483+09:00       },
2026-06-17T00:12:58.4846280+09:00       {
2026-06-17T00:12:58.4856268+09:00         "run_id": "r02",
2026-06-17T00:12:58.4876267+09:00         "action": "not_due",
2026-06-17T00:12:58.4896243+09:00         "taskId": "daily-20260617-r02",
2026-06-17T00:12:58.4918369+09:00         "reason": "jst_hour=0"
2026-06-17T00:12:58.4918369+09:00       },
2026-06-17T00:12:58.4960722+09:00       {
2026-06-17T00:12:58.4960722+09:00         "run_id": "r03",
2026-06-17T00:12:58.4980793+09:00         "action": "not_due",
2026-06-17T00:12:58.5000857+09:00         "taskId": "daily-20260617-r03",
2026-06-17T00:12:58.5010915+09:00         "reason": "jst_hour=0"
2026-06-17T00:12:58.5010915+09:00       }
2026-06-17T00:12:58.5010915+09:00     ]
2026-06-17T00:12:58.5071982+09:00   },
2026-06-17T00:12:58.5090353+09:00   "reconcile": {
2026-06-17T00:12:58.5100316+09:00     "resetProcessing": 0,
2026-06-17T00:12:58.5120433+09:00     "inserted": 1,
2026-06-17T00:12:58.5130295+09:00     "scanned": 16,
2026-06-17T00:12:58.5153495+09:00     "stale": {
2026-06-17T00:12:58.5163482+09:00       "scanned": 16,
2026-06-17T00:12:58.5163482+09:00       "staleDetected": 0,
2026-06-17T00:12:58.5163482+09:00       "rolledBack": 0,
2026-06-17T00:12:58.5205143+09:00       "skippedCap": 0,
2026-06-17T00:12:58.5225277+09:00       "dryRun": false,
2026-06-17T00:12:58.5255445+09:00       "actions": []
2026-06-17T00:12:58.5255445+09:00     }
2026-06-17T00:12:58.5255445+09:00   },
2026-06-17T00:12:58.5255445+09:00   "dispatch": {
2026-06-17T00:12:58.5308482+09:00     "claimed": 1,
2026-06-17T00:12:58.5332811+09:00     "done": 1,
2026-06-17T00:12:58.5344949+09:00     "failed": 0
2026-06-17T00:12:58.5365025+09:00   },
2026-06-17T00:12:58.5375042+09:00   "step4_poll": {
2026-06-17T00:12:58.5395346+09:00     "scanned": 16,
2026-06-17T00:12:58.5405022+09:00     "awaiting": 1,
2026-06-17T00:12:58.5424622+09:00     "polled": 0,
2026-06-17T00:12:58.5434253+09:00     "picks_applied": 0,
2026-06-17T00:12:58.5454601+09:00     "pick_errors": 0,
2026-06-17T00:12:58.5464285+09:00     "timeouts": 0,
2026-06-17T00:12:58.5474610+09:00     "skipped": 0,
2026-06-17T00:12:58.5494298+09:00     "results": [
2026-06-17T00:12:58.5494298+09:00       {
2026-06-17T00:12:58.5494298+09:00         "task_id": "daily-20260616-r03",
2026-06-17T00:12:58.5494298+09:00         "result": {
2026-06-17T00:12:58.5548243+09:00           "outcome": "no_new_messages"
2026-06-17T00:12:58.5548243+09:00         }
2026-06-17T00:12:58.5584520+09:00       }
2026-06-17T00:12:58.5605342+09:00     ]
2026-06-17T00:12:58.5614971+09:00   },
2026-06-17T00:12:58.5624948+09:00   "step7_retry_poll": {
2026-06-17T00:12:58.5645283+09:00     "scanned": 16,
2026-06-17T00:12:58.5663605+09:00     "eligible": 12,
2026-06-17T00:12:58.5674251+09:00     "polled": 0,
2026-06-17T00:12:58.5694582+09:00     "retries_triggered": 0,
2026-06-17T00:12:58.5704272+09:00     "retry_errors": 0,
2026-06-17T00:12:58.5724267+09:00     "skipped": 0,
2026-06-17T00:12:58.5734248+09:00     "results": []
2026-06-17T00:12:58.5744250+09:00   }
2026-06-17T00:12:58.5744250+09:00 }
2026-06-17T00:12:58.5744250+09:00 OK run-once finished
2026-06-17T00:17:50.7984569+09:00 START dispatch-run-once
2026-06-17T00:17:51.1835431+09:00 
2026-06-17T00:17:51.1861037+09:00 > orchestrator
2026-06-17T00:17:51.1881030+09:00 > tsx src/cli/orchestrator.ts run-once --limit 10
2026-06-17T00:17:51.1891025+09:00 
2026-06-17T00:17:57.5071549+09:00 {
2026-06-17T00:17:57.5154631+09:00   "ensure_daily": {
2026-06-17T00:17:57.5249631+09:00     "runs": [
2026-06-17T00:17:57.5372072+09:00       {
2026-06-17T00:17:57.5431984+09:00         "run_id": "r01",
2026-06-17T00:17:57.5431984+09:00         "action": "not_due",
2026-06-17T00:17:57.5483062+09:00         "taskId": "daily-20260617-r01",
2026-06-17T00:17:57.5483062+09:00         "reason": "jst_hour=0"
2026-06-17T00:17:57.5483062+09:00       },
2026-06-17T00:17:57.5768507+09:00       {
2026-06-17T00:17:57.5780572+09:00         "run_id": "r02",
2026-06-17T00:17:57.5780572+09:00         "action": "not_due",
2026-06-17T00:17:57.5831578+09:00         "taskId": "daily-20260617-r02",
2026-06-17T00:17:57.5831578+09:00         "reason": "jst_hour=0"
2026-06-17T00:17:57.5905413+09:00       },
2026-06-17T00:17:57.5931879+09:00       {
2026-06-17T00:17:57.5953208+09:00         "run_id": "r03",
2026-06-17T00:17:57.5973158+09:00         "action": "not_due",
2026-06-17T00:17:57.5993165+09:00         "taskId": "daily-20260617-r03",
2026-06-17T00:17:57.6013161+09:00         "reason": "jst_hour=0"
2026-06-17T00:17:57.6013161+09:00       }
2026-06-17T00:17:57.6066272+09:00     ]
2026-06-17T00:17:57.6066272+09:00   },
2026-06-17T00:17:57.6066272+09:00   "reconcile": {
2026-06-17T00:17:57.6116465+09:00     "resetProcessing": 0,
2026-06-17T00:17:57.6116465+09:00     "inserted": 1,
2026-06-17T00:17:57.6116465+09:00     "scanned": 16,
2026-06-17T00:17:57.6116465+09:00     "stale": {
2026-06-17T00:17:57.6185296+09:00       "scanned": 16,
2026-06-17T00:17:57.6206515+09:00       "staleDetected": 0,
2026-06-17T00:17:57.6226490+09:00       "rolledBack": 0,
2026-06-17T00:17:57.6236493+09:00       "skippedCap": 0,
2026-06-17T00:17:57.6256465+09:00       "dryRun": false,
2026-06-17T00:17:57.6265499+09:00       "actions": []
2026-06-17T00:17:57.6265499+09:00     }
2026-06-17T00:17:57.6265499+09:00   },
2026-06-17T00:17:57.6309716+09:00   "dispatch": {
2026-06-17T00:17:57.6309716+09:00     "claimed": 1,
2026-06-17T00:17:57.6309716+09:00     "done": 1,
2026-06-17T00:17:57.6363415+09:00     "failed": 0
2026-06-17T00:17:57.6363415+09:00   },
2026-06-17T00:17:57.6363415+09:00   "step4_poll": {
2026-06-17T00:17:57.6363415+09:00     "scanned": 16,
2026-06-17T00:17:57.6414160+09:00     "awaiting": 1,
2026-06-17T00:17:57.6414160+09:00     "polled": 0,
2026-06-17T00:17:57.6414160+09:00     "picks_applied": 0,
2026-06-17T00:17:57.6414160+09:00     "pick_errors": 0,
2026-06-17T00:17:57.6485949+09:00     "timeouts": 0,
2026-06-17T00:17:57.6505976+09:00     "skipped": 0,
2026-06-17T00:17:57.6519661+09:00     "results": [
2026-06-17T00:17:57.6540329+09:00       {
2026-06-17T00:17:57.6550323+09:00         "task_id": "daily-20260616-r03",
2026-06-17T00:17:57.6570316+09:00         "result": {
2026-06-17T00:17:57.6580336+09:00           "outcome": "no_new_messages"
2026-06-17T00:17:57.6598502+09:00         }
2026-06-17T00:17:57.6598502+09:00       }
2026-06-17T00:17:57.6641454+09:00     ]
2026-06-17T00:17:57.6641454+09:00   },
2026-06-17T00:17:57.6641454+09:00   "step7_retry_poll": {
2026-06-17T00:17:57.6641454+09:00     "scanned": 16,
2026-06-17T00:17:57.6693709+09:00     "eligible": 12,
2026-06-17T00:17:57.6706751+09:00     "polled": 0,
2026-06-17T00:17:57.6706751+09:00     "retries_triggered": 0,
2026-06-17T00:17:57.6706751+09:00     "retry_errors": 0,
2026-06-17T00:17:57.6754793+09:00     "skipped": 0,
2026-06-17T00:17:57.6775370+09:00     "results": []
2026-06-17T00:17:57.6795434+09:00   }
2026-06-17T00:17:57.6805422+09:00 }
2026-06-17T00:17:57.6825443+09:00 OK run-once finished
2026-06-17T00:22:52.0009824+09:00 START dispatch-run-once
2026-06-17T00:22:52.3898176+09:00 
2026-06-17T00:22:52.3918182+09:00 > orchestrator
2026-06-17T00:22:52.3948182+09:00 > tsx src/cli/orchestrator.ts run-once --limit 10
2026-06-17T00:22:52.3951797+09:00 
2026-06-17T00:22:58.7938374+09:00 {
2026-06-17T00:22:58.8000346+09:00   "ensure_daily": {
2026-06-17T00:22:58.8079942+09:00     "runs": [
2026-06-17T00:22:58.8151126+09:00       {
2026-06-17T00:22:58.8200700+09:00         "run_id": "r01",
2026-06-17T00:22:58.8222202+09:00         "action": "not_due",
2026-06-17T00:22:58.8251848+09:00         "taskId": "daily-20260617-r01",
2026-06-17T00:22:58.8271899+09:00         "reason": "jst_hour=0"
2026-06-17T00:22:58.8289012+09:00       },
2026-06-17T00:22:58.8501287+09:00       {
2026-06-17T00:22:58.8521308+09:00         "run_id": "r02",
2026-06-17T00:22:58.8531322+09:00         "action": "not_due",
2026-06-17T00:22:58.8561703+09:00         "taskId": "daily-20260617-r02",
2026-06-17T00:22:58.8581773+09:00         "reason": "jst_hour=0"
2026-06-17T00:22:58.8581773+09:00       },
2026-06-17T00:22:58.8620735+09:00       {
2026-06-17T00:22:58.8635837+09:00         "run_id": "r03",
2026-06-17T00:22:58.8635837+09:00         "action": "not_due",
2026-06-17T00:22:58.8635837+09:00         "taskId": "daily-20260617-r03",
2026-06-17T00:22:58.8695169+09:00         "reason": "jst_hour=0"
2026-06-17T00:22:58.8715702+09:00       }
2026-06-17T00:22:58.8725695+09:00     ]
2026-06-17T00:22:58.8736073+09:00   },
2026-06-17T00:22:58.8755703+09:00   "reconcile": {
2026-06-17T00:22:58.8765693+09:00     "resetProcessing": 0,
2026-06-17T00:22:58.8785730+09:00     "inserted": 1,
2026-06-17T00:22:58.8795707+09:00     "scanned": 16,
2026-06-17T00:22:58.8818094+09:00     "stale": {
2026-06-17T00:22:58.8828109+09:00       "scanned": 16,
2026-06-17T00:22:58.8848104+09:00       "staleDetected": 0,
2026-06-17T00:22:58.8877247+09:00       "rolledBack": 0,
2026-06-17T00:22:58.8887246+09:00       "skippedCap": 0,
2026-06-17T00:22:58.8887246+09:00       "dryRun": false,
2026-06-17T00:22:58.8887246+09:00       "actions": []
2026-06-17T00:22:58.8937815+09:00     }
2026-06-17T00:22:58.8937815+09:00   },
2026-06-17T00:22:58.8937815+09:00   "dispatch": {
2026-06-17T00:22:58.8995542+09:00     "claimed": 1,
2026-06-17T00:22:58.9010694+09:00     "done": 1,
2026-06-17T00:22:58.9020420+09:00     "failed": 0
2026-06-17T00:22:58.9043990+09:00   },
2026-06-17T00:22:58.9053995+09:00   "step4_poll": {
2026-06-17T00:22:58.9064144+09:00     "scanned": 16,
2026-06-17T00:22:58.9084564+09:00     "awaiting": 1,
2026-06-17T00:22:58.9094216+09:00     "polled": 0,
2026-06-17T00:22:58.9114541+09:00     "picks_applied": 0,
2026-06-17T00:22:58.9114541+09:00     "pick_errors": 0,
2026-06-17T00:22:58.9114541+09:00     "timeouts": 0,
2026-06-17T00:22:58.9165359+09:00     "skipped": 0,
2026-06-17T00:22:58.9165359+09:00     "results": [
2026-06-17T00:22:58.9200535+09:00       {
2026-06-17T00:22:58.9215670+09:00         "task_id": "daily-20260616-r03",
2026-06-17T00:22:58.9225362+09:00         "result": {
2026-06-17T00:22:58.9245664+09:00           "outcome": "no_new_messages"
2026-06-17T00:22:58.9255324+09:00         }
2026-06-17T00:22:58.9265664+09:00       }
2026-06-17T00:22:58.9294049+09:00     ]
2026-06-17T00:22:58.9304055+09:00   },
2026-06-17T00:22:58.9324391+09:00   "step7_retry_poll": {
2026-06-17T00:22:58.9340540+09:00     "scanned": 16,
2026-06-17T00:22:58.9350915+09:00     "eligible": 12,
2026-06-17T00:22:58.9366417+09:00     "polled": 0,
2026-06-17T00:22:58.9377063+09:00     "retries_triggered": 0,
2026-06-17T00:22:58.9397396+09:00     "retry_errors": 0,
2026-06-17T00:22:58.9407069+09:00     "skipped": 0,
2026-06-17T00:22:58.9427405+09:00     "results": []
2026-06-17T00:22:58.9437074+09:00   }
2026-06-17T00:22:58.9447077+09:00 }
2026-06-17T00:22:58.9447077+09:00 OK run-once finished
2026-06-17T00:27:50.8853979+09:00 START dispatch-run-once
2026-06-17T00:27:51.2872150+09:00 
2026-06-17T00:27:51.2897679+09:00 > orchestrator
2026-06-17T00:27:51.2917628+09:00 > tsx src/cli/orchestrator.ts run-once --limit 10
2026-06-17T00:27:51.2937632+09:00 
2026-06-17T00:27:56.1100458+09:00 {
2026-06-17T00:27:56.1229331+09:00   "ensure_daily": {
2026-06-17T00:27:56.1339023+09:00     "runs": [
2026-06-17T00:27:56.1388637+09:00       {
2026-06-17T00:27:56.1513251+09:00         "run_id": "r01",
2026-06-17T00:27:56.1585942+09:00         "action": "not_due",
2026-06-17T00:27:56.1635922+09:00         "taskId": "daily-20260617-r01",
2026-06-17T00:27:56.1688844+09:00         "reason": "jst_hour=0"
2026-06-17T00:27:56.1736633+09:00       },
2026-06-17T00:27:56.1969990+09:00       {
2026-06-17T00:27:56.2013749+09:00         "run_id": "r02",
2026-06-17T00:27:56.2013749+09:00         "action": "not_due",
2026-06-17T00:27:56.2013749+09:00         "taskId": "daily-20260617-r02",
2026-06-17T00:27:56.2086017+09:00         "reason": "jst_hour=0"
2026-06-17T00:27:56.2106037+09:00       },
2026-06-17T00:27:56.2135851+09:00       {
2026-06-17T00:27:56.2156608+09:00         "run_id": "r03",
2026-06-17T00:27:56.2176623+09:00         "action": "not_due",
2026-06-17T00:27:56.2186599+09:00         "taskId": "daily-20260617-r03",
2026-06-17T00:27:56.2206588+09:00         "reason": "jst_hour=0"
2026-06-17T00:27:56.2216587+09:00       }
2026-06-17T00:27:56.2254600+09:00     ]
2026-06-17T00:27:56.2269651+09:00   },
2026-06-17T00:27:56.2289713+09:00   "reconcile": {
2026-06-17T00:27:56.2309773+09:00     "resetProcessing": 0,
2026-06-17T00:27:56.2319837+09:00     "inserted": 1,
2026-06-17T00:27:56.2349845+09:00     "scanned": 16,
2026-06-17T00:27:56.2370518+09:00     "stale": {
2026-06-17T00:27:56.2385436+09:00       "scanned": 16,
2026-06-17T00:27:56.2406413+09:00       "staleDetected": 0,
2026-06-17T00:27:56.2426400+09:00       "rolledBack": 0,
2026-06-17T00:27:56.2446409+09:00       "skippedCap": 0,
2026-06-17T00:27:56.2466381+09:00       "dryRun": false,
2026-06-17T00:27:56.2466381+09:00       "actions": []
2026-06-17T00:27:56.2466381+09:00     }
2026-06-17T00:27:56.2520612+09:00   },
2026-06-17T00:27:56.2520612+09:00   "dispatch": {
2026-06-17T00:27:56.2520612+09:00     "claimed": 1,
2026-06-17T00:27:56.2572775+09:00     "done": 1,
2026-06-17T00:27:56.2572775+09:00     "failed": 0
2026-06-17T00:27:56.2572775+09:00   },
2026-06-17T00:27:56.2572775+09:00   "step4_poll": {
2026-06-17T00:27:56.2634321+09:00     "scanned": 16,
2026-06-17T00:27:56.2654734+09:00     "awaiting": 1,
2026-06-17T00:27:56.2674731+09:00     "polled": 0,
2026-06-17T00:27:56.2684739+09:00     "picks_applied": 0,
2026-06-17T00:27:56.2704735+09:00     "pick_errors": 0,
2026-06-17T00:27:56.2714741+09:00     "timeouts": 0,
2026-06-17T00:27:56.2734733+09:00     "skipped": 0,
2026-06-17T00:27:56.2756899+09:00     "results": [
2026-06-17T00:27:56.2766890+09:00       {
2026-06-17T00:27:56.2786884+09:00         "task_id": "daily-20260616-r03",
2026-06-17T00:27:56.2802549+09:00         "result": {
2026-06-17T00:27:56.2822921+09:00           "outcome": "no_new_messages"
2026-06-17T00:27:56.2822921+09:00         }
2026-06-17T00:27:56.2822921+09:00       }
2026-06-17T00:27:56.2874423+09:00     ]
2026-06-17T00:27:56.2874423+09:00   },
2026-06-17T00:27:56.2874423+09:00   "step7_retry_poll": {
2026-06-17T00:27:56.2933033+09:00     "scanned": 16,
2026-06-17T00:27:56.2953527+09:00     "eligible": 12,
2026-06-17T00:27:56.2968599+09:00     "polled": 0,
2026-06-17T00:27:56.2990104+09:00     "retries_triggered": 0,
2026-06-17T00:27:56.3000126+09:00     "retry_errors": 0,
2026-06-17T00:27:56.3020121+09:00     "skipped": 0,
2026-06-17T00:27:56.3040101+09:00     "results": []
2026-06-17T00:27:56.3050102+09:00   }
2026-06-17T00:27:56.3050102+09:00 }
2026-06-17T00:27:56.3105031+09:00 OK run-once finished
2026-06-17T00:32:52.8617618+09:00 START dispatch-run-once
2026-06-17T00:32:53.2512238+09:00 
2026-06-17T00:32:53.2532244+09:00 > orchestrator
2026-06-17T00:32:53.2552234+09:00 > tsx src/cli/orchestrator.ts run-once --limit 10
2026-06-17T00:32:53.2571265+09:00 
2026-06-17T00:32:59.1685394+09:00 {
2026-06-17T00:32:59.1773285+09:00   "ensure_daily": {
2026-06-17T00:32:59.1829860+09:00     "runs": [
2026-06-17T00:32:59.1904799+09:00       {
2026-06-17T00:32:59.1943587+09:00         "run_id": "r01",
2026-06-17T00:32:59.1973584+09:00         "action": "not_due",
2026-06-17T00:32:59.2008730+09:00         "taskId": "daily-20260617-r01",
2026-06-17T00:32:59.2028728+09:00         "reason": "jst_hour=0"
2026-06-17T00:32:59.2038707+09:00       },
2026-06-17T00:32:59.2239878+09:00       {
2026-06-17T00:32:59.2257273+09:00         "run_id": "r02",
2026-06-17T00:32:59.2286624+09:00         "action": "not_due",
2026-06-17T00:32:59.2307138+09:00         "taskId": "daily-20260617-r02",
2026-06-17T00:32:59.2327266+09:00         "reason": "jst_hour=0"
2026-06-17T00:32:59.2357370+09:00       },
2026-06-17T00:32:59.2377348+09:00       {
2026-06-17T00:32:59.2397362+09:00         "run_id": "r03",
2026-06-17T00:32:59.2403550+09:00         "action": "not_due",
2026-06-17T00:32:59.2450879+09:00         "taskId": "daily-20260617-r03",
2026-06-17T00:32:59.2450879+09:00         "reason": "jst_hour=0"
2026-06-17T00:32:59.2478855+09:00       }
2026-06-17T00:32:59.2502701+09:00     ]
2026-06-17T00:32:59.2502701+09:00   },
2026-06-17T00:32:59.2502701+09:00   "reconcile": {
2026-06-17T00:32:59.2502701+09:00     "resetProcessing": 0,
2026-06-17T00:32:59.2567450+09:00     "inserted": 1,
2026-06-17T00:32:59.2588275+09:00     "scanned": 16,
2026-06-17T00:32:59.2607983+09:00     "stale": {
2026-06-17T00:32:59.2617945+09:00       "scanned": 16,
2026-06-17T00:32:59.2637922+09:00       "staleDetected": 0,
2026-06-17T00:32:59.2657948+09:00       "rolledBack": 0,
2026-06-17T00:32:59.2667957+09:00       "skippedCap": 0,
2026-06-17T00:32:59.2690191+09:00       "dryRun": false,
2026-06-17T00:32:59.2700197+09:00       "actions": []
2026-06-17T00:32:59.2720199+09:00     }
2026-06-17T00:32:59.2742318+09:00   },
2026-06-17T00:32:59.2752732+09:00   "dispatch": {
2026-06-17T00:32:59.2763319+09:00     "claimed": 1,
2026-06-17T00:32:59.2763319+09:00     "done": 1,
2026-06-17T00:32:59.2763319+09:00     "failed": 0
2026-06-17T00:32:59.2806170+09:00   },
2026-06-17T00:32:59.2820073+09:00   "step4_poll": {
2026-06-17T00:32:59.2840500+09:00     "scanned": 16,
2026-06-17T00:32:59.2850151+09:00     "awaiting": 1,
2026-06-17T00:32:59.2870143+09:00     "polled": 0,
2026-06-17T00:32:59.2880145+09:00     "picks_applied": 0,
2026-06-17T00:32:59.2900147+09:00     "pick_errors": 0,
2026-06-17T00:32:59.2903306+09:00     "timeouts": 0,
2026-06-17T00:32:59.2903306+09:00     "skipped": 0,
2026-06-17T00:32:59.2903306+09:00     "results": [
2026-06-17T00:32:59.2953780+09:00       {
2026-06-17T00:32:59.2953780+09:00         "task_id": "daily-20260616-r03",
2026-06-17T00:32:59.2953780+09:00         "result": {
2026-06-17T00:32:59.2953780+09:00           "outcome": "no_new_messages"
2026-06-17T00:32:59.3017814+09:00         }
2026-06-17T00:32:59.3028421+09:00       }
2026-06-17T00:32:59.3048411+09:00     ]
2026-06-17T00:32:59.3056692+09:00   },
2026-06-17T00:32:59.3073765+09:00   "step7_retry_poll": {
2026-06-17T00:32:59.3094936+09:00     "scanned": 16,
2026-06-17T00:32:59.3104907+09:00     "eligible": 12,
2026-06-17T00:32:59.3114939+09:00     "polled": 0,
2026-06-17T00:32:59.3134939+09:00     "retries_triggered": 0,
2026-06-17T00:32:59.3144577+09:00     "retry_errors": 0,
2026-06-17T00:32:59.3154584+09:00     "skipped": 0,
2026-06-17T00:32:59.3154584+09:00     "results": []
2026-06-17T00:32:59.3154584+09:00   }
2026-06-17T00:32:59.3208938+09:00 }
2026-06-17T00:32:59.3208938+09:00 OK run-once finished
2026-06-17T00:37:50.7185511+09:00 START dispatch-run-once
2026-06-17T00:37:51.1041500+09:00 
2026-06-17T00:37:51.1061539+09:00 > orchestrator
2026-06-17T00:37:51.1081551+09:00 > tsx src/cli/orchestrator.ts run-once --limit 10
2026-06-17T00:37:51.1090829+09:00 
2026-06-17T00:37:55.7284020+09:00 {
2026-06-17T00:37:55.7343429+09:00   "ensure_daily": {
2026-06-17T00:37:55.7388105+09:00     "runs": [
2026-06-17T00:37:55.7473543+09:00       {
2026-06-17T00:37:55.7493573+09:00         "run_id": "r01",
2026-06-17T00:37:55.7517583+09:00         "action": "not_due",
2026-06-17T00:37:55.7537580+09:00         "taskId": "daily-20260617-r01",
2026-06-17T00:37:55.7557560+09:00         "reason": "jst_hour=0"
2026-06-17T00:37:55.7587568+09:00       },
2026-06-17T00:37:55.7801850+09:00       {
2026-06-17T00:37:55.7821560+09:00         "run_id": "r02",
2026-06-17T00:37:55.7839526+09:00         "action": "not_due",
2026-06-17T00:37:55.7839526+09:00         "taskId": "daily-20260617-r02",
2026-06-17T00:37:55.7881726+09:00         "reason": "jst_hour=0"
2026-06-17T00:37:55.7881726+09:00       },
2026-06-17T00:37:55.7927557+09:00       {
2026-06-17T00:37:55.7948100+09:00         "run_id": "r03",
2026-06-17T00:37:55.7963694+09:00         "action": "not_due",
2026-06-17T00:37:55.7973745+09:00         "taskId": "daily-20260617-r03",
2026-06-17T00:37:55.7993743+09:00         "reason": "jst_hour=0"
2026-06-17T00:37:55.8007342+09:00       }
2026-06-17T00:37:55.8027349+09:00     ]
2026-06-17T00:37:55.8047351+09:00   },
2026-06-17T00:37:55.8057360+09:00   "reconcile": {
2026-06-17T00:37:55.8067357+09:00     "resetProcessing": 0,
2026-06-17T00:37:55.8087338+09:00     "inserted": 1,
2026-06-17T00:37:55.8105290+09:00     "scanned": 16,
2026-06-17T00:37:55.8105290+09:00     "stale": {
2026-06-17T00:37:55.8140566+09:00       "scanned": 16,
2026-06-17T00:37:55.8140566+09:00       "staleDetected": 0,
2026-06-17T00:37:55.8177942+09:00       "rolledBack": 0,
2026-06-17T00:37:55.8198804+09:00       "skippedCap": 0,
2026-06-17T00:37:55.8218781+09:00       "dryRun": false,
2026-06-17T00:37:55.8238802+09:00       "actions": []
2026-06-17T00:37:55.8256036+09:00     }
2026-06-17T00:37:55.8277348+09:00   },
2026-06-17T00:37:55.8287346+09:00   "dispatch": {
2026-06-17T00:37:55.8307398+09:00     "claimed": 1,
2026-06-17T00:37:55.8327368+09:00     "done": 1,
2026-06-17T00:37:55.8337344+09:00     "failed": 0
2026-06-17T00:37:55.8337344+09:00   },
2026-06-17T00:37:55.8337344+09:00   "step4_poll": {
2026-06-17T00:37:55.8337344+09:00     "scanned": 16,
2026-06-17T00:37:55.8389598+09:00     "awaiting": 1,
2026-06-17T00:37:55.8389598+09:00     "polled": 0,
2026-06-17T00:37:55.8389598+09:00     "picks_applied": 0,
2026-06-17T00:37:55.8448781+09:00     "pick_errors": 0,
2026-06-17T00:37:55.8469255+09:00     "timeouts": 0,
2026-06-17T00:37:55.8479245+09:00     "skipped": 0,
2026-06-17T00:37:55.8489256+09:00     "results": [
2026-06-17T00:37:55.8505846+09:00       {
2026-06-17T00:37:55.8526603+09:00         "task_id": "daily-20260616-r03",
2026-06-17T00:37:55.8536595+09:00         "result": {
2026-06-17T00:37:55.8546590+09:00           "outcome": "no_new_messages"
2026-06-17T00:37:55.8566596+09:00         }
2026-06-17T00:37:55.8576597+09:00       }
2026-06-17T00:37:55.8589761+09:00     ]
2026-06-17T00:37:55.8589761+09:00   },
2026-06-17T00:37:55.8589761+09:00   "step7_retry_poll": {
2026-06-17T00:37:55.8638711+09:00     "scanned": 16,
2026-06-17T00:37:55.8638711+09:00     "eligible": 12,
2026-06-17T00:37:55.8638711+09:00     "polled": 0,
2026-06-17T00:37:55.8638711+09:00     "retries_triggered": 0,
2026-06-17T00:37:55.8688843+09:00     "retry_errors": 0,
2026-06-17T00:37:55.8688843+09:00     "skipped": 0,
2026-06-17T00:37:55.8688843+09:00     "results": []
2026-06-17T00:37:55.8688843+09:00   }
2026-06-17T00:37:55.8755622+09:00 }
2026-06-17T00:37:55.8776109+09:00 OK run-once finished
2026-06-17T00:42:51.5297324+09:00 START dispatch-run-once
2026-06-17T00:42:51.9128158+09:00 
2026-06-17T00:42:51.9128158+09:00 > orchestrator
2026-06-17T00:42:51.9158495+09:00 > tsx src/cli/orchestrator.ts run-once --limit 10
2026-06-17T00:42:51.9158495+09:00 
2026-06-17T00:42:56.2476022+09:00 {
2026-06-17T00:42:56.2568465+09:00   "ensure_daily": {
2026-06-17T00:42:56.2652649+09:00     "runs": [
2026-06-17T00:42:56.2715150+09:00       {
2026-06-17T00:42:56.2754746+09:00         "run_id": "r01",
2026-06-17T00:42:56.2774674+09:00         "action": "not_due",
2026-06-17T00:42:56.2774674+09:00         "taskId": "daily-20260617-r01",
2026-06-17T00:42:56.2774674+09:00         "reason": "jst_hour=0"
2026-06-17T00:42:56.2827864+09:00       },
2026-06-17T00:42:56.3024812+09:00       {
2026-06-17T00:42:56.3024812+09:00         "run_id": "r02",
2026-06-17T00:42:56.3070951+09:00         "action": "not_due",
2026-06-17T00:42:56.3114236+09:00         "taskId": "daily-20260617-r02",
2026-06-17T00:42:56.3134781+09:00         "reason": "jst_hour=0"
2026-06-17T00:42:56.3154780+09:00       },
2026-06-17T00:42:56.3184856+09:00       {
2026-06-17T00:42:56.3202780+09:00         "run_id": "r03",
2026-06-17T00:42:56.3225127+09:00         "action": "not_due",
2026-06-17T00:42:56.3245189+09:00         "taskId": "daily-20260617-r03",
2026-06-17T00:42:56.3255193+09:00         "reason": "jst_hour=0"
2026-06-17T00:42:56.3275092+09:00       }
2026-06-17T00:42:56.3275092+09:00     ]
2026-06-17T00:42:56.3275092+09:00   },
2026-06-17T00:42:56.3317406+09:00   "reconcile": {
2026-06-17T00:42:56.3317406+09:00     "resetProcessing": 0,
2026-06-17T00:42:56.3372568+09:00     "inserted": 1,
2026-06-17T00:42:56.3382554+09:00     "scanned": 16,
2026-06-17T00:42:56.3392551+09:00     "stale": {
2026-06-17T00:42:56.3412558+09:00       "scanned": 16,
2026-06-17T00:42:56.3432588+09:00       "staleDetected": 0,
2026-06-17T00:42:56.3453951+09:00       "rolledBack": 0,
2026-06-17T00:42:56.3473905+09:00       "skippedCap": 0,
2026-06-17T00:42:56.3483909+09:00       "dryRun": false,
2026-06-17T00:42:56.3503911+09:00       "actions": []
2026-06-17T00:42:56.3513910+09:00     }
2026-06-17T00:42:56.3523915+09:00   },
2026-06-17T00:42:56.3542643+09:00   "dispatch": {
2026-06-17T00:42:56.3542643+09:00     "claimed": 1,
2026-06-17T00:42:56.3577258+09:00     "done": 1,
2026-06-17T00:42:56.3577258+09:00     "failed": 0
2026-06-17T00:42:56.3611693+09:00   },
2026-06-17T00:42:56.3632470+09:00   "step4_poll": {
2026-06-17T00:42:56.3642483+09:00     "scanned": 16,
2026-06-17T00:42:56.3662477+09:00     "awaiting": 1,
2026-06-17T00:42:56.3672143+09:00     "polled": 0,
2026-06-17T00:42:56.3682164+09:00     "picks_applied": 0,
2026-06-17T00:42:56.3712313+09:00     "pick_errors": 0,
2026-06-17T00:42:56.3722281+09:00     "timeouts": 0,
2026-06-17T00:42:56.3742613+09:00     "skipped": 0,
2026-06-17T00:42:56.3752268+09:00     "results": [
2026-06-17T00:42:56.3772644+09:00       {
2026-06-17T00:42:56.3772644+09:00         "task_id": "daily-20260616-r03",
2026-06-17T00:42:56.3772644+09:00         "result": {
2026-06-17T00:42:56.3772644+09:00           "outcome": "no_new_messages"
2026-06-17T00:42:56.3827392+09:00         }
2026-06-17T00:42:56.3827392+09:00       }
2026-06-17T00:42:56.3861814+09:00     ]
2026-06-17T00:42:56.3872461+09:00   },
2026-06-17T00:42:56.3892450+09:00   "step7_retry_poll": {
2026-06-17T00:42:56.3902442+09:00     "scanned": 16,
2026-06-17T00:42:56.3912445+09:00     "eligible": 12,
2026-06-17T00:42:56.3932777+09:00     "polled": 0,
2026-06-17T00:42:56.3940772+09:00     "retries_triggered": 0,
2026-06-17T00:42:56.3962559+09:00     "retry_errors": 0,
2026-06-17T00:42:56.3972924+09:00     "skipped": 0,
2026-06-17T00:42:56.3992886+09:00     "results": []
2026-06-17T00:42:56.4002539+09:00   }
2026-06-17T00:42:56.4018800+09:00 }
2026-06-17T00:42:56.4038711+09:00 OK run-once finished
2026-06-17T00:47:51.2241700+09:00 START dispatch-run-once
2026-06-17T00:47:51.6012271+09:00 
2026-06-17T00:47:51.6069337+09:00 > orchestrator
2026-06-17T00:47:51.6089885+09:00 > tsx src/cli/orchestrator.ts run-once --limit 10
2026-06-17T00:47:51.6109886+09:00 
2026-06-17T00:47:57.4083747+09:00 {
2026-06-17T00:47:57.4103764+09:00   "ensure_daily": {
2026-06-17T00:47:57.4123731+09:00     "runs": [
2026-06-17T00:47:57.4123731+09:00       {
2026-06-17T00:47:57.4123731+09:00         "run_id": "r01",
2026-06-17T00:47:57.4177009+09:00         "action": "not_due",
2026-06-17T00:47:57.4224892+09:00         "taskId": "daily-20260617-r01",
2026-06-17T00:47:57.4244917+09:00         "reason": "jst_hour=0"
2026-06-17T00:47:57.4264901+09:00       },
2026-06-17T00:47:57.4427785+09:00       {
2026-06-17T00:47:57.4489023+09:00         "run_id": "r02",
2026-06-17T00:47:57.4509478+09:00         "action": "not_due",
2026-06-17T00:47:57.4529478+09:00         "taskId": "daily-20260617-r02",
2026-06-17T00:47:57.4553172+09:00         "reason": "jst_hour=0"
2026-06-17T00:47:57.4573168+09:00       },
2026-06-17T00:47:57.4583151+09:00       {
2026-06-17T00:47:57.4603149+09:00         "run_id": "r03",
2026-06-17T00:47:57.4623150+09:00         "action": "not_due",
2026-06-17T00:47:57.4627016+09:00         "taskId": "daily-20260617-r03",
2026-06-17T00:47:57.4627016+09:00         "reason": "jst_hour=0"
2026-06-17T00:47:57.4627016+09:00       }
2026-06-17T00:47:57.4677611+09:00     ]
2026-06-17T00:47:57.4677611+09:00   },
2026-06-17T00:47:57.4713170+09:00   "reconcile": {
2026-06-17T00:47:57.4733603+09:00     "resetProcessing": 0,
2026-06-17T00:47:57.4743659+09:00     "inserted": 1,
2026-06-17T00:47:57.4753656+09:00     "scanned": 16,
2026-06-17T00:47:57.4773663+09:00     "stale": {
2026-06-17T00:47:57.4792421+09:00       "scanned": 16,
2026-06-17T00:47:57.4813182+09:00       "staleDetected": 0,
2026-06-17T00:47:57.4823181+09:00       "rolledBack": 0,
2026-06-17T00:47:57.4843163+09:00       "skippedCap": 0,
2026-06-17T00:47:57.4863164+09:00       "dryRun": false,
2026-06-17T00:47:57.4879342+09:00       "actions": []
2026-06-17T00:47:57.4884414+09:00     }
2026-06-17T00:47:57.4884414+09:00   },
2026-06-17T00:47:57.4924343+09:00   "dispatch": {
2026-06-17T00:47:57.4924343+09:00     "claimed": 1,
2026-06-17T00:47:57.4963345+09:00     "done": 1,
2026-06-17T00:47:57.4974004+09:00     "failed": 0
2026-06-17T00:47:57.4994014+09:00   },
2026-06-17T00:47:57.5003999+09:00   "step4_poll": {
2026-06-17T00:47:57.5024008+09:00     "scanned": 16,
2026-06-17T00:47:57.5033997+09:00     "awaiting": 1,
2026-06-17T00:47:57.5056933+09:00     "polled": 0,
2026-06-17T00:47:57.5066931+09:00     "picks_applied": 0,
2026-06-17T00:47:57.5086932+09:00     "pick_errors": 0,
2026-06-17T00:47:57.5096940+09:00     "timeouts": 0,
2026-06-17T00:47:57.5106921+09:00     "skipped": 0,
2026-06-17T00:47:57.5126306+09:00     "results": [
2026-06-17T00:47:57.5126306+09:00       {
2026-06-17T00:47:57.5126306+09:00         "task_id": "daily-20260616-r03",
2026-06-17T00:47:57.5168166+09:00         "result": {
2026-06-17T00:47:57.5168166+09:00           "outcome": "no_new_messages"
2026-06-17T00:47:57.5168166+09:00         }
2026-06-17T00:47:57.5213853+09:00       }
2026-06-17T00:47:57.5234283+09:00     ]
2026-06-17T00:47:57.5244265+09:00   },
2026-06-17T00:47:57.5264282+09:00   "step7_retry_poll": {
2026-06-17T00:47:57.5274279+09:00     "scanned": 16,
2026-06-17T00:47:57.5284273+09:00     "eligible": 12,
2026-06-17T00:47:57.5303710+09:00     "polled": 0,
2026-06-17T00:47:57.5313705+09:00     "retries_triggered": 0,
2026-06-17T00:47:57.5333706+09:00     "retry_errors": 0,
2026-06-17T00:47:57.5349412+09:00     "skipped": 0,
2026-06-17T00:47:57.5359662+09:00     "results": []
2026-06-17T00:47:57.5375876+09:00   }
2026-06-17T00:47:57.5386407+09:00 }
2026-06-17T00:47:57.5406420+09:00 OK run-once finished
2026-06-17T00:52:51.7644089+09:00 START dispatch-run-once
2026-06-17T00:52:52.1517436+09:00 
2026-06-17T00:52:52.1539290+09:00 > orchestrator
2026-06-17T00:52:52.1559396+09:00 > tsx src/cli/orchestrator.ts run-once --limit 10
2026-06-17T00:52:52.1577939+09:00 
2026-06-17T00:52:58.0039555+09:00 {
2026-06-17T00:52:58.0136462+09:00   "ensure_daily": {
2026-06-17T00:52:58.0258431+09:00     "runs": [
2026-06-17T00:52:58.0313629+09:00       {
2026-06-17T00:52:58.0361056+09:00         "run_id": "r01",
2026-06-17T00:52:58.0470880+09:00         "action": "not_due",
2026-06-17T00:52:58.0535080+09:00         "taskId": "daily-20260617-r01",
2026-06-17T00:52:58.0561171+09:00         "reason": "jst_hour=0"
2026-06-17T00:52:58.0561171+09:00       },
2026-06-17T00:52:58.0789258+09:00       {
2026-06-17T00:52:58.0816210+09:00         "run_id": "r02",
2026-06-17T00:52:58.0816210+09:00         "action": "not_due",
2026-06-17T00:52:58.0850290+09:00         "taskId": "daily-20260617-r02",
2026-06-17T00:52:58.0870397+09:00         "reason": "jst_hour=0"
2026-06-17T00:52:58.0911695+09:00       },
2026-06-17T00:52:58.0941681+09:00       {
2026-06-17T00:52:58.0961681+09:00         "run_id": "r03",
2026-06-17T00:52:58.0977561+09:00         "action": "not_due",
2026-06-17T00:52:58.1009171+09:00         "taskId": "daily-20260617-r03",
2026-06-17T00:52:58.1029212+09:00         "reason": "jst_hour=0"
2026-06-17T00:52:58.1046165+09:00       }
2026-06-17T00:52:58.1071536+09:00     ]
2026-06-17T00:52:58.1091575+09:00   },
2026-06-17T00:52:58.1111538+09:00   "reconcile": {
2026-06-17T00:52:58.1131555+09:00     "resetProcessing": 0,
2026-06-17T00:52:58.1141537+09:00     "inserted": 1,
2026-06-17T00:52:58.1141537+09:00     "scanned": 16,
2026-06-17T00:52:58.1185224+09:00     "stale": {
2026-06-17T00:52:58.1190472+09:00       "scanned": 16,
2026-06-17T00:52:58.1190472+09:00       "staleDetected": 0,
2026-06-17T00:52:58.1251642+09:00       "rolledBack": 0,
2026-06-17T00:52:58.1272133+09:00       "skippedCap": 0,
2026-06-17T00:52:58.1292119+09:00       "dryRun": false,
2026-06-17T00:52:58.1310578+09:00       "actions": []
2026-06-17T00:52:58.1331221+09:00     }
2026-06-17T00:52:58.1351207+09:00   },
2026-06-17T00:52:58.1371218+09:00   "dispatch": {
2026-06-17T00:52:58.1391227+09:00     "claimed": 1,
2026-06-17T00:52:58.1391227+09:00     "done": 1,
2026-06-17T00:52:58.1391227+09:00     "failed": 0
2026-06-17T00:52:58.1445460+09:00   },
2026-06-17T00:52:58.1445460+09:00   "step4_poll": {
2026-06-17T00:52:58.1445460+09:00     "scanned": 16,
2026-06-17T00:52:58.1496243+09:00     "awaiting": 1,
2026-06-17T00:52:58.1496243+09:00     "polled": 0,
2026-06-17T00:52:58.1496243+09:00     "picks_applied": 0,
2026-06-17T00:52:58.1496243+09:00     "pick_errors": 0,
2026-06-17T00:52:58.1563983+09:00     "timeouts": 0,
2026-06-17T00:52:58.1583874+09:00     "skipped": 0,
2026-06-17T00:52:58.1593875+09:00     "results": [
2026-06-17T00:52:58.1613851+09:00       {
2026-06-17T00:52:58.1623859+09:00         "task_id": "daily-20260616-r03",
2026-06-17T00:52:58.1643891+09:00         "result": {
2026-06-17T00:52:58.1653900+09:00           "outcome": "no_new_messages"
2026-06-17T00:52:58.1675923+09:00         }
2026-06-17T00:52:58.1695935+09:00       }
2026-06-17T00:52:58.1705928+09:00     ]
2026-06-17T00:52:58.1737904+09:00   },
2026-06-17T00:52:58.1747898+09:00   "step7_retry_poll": {
2026-06-17T00:52:58.1747898+09:00     "scanned": 16,
2026-06-17T00:52:58.1747898+09:00     "eligible": 12,
2026-06-17T00:52:58.1801673+09:00     "polled": 0,
2026-06-17T00:52:58.1835407+09:00     "retries_triggered": 0,
2026-06-17T00:52:58.1845415+09:00     "retry_errors": 0,
2026-06-17T00:52:58.1865408+09:00     "skipped": 0,
2026-06-17T00:52:58.1885399+09:00     "results": []
2026-06-17T00:52:58.1893955+09:00   }
2026-06-17T00:52:58.1914652+09:00 }
2026-06-17T00:52:58.1934646+09:00 OK run-once finished
2026-06-17T00:57:51.8968014+09:00 START dispatch-run-once
2026-06-17T00:57:52.2801103+09:00 
2026-06-17T00:57:52.2821118+09:00 > orchestrator
2026-06-17T00:57:52.2837246+09:00 > tsx src/cli/orchestrator.ts run-once --limit 10
2026-06-17T00:57:52.2848128+09:00 
2026-06-17T00:57:58.1174212+09:00 {
2026-06-17T00:57:58.1204182+09:00   "ensure_daily": {
2026-06-17T00:57:58.1224184+09:00     "runs": [
2026-06-17T00:57:58.1247689+09:00       {
2026-06-17T00:57:58.1247689+09:00         "run_id": "r01",
2026-06-17T00:57:58.1299225+09:00         "action": "not_due",
2026-06-17T00:57:58.1329597+09:00         "taskId": "daily-20260617-r01",
2026-06-17T00:57:58.1344105+09:00         "reason": "jst_hour=0"
2026-06-17T00:57:58.1364183+09:00       },
2026-06-17T00:57:58.1540893+09:00       {
2026-06-17T00:57:58.1540893+09:00         "run_id": "r02",
2026-06-17T00:57:58.1540893+09:00         "action": "not_due",
2026-06-17T00:57:58.1599253+09:00         "taskId": "daily-20260617-r02",
2026-06-17T00:57:58.1626941+09:00         "reason": "jst_hour=0"
2026-06-17T00:57:58.1646969+09:00       },
2026-06-17T00:57:58.1663434+09:00       {
2026-06-17T00:57:58.1684198+09:00         "run_id": "r03",
2026-06-17T00:57:58.1704194+09:00         "action": "not_due",
2026-06-17T00:57:58.1714168+09:00         "taskId": "daily-20260617-r03",
2026-06-17T00:57:58.1734176+09:00         "reason": "jst_hour=0"
2026-06-17T00:57:58.1744166+09:00       }
2026-06-17T00:57:58.1744166+09:00     ]
2026-06-17T00:57:58.1744166+09:00   },
2026-06-17T00:57:58.1799049+09:00   "reconcile": {
2026-06-17T00:57:58.1799049+09:00     "resetProcessing": 0,
2026-06-17T00:57:58.1832953+09:00     "inserted": 1,
2026-06-17T00:57:58.1853437+09:00     "scanned": 16,
2026-06-17T00:57:58.1863419+09:00     "stale": {
2026-06-17T00:57:58.1883438+09:00       "scanned": 16,
2026-06-17T00:57:58.1893429+09:00       "staleDetected": 0,
2026-06-17T00:57:58.1913041+09:00       "rolledBack": 0,
2026-06-17T00:57:58.1934181+09:00       "skippedCap": 0,
2026-06-17T00:57:58.1954189+09:00       "dryRun": false,
2026-06-17T00:57:58.1964205+09:00       "actions": []
2026-06-17T00:57:58.1984202+09:00     }
2026-06-17T00:57:58.1994217+09:00   },
2026-06-17T00:57:58.2007375+09:00   "dispatch": {
2026-06-17T00:57:58.2007375+09:00     "claimed": 1,
2026-06-17T00:57:58.2007375+09:00     "done": 1,
2026-06-17T00:57:58.2046810+09:00     "failed": 0
2026-06-17T00:57:58.2083268+09:00   },
2026-06-17T00:57:58.2093926+09:00   "step4_poll": {
2026-06-17T00:57:58.2113917+09:00     "scanned": 16,
2026-06-17T00:57:58.2123924+09:00     "awaiting": 1,
2026-06-17T00:57:58.2134265+09:00     "polled": 0,
2026-06-17T00:57:58.2154263+09:00     "picks_applied": 0,
2026-06-17T00:57:58.2167273+09:00     "pick_errors": 0,
2026-06-17T00:57:58.2177457+09:00     "timeouts": 0,
2026-06-17T00:57:58.2197620+09:00     "skipped": 0,
2026-06-17T00:57:58.2217306+09:00     "results": [
2026-06-17T00:57:58.2233737+09:00       {
2026-06-17T00:57:58.2249289+09:00         "task_id": "daily-20260616-r03",
2026-06-17T00:57:58.2260243+09:00         "result": {
2026-06-17T00:57:58.2280233+09:00           "outcome": "no_new_messages"
2026-06-17T00:57:58.2289879+09:00         }
2026-06-17T00:57:58.2300217+09:00       }
2026-06-17T00:57:58.2320213+09:00     ]
2026-06-17T00:57:58.2332960+09:00   },
2026-06-17T00:57:58.2332960+09:00   "step7_retry_poll": {
2026-06-17T00:57:58.2332960+09:00     "scanned": 16,
2026-06-17T00:57:58.2384547+09:00     "eligible": 12,
2026-06-17T00:57:58.2384547+09:00     "polled": 0,
2026-06-17T00:57:58.2384547+09:00     "retries_triggered": 0,
2026-06-17T00:57:58.2384547+09:00     "retry_errors": 0,
2026-06-17T00:57:58.2443103+09:00     "skipped": 0,
2026-06-17T00:57:58.2453564+09:00     "results": []
2026-06-17T00:57:58.2463888+09:00   }
2026-06-17T00:57:58.2483886+09:00 }
2026-06-17T00:57:58.2506477+09:00 OK run-once finished
2026-06-17T01:02:51.1089352+09:00 START dispatch-run-once
2026-06-17T01:02:51.5230132+09:00 
2026-06-17T01:02:51.5254167+09:00 > orchestrator
2026-06-17T01:02:51.5276967+09:00 > tsx src/cli/orchestrator.ts run-once --limit 10
2026-06-17T01:02:51.5296990+09:00 
2026-06-17T01:02:57.2290994+09:00 {
2026-06-17T01:02:57.2321023+09:00   "ensure_daily": {
2026-06-17T01:02:57.2340998+09:00     "runs": [
2026-06-17T01:02:57.2373062+09:00       {
2026-06-17T01:02:57.2393078+09:00         "run_id": "r01",
2026-06-17T01:02:57.2413051+09:00         "action": "not_due",
2026-06-17T01:02:57.2441810+09:00         "taskId": "daily-20260617-r01",
2026-06-17T01:02:57.2451795+09:00         "reason": "jst_hour=1"
2026-06-17T01:02:57.2451795+09:00       },
2026-06-17T01:02:57.2678994+09:00       {
2026-06-17T01:02:57.2678994+09:00         "run_id": "r02",
2026-06-17T01:02:57.2732622+09:00         "action": "not_due",
2026-06-17T01:02:57.2732622+09:00         "taskId": "daily-20260617-r02",
2026-06-17T01:02:57.2762466+09:00         "reason": "jst_hour=1"
2026-06-17T01:02:57.2784452+09:00       },
2026-06-17T01:02:57.2784452+09:00       {
2026-06-17T01:02:57.2841519+09:00         "run_id": "r03",
2026-06-17T01:02:57.2860190+09:00         "action": "not_due",
2026-06-17T01:02:57.2884978+09:00         "taskId": "daily-20260617-r03",
2026-06-17T01:02:57.2894644+09:00         "reason": "jst_hour=1"
2026-06-17T01:02:57.2904629+09:00       }
2026-06-17T01:02:57.2924973+09:00     ]
2026-06-17T01:02:57.2934653+09:00   },
2026-06-17T01:02:57.2957640+09:00   "reconcile": {
2026-06-17T01:02:57.2967257+09:00     "resetProcessing": 0,
2026-06-17T01:02:57.2977605+09:00     "inserted": 1,
2026-06-17T01:02:57.3007293+09:00     "scanned": 16,
2026-06-17T01:02:57.3025185+09:00     "stale": {
2026-06-17T01:02:57.3034857+09:00       "scanned": 16,
2026-06-17T01:02:57.3034857+09:00       "staleDetected": 0,
2026-06-17T01:02:57.3034857+09:00       "rolledBack": 0,
2026-06-17T01:02:57.3088987+09:00       "skippedCap": 0,
2026-06-17T01:02:57.3088987+09:00       "dryRun": false,
2026-06-17T01:02:57.3088987+09:00       "actions": []
2026-06-17T01:02:57.3088987+09:00     }
2026-06-17T01:02:57.3153618+09:00   },
2026-06-17T01:02:57.3181029+09:00   "dispatch": {
2026-06-17T01:02:57.3197122+09:00     "claimed": 1,
2026-06-17T01:02:57.3207101+09:00     "done": 1,
2026-06-17T01:02:57.3227125+09:00     "failed": 0
2026-06-17T01:02:57.3237141+09:00   },
2026-06-17T01:02:57.3257114+09:00   "step4_poll": {
2026-06-17T01:02:57.3264483+09:00     "scanned": 16,
2026-06-17T01:02:57.3264483+09:00     "awaiting": 1,
2026-06-17T01:02:57.3264483+09:00     "polled": 0,
2026-06-17T01:02:57.3310839+09:00     "picks_applied": 0,
2026-06-17T01:02:57.3310839+09:00     "pick_errors": 0,
2026-06-17T01:02:57.3310839+09:00     "timeouts": 0,
2026-06-17T01:02:57.3360978+09:00     "skipped": 0,
2026-06-17T01:02:57.3360978+09:00     "results": [
2026-06-17T01:02:57.3360978+09:00       {
2026-06-17T01:02:57.3360978+09:00         "task_id": "daily-20260616-r03",
2026-06-17T01:02:57.3417787+09:00         "result": {
2026-06-17T01:02:57.3430648+09:00           "outcome": "no_new_messages"
2026-06-17T01:02:57.3451182+09:00         }
2026-06-17T01:02:57.3461173+09:00       }
2026-06-17T01:02:57.3471182+09:00     ]
2026-06-17T01:02:57.3491181+09:00   },
2026-06-17T01:02:57.3501178+09:00   "step7_retry_poll": {
2026-06-17T01:02:57.3514378+09:00     "scanned": 16,
2026-06-17T01:02:57.3514378+09:00     "eligible": 12,
2026-06-17T01:02:57.3514378+09:00     "polled": 0,
2026-06-17T01:02:57.3514378+09:00     "retries_triggered": 0,
2026-06-17T01:02:57.3562446+09:00     "retry_errors": 0,
2026-06-17T01:02:57.3562446+09:00     "skipped": 0,
2026-06-17T01:02:57.3562446+09:00     "results": []
2026-06-17T01:02:57.3614782+09:00   }
2026-06-17T01:02:57.3614782+09:00 }
2026-06-17T01:02:57.3614782+09:00 OK run-once finished
2026-06-17T01:07:51.7299754+09:00 START dispatch-run-once
2026-06-17T01:07:52.1102328+09:00 
2026-06-17T01:07:52.1117749+09:00 > orchestrator
2026-06-17T01:07:52.1117749+09:00 > tsx src/cli/orchestrator.ts run-once --limit 10
2026-06-17T01:07:52.1163887+09:00 
2026-06-17T01:07:57.6275338+09:00 {
2026-06-17T01:07:57.6340268+09:00   "ensure_daily": {
2026-06-17T01:07:57.6418528+09:00     "runs": [
2026-06-17T01:07:57.6461579+09:00       {
2026-06-17T01:07:57.6501539+09:00         "run_id": "r01",
2026-06-17T01:07:57.6531522+09:00         "action": "not_due",
2026-06-17T01:07:57.6531522+09:00         "taskId": "daily-20260617-r01",
2026-06-17T01:07:57.6531522+09:00         "reason": "jst_hour=1"
2026-06-17T01:07:57.6583049+09:00       },
2026-06-17T01:07:57.6782030+09:00       {
2026-06-17T01:07:57.6805253+09:00         "run_id": "r02",
2026-06-17T01:07:57.6825157+09:00         "action": "not_due",
2026-06-17T01:07:57.6844982+09:00         "taskId": "daily-20260617-r02",
2026-06-17T01:07:57.6876873+09:00         "reason": "jst_hour=1"
2026-06-17T01:07:57.6876873+09:00       },
2026-06-17T01:07:57.6876873+09:00       {
2026-06-17T01:07:57.6927925+09:00         "run_id": "r03",
2026-06-17T01:07:57.6927925+09:00         "action": "not_due",
2026-06-17T01:07:57.6992110+09:00         "taskId": "daily-20260617-r03",
2026-06-17T01:07:57.7013665+09:00         "reason": "jst_hour=1"
2026-06-17T01:07:57.7033419+09:00       }
2026-06-17T01:07:57.7054386+09:00     ]
2026-06-17T01:07:57.7064381+09:00   },
2026-06-17T01:07:57.7084416+09:00   "reconcile": {
2026-06-17T01:07:57.7094390+09:00     "resetProcessing": 0,
2026-06-17T01:07:57.7114406+09:00     "inserted": 1,
2026-06-17T01:07:57.7114406+09:00     "scanned": 16,
2026-06-17T01:07:57.7114406+09:00     "stale": {
2026-06-17T01:07:57.7167174+09:00       "scanned": 16,
2026-06-17T01:07:57.7167174+09:00       "staleDetected": 0,
2026-06-17T01:07:57.7167174+09:00       "rolledBack": 0,
2026-06-17T01:07:57.7167174+09:00       "skippedCap": 0,
2026-06-17T01:07:57.7218721+09:00       "dryRun": false,
2026-06-17T01:07:57.7218721+09:00       "actions": []
2026-06-17T01:07:57.7218721+09:00     }
2026-06-17T01:07:57.7280533+09:00   },
2026-06-17T01:07:57.7300719+09:00   "dispatch": {
2026-06-17T01:07:57.7310453+09:00     "claimed": 1,
2026-06-17T01:07:57.7330705+09:00     "done": 1,
2026-06-17T01:07:57.7340411+09:00     "failed": 0
2026-06-17T01:07:57.7350812+09:00   },
2026-06-17T01:07:57.7370420+09:00   "step4_poll": {
2026-06-17T01:07:57.7380416+09:00     "scanned": 16,
2026-06-17T01:07:57.7402690+09:00     "awaiting": 1,
2026-06-17T01:07:57.7412355+09:00     "polled": 0,
2026-06-17T01:07:57.7432405+09:00     "picks_applied": 0,
2026-06-17T01:07:57.7449639+09:00     "pick_errors": 0,
2026-06-17T01:07:57.7470218+09:00     "timeouts": 0,
2026-06-17T01:07:57.7470218+09:00     "skipped": 0,
2026-06-17T01:07:57.7470218+09:00     "results": [
2026-06-17T01:07:57.7470218+09:00       {
2026-06-17T01:07:57.7521470+09:00         "task_id": "daily-20260616-r03",
2026-06-17T01:07:57.7521470+09:00         "result": {
2026-06-17T01:07:57.7521470+09:00           "outcome": "no_new_messages"
2026-06-17T01:07:57.7521470+09:00         }
2026-06-17T01:07:57.7593628+09:00       }
2026-06-17T01:07:57.7603652+09:00     ]
2026-06-17T01:07:57.7613967+09:00   },
2026-06-17T01:07:57.7636613+09:00   "step7_retry_poll": {
2026-06-17T01:07:57.7646592+09:00     "scanned": 16,
2026-06-17T01:07:57.7666931+09:00     "eligible": 12,
2026-06-17T01:07:57.7676590+09:00     "polled": 0,
2026-06-17T01:07:57.7696934+09:00     "retries_triggered": 0,
2026-06-17T01:07:57.7696934+09:00     "retry_errors": 0,
2026-06-17T01:07:57.7714827+09:00     "skipped": 0,
2026-06-17T01:07:57.7714827+09:00     "results": []
2026-06-17T01:07:57.7747700+09:00   }
2026-06-17T01:07:57.7747700+09:00 }
2026-06-17T01:07:57.7786994+09:00 OK run-once finished
2026-06-17T01:12:52.9602865+09:00 START dispatch-run-once
2026-06-17T01:12:53.3499184+09:00 
2026-06-17T01:12:53.3518806+09:00 > orchestrator
2026-06-17T01:12:53.3538865+09:00 > tsx src/cli/orchestrator.ts run-once --limit 10
2026-06-17T01:12:53.3552742+09:00 
2026-06-17T01:12:59.2876902+09:00 {
2026-06-17T01:12:59.2972943+09:00   "ensure_daily": {
2026-06-17T01:12:59.3074830+09:00     "runs": [
2026-06-17T01:12:59.3162148+09:00       {
2026-06-17T01:12:59.3222006+09:00         "run_id": "r01",
2026-06-17T01:12:59.3338134+09:00         "action": "not_due",
2026-06-17T01:12:59.3358312+09:00         "taskId": "daily-20260617-r01",
2026-06-17T01:12:59.3377966+09:00         "reason": "jst_hour=1"
2026-06-17T01:12:59.3399217+09:00       },
2026-06-17T01:12:59.3600708+09:00       {
2026-06-17T01:12:59.3600708+09:00         "run_id": "r02",
2026-06-17T01:12:59.3652257+09:00         "action": "not_due",
2026-06-17T01:12:59.3652257+09:00         "taskId": "daily-20260617-r02",
2026-06-17T01:12:59.3652257+09:00         "reason": "jst_hour=1"
2026-06-17T01:12:59.3721402+09:00       },
2026-06-17T01:12:59.3751396+09:00       {
2026-06-17T01:12:59.3771378+09:00         "run_id": "r03",
2026-06-17T01:12:59.3811379+09:00         "action": "not_due",
2026-06-17T01:12:59.3833400+09:00         "taskId": "daily-20260617-r03",
2026-06-17T01:12:59.3853375+09:00         "reason": "jst_hour=1"
2026-06-17T01:12:59.3873383+09:00       }
2026-06-17T01:12:59.3904677+09:00     ]
2026-06-17T01:12:59.3925196+09:00   },
2026-06-17T01:12:59.3945263+09:00   "reconcile": {
2026-06-17T01:12:59.3955321+09:00     "resetProcessing": 0,
2026-06-17T01:12:59.3975410+09:00     "inserted": 1,
2026-06-17T01:12:59.4015416+09:00     "scanned": 16,
2026-06-17T01:12:59.4035398+09:00     "stale": {
2026-06-17T01:12:59.4101861+09:00       "scanned": 16,
2026-06-17T01:12:59.4121864+09:00       "staleDetected": 0,
2026-06-17T01:12:59.4154592+09:00       "rolledBack": 0,
2026-06-17T01:12:59.4184783+09:00       "skippedCap": 0,
2026-06-17T01:12:59.4204870+09:00       "dryRun": false,
2026-06-17T01:12:59.4235031+09:00       "actions": []
2026-06-17T01:12:59.4261000+09:00     }
2026-06-17T01:12:59.4287282+09:00   },
2026-06-17T01:12:59.4311639+09:00   "dispatch": {
2026-06-17T01:12:59.4331644+09:00     "claimed": 1,
2026-06-17T01:12:59.4351632+09:00     "done": 1,
2026-06-17T01:12:59.4371634+09:00     "failed": 0
2026-06-17T01:12:59.4381638+09:00   },
2026-06-17T01:12:59.4409521+09:00   "step4_poll": {
2026-06-17T01:12:59.4429590+09:00     "scanned": 16,
2026-06-17T01:12:59.4449667+09:00     "awaiting": 1,
2026-06-17T01:12:59.4479826+09:00     "polled": 0,
2026-06-17T01:12:59.4499902+09:00     "picks_applied": 0,
2026-06-17T01:12:59.4529396+09:00     "pick_errors": 0,
2026-06-17T01:12:59.4549933+09:00     "timeouts": 0,
2026-06-17T01:12:59.4581356+09:00     "skipped": 0,
2026-06-17T01:12:59.4601347+09:00     "results": [
2026-06-17T01:12:59.4621428+09:00       {
2026-06-17T01:12:59.4654662+09:00         "task_id": "daily-20260616-r03",
2026-06-17T01:12:59.4654662+09:00         "result": {
2026-06-17T01:12:59.4686060+09:00           "outcome": "no_new_messages"
2026-06-17T01:12:59.4708968+09:00         }
2026-06-17T01:12:59.4741035+09:00       }
2026-06-17T01:12:59.4777277+09:00     ]
2026-06-17T01:12:59.4797361+09:00   },
2026-06-17T01:12:59.4819163+09:00   "step7_retry_poll": {
2026-06-17T01:12:59.4839146+09:00     "scanned": 16,
2026-06-17T01:12:59.4869136+09:00     "eligible": 12,
2026-06-17T01:12:59.4904824+09:00     "polled": 0,
2026-06-17T01:12:59.4924898+09:00     "retries_triggered": 0,
2026-06-17T01:12:59.4944969+09:00     "retry_errors": 0,
2026-06-17T01:12:59.4975117+09:00     "skipped": 0,
2026-06-17T01:12:59.5005619+09:00     "results": []
2026-06-17T01:12:59.5026233+09:00   }
2026-06-17T01:12:59.5036228+09:00 }
2026-06-17T01:12:59.5061644+09:00 OK run-once finished
2026-06-17T01:17:51.5694475+09:00 START dispatch-run-once
2026-06-17T01:17:51.9941448+09:00 
2026-06-17T01:17:51.9961484+09:00 > orchestrator
2026-06-17T01:17:51.9987938+09:00 > tsx src/cli/orchestrator.ts run-once --limit 10
2026-06-17T01:17:51.9987938+09:00 
2026-06-17T01:17:57.1925717+09:00 {
2026-06-17T01:17:57.1965700+09:00   "ensure_daily": {
2026-06-17T01:17:57.1985706+09:00     "runs": [
2026-06-17T01:17:57.2036123+09:00       {
2026-06-17T01:17:57.2036123+09:00         "run_id": "r01",
2026-06-17T01:17:57.2098489+09:00         "action": "not_due",
2026-06-17T01:17:57.2129116+09:00         "taskId": "daily-20260617-r01",
2026-06-17T01:17:57.2153261+09:00         "reason": "jst_hour=1"
2026-06-17T01:17:57.2174311+09:00       },
2026-06-17T01:17:57.2338456+09:00       {
2026-06-17T01:17:57.2397994+09:00         "run_id": "r02",
2026-06-17T01:17:57.2418573+09:00         "action": "not_due",
2026-06-17T01:17:57.2438646+09:00         "taskId": "daily-20260617-r02",
2026-06-17T01:17:57.2458634+09:00         "reason": "jst_hour=1"
2026-06-17T01:17:57.2468630+09:00       },
2026-06-17T01:17:57.2488661+09:00       {
2026-06-17T01:17:57.2508107+09:00         "run_id": "r03",
2026-06-17T01:17:57.2525152+09:00         "action": "not_due",
2026-06-17T01:17:57.2545216+09:00         "taskId": "daily-20260617-r03",
2026-06-17T01:17:57.2569994+09:00         "reason": "jst_hour=1"
2026-06-17T01:17:57.2585294+09:00       }
2026-06-17T01:17:57.2595281+09:00     ]
2026-06-17T01:17:57.2595281+09:00   },
2026-06-17T01:17:57.2595281+09:00   "reconcile": {
2026-06-17T01:17:57.2595281+09:00     "resetProcessing": 0,
2026-06-17T01:17:57.2648944+09:00     "inserted": 1,
2026-06-17T01:17:57.2648944+09:00     "scanned": 16,
2026-06-17T01:17:57.2648944+09:00     "stale": {
2026-06-17T01:17:57.2708418+09:00       "scanned": 16,
2026-06-17T01:17:57.2736271+09:00       "staleDetected": 0,
2026-06-17T01:17:57.2756845+09:00       "rolledBack": 0,
2026-06-17T01:17:57.2776849+09:00       "skippedCap": 0,
2026-06-17T01:17:57.2796843+09:00       "dryRun": false,
2026-06-17T01:17:57.2806842+09:00       "actions": []
2026-06-17T01:17:57.2820152+09:00     }
2026-06-17T01:17:57.2847994+09:00   },
2026-06-17T01:17:57.2868435+09:00   "dispatch": {
2026-06-17T01:17:57.2868435+09:00     "claimed": 1,
2026-06-17T01:17:57.2868435+09:00     "done": 1,
2026-06-17T01:17:57.2868435+09:00     "failed": 0
2026-06-17T01:17:57.2920421+09:00   },
2026-06-17T01:17:57.2920421+09:00   "step4_poll": {
2026-06-17T01:17:57.2920421+09:00     "scanned": 16,
2026-06-17T01:17:57.2975108+09:00     "awaiting": 1,
2026-06-17T01:17:57.2986172+09:00     "polled": 0,
2026-06-17T01:17:57.3006735+09:00     "picks_applied": 0,
2026-06-17T01:17:57.3016535+09:00     "pick_errors": 0,
2026-06-17T01:17:57.3026933+09:00     "timeouts": 0,
2026-06-17T01:17:57.3046956+09:00     "skipped": 0,
2026-06-17T01:17:57.3056620+09:00     "results": [
2026-06-17T01:17:57.3070137+09:00       {
2026-06-17T01:17:57.3070137+09:00         "task_id": "daily-20260616-r03",
2026-06-17T01:17:57.3070137+09:00         "result": {
2026-06-17T01:17:57.3117881+09:00           "outcome": "no_new_messages"
2026-06-17T01:17:57.3117881+09:00         }
2026-06-17T01:17:57.3117881+09:00       }
2026-06-17T01:17:57.3117881+09:00     ]
2026-06-17T01:17:57.3179235+09:00   },
2026-06-17T01:17:57.3190003+09:00   "step7_retry_poll": {
2026-06-17T01:17:57.3210037+09:00     "scanned": 16,
2026-06-17T01:17:57.3219686+09:00     "eligible": 12,
2026-06-17T01:17:57.3230005+09:00     "polled": 0,
2026-06-17T01:17:57.3251147+09:00     "retries_triggered": 0,
2026-06-17T01:17:57.3260805+09:00     "retry_errors": 0,
2026-06-17T01:17:57.3281154+09:00     "skipped": 0,
2026-06-17T01:17:57.3290809+09:00     "results": []
2026-06-17T01:17:57.3301162+09:00   }
2026-06-17T01:17:57.3320811+09:00 }
2026-06-17T01:17:57.3320811+09:00 OK run-once finished
2026-06-17T01:22:51.0767769+09:00 START dispatch-run-once
2026-06-17T01:22:51.4613656+09:00 
2026-06-17T01:22:51.4623653+09:00 > orchestrator
2026-06-17T01:22:51.4643658+09:00 > tsx src/cli/orchestrator.ts run-once --limit 10
2026-06-17T01:22:51.4663645+09:00 
2026-06-17T01:22:56.4156668+09:00 {
2026-06-17T01:22:56.4257595+09:00   "ensure_daily": {
2026-06-17T01:22:56.4374924+09:00     "runs": [
2026-06-17T01:22:56.4438399+09:00       {
2026-06-17T01:22:56.4486228+09:00         "run_id": "r01",
2026-06-17T01:22:56.4486228+09:00         "action": "not_due",
2026-06-17T01:22:56.4545126+09:00         "taskId": "daily-20260617-r01",
2026-06-17T01:22:56.4565743+09:00         "reason": "jst_hour=1"
2026-06-17T01:22:56.4585745+09:00       },
2026-06-17T01:22:56.4812332+09:00       {
2026-06-17T01:22:56.4838682+09:00         "run_id": "r02",
2026-06-17T01:22:56.4859411+09:00         "action": "not_due",
2026-06-17T01:22:56.4889414+09:00         "taskId": "daily-20260617-r02",
2026-06-17T01:22:56.4909405+09:00         "reason": "jst_hour=1"
2026-06-17T01:22:56.4922431+09:00       },
2026-06-17T01:22:56.4960548+09:00       {
2026-06-17T01:22:56.4982469+09:00         "run_id": "r03",
2026-06-17T01:22:56.4998352+09:00         "action": "not_due",
2026-06-17T01:22:56.5021584+09:00         "taskId": "daily-20260617-r03",
2026-06-17T01:22:56.5037437+09:00         "reason": "jst_hour=1"
2026-06-17T01:22:56.5053310+09:00       }
2026-06-17T01:22:56.5063393+09:00     ]
2026-06-17T01:22:56.5083385+09:00   },
2026-06-17T01:22:56.5109541+09:00   "reconcile": {
2026-06-17T01:22:56.5129555+09:00     "resetProcessing": 0,
2026-06-17T01:22:56.5139560+09:00     "inserted": 1,
2026-06-17T01:22:56.5169537+09:00     "scanned": 16,
2026-06-17T01:22:56.5175635+09:00     "stale": {
2026-06-17T01:22:56.5175635+09:00       "scanned": 16,
2026-06-17T01:22:56.5220479+09:00       "staleDetected": 0,
2026-06-17T01:22:56.5260828+09:00       "rolledBack": 0,
2026-06-17T01:22:56.5281542+09:00       "skippedCap": 0,
2026-06-17T01:22:56.5301710+09:00       "dryRun": false,
2026-06-17T01:22:56.5321573+09:00       "actions": []
2026-06-17T01:22:56.5338830+09:00     }
2026-06-17T01:22:56.5360119+09:00   },
2026-06-17T01:22:56.5380155+09:00   "dispatch": {
2026-06-17T01:22:56.5395637+09:00     "claimed": 1,
2026-06-17T01:22:56.5415997+09:00     "done": 1,
2026-06-17T01:22:56.5432332+09:00     "failed": 0
2026-06-17T01:22:56.5452341+09:00   },
2026-06-17T01:22:56.5462325+09:00   "step4_poll": {
2026-06-17T01:22:56.5482330+09:00     "scanned": 16,
2026-06-17T01:22:56.5502345+09:00     "awaiting": 1,
2026-06-17T01:22:56.5502345+09:00     "polled": 0,
2026-06-17T01:22:56.5530432+09:00     "picks_applied": 0,
2026-06-17T01:22:56.5553720+09:00     "pick_errors": 0,
2026-06-17T01:22:56.5553720+09:00     "timeouts": 0,
2026-06-17T01:22:56.5553720+09:00     "skipped": 0,
2026-06-17T01:22:56.5553720+09:00     "results": [
2026-06-17T01:22:56.5615508+09:00       {
2026-06-17T01:22:56.5626020+09:00         "task_id": "daily-20260616-r03",
2026-06-17T01:22:56.5645998+09:00         "result": {
2026-06-17T01:22:56.5671919+09:00           "outcome": "no_new_messages"
2026-06-17T01:22:56.5693061+09:00         }
2026-06-17T01:22:56.5703057+09:00       }
2026-06-17T01:22:56.5723037+09:00     ]
2026-06-17T01:22:56.5733068+09:00   },
2026-06-17T01:22:56.5753052+09:00   "step7_retry_poll": {
2026-06-17T01:22:56.5753052+09:00     "scanned": 16,
2026-06-17T01:22:56.5753052+09:00     "eligible": 12,
2026-06-17T01:22:56.5753052+09:00     "polled": 0,
2026-06-17T01:22:56.5806794+09:00     "retries_triggered": 0,
2026-06-17T01:22:56.5806794+09:00     "retry_errors": 0,
2026-06-17T01:22:56.5853362+09:00     "skipped": 0,
2026-06-17T01:22:56.5863393+09:00     "results": []
2026-06-17T01:22:56.5883347+09:00   }
2026-06-17T01:22:56.5893354+09:00 }
2026-06-17T01:22:56.5923339+09:00 OK run-once finished
2026-06-17T01:27:52.1910875+09:00 START dispatch-run-once
2026-06-17T01:27:52.5738597+09:00 
2026-06-17T01:27:52.5763704+09:00 > orchestrator
2026-06-17T01:27:52.5790449+09:00 > tsx src/cli/orchestrator.ts run-once --limit 10
2026-06-17T01:27:52.5801013+09:00 
2026-06-17T01:27:57.4792774+09:00 {
2026-06-17T01:27:57.4822860+09:00   "ensure_daily": {
2026-06-17T01:27:57.4856763+09:00     "runs": [
2026-06-17T01:27:57.4888307+09:00       {
2026-06-17T01:27:57.4908314+09:00         "run_id": "r01",
2026-06-17T01:27:57.4924657+09:00         "action": "not_due",
2026-06-17T01:27:57.4951101+09:00         "taskId": "daily-20260617-r01",
2026-06-17T01:27:57.4971074+09:00         "reason": "jst_hour=1"
2026-06-17T01:27:57.4984322+09:00       },
2026-06-17T01:27:57.5169718+09:00       {
2026-06-17T01:27:57.5169718+09:00         "run_id": "r02",
2026-06-17T01:27:57.5169718+09:00         "action": "not_due",
2026-06-17T01:27:57.5229114+09:00         "taskId": "daily-20260617-r02",
2026-06-17T01:27:57.5249719+09:00         "reason": "jst_hour=1"
2026-06-17T01:27:57.5269692+09:00       },
2026-06-17T01:27:57.5287093+09:00       {
2026-06-17T01:27:57.5297179+09:00         "run_id": "r03",
2026-06-17T01:27:57.5317142+09:00         "action": "not_due",
2026-06-17T01:27:57.5327176+09:00         "taskId": "daily-20260617-r03",
2026-06-17T01:27:57.5347158+09:00         "reason": "jst_hour=1"
2026-06-17T01:27:57.5356651+09:00       }
2026-06-17T01:27:57.5356651+09:00     ]
2026-06-17T01:27:57.5400432+09:00   },
2026-06-17T01:27:57.5400432+09:00   "reconcile": {
2026-06-17T01:27:57.5400432+09:00     "resetProcessing": 0,
2026-06-17T01:27:57.5400432+09:00     "inserted": 1,
2026-06-17T01:27:57.5452424+09:00     "scanned": 16,
2026-06-17T01:27:57.5452424+09:00     "stale": {
2026-06-17T01:27:57.5452424+09:00       "scanned": 16,
2026-06-17T01:27:57.5452424+09:00       "staleDetected": 0,
2026-06-17T01:27:57.5522966+09:00       "rolledBack": 0,
2026-06-17T01:27:57.5553606+09:00       "skippedCap": 0,
2026-06-17T01:27:57.5563626+09:00       "dryRun": false,
2026-06-17T01:27:57.5583605+09:00       "actions": []
2026-06-17T01:27:57.5593677+09:00     }
2026-06-17T01:27:57.5603657+09:00   },
2026-06-17T01:27:57.5603657+09:00   "dispatch": {
2026-06-17T01:27:57.5603657+09:00     "claimed": 1,
2026-06-17T01:27:57.5654641+09:00     "done": 1,
2026-06-17T01:27:57.5654641+09:00     "failed": 0
2026-06-17T01:27:57.5654641+09:00   },
2026-06-17T01:27:57.5707311+09:00   "step4_poll": {
2026-06-17T01:27:57.5707311+09:00     "scanned": 16,
2026-06-17T01:27:57.5707311+09:00     "awaiting": 1,
2026-06-17T01:27:57.5749279+09:00     "polled": 0,
2026-06-17T01:27:57.5759332+09:00     "picks_applied": 0,
2026-06-17T01:27:57.5759332+09:00     "pick_errors": 0,
2026-06-17T01:27:57.5759332+09:00     "timeouts": 0,
2026-06-17T01:27:57.5759332+09:00     "skipped": 0,
2026-06-17T01:27:57.5818562+09:00     "results": [
2026-06-17T01:27:57.5838987+09:00       {
2026-06-17T01:27:57.5848985+09:00         "task_id": "daily-20260616-r03",
2026-06-17T01:27:57.5866720+09:00         "result": {
2026-06-17T01:27:57.5876715+09:00           "outcome": "no_new_messages"
2026-06-17T01:27:57.5886735+09:00         }
2026-06-17T01:27:57.5906737+09:00       }
2026-06-17T01:27:57.5916733+09:00     ]
2026-06-17T01:27:57.5926713+09:00   },
2026-06-17T01:27:57.5945917+09:00   "step7_retry_poll": {
2026-06-17T01:27:57.5945917+09:00     "scanned": 16,
2026-06-17T01:27:57.5971573+09:00     "eligible": 12,
2026-06-17T01:27:57.5989062+09:00     "polled": 0,
2026-06-17T01:27:57.5989062+09:00     "retries_triggered": 0,
2026-06-17T01:27:57.5989062+09:00     "retry_errors": 0,
2026-06-17T01:27:57.5989062+09:00     "skipped": 0,
2026-06-17T01:27:57.6041060+09:00     "results": []
2026-06-17T01:27:57.6041060+09:00   }
2026-06-17T01:27:57.6041060+09:00 }
2026-06-17T01:27:57.6041060+09:00 OK run-once finished
2026-06-17T01:32:53.0147761+09:00 START dispatch-run-once
2026-06-17T01:32:53.4012676+09:00 
2026-06-17T01:32:53.4042632+09:00 > orchestrator
2026-06-17T01:32:53.4042632+09:00 > tsx src/cli/orchestrator.ts run-once --limit 10
2026-06-17T01:32:53.4068788+09:00 
2026-06-17T01:32:59.2340947+09:00 {
2026-06-17T01:32:59.2445883+09:00   "ensure_daily": {
2026-06-17T01:32:59.2503102+09:00     "runs": [
2026-06-17T01:32:59.2523109+09:00       {
2026-06-17T01:32:59.2546956+09:00         "run_id": "r01",
2026-06-17T01:32:59.2546956+09:00         "action": "not_due",
2026-06-17T01:32:59.2546956+09:00         "taskId": "daily-20260617-r01",
2026-06-17T01:32:59.2597637+09:00         "reason": "jst_hour=1"
2026-06-17T01:32:59.2629079+09:00       },
2026-06-17T01:32:59.2811911+09:00       {
2026-06-17T01:32:59.2853210+09:00         "run_id": "r02",
2026-06-17T01:32:59.2853210+09:00         "action": "not_due",
2026-06-17T01:32:59.2891469+09:00         "taskId": "daily-20260617-r02",
2026-06-17T01:32:59.2911403+09:00         "reason": "jst_hour=1"
2026-06-17T01:32:59.2931411+09:00       },
2026-06-17T01:32:59.2958143+09:00       {
2026-06-17T01:32:59.2989474+09:00         "run_id": "r03",
2026-06-17T01:32:59.3009439+09:00         "action": "not_due",
2026-06-17T01:32:59.3035409+09:00         "taskId": "daily-20260617-r03",
2026-06-17T01:32:59.3055363+09:00         "reason": "jst_hour=1"
2026-06-17T01:32:59.3075420+09:00       }
2026-06-17T01:32:59.3085422+09:00     ]
2026-06-17T01:32:59.3105419+09:00   },
2026-06-17T01:32:59.3124889+09:00   "reconcile": {
2026-06-17T01:32:59.3124889+09:00     "resetProcessing": 0,
2026-06-17T01:32:59.3124889+09:00     "inserted": 1,
2026-06-17T01:32:59.3167058+09:00     "scanned": 16,
2026-06-17T01:32:59.3167058+09:00     "stale": {
2026-06-17T01:32:59.3167058+09:00       "scanned": 16,
2026-06-17T01:32:59.3219629+09:00       "staleDetected": 0,
2026-06-17T01:32:59.3219629+09:00       "rolledBack": 0,
2026-06-17T01:32:59.3219629+09:00       "skippedCap": 0,
2026-06-17T01:32:59.3277423+09:00       "dryRun": false,
2026-06-17T01:32:59.3298656+09:00       "actions": []
2026-06-17T01:32:59.3309717+09:00     }
2026-06-17T01:32:59.3334868+09:00   },
2026-06-17T01:32:59.3344844+09:00   "dispatch": {
2026-06-17T01:32:59.3364846+09:00     "claimed": 1,
2026-06-17T01:32:59.3374844+09:00     "done": 1,
2026-06-17T01:32:59.3390892+09:00     "failed": 0
2026-06-17T01:32:59.3390892+09:00   },
2026-06-17T01:32:59.3424545+09:00   "step4_poll": {
2026-06-17T01:32:59.3424545+09:00     "scanned": 16,
2026-06-17T01:32:59.3424545+09:00     "awaiting": 1,
2026-06-17T01:32:59.3424545+09:00     "polled": 0,
2026-06-17T01:32:59.3478547+09:00     "picks_applied": 0,
2026-06-17T01:32:59.3478547+09:00     "pick_errors": 0,
2026-06-17T01:32:59.3478547+09:00     "timeouts": 0,
2026-06-17T01:32:59.3534456+09:00     "skipped": 0,
2026-06-17T01:32:59.3548768+09:00     "results": [
2026-06-17T01:32:59.3569120+09:00       {
2026-06-17T01:32:59.3578760+09:00         "task_id": "daily-20260616-r03",
2026-06-17T01:32:59.3589140+09:00         "result": {
2026-06-17T01:32:59.3609091+09:00           "outcome": "no_new_messages"
2026-06-17T01:32:59.3618783+09:00         }
2026-06-17T01:32:59.3628770+09:00       }
2026-06-17T01:32:59.3651692+09:00     ]
2026-06-17T01:32:59.3661387+09:00   },
2026-06-17T01:32:59.3671698+09:00   "step7_retry_poll": {
2026-06-17T01:32:59.3691362+09:00     "scanned": 16,
2026-06-17T01:32:59.3707494+09:00     "eligible": 12,
2026-06-17T01:32:59.3720450+09:00     "polled": 0,
2026-06-17T01:32:59.3730813+09:00     "retries_triggered": 0,
2026-06-17T01:32:59.3752113+09:00     "retry_errors": 0,
2026-06-17T01:32:59.3762464+09:00     "skipped": 0,
2026-06-17T01:32:59.3782466+09:00     "results": []
2026-06-17T01:32:59.3791769+09:00   }
2026-06-17T01:32:59.3802472+09:00 }
2026-06-17T01:32:59.3802472+09:00 OK run-once finished
2026-06-17T01:37:51.5280005+09:00 START dispatch-run-once
2026-06-17T01:37:51.9061619+09:00 
2026-06-17T01:37:51.9104768+09:00 > orchestrator
2026-06-17T01:37:51.9104768+09:00 > tsx src/cli/orchestrator.ts run-once --limit 10
2026-06-17T01:37:51.9159811+09:00 
2026-06-17T01:37:57.7395924+09:00 {
2026-06-17T01:37:57.7459582+09:00   "ensure_daily": {
2026-06-17T01:37:57.7531158+09:00     "runs": [
2026-06-17T01:37:57.7581470+09:00       {
2026-06-17T01:37:57.7581470+09:00         "run_id": "r01",
2026-06-17T01:37:57.7640996+09:00         "action": "not_due",
2026-06-17T01:37:57.7661516+09:00         "taskId": "daily-20260617-r01",
2026-06-17T01:37:57.7691499+09:00         "reason": "jst_hour=1"
2026-06-17T01:37:57.7711501+09:00       },
2026-06-17T01:37:57.7882984+09:00       {
2026-06-17T01:37:57.7944243+09:00         "run_id": "r02",
2026-06-17T01:37:57.7975267+09:00         "action": "not_due",
2026-06-17T01:37:57.7993721+09:00         "taskId": "daily-20260617-r02",
2026-06-17T01:37:57.8013744+09:00         "reason": "jst_hour=1"
2026-06-17T01:37:57.8043748+09:00       },
2026-06-17T01:37:57.8067740+09:00       {
2026-06-17T01:37:57.8067740+09:00         "run_id": "r03",
2026-06-17T01:37:57.8114582+09:00         "action": "not_due",
2026-06-17T01:37:57.8134470+09:00         "taskId": "daily-20260617-r03",
2026-06-17T01:37:57.8134470+09:00         "reason": "jst_hour=1"
2026-06-17T01:37:57.8165434+09:00       }
2026-06-17T01:37:57.8165434+09:00     ]
2026-06-17T01:37:57.8165434+09:00   },
2026-06-17T01:37:57.8216033+09:00   "reconcile": {
2026-06-17T01:37:57.8234467+09:00     "resetProcessing": 0,
2026-06-17T01:37:57.8244464+09:00     "inserted": 1,
2026-06-17T01:37:57.8264568+09:00     "scanned": 16,
2026-06-17T01:37:57.8274565+09:00     "stale": {
2026-06-17T01:37:57.8294561+09:00       "scanned": 16,
2026-06-17T01:37:57.8314547+09:00       "staleDetected": 0,
2026-06-17T01:37:57.8324533+09:00       "rolledBack": 0,
2026-06-17T01:37:57.8346577+09:00       "skippedCap": 0,
2026-06-17T01:37:57.8356570+09:00       "dryRun": false,
2026-06-17T01:37:57.8376578+09:00       "actions": []
2026-06-17T01:37:57.8393683+09:00     }
2026-06-17T01:37:57.8408984+09:00   },
2026-06-17T01:37:57.8419079+09:00   "dispatch": {
2026-06-17T01:37:57.8419079+09:00     "claimed": 1,
2026-06-17T01:37:57.8419079+09:00     "done": 1,
2026-06-17T01:37:57.8419079+09:00     "failed": 0
2026-06-17T01:37:57.8473529+09:00   },
2026-06-17T01:37:57.8473529+09:00   "step4_poll": {
2026-06-17T01:37:57.8473529+09:00     "scanned": 16,
2026-06-17T01:37:57.8527916+09:00     "awaiting": 1,
2026-06-17T01:37:57.8541609+09:00     "polled": 0,
2026-06-17T01:37:57.8551612+09:00     "picks_applied": 0,
2026-06-17T01:37:57.8570607+09:00     "pick_errors": 0,
2026-06-17T01:37:57.8580605+09:00     "timeouts": 0,
2026-06-17T01:37:57.8600590+09:00     "skipped": 0,
2026-06-17T01:37:57.8610593+09:00     "results": [
2026-06-17T01:37:57.8620594+09:00       {
2026-06-17T01:37:57.8640588+09:00         "task_id": "daily-20260616-r03",
2026-06-17T01:37:57.8640588+09:00         "result": {
2026-06-17T01:37:57.8640588+09:00           "outcome": "no_new_messages"
2026-06-17T01:37:57.8691364+09:00         }
2026-06-17T01:37:57.8691364+09:00       }
2026-06-17T01:37:57.8691364+09:00     ]
2026-06-17T01:37:57.8691364+09:00   },
2026-06-17T01:37:57.8742042+09:00   "step7_retry_poll": {
2026-06-17T01:37:57.8742042+09:00     "scanned": 16,
2026-06-17T01:37:57.8742042+09:00     "eligible": 12,
2026-06-17T01:37:57.8742042+09:00     "polled": 0,
2026-06-17T01:37:57.8809909+09:00     "retries_triggered": 0,
2026-06-17T01:37:57.8820588+09:00     "retry_errors": 0,
2026-06-17T01:37:57.8840569+09:00     "skipped": 0,
2026-06-17T01:37:57.8860590+09:00     "results": []
2026-06-17T01:37:57.8870563+09:00   }
2026-06-17T01:37:57.8880578+09:00 }
2026-06-17T01:37:57.8890595+09:00 OK run-once finished
2026-06-17T01:42:50.7840716+09:00 START dispatch-run-once
2026-06-17T01:42:51.1686983+09:00 
2026-06-17T01:42:51.1706988+09:00 > orchestrator
2026-06-17T01:42:51.1727009+09:00 > tsx src/cli/orchestrator.ts run-once --limit 10
2026-06-17T01:42:51.1746995+09:00 
2026-06-17T01:42:57.0916565+09:00 {
2026-06-17T01:42:57.1014009+09:00   "ensure_daily": {
2026-06-17T01:42:57.1106362+09:00     "runs": [
2026-06-17T01:42:57.1163826+09:00       {
2026-06-17T01:42:57.1209762+09:00         "run_id": "r01",
2026-06-17T01:42:57.1246053+09:00         "action": "not_due",
2026-06-17T01:42:57.1262394+09:00         "taskId": "daily-20260617-r01",
2026-06-17T01:42:57.1282471+09:00         "reason": "jst_hour=1"
2026-06-17T01:42:57.1302473+09:00       },
2026-06-17T01:42:57.1522006+09:00       {
2026-06-17T01:42:57.1542001+09:00         "run_id": "r02",
2026-06-17T01:42:57.1561979+09:00         "action": "not_due",
2026-06-17T01:42:57.1590447+09:00         "taskId": "daily-20260617-r02",
2026-06-17T01:42:57.1620419+09:00         "reason": "jst_hour=1"
2026-06-17T01:42:57.1640411+09:00       },
2026-06-17T01:42:57.1660447+09:00       {
2026-06-17T01:42:57.1660447+09:00         "run_id": "r03",
2026-06-17T01:42:57.1660447+09:00         "action": "not_due",
2026-06-17T01:42:57.1713604+09:00         "taskId": "daily-20260617-r03",
2026-06-17T01:42:57.1751900+09:00         "reason": "jst_hour=1"
2026-06-17T01:42:57.1772616+09:00       }
2026-06-17T01:42:57.1792611+09:00     ]
2026-06-17T01:42:57.1812614+09:00   },
2026-06-17T01:42:57.1840035+09:00   "reconcile": {
2026-06-17T01:42:57.1849664+09:00     "resetProcessing": 0,
2026-06-17T01:42:57.1869671+09:00     "inserted": 1,
2026-06-17T01:42:57.1899668+09:00     "scanned": 16,
2026-06-17T01:42:57.1909661+09:00     "stale": {
2026-06-17T01:42:57.1909661+09:00       "scanned": 16,
2026-06-17T01:42:57.1909661+09:00       "staleDetected": 0,
2026-06-17T01:42:57.1961113+09:00       "rolledBack": 0,
2026-06-17T01:42:57.1961113+09:00       "skippedCap": 0,
2026-06-17T01:42:57.2032627+09:00       "dryRun": false,
2026-06-17T01:42:57.2052618+09:00       "actions": []
2026-06-17T01:42:57.2079240+09:00     }
2026-06-17T01:42:57.2089927+09:00   },
2026-06-17T01:42:57.2119975+09:00   "dispatch": {
2026-06-17T01:42:57.2139931+09:00     "claimed": 1,
2026-06-17T01:42:57.2168085+09:00     "done": 1,
2026-06-17T01:42:57.2188162+09:00     "failed": 0
2026-06-17T01:42:57.2228303+09:00   },
2026-06-17T01:42:57.2248356+09:00   "step4_poll": {
2026-06-17T01:42:57.2258414+09:00     "scanned": 16,
2026-06-17T01:42:57.2299629+09:00     "awaiting": 1,
2026-06-17T01:42:57.2319648+09:00     "polled": 0,
2026-06-17T01:42:57.2339566+09:00     "picks_applied": 0,
2026-06-17T01:42:57.2359544+09:00     "pick_errors": 0,
2026-06-17T01:42:57.2379552+09:00     "timeouts": 0,
2026-06-17T01:42:57.2399560+09:00     "skipped": 0,
2026-06-17T01:42:57.2417811+09:00     "results": [
2026-06-17T01:42:57.2417811+09:00       {
2026-06-17T01:42:57.2461675+09:00         "task_id": "daily-20260616-r03",
2026-06-17T01:42:57.2481749+09:00         "result": {
2026-06-17T01:42:57.2515883+09:00           "outcome": "no_new_messages"
2026-06-17T01:42:57.2515883+09:00         }
2026-06-17T01:42:57.2568342+09:00       }
2026-06-17T01:42:57.2589473+09:00     ]
2026-06-17T01:42:57.2609468+09:00   },
2026-06-17T01:42:57.2639465+09:00   "step7_retry_poll": {
2026-06-17T01:42:57.2659479+09:00     "scanned": 16,
2026-06-17T01:42:57.2659479+09:00     "eligible": 12,
2026-06-17T01:42:57.2707412+09:00     "polled": 0,
2026-06-17T01:42:57.2707412+09:00     "retries_triggered": 0,
2026-06-17T01:42:57.2757546+09:00     "retry_errors": 0,
2026-06-17T01:42:57.2777621+09:00     "skipped": 0,
2026-06-17T01:42:57.2807803+09:00     "results": []
2026-06-17T01:42:57.2828058+09:00   }
2026-06-17T01:42:57.2849112+09:00 }
2026-06-17T01:42:57.2889112+09:00 OK run-once finished
2026-06-17T01:47:51.7981725+09:00 START dispatch-run-once
2026-06-17T01:47:52.1799419+09:00 
2026-06-17T01:47:52.1819424+09:00 > orchestrator
2026-06-17T01:47:52.1839432+09:00 > tsx src/cli/orchestrator.ts run-once --limit 10
2026-06-17T01:47:52.1859146+09:00 
2026-06-17T01:47:57.4186700+09:00 {
2026-06-17T01:47:57.4277754+09:00   "ensure_daily": {
2026-06-17T01:47:57.4357212+09:00     "runs": [
2026-06-17T01:47:57.4475326+09:00       {
2026-06-17T01:47:57.4571601+09:00         "run_id": "r01",
2026-06-17T01:47:57.4665028+09:00         "action": "not_due",
2026-06-17T01:47:57.4724272+09:00         "taskId": "daily-20260617-r01",
2026-06-17T01:47:57.4764308+09:00         "reason": "jst_hour=1"
2026-06-17T01:47:57.4816498+09:00       },
2026-06-17T01:47:57.5070509+09:00       {
2026-06-17T01:47:57.5097335+09:00         "run_id": "r02",
2026-06-17T01:47:57.5117635+09:00         "action": "not_due",
2026-06-17T01:47:57.5117635+09:00         "taskId": "daily-20260617-r02",
2026-06-17T01:47:57.5168003+09:00         "reason": "jst_hour=1"
2026-06-17T01:47:57.5168003+09:00       },
2026-06-17T01:47:57.5168003+09:00       {
2026-06-17T01:47:57.5241387+09:00         "run_id": "r03",
2026-06-17T01:47:57.5251361+09:00         "action": "not_due",
2026-06-17T01:47:57.5272455+09:00         "taskId": "daily-20260617-r03",
2026-06-17T01:47:57.5282526+09:00         "reason": "jst_hour=1"
2026-06-17T01:47:57.5302852+09:00       }
2026-06-17T01:47:57.5312512+09:00     ]
2026-06-17T01:47:57.5332526+09:00   },
2026-06-17T01:47:57.5347557+09:00   "reconcile": {
2026-06-17T01:47:57.5347557+09:00     "resetProcessing": 0,
2026-06-17T01:47:57.5347557+09:00     "inserted": 1,
2026-06-17T01:47:57.5392105+09:00     "scanned": 16,
2026-06-17T01:47:57.5392105+09:00     "stale": {
2026-06-17T01:47:57.5392105+09:00       "scanned": 16,
2026-06-17T01:47:57.5443446+09:00       "staleDetected": 0,
2026-06-17T01:47:57.5443446+09:00       "rolledBack": 0,
2026-06-17T01:47:57.5443446+09:00       "skippedCap": 0,
2026-06-17T01:47:57.5502971+09:00       "dryRun": false,
2026-06-17T01:47:57.5523842+09:00       "actions": []
2026-06-17T01:47:57.5533860+09:00     }
2026-06-17T01:47:57.5553829+09:00   },
2026-06-17T01:47:57.5563828+09:00   "dispatch": {
2026-06-17T01:47:57.5583822+09:00     "claimed": 1,
2026-06-17T01:47:57.5597082+09:00     "done": 1,
2026-06-17T01:47:57.5597082+09:00     "failed": 0
2026-06-17T01:47:57.5617158+09:00   },
2026-06-17T01:47:57.5617158+09:00   "step4_poll": {
2026-06-17T01:47:57.5646913+09:00     "scanned": 16,
2026-06-17T01:47:57.5646913+09:00     "awaiting": 1,
2026-06-17T01:47:57.5646913+09:00     "polled": 0,
2026-06-17T01:47:57.5698901+09:00     "picks_applied": 0,
2026-06-17T01:47:57.5698901+09:00     "pick_errors": 0,
2026-06-17T01:47:57.5698901+09:00     "timeouts": 0,
2026-06-17T01:47:57.5698901+09:00     "skipped": 0,
2026-06-17T01:47:57.5755533+09:00     "results": [
2026-06-17T01:47:57.5769449+09:00       {
2026-06-17T01:47:57.5779427+09:00         "task_id": "daily-20260616-r03",
2026-06-17T01:47:57.5799432+09:00         "result": {
2026-06-17T01:47:57.5809442+09:00           "outcome": "no_new_messages"
2026-06-17T01:47:57.5829437+09:00         }
2026-06-17T01:47:57.5839434+09:00       }
2026-06-17T01:47:57.5849433+09:00     ]
2026-06-17T01:47:57.5871184+09:00   },
2026-06-17T01:47:57.5881178+09:00   "step7_retry_poll": {
2026-06-17T01:47:57.5891166+09:00     "scanned": 16,
2026-06-17T01:47:57.5911187+09:00     "eligible": 12,
2026-06-17T01:47:57.5930739+09:00     "polled": 0,
2026-06-17T01:47:57.5941089+09:00     "retries_triggered": 0,
2026-06-17T01:47:57.5951061+09:00     "retry_errors": 0,
2026-06-17T01:47:57.5951061+09:00     "skipped": 0,
2026-06-17T01:47:57.5951061+09:00     "results": []
2026-06-17T01:47:57.6001527+09:00   }
2026-06-17T01:47:57.6001527+09:00 }
2026-06-17T01:47:57.6001527+09:00 OK run-once finished
2026-06-17T01:52:51.7049182+09:00 START dispatch-run-once
2026-06-17T01:52:52.0977700+09:00 
2026-06-17T01:52:52.0997711+09:00 > orchestrator
2026-06-17T01:52:52.1019910+09:00 > tsx src/cli/orchestrator.ts run-once --limit 10
2026-06-17T01:52:52.1038559+09:00 
2026-06-17T01:52:58.0172983+09:00 {
2026-06-17T01:52:58.0246100+09:00   "ensure_daily": {
2026-06-17T01:52:58.0305018+09:00     "runs": [
2026-06-17T01:52:58.0345017+09:00       {
2026-06-17T01:52:58.0364999+09:00         "run_id": "r01",
2026-06-17T01:52:58.0364999+09:00         "action": "not_due",
2026-06-17T01:52:58.0364999+09:00         "taskId": "daily-20260617-r01",
2026-06-17T01:52:58.0415858+09:00         "reason": "jst_hour=1"
2026-06-17T01:52:58.0454463+09:00       },
2026-06-17T01:52:58.0615915+09:00       {
2026-06-17T01:52:58.0667096+09:00         "run_id": "r02",
2026-06-17T01:52:58.0716280+09:00         "action": "not_due",
2026-06-17T01:52:58.0736364+09:00         "taskId": "daily-20260617-r02",
2026-06-17T01:52:58.0756342+09:00         "reason": "jst_hour=1"
2026-06-17T01:52:58.0776558+09:00       },
2026-06-17T01:52:58.0804409+09:00       {
2026-06-17T01:52:58.0824433+09:00         "run_id": "r03",
2026-06-17T01:52:58.0844415+09:00         "action": "not_due",
2026-06-17T01:52:58.0864441+09:00         "taskId": "daily-20260617-r03",
2026-06-17T01:52:58.0864441+09:00         "reason": "jst_hour=1"
2026-06-17T01:52:58.0864441+09:00       }
2026-06-17T01:52:58.0864441+09:00     ]
2026-06-17T01:52:58.0915196+09:00   },
2026-06-17T01:52:58.0915196+09:00   "reconcile": {
2026-06-17T01:52:58.0953259+09:00     "resetProcessing": 0,
2026-06-17T01:52:58.0974052+09:00     "inserted": 1,
2026-06-17T01:52:58.0984051+09:00     "scanned": 16,
2026-06-17T01:52:58.1004213+09:00     "stale": {
2026-06-17T01:52:58.1014051+09:00       "scanned": 16,
2026-06-17T01:52:58.1043824+09:00       "staleDetected": 0,
2026-06-17T01:52:58.1066178+09:00       "rolledBack": 0,
2026-06-17T01:52:58.1088161+09:00       "skippedCap": 0,
2026-06-17T01:52:58.1104707+09:00       "dryRun": false,
2026-06-17T01:52:58.1125938+09:00       "actions": []
2026-06-17T01:52:58.1141626+09:00     }
2026-06-17T01:52:58.1152002+09:00   },
2026-06-17T01:52:58.1167290+09:00   "dispatch": {
2026-06-17T01:52:58.1167290+09:00     "claimed": 1,
2026-06-17T01:52:58.1203075+09:00     "done": 1,
2026-06-17T01:52:58.1223548+09:00     "failed": 0
2026-06-17T01:52:58.1233543+09:00   },
2026-06-17T01:52:58.1253557+09:00   "step4_poll": {
2026-06-17T01:52:58.1263551+09:00     "scanned": 16,
2026-06-17T01:52:58.1273549+09:00     "awaiting": 1,
2026-06-17T01:52:58.1293957+09:00     "polled": 0,
2026-06-17T01:52:58.1313918+09:00     "picks_applied": 0,
2026-06-17T01:52:58.1323909+09:00     "pick_errors": 0,
2026-06-17T01:52:58.1343906+09:00     "timeouts": 0,
2026-06-17T01:52:58.1353913+09:00     "skipped": 0,
2026-06-17T01:52:58.1363922+09:00     "results": [
2026-06-17T01:52:58.1363922+09:00       {
2026-06-17T01:52:58.1363922+09:00         "task_id": "daily-20260616-r03",
2026-06-17T01:52:58.1363922+09:00         "result": {
2026-06-17T01:52:58.1416137+09:00           "outcome": "no_new_messages"
2026-06-17T01:52:58.1416137+09:00         }
2026-06-17T01:52:58.1452967+09:00       }
2026-06-17T01:52:58.1473441+09:00     ]
2026-06-17T01:52:58.1483442+09:00   },
2026-06-17T01:52:58.1493442+09:00   "step7_retry_poll": {
2026-06-17T01:52:58.1513435+09:00     "scanned": 16,
2026-06-17T01:52:58.1523441+09:00     "eligible": 12,
2026-06-17T01:52:58.1543002+09:00     "polled": 0,
2026-06-17T01:52:58.1553004+09:00     "retries_triggered": 0,
2026-06-17T01:52:58.1572995+09:00     "retry_errors": 0,
2026-06-17T01:52:58.1582996+09:00     "skipped": 0,
2026-06-17T01:52:58.1602998+09:00     "results": []
2026-06-17T01:52:58.1615034+09:00   }
2026-06-17T01:52:58.1635585+09:00 }
2026-06-17T01:52:58.1645584+09:00 OK run-once finished
2026-06-17T01:57:51.9480265+09:00 START dispatch-run-once
2026-06-17T01:57:52.3299596+09:00 
2026-06-17T01:57:52.3350414+09:00 > orchestrator
2026-06-17T01:57:52.3350414+09:00 > tsx src/cli/orchestrator.ts run-once --limit 10
2026-06-17T01:57:52.3400365+09:00 
2026-06-17T01:57:58.1923223+09:00 {
2026-06-17T01:57:58.2021569+09:00   "ensure_daily": {
2026-06-17T01:57:58.2098299+09:00     "runs": [
2026-06-17T01:57:58.2158173+09:00       {
2026-06-17T01:57:58.2200641+09:00         "run_id": "r01",
2026-06-17T01:57:58.2238958+09:00         "action": "not_due",
2026-06-17T01:57:58.2258941+09:00         "taskId": "daily-20260617-r01",
2026-06-17T01:57:58.2278935+09:00         "reason": "jst_hour=1"
2026-06-17T01:57:58.2298958+09:00       },
2026-06-17T01:57:58.2508360+09:00       {
2026-06-17T01:57:58.2518330+09:00         "run_id": "r02",
2026-06-17T01:57:58.2538609+09:00         "action": "not_due",
2026-06-17T01:57:58.2548695+09:00         "taskId": "daily-20260617-r02",
2026-06-17T01:57:58.2548695+09:00         "reason": "jst_hour=1"
2026-06-17T01:57:58.2548695+09:00       },
2026-06-17T01:57:58.2603253+09:00       {
2026-06-17T01:57:58.2639436+09:00         "run_id": "r03",
2026-06-17T01:57:58.2660009+09:00         "action": "not_due",
2026-06-17T01:57:58.2670324+09:00         "taskId": "daily-20260617-r03",
2026-06-17T01:57:58.2690311+09:00         "reason": "jst_hour=1"
2026-06-17T01:57:58.2700035+09:00       }
2026-06-17T01:57:58.2717447+09:00     ]
2026-06-17T01:57:58.2728512+09:00   },
2026-06-17T01:57:58.2748505+09:00   "reconcile": {
2026-06-17T01:57:58.2768185+09:00     "resetProcessing": 0,
2026-06-17T01:57:58.2788420+09:00     "inserted": 1,
2026-06-17T01:57:58.2798148+09:00     "scanned": 16,
2026-06-17T01:57:58.2798148+09:00     "stale": {
2026-06-17T01:57:58.2838307+09:00       "scanned": 16,
2026-06-17T01:57:58.2848386+09:00       "staleDetected": 0,
2026-06-17T01:57:58.2868467+09:00       "rolledBack": 0,
2026-06-17T01:57:58.2868467+09:00       "skippedCap": 0,
2026-06-17T01:57:58.2896563+09:00       "dryRun": false,
2026-06-17T01:57:58.2916989+09:00       "actions": []
2026-06-17T01:57:58.2937304+09:00     }
2026-06-17T01:57:58.2947330+09:00   },
2026-06-17T01:57:58.2966971+09:00   "dispatch": {
2026-06-17T01:57:58.2983204+09:00     "claimed": 1,
2026-06-17T01:57:58.2992866+09:00     "done": 1,
2026-06-17T01:57:58.3003173+09:00     "failed": 0
2026-06-17T01:57:58.3023174+09:00   },
2026-06-17T01:57:58.3032975+09:00   "step4_poll": {
2026-06-17T01:57:58.3052851+09:00     "scanned": 16,
2026-06-17T01:57:58.3052851+09:00     "awaiting": 1,
2026-06-17T01:57:58.3052851+09:00     "polled": 0,
2026-06-17T01:57:58.3052851+09:00     "picks_applied": 0,
2026-06-17T01:57:58.3106225+09:00     "pick_errors": 0,
2026-06-17T01:57:58.3106225+09:00     "timeouts": 0,
2026-06-17T01:57:58.3138397+09:00     "skipped": 0,
2026-06-17T01:57:58.3149468+09:00     "results": [
2026-06-17T01:57:58.3169068+09:00       {
2026-06-17T01:57:58.3179408+09:00         "task_id": "daily-20260616-r03",
2026-06-17T01:57:58.3199413+09:00         "result": {
2026-06-17T01:57:58.3219081+09:00           "outcome": "no_new_messages"
2026-06-17T01:57:58.3231873+09:00         }
2026-06-17T01:57:58.3251880+09:00       }
2026-06-17T01:57:58.3262249+09:00     ]
2026-06-17T01:57:58.3272178+09:00   },
2026-06-17T01:57:58.3287909+09:00   "step7_retry_poll": {
2026-06-17T01:57:58.3304344+09:00     "scanned": 16,
2026-06-17T01:57:58.3315280+09:00     "eligible": 12,
2026-06-17T01:57:58.3335299+09:00     "polled": 0,
2026-06-17T01:57:58.3344936+09:00     "retries_triggered": 0,
2026-06-17T01:57:58.3364970+09:00     "retry_errors": 0,
2026-06-17T01:57:58.3384947+09:00     "skipped": 0,
2026-06-17T01:57:58.3384947+09:00     "results": []
2026-06-17T01:57:58.3384947+09:00   }
2026-06-17T01:57:58.3384947+09:00 }
2026-06-17T01:57:58.3437815+09:00 OK run-once finished
2026-06-17T02:02:51.8571585+09:00 START dispatch-run-once
2026-06-17T02:02:52.2677115+09:00 
2026-06-17T02:02:52.2677115+09:00 > orchestrator
2026-06-17T02:02:52.2732273+09:00 > tsx src/cli/orchestrator.ts run-once --limit 10
2026-06-17T02:02:52.2762321+09:00 
2026-06-17T02:02:58.1061721+09:00 {
2026-06-17T02:02:58.1122256+09:00   "ensure_daily": {
2026-06-17T02:02:58.1178108+09:00     "runs": [
2026-06-17T02:02:58.1198067+09:00       {
2026-06-17T02:02:58.1236325+09:00         "run_id": "r01",
2026-06-17T02:02:58.1257196+09:00         "action": "not_due",
2026-06-17T02:02:58.1267182+09:00         "taskId": "daily-20260617-r01",
2026-06-17T02:02:58.1287228+09:00         "reason": "jst_hour=2"
2026-06-17T02:02:58.1307188+09:00       },
2026-06-17T02:02:58.1517710+09:00       {
2026-06-17T02:02:58.1538851+09:00         "run_id": "r02",
2026-06-17T02:02:58.1555101+09:00         "action": "not_due",
2026-06-17T02:02:58.1579686+09:00         "taskId": "daily-20260617-r02",
2026-06-17T02:02:58.1599700+09:00         "reason": "jst_hour=2"
2026-06-17T02:02:58.1619667+09:00       },
2026-06-17T02:02:58.1629689+09:00       {
2026-06-17T02:02:58.1649693+09:00         "run_id": "r03",
2026-06-17T02:02:58.1649693+09:00         "action": "not_due",
2026-06-17T02:02:58.1649693+09:00         "taskId": "daily-20260617-r03",
2026-06-17T02:02:58.1703275+09:00         "reason": "jst_hour=2"
2026-06-17T02:02:58.1712911+09:00       }
2026-06-17T02:02:58.1712911+09:00     ]
2026-06-17T02:02:58.1755145+09:00   },
2026-06-17T02:02:58.1755145+09:00   "reconcile": {
2026-06-17T02:02:58.1755145+09:00     "resetProcessing": 0,
2026-06-17T02:02:58.1755145+09:00     "inserted": 1,
2026-06-17T02:02:58.1814977+09:00     "scanned": 16,
2026-06-17T02:02:58.1834944+09:00     "stale": {
2026-06-17T02:02:58.1854968+09:00       "scanned": 16,
2026-06-17T02:02:58.1874951+09:00       "staleDetected": 0,
2026-06-17T02:02:58.1884955+09:00       "rolledBack": 0,
2026-06-17T02:02:58.1904952+09:00       "skippedCap": 0,
2026-06-17T02:02:58.1914948+09:00       "dryRun": false,
2026-06-17T02:02:58.1937196+09:00       "actions": []
2026-06-17T02:02:58.1957206+09:00     }
2026-06-17T02:02:58.1967206+09:00   },
2026-06-17T02:02:58.1996182+09:00   "dispatch": {
2026-06-17T02:02:58.2009423+09:00     "claimed": 1,
2026-06-17T02:02:58.2009423+09:00     "done": 1,
2026-06-17T02:02:58.2009423+09:00     "failed": 0
2026-06-17T02:02:58.2056310+09:00   },
2026-06-17T02:02:58.2056310+09:00   "step4_poll": {
2026-06-17T02:02:58.2056310+09:00     "scanned": 16,
2026-06-17T02:02:58.2056310+09:00     "awaiting": 1,
2026-06-17T02:02:58.2114426+09:00     "polled": 0,
2026-06-17T02:02:58.2128319+09:00     "picks_applied": 0,
2026-06-17T02:02:58.2138322+09:00     "pick_errors": 0,
2026-06-17T02:02:58.2152402+09:00     "timeouts": 0,
2026-06-17T02:02:58.2173033+09:00     "skipped": 0,
2026-06-17T02:02:58.2183029+09:00     "results": [
2026-06-17T02:02:58.2203029+09:00       {
2026-06-17T02:02:58.2213026+09:00         "task_id": "daily-20260616-r03",
2026-06-17T02:02:58.2223028+09:00         "result": {
2026-06-17T02:02:58.2233028+09:00           "outcome": "no_new_messages"
2026-06-17T02:02:58.2233028+09:00         }
2026-06-17T02:02:58.2233028+09:00       }
2026-06-17T02:02:58.2283414+09:00     ]
2026-06-17T02:02:58.2283414+09:00   },
2026-06-17T02:02:58.2283414+09:00   "step7_retry_poll": {
2026-06-17T02:02:58.2333568+09:00     "scanned": 16,
2026-06-17T02:02:58.2333568+09:00     "eligible": 12,
2026-06-17T02:02:58.2333568+09:00     "polled": 0,
2026-06-17T02:02:58.2333568+09:00     "retries_triggered": 0,
2026-06-17T02:02:58.2393237+09:00     "retry_errors": 0,
2026-06-17T02:02:58.2412208+09:00     "skipped": 0,
2026-06-17T02:02:58.2422217+09:00     "results": []
2026-06-17T02:02:58.2442208+09:00   }
2026-06-17T02:02:58.2452197+09:00 }
2026-06-17T02:02:58.2472212+09:00 OK run-once finished
2026-06-17T02:07:51.1506274+09:00 START dispatch-run-once
2026-06-17T02:07:51.6096345+09:00 
2026-06-17T02:07:51.6118794+09:00 > orchestrator
2026-06-17T02:07:51.6138800+09:00 > tsx src/cli/orchestrator.ts run-once --limit 10
2026-06-17T02:07:51.6158812+09:00 
2026-06-17T02:07:57.4891625+09:00 {
2026-06-17T02:07:57.4966500+09:00   "ensure_daily": {
2026-06-17T02:07:57.5058636+09:00     "runs": [
2026-06-17T02:07:57.5144667+09:00       {
2026-06-17T02:07:57.5224740+09:00         "run_id": "r01",
2026-06-17T02:07:57.5257054+09:00         "action": "not_due",
2026-06-17T02:07:57.5295966+09:00         "taskId": "daily-20260617-r01",
2026-06-17T02:07:57.5358469+09:00         "reason": "jst_hour=2"
2026-06-17T02:07:57.5388460+09:00       },
2026-06-17T02:07:57.5639256+09:00       {
2026-06-17T02:07:57.5659268+09:00         "run_id": "r02",
2026-06-17T02:07:57.5693557+09:00         "action": "not_due",
2026-06-17T02:07:57.5713583+09:00         "taskId": "daily-20260617-r02",
2026-06-17T02:07:57.5723549+09:00         "reason": "jst_hour=2"
2026-06-17T02:07:57.5753544+09:00       },
2026-06-17T02:07:57.5753544+09:00       {
2026-06-17T02:07:57.5753544+09:00         "run_id": "r03",
2026-06-17T02:07:57.5753544+09:00         "action": "not_due",
2026-06-17T02:07:57.5807231+09:00         "taskId": "daily-20260617-r03",
2026-06-17T02:07:57.5841905+09:00         "reason": "jst_hour=2"
2026-06-17T02:07:57.5862331+09:00       }
2026-06-17T02:07:57.5882340+09:00     ]
2026-06-17T02:07:57.5892340+09:00   },
2026-06-17T02:07:57.5902345+09:00   "reconcile": {
2026-06-17T02:07:57.5920797+09:00     "resetProcessing": 0,
2026-06-17T02:07:57.5942078+09:00     "inserted": 1,
2026-06-17T02:07:57.5962054+09:00     "scanned": 16,
2026-06-17T02:07:57.5982097+09:00     "stale": {
2026-06-17T02:07:57.6002059+09:00       "scanned": 16,
2026-06-17T02:07:57.6002059+09:00       "staleDetected": 0,
2026-06-17T02:07:57.6002059+09:00       "rolledBack": 0,
2026-06-17T02:07:57.6002059+09:00       "skippedCap": 0,
2026-06-17T02:07:57.6054535+09:00       "dryRun": false,
2026-06-17T02:07:57.6088341+09:00       "actions": []
2026-06-17T02:07:57.6103134+09:00     }
2026-06-17T02:07:57.6113082+09:00   },
2026-06-17T02:07:57.6133067+09:00   "dispatch": {
2026-06-17T02:07:57.6143082+09:00     "claimed": 1,
2026-06-17T02:07:57.6163415+09:00     "done": 1,
2026-06-17T02:07:57.6182264+09:00     "failed": 0
2026-06-17T02:07:57.6192271+09:00   },
2026-06-17T02:07:57.6212269+09:00   "step4_poll": {
2026-06-17T02:07:57.6222276+09:00     "scanned": 16,
2026-06-17T02:07:57.6232256+09:00     "awaiting": 1,
2026-06-17T02:07:57.6254296+09:00     "polled": 0,
2026-06-17T02:07:57.6254296+09:00     "picks_applied": 0,
2026-06-17T02:07:57.6254296+09:00     "pick_errors": 0,
2026-06-17T02:07:57.6298884+09:00     "timeouts": 0,
2026-06-17T02:07:57.6298884+09:00     "skipped": 0,
2026-06-17T02:07:57.6298884+09:00     "results": [
2026-06-17T02:07:57.6298884+09:00       {
2026-06-17T02:07:57.6357258+09:00         "task_id": "daily-20260616-r03",
2026-06-17T02:07:57.6371624+09:00         "result": {
2026-06-17T02:07:57.6381633+09:00           "outcome": "no_new_messages"
2026-06-17T02:07:57.6401620+09:00         }
2026-06-17T02:07:57.6411632+09:00       }
2026-06-17T02:07:57.6431184+09:00     ]
2026-06-17T02:07:57.6441156+09:00   },
2026-06-17T02:07:57.6451175+09:00   "step7_retry_poll": {
2026-06-17T02:07:57.6471166+09:00     "scanned": 16,
2026-06-17T02:07:57.6481169+09:00     "eligible": 12,
2026-06-17T02:07:57.6510880+09:00     "polled": 0,
2026-06-17T02:07:57.6510880+09:00     "retries_triggered": 0,
2026-06-17T02:07:57.6510880+09:00     "retry_errors": 0,
2026-06-17T02:07:57.6553258+09:00     "skipped": 0,
2026-06-17T02:07:57.6553258+09:00     "results": []
2026-06-17T02:07:57.6553258+09:00   }
2026-06-17T02:07:57.6607516+09:00 }
2026-06-17T02:07:57.6607516+09:00 OK run-once finished
2026-06-17T02:12:51.4088285+09:00 START dispatch-run-once
2026-06-17T02:12:51.7962705+09:00 
2026-06-17T02:12:51.7982784+09:00 > orchestrator
2026-06-17T02:12:51.7992860+09:00 > tsx src/cli/orchestrator.ts run-once --limit 10
2026-06-17T02:12:51.7992860+09:00 
2026-06-17T02:12:57.6946003+09:00 {
2026-06-17T02:12:57.7036213+09:00   "ensure_daily": {
2026-06-17T02:12:57.7161172+09:00     "runs": [
2026-06-17T02:12:57.7253813+09:00       {
2026-06-17T02:12:57.7342668+09:00         "run_id": "r01",
2026-06-17T02:12:57.7444181+09:00         "action": "not_due",
2026-06-17T02:12:57.7543684+09:00         "taskId": "daily-20260617-r01",
2026-06-17T02:12:57.7609709+09:00         "reason": "jst_hour=2"
2026-06-17T02:12:57.7659680+09:00       },
2026-06-17T02:12:57.7955178+09:00       {
2026-06-17T02:12:57.7975146+09:00         "run_id": "r02",
2026-06-17T02:12:57.7995207+09:00         "action": "not_due",
2026-06-17T02:12:57.8015209+09:00         "taskId": "daily-20260617-r02",
2026-06-17T02:12:57.8043803+09:00         "reason": "jst_hour=2"
2026-06-17T02:12:57.8063776+09:00       },
2026-06-17T02:12:57.8083761+09:00       {
2026-06-17T02:12:57.8105857+09:00         "run_id": "r03",
2026-06-17T02:12:57.8126521+09:00         "action": "not_due",
2026-06-17T02:12:57.8141619+09:00         "taskId": "daily-20260617-r03",
2026-06-17T02:12:57.8161616+09:00         "reason": "jst_hour=2"
2026-06-17T02:12:57.8176696+09:00       }
2026-06-17T02:12:57.8194588+09:00     ]
2026-06-17T02:12:57.8210235+09:00   },
2026-06-17T02:12:57.8227042+09:00   "reconcile": {
2026-06-17T02:12:57.8242728+09:00     "resetProcessing": 0,
2026-06-17T02:12:57.8258347+09:00     "inserted": 1,
2026-06-17T02:12:57.8269202+09:00     "scanned": 16,
2026-06-17T02:12:57.8285699+09:00     "stale": {
2026-06-17T02:12:57.8291329+09:00       "scanned": 16,
2026-06-17T02:12:57.8320460+09:00       "staleDetected": 0,
2026-06-17T02:12:57.8337852+09:00       "rolledBack": 0,
2026-06-17T02:12:57.8359889+09:00       "skippedCap": 0,
2026-06-17T02:12:57.8370494+09:00       "dryRun": false,
2026-06-17T02:12:57.8400472+09:00       "actions": []
2026-06-17T02:12:57.8420495+09:00     }
2026-06-17T02:12:57.8439413+09:00   },
2026-06-17T02:12:57.8439413+09:00   "dispatch": {
2026-06-17T02:12:57.8439413+09:00     "claimed": 1,
2026-06-17T02:12:57.8480558+09:00     "done": 1,
2026-06-17T02:12:57.8480558+09:00     "failed": 0
2026-06-17T02:12:57.8480558+09:00   },
2026-06-17T02:12:57.8532875+09:00   "step4_poll": {
2026-06-17T02:12:57.8532875+09:00     "scanned": 16,
2026-06-17T02:12:57.8532875+09:00     "awaiting": 1,
2026-06-17T02:12:57.8532875+09:00     "polled": 0,
2026-06-17T02:12:57.8587089+09:00     "picks_applied": 0,
2026-06-17T02:12:57.8587089+09:00     "pick_errors": 0,
2026-06-17T02:12:57.8587089+09:00     "timeouts": 0,
2026-06-17T02:12:57.8653329+09:00     "skipped": 0,
2026-06-17T02:12:57.8674091+09:00     "results": [
2026-06-17T02:12:57.8689199+09:00       {
2026-06-17T02:12:57.8696391+09:00         "task_id": "daily-20260616-r03",
2026-06-17T02:12:57.8716455+09:00         "result": {
2026-06-17T02:12:57.8726790+09:00           "outcome": "no_new_messages"
2026-06-17T02:12:57.8746789+09:00         }
2026-06-17T02:12:57.8756448+09:00       }
2026-06-17T02:12:57.8776290+09:00     ]
2026-06-17T02:12:57.8776290+09:00   },
2026-06-17T02:12:57.8776290+09:00   "step7_retry_poll": {
2026-06-17T02:12:57.8819833+09:00     "scanned": 16,
2026-06-17T02:12:57.8819833+09:00     "eligible": 12,
2026-06-17T02:12:57.8819833+09:00     "polled": 0,
2026-06-17T02:12:57.8819833+09:00     "retries_triggered": 0,
2026-06-17T02:12:57.8872097+09:00     "retry_errors": 0,
2026-06-17T02:12:57.8872097+09:00     "skipped": 0,
2026-06-17T02:12:57.8872097+09:00     "results": []
2026-06-17T02:12:57.8872097+09:00   }
2026-06-17T02:12:57.8936921+09:00 }
2026-06-17T02:12:57.8957512+09:00 OK run-once finished
2026-06-17T02:17:51.6547783+09:00 START dispatch-run-once
2026-06-17T02:17:52.0959190+09:00 
2026-06-17T02:17:52.0990147+09:00 > orchestrator
2026-06-17T02:17:52.1005250+09:00 > tsx src/cli/orchestrator.ts run-once --limit 10
2026-06-17T02:17:52.1005250+09:00 
2026-06-17T02:17:57.9879577+09:00 {
2026-06-17T02:17:57.9988766+09:00   "ensure_daily": {
2026-06-17T02:17:58.0048618+09:00     "runs": [
2026-06-17T02:17:58.0156920+09:00       {
2026-06-17T02:17:58.0246753+09:00         "run_id": "r01",
2026-06-17T02:17:58.0315375+09:00         "action": "not_due",
2026-06-17T02:17:58.0386024+09:00         "taskId": "daily-20260617-r01",
2026-06-17T02:17:58.0437695+09:00         "reason": "jst_hour=2"
2026-06-17T02:17:58.0476786+09:00       },
2026-06-17T02:17:58.0708090+09:00       {
2026-06-17T02:17:58.0749703+09:00         "run_id": "r02",
2026-06-17T02:17:58.0791491+09:00         "action": "not_due",
2026-06-17T02:17:58.0806330+09:00         "taskId": "daily-20260617-r02",
2026-06-17T02:17:58.0836329+09:00         "reason": "jst_hour=2"
2026-06-17T02:17:58.0856327+09:00       },
2026-06-17T02:17:58.0874311+09:00       {
2026-06-17T02:17:58.0895646+09:00         "run_id": "r03",
2026-06-17T02:17:58.0915614+09:00         "action": "not_due",
2026-06-17T02:17:58.0925614+09:00         "taskId": "daily-20260617-r03",
2026-06-17T02:17:58.0945630+09:00         "reason": "jst_hour=2"
2026-06-17T02:17:58.0955611+09:00       }
2026-06-17T02:17:58.0955611+09:00     ]
2026-06-17T02:17:58.0955611+09:00   },
2026-06-17T02:17:58.1006331+09:00   "reconcile": {
2026-06-17T02:17:58.1006331+09:00     "resetProcessing": 0,
2026-06-17T02:17:58.1045934+09:00     "inserted": 1,
2026-06-17T02:17:58.1066755+09:00     "scanned": 16,
2026-06-17T02:17:58.1076743+09:00     "stale": {
2026-06-17T02:17:58.1096766+09:00       "scanned": 16,
2026-06-17T02:17:58.1106802+09:00       "staleDetected": 0,
2026-06-17T02:17:58.1130297+09:00       "rolledBack": 0,
2026-06-17T02:17:58.1151770+09:00       "skippedCap": 0,
2026-06-17T02:17:58.1171762+09:00       "dryRun": false,
2026-06-17T02:17:58.1191788+09:00       "actions": []
2026-06-17T02:17:58.1207673+09:00     }
2026-06-17T02:17:58.1217512+09:00   },
2026-06-17T02:17:58.1217512+09:00   "dispatch": {
2026-06-17T02:17:58.1254055+09:00     "claimed": 1,
2026-06-17T02:17:58.1254055+09:00     "done": 1,
2026-06-17T02:17:58.1254055+09:00     "failed": 0
2026-06-17T02:17:58.1295141+09:00   },
2026-06-17T02:17:58.1315914+09:00   "step4_poll": {
2026-06-17T02:17:58.1325557+09:00     "scanned": 16,
2026-06-17T02:17:58.1345897+09:00     "awaiting": 1,
2026-06-17T02:17:58.1355585+09:00     "polled": 0,
2026-06-17T02:17:58.1365558+09:00     "picks_applied": 0,
2026-06-17T02:17:58.1391660+09:00     "pick_errors": 0,
2026-06-17T02:17:58.1401327+09:00     "timeouts": 0,
2026-06-17T02:17:58.1421692+09:00     "skipped": 0,
2026-06-17T02:17:58.1431336+09:00     "results": [
2026-06-17T02:17:58.1441532+09:00       {
2026-06-17T02:17:58.1462741+09:00         "task_id": "daily-20260616-r03",
2026-06-17T02:17:58.1478878+09:00         "result": {
2026-06-17T02:17:58.1494533+09:00           "outcome": "no_new_messages"
2026-06-17T02:17:58.1511124+09:00         }
2026-06-17T02:17:58.1526932+09:00       }
2026-06-17T02:17:58.1541129+09:00     ]
2026-06-17T02:17:58.1555627+09:00   },
2026-06-17T02:17:58.1571297+09:00   "step7_retry_poll": {
2026-06-17T02:17:58.1581377+09:00     "scanned": 16,
2026-06-17T02:17:58.1591348+09:00     "eligible": 12,
2026-06-17T02:17:58.1611359+09:00     "polled": 0,
2026-06-17T02:17:58.1624718+09:00     "retries_triggered": 0,
2026-06-17T02:17:58.1634743+09:00     "retry_errors": 0,
2026-06-17T02:17:58.1654743+09:00     "skipped": 0,
2026-06-17T02:17:58.1674763+09:00     "results": []
2026-06-17T02:17:58.1684736+09:00   }
2026-06-17T02:17:58.1704742+09:00 }
2026-06-17T02:17:58.1704742+09:00 OK run-once finished
2026-06-17T02:22:51.9589561+09:00 START dispatch-run-once
2026-06-17T02:22:52.3475691+09:00 
2026-06-17T02:22:52.3475691+09:00 > orchestrator
2026-06-17T02:22:52.3526225+09:00 > tsx src/cli/orchestrator.ts run-once --limit 10
2026-06-17T02:22:52.3526225+09:00 
2026-06-17T02:22:58.1741877+09:00 {
2026-06-17T02:22:58.1838407+09:00   "ensure_daily": {
2026-06-17T02:22:58.1920884+09:00     "runs": [
2026-06-17T02:22:58.2063919+09:00       {
2026-06-17T02:22:58.2146499+09:00         "run_id": "r01",
2026-06-17T02:22:58.2199031+09:00         "action": "not_due",
2026-06-17T02:22:58.2289306+09:00         "taskId": "daily-20260617-r01",
2026-06-17T02:22:58.2331780+09:00         "reason": "jst_hour=2"
2026-06-17T02:22:58.2351821+09:00       },
2026-06-17T02:22:58.2565857+09:00       {
2026-06-17T02:22:58.2585848+09:00         "run_id": "r02",
2026-06-17T02:22:58.2605859+09:00         "action": "not_due",
2026-06-17T02:22:58.2625852+09:00         "taskId": "daily-20260617-r02",
2026-06-17T02:22:58.2645917+09:00         "reason": "jst_hour=2"
2026-06-17T02:22:58.2668110+09:00       },
2026-06-17T02:22:58.2688112+09:00       {
2026-06-17T02:22:58.2708153+09:00         "run_id": "r03",
2026-06-17T02:22:58.2737116+09:00         "action": "not_due",
2026-06-17T02:22:58.2747457+09:00         "taskId": "daily-20260617-r03",
2026-06-17T02:22:58.2747457+09:00         "reason": "jst_hour=2"
2026-06-17T02:22:58.2797680+09:00       }
2026-06-17T02:22:58.2797680+09:00     ]
2026-06-17T02:22:58.2797680+09:00   },
2026-06-17T02:22:58.2857991+09:00   "reconcile": {
2026-06-17T02:22:58.2878574+09:00     "resetProcessing": 0,
2026-06-17T02:22:58.2892958+09:00     "inserted": 1,
2026-06-17T02:22:58.2913612+09:00     "scanned": 16,
2026-06-17T02:22:58.2933614+09:00     "stale": {
2026-06-17T02:22:58.2953615+09:00       "scanned": 16,
2026-06-17T02:22:58.2973601+09:00       "staleDetected": 0,
2026-06-17T02:22:58.2973601+09:00       "rolledBack": 0,
2026-06-17T02:22:58.3025472+09:00       "skippedCap": 0,
2026-06-17T02:22:58.3050794+09:00       "dryRun": false,
2026-06-17T02:22:58.3070862+09:00       "actions": []
2026-06-17T02:22:58.3096261+09:00     }
2026-06-17T02:22:58.3123004+09:00   },
2026-06-17T02:22:58.3133006+09:00   "dispatch": {
2026-06-17T02:22:58.3153421+09:00     "claimed": 1,
2026-06-17T02:22:58.3173407+09:00     "done": 1,
2026-06-17T02:22:58.3193413+09:00     "failed": 0
2026-06-17T02:22:58.3203434+09:00   },
2026-06-17T02:22:58.3223414+09:00   "step4_poll": {
2026-06-17T02:22:58.3223414+09:00     "scanned": 16,
2026-06-17T02:22:58.3223414+09:00     "awaiting": 1,
2026-06-17T02:22:58.3277157+09:00     "polled": 0,
2026-06-17T02:22:58.3277157+09:00     "picks_applied": 0,
2026-06-17T02:22:58.3277157+09:00     "pick_errors": 0,
2026-06-17T02:22:58.3330085+09:00     "timeouts": 0,
2026-06-17T02:22:58.3330085+09:00     "skipped": 0,
2026-06-17T02:22:58.3330085+09:00     "results": [
2026-06-17T02:22:58.3401272+09:00       {
2026-06-17T02:22:58.3421270+09:00         "task_id": "daily-20260616-r03",
2026-06-17T02:22:58.3441281+09:00         "result": {
2026-06-17T02:22:58.3451301+09:00           "outcome": "no_new_messages"
2026-06-17T02:22:58.3471273+09:00         }
2026-06-17T02:22:58.3481273+09:00       }
2026-06-17T02:22:58.3508390+09:00     ]
2026-06-17T02:22:58.3528382+09:00   },
2026-06-17T02:22:58.3548382+09:00   "step7_retry_poll": {
2026-06-17T02:22:58.3558387+09:00     "scanned": 16,
2026-06-17T02:22:58.3580036+09:00     "eligible": 12,
2026-06-17T02:22:58.3590039+09:00     "polled": 0,
2026-06-17T02:22:58.3590039+09:00     "retries_triggered": 0,
2026-06-17T02:22:58.3590039+09:00     "retry_errors": 0,
2026-06-17T02:22:58.3641583+09:00     "skipped": 0,
2026-06-17T02:22:58.3641583+09:00     "results": []
2026-06-17T02:22:58.3641583+09:00   }
2026-06-17T02:22:58.3692257+09:00 }
2026-06-17T02:22:58.3724013+09:00 OK run-once finished
2026-06-17T02:27:51.6182961+09:00 START dispatch-run-once
2026-06-17T02:27:52.0060858+09:00 
2026-06-17T02:27:52.0070867+09:00 > orchestrator
2026-06-17T02:27:52.0090869+09:00 > tsx src/cli/orchestrator.ts run-once --limit 10
2026-06-17T02:27:52.0113194+09:00 
2026-06-17T02:27:57.9134596+09:00 {
2026-06-17T02:27:57.9216841+09:00   "ensure_daily": {
2026-06-17T02:27:57.9343985+09:00     "runs": [
2026-06-17T02:27:57.9437834+09:00       {
2026-06-17T02:27:57.9507693+09:00         "run_id": "r01",
2026-06-17T02:27:57.9561551+09:00         "action": "not_due",
2026-06-17T02:27:57.9654169+09:00         "taskId": "daily-20260617-r01",
2026-06-17T02:27:57.9695121+09:00         "reason": "jst_hour=2"
2026-06-17T02:27:57.9714677+09:00       },
2026-06-17T02:27:57.9925235+09:00       {
2026-06-17T02:27:57.9935321+09:00         "run_id": "r02",
2026-06-17T02:27:57.9955308+09:00         "action": "not_due",
2026-06-17T02:27:57.9975337+09:00         "taskId": "daily-20260617-r02",
2026-06-17T02:27:57.9995352+09:00         "reason": "jst_hour=2"
2026-06-17T02:27:58.0017492+09:00       },
2026-06-17T02:27:58.0037514+09:00       {
2026-06-17T02:27:58.0067499+09:00         "run_id": "r03",
2026-06-17T02:27:58.0089180+09:00         "action": "not_due",
2026-06-17T02:27:58.0089180+09:00         "taskId": "daily-20260617-r03",
2026-06-17T02:27:58.0089180+09:00         "reason": "jst_hour=2"
2026-06-17T02:27:58.0141256+09:00       }
2026-06-17T02:27:58.0141256+09:00     ]
2026-06-17T02:27:58.0171990+09:00   },
2026-06-17T02:27:58.0182014+09:00   "reconcile": {
2026-06-17T02:27:58.0201997+09:00     "resetProcessing": 0,
2026-06-17T02:27:58.0219234+09:00     "inserted": 1,
2026-06-17T02:27:58.0228888+09:00     "scanned": 16,
2026-06-17T02:27:58.0248230+09:00     "stale": {
2026-06-17T02:27:58.0248230+09:00       "scanned": 16,
2026-06-17T02:27:58.0248230+09:00       "staleDetected": 0,
2026-06-17T02:27:58.0289213+09:00       "rolledBack": 0,
2026-06-17T02:27:58.0289213+09:00       "skippedCap": 0,
2026-06-17T02:27:58.0289213+09:00       "dryRun": false,
2026-06-17T02:27:58.0354373+09:00       "actions": []
2026-06-17T02:27:58.0375009+09:00     }
2026-06-17T02:27:58.0384998+09:00   },
2026-06-17T02:27:58.0404990+09:00   "dispatch": {
2026-06-17T02:27:58.0421961+09:00     "claimed": 1,
2026-06-17T02:27:58.0431952+09:00     "done": 1,
2026-06-17T02:27:58.0441942+09:00     "failed": 0
2026-06-17T02:27:58.0461950+09:00   },
2026-06-17T02:27:58.0471956+09:00   "step4_poll": {
2026-06-17T02:27:58.0481940+09:00     "scanned": 16,
2026-06-17T02:27:58.0491955+09:00     "awaiting": 1,
2026-06-17T02:27:58.0491955+09:00     "polled": 0,
2026-06-17T02:27:58.0491955+09:00     "picks_applied": 0,
2026-06-17T02:27:58.0546677+09:00     "pick_errors": 0,
2026-06-17T02:27:58.0546677+09:00     "timeouts": 0,
2026-06-17T02:27:58.0546677+09:00     "skipped": 0,
2026-06-17T02:27:58.0597231+09:00     "results": [
2026-06-17T02:27:58.0597231+09:00       {
2026-06-17T02:27:58.0597231+09:00         "task_id": "daily-20260616-r03",
2026-06-17T02:27:58.0597231+09:00         "result": {
2026-06-17T02:27:58.0653311+09:00           "outcome": "no_new_messages"
2026-06-17T02:27:58.0667649+09:00         }
2026-06-17T02:27:58.0687641+09:00       }
2026-06-17T02:27:58.0697638+09:00     ]
2026-06-17T02:27:58.0707624+09:00   },
2026-06-17T02:27:58.0727639+09:00   "step7_retry_poll": {
2026-06-17T02:27:58.0737647+09:00     "scanned": 16,
2026-06-17T02:27:58.0747630+09:00     "eligible": 12,
2026-06-17T02:27:58.0769395+09:00     "polled": 0,
2026-06-17T02:27:58.0779456+09:00     "retries_triggered": 0,
2026-06-17T02:27:58.0789437+09:00     "retry_errors": 0,
2026-06-17T02:27:58.0809461+09:00     "skipped": 0,
2026-06-17T02:27:58.0827799+09:00     "results": []
2026-06-17T02:27:58.0838004+09:00   }
2026-06-17T02:27:58.0848002+09:00 }
2026-06-17T02:27:58.0848002+09:00 OK run-once finished
2026-06-17T02:32:52.6432160+09:00 START dispatch-run-once
2026-06-17T02:32:53.0845908+09:00 
2026-06-17T02:32:53.0868493+09:00 > orchestrator
2026-06-17T02:32:53.0898499+09:00 > tsx src/cli/orchestrator.ts run-once --limit 10
2026-06-17T02:32:53.0918496+09:00 
2026-06-17T02:32:59.2101985+09:00 {
2026-06-17T02:32:59.2196856+09:00   "ensure_daily": {
2026-06-17T02:32:59.2266787+09:00     "runs": [
2026-06-17T02:32:59.2320976+09:00       {
2026-06-17T02:32:59.2426031+09:00         "run_id": "r01",
2026-06-17T02:32:59.2478226+09:00         "action": "not_due",
2026-06-17T02:32:59.2514563+09:00         "taskId": "daily-20260617-r01",
2026-06-17T02:32:59.2514563+09:00         "reason": "jst_hour=2"
2026-06-17T02:32:59.2560315+09:00       },
2026-06-17T02:32:59.2764013+09:00       {
2026-06-17T02:32:59.2764013+09:00         "run_id": "r02",
2026-06-17T02:32:59.2815395+09:00         "action": "not_due",
2026-06-17T02:32:59.2815395+09:00         "taskId": "daily-20260617-r02",
2026-06-17T02:32:59.2815395+09:00         "reason": "jst_hour=2"
2026-06-17T02:32:59.2870273+09:00       },
2026-06-17T02:32:59.2870273+09:00       {
2026-06-17T02:32:59.2870273+09:00         "run_id": "r03",
2026-06-17T02:32:59.2935950+09:00         "action": "not_due",
2026-06-17T02:32:59.2956029+09:00         "taskId": "daily-20260617-r03",
2026-06-17T02:32:59.2976019+09:00         "reason": "jst_hour=2"
2026-06-17T02:32:59.2996039+09:00       }
2026-06-17T02:32:59.3006136+09:00     ]
2026-06-17T02:32:59.3026024+09:00   },
2026-06-17T02:32:59.3038334+09:00   "reconcile": {
2026-06-17T02:32:59.3048543+09:00     "resetProcessing": 0,
2026-06-17T02:32:59.3068342+09:00     "inserted": 1,
2026-06-17T02:32:59.3088365+09:00     "scanned": 16,
2026-06-17T02:32:59.3111624+09:00     "stale": {
2026-06-17T02:32:59.3121634+09:00       "scanned": 16,
2026-06-17T02:32:59.3121634+09:00       "staleDetected": 0,
2026-06-17T02:32:59.3121634+09:00       "rolledBack": 0,
2026-06-17T02:32:59.3174364+09:00       "skippedCap": 0,
2026-06-17T02:32:59.3174364+09:00       "dryRun": false,
2026-06-17T02:32:59.3174364+09:00       "actions": []
2026-06-17T02:32:59.3174364+09:00     }
2026-06-17T02:32:59.3238233+09:00   },
2026-06-17T02:32:59.3262685+09:00   "dispatch": {
2026-06-17T02:32:59.3273275+09:00     "claimed": 1,
2026-06-17T02:32:59.3293249+09:00     "done": 1,
2026-06-17T02:32:59.3303248+09:00     "failed": 0
2026-06-17T02:32:59.3313245+09:00   },
2026-06-17T02:32:59.3327142+09:00   "step4_poll": {
2026-06-17T02:32:59.3346525+09:00     "scanned": 16,
2026-06-17T02:32:59.3346525+09:00     "awaiting": 1,
2026-06-17T02:32:59.3346525+09:00     "polled": 0,
2026-06-17T02:32:59.3392532+09:00     "picks_applied": 0,
2026-06-17T02:32:59.3392532+09:00     "pick_errors": 0,
2026-06-17T02:32:59.3392532+09:00     "timeouts": 0,
2026-06-17T02:32:59.3392532+09:00     "skipped": 0,
2026-06-17T02:32:59.3443317+09:00     "results": [
2026-06-17T02:32:59.3443317+09:00       {
2026-06-17T02:32:59.3443317+09:00         "task_id": "daily-20260616-r03",
2026-06-17T02:32:59.3494104+09:00         "result": {
2026-06-17T02:32:59.3512334+09:00           "outcome": "no_new_messages"
2026-06-17T02:32:59.3523308+09:00         }
2026-06-17T02:32:59.3543321+09:00       }
2026-06-17T02:32:59.3552996+09:00     ]
2026-06-17T02:32:59.3573286+09:00   },
2026-06-17T02:32:59.3582959+09:00   "step7_retry_poll": {
2026-06-17T02:32:59.3596633+09:00     "scanned": 16,
2026-06-17T02:32:59.3596633+09:00     "eligible": 12,
2026-06-17T02:32:59.3596633+09:00     "polled": 0,
2026-06-17T02:32:59.3596633+09:00     "retries_triggered": 0,
2026-06-17T02:32:59.3645829+09:00     "retry_errors": 0,
2026-06-17T02:32:59.3645829+09:00     "skipped": 0,
2026-06-17T02:32:59.3645829+09:00     "results": []
2026-06-17T02:32:59.3707626+09:00   }
2026-06-17T02:32:59.3718069+09:00 }
2026-06-17T02:32:59.3738386+09:00 OK run-once finished
2026-06-17T02:37:51.8341022+09:00 START dispatch-run-once
2026-06-17T02:37:52.2304364+09:00 
2026-06-17T02:37:52.2334978+09:00 > orchestrator
2026-06-17T02:37:52.2355002+09:00 > tsx src/cli/orchestrator.ts run-once --limit 10
2026-06-17T02:37:52.2376911+09:00 
2026-06-17T02:37:58.1024835+09:00 {
2026-06-17T02:37:58.1086572+09:00   "ensure_daily": {
2026-06-17T02:37:58.1213326+09:00     "runs": [
2026-06-17T02:37:58.1283261+09:00       {
2026-06-17T02:37:58.1387014+09:00         "run_id": "r01",
2026-06-17T02:37:58.1442123+09:00         "action": "not_due",
2026-06-17T02:37:58.1500501+09:00         "taskId": "daily-20260617-r01",
2026-06-17T02:37:58.1530750+09:00         "reason": "jst_hour=2"
2026-06-17T02:37:58.1530750+09:00       },
2026-06-17T02:37:58.1782478+09:00       {
2026-06-17T02:37:58.1825657+09:00         "run_id": "r02",
2026-06-17T02:37:58.1825657+09:00         "action": "not_due",
2026-06-17T02:37:58.1893725+09:00         "taskId": "daily-20260617-r02",
2026-06-17T02:37:58.1913698+09:00         "reason": "jst_hour=2"
2026-06-17T02:37:58.1948280+09:00       },
2026-06-17T02:37:58.1969588+09:00       {
2026-06-17T02:37:58.1989635+09:00         "run_id": "r03",
2026-06-17T02:37:58.2016296+09:00         "action": "not_due",
2026-06-17T02:37:58.2043195+09:00         "taskId": "daily-20260617-r03",
2026-06-17T02:37:58.2063071+09:00         "reason": "jst_hour=2"
2026-06-17T02:37:58.2083264+09:00       }
2026-06-17T02:37:58.2113115+09:00     ]
2026-06-17T02:37:58.2119376+09:00   },
2026-06-17T02:37:58.2119376+09:00   "reconcile": {
2026-06-17T02:37:58.2163355+09:00     "resetProcessing": 0,
2026-06-17T02:37:58.2163355+09:00     "inserted": 1,
2026-06-17T02:37:58.2163355+09:00     "scanned": 16,
2026-06-17T02:37:58.2217973+09:00     "stale": {
2026-06-17T02:37:58.2217973+09:00       "scanned": 16,
2026-06-17T02:37:58.2260157+09:00       "staleDetected": 0,
2026-06-17T02:37:58.2286348+09:00       "rolledBack": 0,
2026-06-17T02:37:58.2307488+09:00       "skippedCap": 0,
2026-06-17T02:37:58.2317489+09:00       "dryRun": false,
2026-06-17T02:37:58.2337485+09:00       "actions": []
2026-06-17T02:37:58.2357489+09:00     }
2026-06-17T02:37:58.2364973+09:00   },
2026-06-17T02:37:58.2364973+09:00   "dispatch": {
2026-06-17T02:37:58.2407592+09:00     "claimed": 1,
2026-06-17T02:37:58.2438252+09:00     "done": 1,
2026-06-17T02:37:58.2438252+09:00     "failed": 0
2026-06-17T02:37:58.2458330+09:00   },
2026-06-17T02:37:58.2458330+09:00   "step4_poll": {
2026-06-17T02:37:58.2458330+09:00     "scanned": 16,
2026-06-17T02:37:58.2508609+09:00     "awaiting": 1,
2026-06-17T02:37:58.2508609+09:00     "polled": 0,
2026-06-17T02:37:58.2508609+09:00     "picks_applied": 0,
2026-06-17T02:37:58.2567343+09:00     "pick_errors": 0,
2026-06-17T02:37:58.2577861+09:00     "timeouts": 0,
2026-06-17T02:37:58.2597844+09:00     "skipped": 0,
2026-06-17T02:37:58.2614775+09:00     "results": [
2026-06-17T02:37:58.2625515+09:00       {
2026-06-17T02:37:58.2645508+09:00         "task_id": "daily-20260616-r03",
2026-06-17T02:37:58.2655505+09:00         "result": {
2026-06-17T02:37:58.2675518+09:00           "outcome": "no_new_messages"
2026-06-17T02:37:58.2685498+09:00         }
2026-06-17T02:37:58.2695513+09:00       }
2026-06-17T02:37:58.2695513+09:00     ]
2026-06-17T02:37:58.2695513+09:00   },
2026-06-17T02:37:58.2749121+09:00   "step7_retry_poll": {
2026-06-17T02:37:58.2749121+09:00     "scanned": 16,
2026-06-17T02:37:58.2749121+09:00     "eligible": 12,
2026-06-17T02:37:58.2802136+09:00     "polled": 0,
2026-06-17T02:37:58.2802136+09:00     "retries_triggered": 0,
2026-06-17T02:37:58.2802136+09:00     "retry_errors": 0,
2026-06-17T02:37:58.2857585+09:00     "skipped": 0,
2026-06-17T02:37:58.2872844+09:00     "results": []
2026-06-17T02:37:58.2892851+09:00   }
2026-06-17T02:37:58.2912836+09:00 }
2026-06-17T02:37:58.2932857+09:00 OK run-once finished
2026-06-17T02:42:52.3611742+09:00 START dispatch-run-once
2026-06-17T02:42:52.7549254+09:00 
2026-06-17T02:42:52.7549254+09:00 > orchestrator
2026-06-17T02:42:52.7549254+09:00 > tsx src/cli/orchestrator.ts run-once --limit 10
2026-06-17T02:42:52.7624097+09:00 
2026-06-17T02:42:58.6220896+09:00 {
2026-06-17T02:42:58.6326525+09:00   "ensure_daily": {
2026-06-17T02:42:58.6450566+09:00     "runs": [
2026-06-17T02:42:58.6500578+09:00       {
2026-06-17T02:42:58.6550510+09:00         "run_id": "r01",
2026-06-17T02:42:58.6550510+09:00         "action": "not_due",
2026-06-17T02:42:58.6604078+09:00         "taskId": "daily-20260617-r01",
2026-06-17T02:42:58.6670623+09:00         "reason": "jst_hour=2"
2026-06-17T02:42:58.6701427+09:00       },
2026-06-17T02:42:58.6919154+09:00       {
2026-06-17T02:42:58.6992895+09:00         "run_id": "r02",
2026-06-17T02:42:58.7022924+09:00         "action": "not_due",
2026-06-17T02:42:58.7042920+09:00         "taskId": "daily-20260617-r02",
2026-06-17T02:42:58.7063005+09:00         "reason": "jst_hour=2"
2026-06-17T02:42:58.7096025+09:00       },
2026-06-17T02:42:58.7139243+09:00       {
2026-06-17T02:42:58.7149615+09:00         "run_id": "r03",
2026-06-17T02:42:58.7149615+09:00         "action": "not_due",
2026-06-17T02:42:58.7149615+09:00         "taskId": "daily-20260617-r03",
2026-06-17T02:42:58.7211795+09:00         "reason": "jst_hour=2"
2026-06-17T02:42:58.7211795+09:00       }
2026-06-17T02:42:58.7211795+09:00     ]
2026-06-17T02:42:58.7261987+09:00   },
2026-06-17T02:42:58.7282541+09:00   "reconcile": {
2026-06-17T02:42:58.7299589+09:00     "resetProcessing": 0,
2026-06-17T02:42:58.7310308+09:00     "inserted": 1,
2026-06-17T02:42:58.7330299+09:00     "scanned": 16,
2026-06-17T02:42:58.7340349+09:00     "stale": {
2026-06-17T02:42:58.7360312+09:00       "scanned": 16,
2026-06-17T02:42:58.7386936+09:00       "staleDetected": 0,
2026-06-17T02:42:58.7386936+09:00       "rolledBack": 0,
2026-06-17T02:42:58.7386936+09:00       "skippedCap": 0,
2026-06-17T02:42:58.7433677+09:00       "dryRun": false,
2026-06-17T02:42:58.7433677+09:00       "actions": []
2026-06-17T02:42:58.7433677+09:00     }
2026-06-17T02:42:58.7487381+09:00   },
2026-06-17T02:42:58.7515425+09:00   "dispatch": {
2026-06-17T02:42:58.7536171+09:00     "claimed": 1,
2026-06-17T02:42:58.7549559+09:00     "done": 1,
2026-06-17T02:42:58.7560209+09:00     "failed": 0
2026-06-17T02:42:58.7580528+09:00   },
2026-06-17T02:42:58.7600226+09:00   "step4_poll": {
2026-06-17T02:42:58.7610190+09:00     "scanned": 16,
2026-06-17T02:42:58.7630233+09:00     "awaiting": 1,
2026-06-17T02:42:58.7633458+09:00     "polled": 0,
2026-06-17T02:42:58.7633458+09:00     "picks_applied": 0,
2026-06-17T02:42:58.7684845+09:00     "pick_errors": 0,
2026-06-17T02:42:58.7684845+09:00     "timeouts": 0,
2026-06-17T02:42:58.7720987+09:00     "skipped": 0,
2026-06-17T02:42:58.7731436+09:00     "results": [
2026-06-17T02:42:58.7751782+09:00       {
2026-06-17T02:42:58.7761453+09:00         "task_id": "daily-20260616-r03",
2026-06-17T02:42:58.7781516+09:00         "result": {
2026-06-17T02:42:58.7799468+09:00           "outcome": "no_new_messages"
2026-06-17T02:42:58.7820417+09:00         }
2026-06-17T02:42:58.7830418+09:00       }
2026-06-17T02:42:58.7850398+09:00     ]
2026-06-17T02:42:58.7865924+09:00   },
2026-06-17T02:42:58.7882801+09:00   "step7_retry_poll": {
2026-06-17T02:42:58.7903420+09:00     "scanned": 16,
2026-06-17T02:42:58.7918491+09:00     "eligible": 12,
2026-06-17T02:42:58.7928562+09:00     "polled": 0,
2026-06-17T02:42:58.7948567+09:00     "retries_triggered": 0,
2026-06-17T02:42:58.7966441+09:00     "retry_errors": 0,
2026-06-17T02:42:58.7977443+09:00     "skipped": 0,
2026-06-17T02:42:58.7977443+09:00     "results": []
2026-06-17T02:42:58.8012865+09:00   }
2026-06-17T02:42:58.8012865+09:00 }
2026-06-17T02:42:58.8012865+09:00 OK run-once finished
2026-06-17T02:47:53.2100282+09:00 START dispatch-run-once
2026-06-17T02:47:53.5951713+09:00 
2026-06-17T02:47:53.5986309+09:00 > orchestrator
2026-06-17T02:47:53.6000529+09:00 > tsx src/cli/orchestrator.ts run-once --limit 10
2026-06-17T02:47:53.6020517+09:00 
2026-06-17T02:47:59.7450787+09:00 {
2026-06-17T02:47:59.7595434+09:00   "ensure_daily": {
2026-06-17T02:47:59.7655426+09:00     "runs": [
2026-06-17T02:47:59.7788507+09:00       {
2026-06-17T02:47:59.7864536+09:00         "run_id": "r01",
2026-06-17T02:47:59.7914125+09:00         "action": "not_due",
2026-06-17T02:47:59.7957960+09:00         "taskId": "daily-20260617-r01",
2026-06-17T02:47:59.8019027+09:00         "reason": "jst_hour=2"
2026-06-17T02:47:59.8059012+09:00       },
2026-06-17T02:47:59.8287350+09:00       {
2026-06-17T02:47:59.8287350+09:00         "run_id": "r02",
2026-06-17T02:47:59.8347443+09:00         "action": "not_due",
2026-06-17T02:47:59.8367963+09:00         "taskId": "daily-20260617-r02",
2026-06-17T02:47:59.8387964+09:00         "reason": "jst_hour=2"
2026-06-17T02:47:59.8413150+09:00       },
2026-06-17T02:47:59.8443126+09:00       {
2026-06-17T02:47:59.8450500+09:00         "run_id": "r03",
2026-06-17T02:47:59.8470563+09:00         "action": "not_due",
2026-06-17T02:47:59.8484706+09:00         "taskId": "daily-20260617-r03",
2026-06-17T02:47:59.8484706+09:00         "reason": "jst_hour=2"
2026-06-17T02:47:59.8484706+09:00       }
2026-06-17T02:47:59.8530788+09:00     ]
2026-06-17T02:47:59.8530788+09:00   },
2026-06-17T02:47:59.8557405+09:00   "reconcile": {
2026-06-17T02:47:59.8582639+09:00     "resetProcessing": 0,
2026-06-17T02:47:59.8592297+09:00     "inserted": 1,
2026-06-17T02:47:59.8602633+09:00     "scanned": 16,
2026-06-17T02:47:59.8622658+09:00     "stale": {
2026-06-17T02:47:59.8642289+09:00       "scanned": 16,
2026-06-17T02:47:59.8662749+09:00       "staleDetected": 0,
2026-06-17T02:47:59.8682754+09:00       "rolledBack": 0,
2026-06-17T02:47:59.8692743+09:00       "skippedCap": 0,
2026-06-17T02:47:59.8712755+09:00       "dryRun": false,
2026-06-17T02:47:59.8722771+09:00       "actions": []
2026-06-17T02:47:59.8732740+09:00     }
2026-06-17T02:47:59.8732740+09:00   },
2026-06-17T02:47:59.8732740+09:00   "dispatch": {
2026-06-17T02:47:59.8786408+09:00     "claimed": 1,
2026-06-17T02:47:59.8786408+09:00     "done": 1,
2026-06-17T02:47:59.8822713+09:00     "failed": 0
2026-06-17T02:47:59.8833178+09:00   },
2026-06-17T02:47:59.8853179+09:00   "step4_poll": {
2026-06-17T02:47:59.8863233+09:00     "scanned": 16,
2026-06-17T02:47:59.8883245+09:00     "awaiting": 1,
2026-06-17T02:47:59.8893258+09:00     "polled": 0,
2026-06-17T02:47:59.8912619+09:00     "picks_applied": 0,
2026-06-17T02:47:59.8932608+09:00     "pick_errors": 0,
2026-06-17T02:47:59.8942576+09:00     "timeouts": 0,
2026-06-17T02:47:59.8962593+09:00     "skipped": 0,
2026-06-17T02:47:59.8972579+09:00     "results": [
2026-06-17T02:47:59.8982586+09:00       {
2026-06-17T02:47:59.8982586+09:00         "task_id": "daily-20260616-r03",
2026-06-17T02:47:59.9010155+09:00         "result": {
2026-06-17T02:47:59.9033932+09:00           "outcome": "no_new_messages"
2026-06-17T02:47:59.9033932+09:00         }
2026-06-17T02:47:59.9072027+09:00       }
2026-06-17T02:47:59.9082443+09:00     ]
2026-06-17T02:47:59.9092417+09:00   },
2026-06-17T02:47:59.9112433+09:00   "step7_retry_poll": {
2026-06-17T02:47:59.9122429+09:00     "scanned": 16,
2026-06-17T02:47:59.9142430+09:00     "eligible": 12,
2026-06-17T02:47:59.9156180+09:00     "polled": 0,
2026-06-17T02:47:59.9176196+09:00     "retries_triggered": 0,
2026-06-17T02:47:59.9186187+09:00     "retry_errors": 0,
2026-06-17T02:47:59.9196172+09:00     "skipped": 0,
2026-06-17T02:47:59.9216190+09:00     "results": []
2026-06-17T02:47:59.9226194+09:00   }
2026-06-17T02:47:59.9236202+09:00 }
2026-06-17T02:47:59.9236202+09:00 OK run-once finished
2026-06-17T02:52:52.7685989+09:00 START dispatch-run-once
2026-06-17T02:52:53.1589998+09:00 
2026-06-17T02:52:53.1610071+09:00 > orchestrator
2026-06-17T02:52:53.1610071+09:00 > tsx src/cli/orchestrator.ts run-once --limit 10
2026-06-17T02:52:53.1610071+09:00 
2026-06-17T02:52:58.5067184+09:00 {
2026-06-17T02:52:58.5173018+09:00   "ensure_daily": {
2026-06-17T02:52:58.5255515+09:00     "runs": [
2026-06-17T02:52:58.5307843+09:00       {
2026-06-17T02:52:58.5366478+09:00         "run_id": "r01",
2026-06-17T02:52:58.5396787+09:00         "action": "not_due",
2026-06-17T02:52:58.5416748+09:00         "taskId": "daily-20260617-r01",
2026-06-17T02:52:58.5442828+09:00         "reason": "jst_hour=2"
2026-06-17T02:52:58.5452888+09:00       },
2026-06-17T02:52:58.5697165+09:00       {
2026-06-17T02:52:58.5722241+09:00         "run_id": "r02",
2026-06-17T02:52:58.5748769+09:00         "action": "not_due",
2026-06-17T02:52:58.5774313+09:00         "taskId": "daily-20260617-r02",
2026-06-17T02:52:58.5794302+09:00         "reason": "jst_hour=2"
2026-06-17T02:52:58.5814313+09:00       },
2026-06-17T02:52:58.5837553+09:00       {
2026-06-17T02:52:58.5837553+09:00         "run_id": "r03",
2026-06-17T02:52:58.5887825+09:00         "action": "not_due",
2026-06-17T02:52:58.5887825+09:00         "taskId": "daily-20260617-r03",
2026-06-17T02:52:58.5887825+09:00         "reason": "jst_hour=2"
2026-06-17T02:52:58.5941044+09:00       }
2026-06-17T02:52:58.5941044+09:00     ]
2026-06-17T02:52:58.5941044+09:00   },
2026-06-17T02:52:58.5997234+09:00   "reconcile": {
2026-06-17T02:52:58.6037285+09:00     "resetProcessing": 0,
2026-06-17T02:52:58.6057259+09:00     "inserted": 1,
2026-06-17T02:52:58.6067245+09:00     "scanned": 16,
2026-06-17T02:52:58.6087231+09:00     "stale": {
2026-06-17T02:52:58.6109294+09:00       "scanned": 16,
2026-06-17T02:52:58.6129268+09:00       "staleDetected": 0,
2026-06-17T02:52:58.6149265+09:00       "rolledBack": 0,
2026-06-17T02:52:58.6180725+09:00       "skippedCap": 0,
2026-06-17T02:52:58.6190741+09:00       "dryRun": false,
2026-06-17T02:52:58.6190741+09:00       "actions": []
2026-06-17T02:52:58.6190741+09:00     }
2026-06-17T02:52:58.6245710+09:00   },
2026-06-17T02:52:58.6245710+09:00   "dispatch": {
2026-06-17T02:52:58.6245710+09:00     "claimed": 1,
2026-06-17T02:52:58.6304692+09:00     "done": 1,
2026-06-17T02:52:58.6330071+09:00     "failed": 0
2026-06-17T02:52:58.6347237+09:00   },
2026-06-17T02:52:58.6357224+09:00   "step4_poll": {
2026-06-17T02:52:58.6377211+09:00     "scanned": 16,
2026-06-17T02:52:58.6387232+09:00     "awaiting": 1,
2026-06-17T02:52:58.6407214+09:00     "polled": 0,
2026-06-17T02:52:58.6417227+09:00     "picks_applied": 0,
2026-06-17T02:52:58.6417227+09:00     "pick_errors": 0,
2026-06-17T02:52:58.6417227+09:00     "timeouts": 0,
2026-06-17T02:52:58.6469205+09:00     "skipped": 0,
2026-06-17T02:52:58.6469205+09:00     "results": [
2026-06-17T02:52:58.6469205+09:00       {
2026-06-17T02:52:58.6523955+09:00         "task_id": "daily-20260616-r03",
2026-06-17T02:52:58.6541384+09:00         "result": {
2026-06-17T02:52:58.6551346+09:00           "outcome": "no_new_messages"
2026-06-17T02:52:58.6571478+09:00         }
2026-06-17T02:52:58.6590292+09:00       }
2026-06-17T02:52:58.6610965+09:00     ]
2026-06-17T02:52:58.6630983+09:00   },
2026-06-17T02:52:58.6640975+09:00   "step7_retry_poll": {
2026-06-17T02:52:58.6660989+09:00     "scanned": 16,
2026-06-17T02:52:58.6670194+09:00     "eligible": 12,
2026-06-17T02:52:58.6688232+09:00     "polled": 0,
2026-06-17T02:52:58.6688232+09:00     "retries_triggered": 0,
2026-06-17T02:52:58.6717048+09:00     "retry_errors": 0,
2026-06-17T02:52:58.6717048+09:00     "skipped": 0,
2026-06-17T02:52:58.6717048+09:00     "results": []
2026-06-17T02:52:58.6767764+09:00   }
2026-06-17T02:52:58.6767764+09:00 }
2026-06-17T02:52:58.6767764+09:00 OK run-once finished
2026-06-17T02:57:50.9826903+09:00 START dispatch-run-once
2026-06-17T02:57:51.3710934+09:00 
2026-06-17T02:57:51.3726956+09:00 > orchestrator
2026-06-17T02:57:51.3749595+09:00 > tsx src/cli/orchestrator.ts run-once --limit 10
2026-06-17T02:57:51.3765858+09:00 
2026-06-17T02:57:57.1627367+09:00 {
2026-06-17T02:57:57.1755894+09:00   "ensure_daily": {
2026-06-17T02:57:57.1853156+09:00     "runs": [
2026-06-17T02:57:57.1944475+09:00       {
2026-06-17T02:57:57.2037742+09:00         "run_id": "r01",
2026-06-17T02:57:57.2107407+09:00         "action": "not_due",
2026-06-17T02:57:57.2195113+09:00         "taskId": "daily-20260617-r01",
2026-06-17T02:57:57.2195113+09:00         "reason": "jst_hour=2"
2026-06-17T02:57:57.2277701+09:00       },
2026-06-17T02:57:57.2507876+09:00       {
2026-06-17T02:57:57.2507876+09:00         "run_id": "r02",
2026-06-17T02:57:57.2507876+09:00         "action": "not_due",
2026-06-17T02:57:57.2578247+09:00         "taskId": "daily-20260617-r02",
2026-06-17T02:57:57.2605449+09:00         "reason": "jst_hour=2"
2026-06-17T02:57:57.2626233+09:00       },
2026-06-17T02:57:57.2646238+09:00       {
2026-06-17T02:57:57.2656219+09:00         "run_id": "r03",
2026-06-17T02:57:57.2666549+09:00         "action": "not_due",
2026-06-17T02:57:57.2686550+09:00         "taskId": "daily-20260617-r03",
2026-06-17T02:57:57.2686550+09:00         "reason": "jst_hour=2"
2026-06-17T02:57:57.2686550+09:00       }
2026-06-17T02:57:57.2686550+09:00     ]
2026-06-17T02:57:57.2741483+09:00   },
2026-06-17T02:57:57.2741483+09:00   "reconcile": {
2026-06-17T02:57:57.2741483+09:00     "resetProcessing": 0,
2026-06-17T02:57:57.2793208+09:00     "inserted": 1,
2026-06-17T02:57:57.2793208+09:00     "scanned": 16,
2026-06-17T02:57:57.2793208+09:00     "stale": {
2026-06-17T02:57:57.2793208+09:00       "scanned": 16,
2026-06-17T02:57:57.2861913+09:00       "staleDetected": 0,
2026-06-17T02:57:57.2881906+09:00       "rolledBack": 0,
2026-06-17T02:57:57.2901903+09:00       "skippedCap": 0,
2026-06-17T02:57:57.2911900+09:00       "dryRun": false,
2026-06-17T02:57:57.2931898+09:00       "actions": []
2026-06-17T02:57:57.2946961+09:00     }
2026-06-17T02:57:57.2958779+09:00   },
2026-06-17T02:57:57.2978771+09:00   "dispatch": {
2026-06-17T02:57:57.2988788+09:00     "claimed": 1,
2026-06-17T02:57:57.3008788+09:00     "done": 1,
2026-06-17T02:57:57.3022164+09:00     "failed": 0
2026-06-17T02:57:57.3032425+09:00   },
2026-06-17T02:57:57.3032425+09:00   "step4_poll": {
2026-06-17T02:57:57.3032425+09:00     "scanned": 16,
2026-06-17T02:57:57.3083287+09:00     "awaiting": 1,
2026-06-17T02:57:57.3083287+09:00     "polled": 0,
2026-06-17T02:57:57.3083287+09:00     "picks_applied": 0,
2026-06-17T02:57:57.3083287+09:00     "pick_errors": 0,
2026-06-17T02:57:57.3146351+09:00     "timeouts": 0,
2026-06-17T02:57:57.3156798+09:00     "skipped": 0,
2026-06-17T02:57:57.3176790+09:00     "results": [
2026-06-17T02:57:57.3186787+09:00       {
2026-06-17T02:57:57.3202713+09:00         "task_id": "daily-20260616-r03",
2026-06-17T02:57:57.3212715+09:00         "result": {
2026-06-17T02:57:57.3232718+09:00           "outcome": "no_new_messages"
2026-06-17T02:57:57.3242710+09:00         }
2026-06-17T02:57:57.3252717+09:00       }
2026-06-17T02:57:57.3272033+09:00     ]
2026-06-17T02:57:57.3272033+09:00   },
2026-06-17T02:57:57.3272033+09:00   "step7_retry_poll": {
2026-06-17T02:57:57.3316700+09:00     "scanned": 16,
2026-06-17T02:57:57.3316700+09:00     "eligible": 12,
2026-06-17T02:57:57.3316700+09:00     "polled": 0,
2026-06-17T02:57:57.3316700+09:00     "retries_triggered": 0,
2026-06-17T02:57:57.3366838+09:00     "retry_errors": 0,
2026-06-17T02:57:57.3366838+09:00     "skipped": 0,
2026-06-17T02:57:57.3366838+09:00     "results": []
2026-06-17T02:57:57.3366838+09:00   }
2026-06-17T02:57:57.3437277+09:00 }
2026-06-17T02:57:57.3460267+09:00 OK run-once finished
2026-06-17T03:03:00.4956862+09:00 START dispatch-run-once
2026-06-17T03:03:00.8986804+09:00 
2026-06-17T03:03:00.9006778+09:00 > orchestrator
2026-06-17T03:03:00.9026752+09:00 > tsx src/cli/orchestrator.ts run-once --limit 10
2026-06-17T03:03:00.9040252+09:00 
2026-06-17T03:03:07.6459129+09:00 {
2026-06-17T03:03:07.6553716+09:00   "ensure_daily": {
2026-06-17T03:03:07.6645892+09:00     "runs": [
2026-06-17T03:03:07.6725268+09:00       {
2026-06-17T03:03:07.6818886+09:00         "run_id": "r01",
2026-06-17T03:03:07.6887073+09:00         "action": "not_due",
2026-06-17T03:03:07.6942828+09:00         "taskId": "daily-20260617-r01",
2026-06-17T03:03:07.6962598+09:00         "reason": "jst_hour=3"
2026-06-17T03:03:07.7003535+09:00       },
2026-06-17T03:03:07.7203201+09:00       {
2026-06-17T03:03:07.7203201+09:00         "run_id": "r02",
2026-06-17T03:03:07.7253344+09:00         "action": "not_due",
2026-06-17T03:03:07.7253344+09:00         "taskId": "daily-20260617-r02",
2026-06-17T03:03:07.7303508+09:00         "reason": "jst_hour=3"
2026-06-17T03:03:07.7313477+09:00       },
2026-06-17T03:03:07.7333484+09:00       {
2026-06-17T03:03:07.7353483+09:00         "run_id": "r03",
2026-06-17T03:03:07.7371584+09:00         "action": "not_due",
2026-06-17T03:03:07.7392891+09:00         "taskId": "daily-20260617-r03",
2026-06-17T03:03:07.7413298+09:00         "reason": "jst_hour=3"
2026-06-17T03:03:07.7428874+09:00       }
2026-06-17T03:03:07.7449168+09:00     ]
2026-06-17T03:03:07.7465309+09:00   },
2026-06-17T03:03:07.7475301+09:00   "reconcile": {
2026-06-17T03:03:07.7485315+09:00     "resetProcessing": 0,
2026-06-17T03:03:07.7505299+09:00     "inserted": 1,
2026-06-17T03:03:07.7515323+09:00     "scanned": 16,
2026-06-17T03:03:07.7538690+09:00     "stale": {
2026-06-17T03:03:07.7538690+09:00       "scanned": 16,
2026-06-17T03:03:07.7538690+09:00       "staleDetected": 0,
2026-06-17T03:03:07.7586340+09:00       "rolledBack": 0,
2026-06-17T03:03:07.7586340+09:00       "skippedCap": 0,
2026-06-17T03:03:07.7586340+09:00       "dryRun": false,
2026-06-17T03:03:07.7646065+09:00       "actions": []
2026-06-17T03:03:07.7663923+09:00     }
2026-06-17T03:03:07.7674321+09:00   },
2026-06-17T03:03:07.7694312+09:00   "dispatch": {
2026-06-17T03:03:07.7703985+09:00     "claimed": 1,
2026-06-17T03:03:07.7725582+09:00     "done": 1,
2026-06-17T03:03:07.7735584+09:00     "failed": 0
2026-06-17T03:03:07.7745913+09:00   },
2026-06-17T03:03:07.7765579+09:00   "step4_poll": {
2026-06-17T03:03:07.7775644+09:00     "scanned": 16,
2026-06-17T03:03:07.7793536+09:00     "awaiting": 1,
2026-06-17T03:03:07.7793536+09:00     "polled": 0,
2026-06-17T03:03:07.7793536+09:00     "picks_applied": 0,
2026-06-17T03:03:07.7836378+09:00     "pick_errors": 0,
2026-06-17T03:03:07.7836378+09:00     "timeouts": 0,
2026-06-17T03:03:07.7836378+09:00     "skipped": 0,
2026-06-17T03:03:07.7836378+09:00     "results": [
2026-06-17T03:03:07.7891065+09:00       {
2026-06-17T03:03:07.7891065+09:00         "task_id": "daily-20260616-r03",
2026-06-17T03:03:07.7891065+09:00         "result": {
2026-06-17T03:03:07.7933203+09:00           "outcome": "no_new_messages"
2026-06-17T03:03:07.7953762+09:00         }
2026-06-17T03:03:07.7965323+09:00       }
2026-06-17T03:03:07.7975331+09:00     ]
2026-06-17T03:03:07.7995333+09:00   },
2026-06-17T03:03:07.8005321+09:00   "step7_retry_poll": {
2026-06-17T03:03:07.8025337+09:00     "scanned": 16,
2026-06-17T03:03:07.8035329+09:00     "eligible": 12,
2026-06-17T03:03:07.8035329+09:00     "polled": 0,
2026-06-17T03:03:07.8035329+09:00     "retries_triggered": 0,
2026-06-17T03:03:07.8035329+09:00     "retry_errors": 0,
2026-06-17T03:03:07.8089315+09:00     "skipped": 0,
2026-06-17T03:03:07.8089315+09:00     "results": []
2026-06-17T03:03:07.8089315+09:00   }
2026-06-17T03:03:07.8141342+09:00 }
2026-06-17T03:03:07.8141342+09:00 OK run-once finished
2026-06-17T03:07:52.7050028+09:00 START dispatch-run-once
2026-06-17T03:07:53.0880963+09:00 
2026-06-17T03:07:53.0880963+09:00 > orchestrator
2026-06-17T03:07:53.0943363+09:00 > tsx src/cli/orchestrator.ts run-once --limit 10
2026-06-17T03:07:53.0963985+09:00 
2026-06-17T03:07:59.0165905+09:00 {
2026-06-17T03:07:59.0195887+09:00   "ensure_daily": {
2026-06-17T03:07:59.0222846+09:00     "runs": [
2026-06-17T03:07:59.0257475+09:00       {
2026-06-17T03:07:59.0277815+09:00         "run_id": "r01",
2026-06-17T03:07:59.0297448+09:00         "action": "not_due",
2026-06-17T03:07:59.0307482+09:00         "taskId": "daily-20260617-r01",
2026-06-17T03:07:59.0357566+09:00         "reason": "jst_hour=3"
2026-06-17T03:07:59.0357566+09:00       },
2026-06-17T03:07:59.0589813+09:00       {
2026-06-17T03:07:59.0610254+09:00         "run_id": "r02",
2026-06-17T03:07:59.0630041+09:00         "action": "not_due",
2026-06-17T03:07:59.0657235+09:00         "taskId": "daily-20260617-r02",
2026-06-17T03:07:59.0657235+09:00         "reason": "jst_hour=3"
2026-06-17T03:07:59.0707517+09:00       },
2026-06-17T03:07:59.0735610+09:00       {
2026-06-17T03:07:59.0765592+09:00         "run_id": "r03",
2026-06-17T03:07:59.0785598+09:00         "action": "not_due",
2026-06-17T03:07:59.0809342+09:00         "taskId": "daily-20260617-r03",
2026-06-17T03:07:59.0809342+09:00         "reason": "jst_hour=3"
2026-06-17T03:07:59.0855924+09:00       }
2026-06-17T03:07:59.0855924+09:00     ]
2026-06-17T03:07:59.0855924+09:00   },
2026-06-17T03:07:59.0917775+09:00   "reconcile": {
2026-06-17T03:07:59.0938279+09:00     "resetProcessing": 0,
2026-06-17T03:07:59.0958259+09:00     "inserted": 1,
2026-06-17T03:07:59.0975621+09:00     "scanned": 16,
2026-06-17T03:07:59.0996289+09:00     "stale": {
2026-06-17T03:07:59.1016301+09:00       "scanned": 16,
2026-06-17T03:07:59.1036309+09:00       "staleDetected": 0,
2026-06-17T03:07:59.1046290+09:00       "rolledBack": 0,
2026-06-17T03:07:59.1078971+09:00       "skippedCap": 0,
2026-06-17T03:07:59.1108957+09:00       "dryRun": false,
2026-06-17T03:07:59.1108957+09:00       "actions": []
2026-06-17T03:07:59.1108957+09:00     }
2026-06-17T03:07:59.1167915+09:00   },
2026-06-17T03:07:59.1167915+09:00   "dispatch": {
2026-06-17T03:07:59.1167915+09:00     "claimed": 1,
2026-06-17T03:07:59.1230776+09:00     "done": 1,
2026-06-17T03:07:59.1240784+09:00     "failed": 0
2026-06-17T03:07:59.1260767+09:00   },
2026-06-17T03:07:59.1270774+09:00   "step4_poll": {
2026-06-17T03:07:59.1290766+09:00     "scanned": 16,
2026-06-17T03:07:59.1300791+09:00     "awaiting": 1,
2026-06-17T03:07:59.1320770+09:00     "polled": 0,
2026-06-17T03:07:59.1332542+09:00     "picks_applied": 0,
2026-06-17T03:07:59.1352539+09:00     "pick_errors": 0,
2026-06-17T03:07:59.1362547+09:00     "timeouts": 0,
2026-06-17T03:07:59.1382566+09:00     "skipped": 0,
2026-06-17T03:07:59.1402293+09:00     "results": [
2026-06-17T03:07:59.1412293+09:00       {
2026-06-17T03:07:59.1412293+09:00         "task_id": "daily-20260616-r03",
2026-06-17T03:07:59.1412293+09:00         "result": {
2026-06-17T03:07:59.1412293+09:00           "outcome": "no_new_messages"
2026-06-17T03:07:59.1464394+09:00         }
2026-06-17T03:07:59.1464394+09:00       }
2026-06-17T03:07:59.1464394+09:00     ]
2026-06-17T03:07:59.1522331+09:00   },
2026-06-17T03:07:59.1536744+09:00   "step7_retry_poll": {
2026-06-17T03:07:59.1556765+09:00     "scanned": 16,
2026-06-17T03:07:59.1568944+09:00     "eligible": 12,
2026-06-17T03:07:59.1588933+09:00     "polled": 0,
2026-06-17T03:07:59.1604046+09:00     "retries_triggered": 0,
2026-06-17T03:07:59.1614040+09:00     "retry_errors": 0,
2026-06-17T03:07:59.1624042+09:00     "skipped": 0,
2026-06-17T03:07:59.1641795+09:00     "results": []
2026-06-17T03:07:59.1641795+09:00   }
2026-06-17T03:07:59.1641795+09:00 }
2026-06-17T03:07:59.1686353+09:00 OK run-once finished
2026-06-17T03:12:51.4911415+09:00 START dispatch-run-once
2026-06-17T03:12:51.9063212+09:00 
2026-06-17T03:12:51.9083212+09:00 > orchestrator
2026-06-17T03:12:51.9093220+09:00 > tsx src/cli/orchestrator.ts run-once --limit 10
2026-06-17T03:12:51.9115774+09:00 
2026-06-17T03:12:58.6725656+09:00 {
2026-06-17T03:12:58.6832587+09:00   "ensure_daily": {
2026-06-17T03:12:58.6926261+09:00     "runs": [
2026-06-17T03:12:58.7001434+09:00       {
2026-06-17T03:12:58.7043851+09:00         "run_id": "r01",
2026-06-17T03:12:58.7094935+09:00         "action": "not_due",
2026-06-17T03:12:58.7113825+09:00         "taskId": "daily-20260617-r01",
2026-06-17T03:12:58.7133839+09:00         "reason": "jst_hour=3"
2026-06-17T03:12:58.7160622+09:00       },
2026-06-17T03:12:58.7387427+09:00       {
2026-06-17T03:12:58.7410700+09:00         "run_id": "r02",
2026-06-17T03:12:58.7431422+09:00         "action": "not_due",
2026-06-17T03:12:58.7451435+09:00         "taskId": "daily-20260617-r02",
2026-06-17T03:12:58.7471451+09:00         "reason": "jst_hour=3"
2026-06-17T03:12:58.7491412+09:00       },
2026-06-17T03:12:58.7491412+09:00       {
2026-06-17T03:12:58.7542213+09:00         "run_id": "r03",
2026-06-17T03:12:58.7562266+09:00         "action": "not_due",
2026-06-17T03:12:58.7592372+09:00         "taskId": "daily-20260617-r03",
2026-06-17T03:12:58.7616788+09:00         "reason": "jst_hour=3"
2026-06-17T03:12:58.7642941+09:00       }
2026-06-17T03:12:58.7666782+09:00     ]
2026-06-17T03:12:58.7687689+09:00   },
2026-06-17T03:12:58.7697660+09:00   "reconcile": {
2026-06-17T03:12:58.7717662+09:00     "resetProcessing": 0,
2026-06-17T03:12:58.7737664+09:00     "inserted": 1,
2026-06-17T03:12:58.7747619+09:00     "scanned": 16,
2026-06-17T03:12:58.7787742+09:00     "stale": {
2026-06-17T03:12:58.7807810+09:00       "scanned": 16,
2026-06-17T03:12:58.7827703+09:00       "staleDetected": 0,
2026-06-17T03:12:58.7843597+09:00       "rolledBack": 0,
2026-06-17T03:12:58.7863580+09:00       "skippedCap": 0,
2026-06-17T03:12:58.7883583+09:00       "dryRun": false,
2026-06-17T03:12:58.7910428+09:00       "actions": []
2026-06-17T03:12:58.7931138+09:00     }
2026-06-17T03:12:58.7951122+09:00   },
2026-06-17T03:12:58.7961123+09:00   "dispatch": {
2026-06-17T03:12:58.7981741+09:00     "claimed": 1,
2026-06-17T03:12:58.7997388+09:00     "done": 1,
2026-06-17T03:12:58.7997388+09:00     "failed": 0
2026-06-17T03:12:58.7997388+09:00   },
2026-06-17T03:12:58.8042284+09:00   "step4_poll": {
2026-06-17T03:12:58.8042284+09:00     "scanned": 16,
2026-06-17T03:12:58.8082515+09:00     "awaiting": 1,
2026-06-17T03:12:58.8103025+09:00     "polled": 0,
2026-06-17T03:12:58.8123042+09:00     "picks_applied": 0,
2026-06-17T03:12:58.8133014+09:00     "pick_errors": 0,
2026-06-17T03:12:58.8153032+09:00     "timeouts": 0,
2026-06-17T03:12:58.8174863+09:00     "skipped": 0,
2026-06-17T03:12:58.8194860+09:00     "results": [
2026-06-17T03:12:58.8214867+09:00       {
2026-06-17T03:12:58.8234858+09:00         "task_id": "daily-20260616-r03",
2026-06-17T03:12:58.8244149+09:00         "result": {
2026-06-17T03:12:58.8244149+09:00           "outcome": "no_new_messages"
2026-06-17T03:12:58.8244149+09:00         }
2026-06-17T03:12:58.8288133+09:00       }
2026-06-17T03:12:58.8288133+09:00     ]
2026-06-17T03:12:58.8288133+09:00   },
2026-06-17T03:12:58.8350808+09:00   "step7_retry_poll": {
2026-06-17T03:12:58.8361340+09:00     "scanned": 16,
2026-06-17T03:12:58.8381311+09:00     "eligible": 12,
2026-06-17T03:12:58.8401331+09:00     "polled": 0,
2026-06-17T03:12:58.8410846+09:00     "retries_triggered": 0,
2026-06-17T03:12:58.8431578+09:00     "retry_errors": 0,
2026-06-17T03:12:58.8441565+09:00     "skipped": 0,
2026-06-17T03:12:58.8461608+09:00     "results": []
2026-06-17T03:12:58.8471573+09:00   }
2026-06-17T03:12:58.8491560+09:00 }
2026-06-17T03:12:58.8491560+09:00 OK run-once finished
2026-06-17T03:17:52.0066366+09:00 START dispatch-run-once
2026-06-17T03:17:52.4024060+09:00 
2026-06-17T03:17:52.4044062+09:00 > orchestrator
2026-06-17T03:17:52.4064060+09:00 > tsx src/cli/orchestrator.ts run-once --limit 10
2026-06-17T03:17:52.4084057+09:00 
2026-06-17T03:17:58.1881053+09:00 {
2026-06-17T03:17:58.1910654+09:00   "ensure_daily": {
2026-06-17T03:17:58.1940657+09:00     "runs": [
2026-06-17T03:17:58.1962712+09:00       {
2026-06-17T03:17:58.1982724+09:00         "run_id": "r01",
2026-06-17T03:17:58.2012755+09:00         "action": "not_due",
2026-06-17T03:17:58.2033090+09:00         "taskId": "daily-20260617-r01",
2026-06-17T03:17:58.2033090+09:00         "reason": "jst_hour=3"
2026-06-17T03:17:58.2033090+09:00       },
2026-06-17T03:17:58.2259752+09:00       {
2026-06-17T03:17:58.2259752+09:00         "run_id": "r02",
2026-06-17T03:17:58.2259752+09:00         "action": "not_due",
2026-06-17T03:17:58.2310577+09:00         "taskId": "daily-20260617-r02",
2026-06-17T03:17:58.2310577+09:00         "reason": "jst_hour=3"
2026-06-17T03:17:58.2362409+09:00       },
2026-06-17T03:17:58.2362409+09:00       {
2026-06-17T03:17:58.2362409+09:00         "run_id": "r03",
2026-06-17T03:17:58.2415667+09:00         "action": "not_due",
2026-06-17T03:17:58.2435212+09:00         "taskId": "daily-20260617-r03",
2026-06-17T03:17:58.2455271+09:00         "reason": "jst_hour=3"
2026-06-17T03:17:58.2465272+09:00       }
2026-06-17T03:17:58.2475279+09:00     ]
2026-06-17T03:17:58.2495260+09:00   },
2026-06-17T03:17:58.2505277+09:00   "reconcile": {
2026-06-17T03:17:58.2525269+09:00     "resetProcessing": 0,
2026-06-17T03:17:58.2542454+09:00     "inserted": 1,
2026-06-17T03:17:58.2552429+09:00     "scanned": 16,
2026-06-17T03:17:58.2562423+09:00     "stale": {
2026-06-17T03:17:58.2582465+09:00       "scanned": 16,
2026-06-17T03:17:58.2595773+09:00       "staleDetected": 0,
2026-06-17T03:17:58.2616002+09:00       "rolledBack": 0,
2026-06-17T03:17:58.2616002+09:00       "skippedCap": 0,
2026-06-17T03:17:58.2616002+09:00       "dryRun": false,
2026-06-17T03:17:58.2616002+09:00       "actions": []
2026-06-17T03:17:58.2670631+09:00     }
2026-06-17T03:17:58.2670631+09:00   },
2026-06-17T03:17:58.2670631+09:00   "dispatch": {
2026-06-17T03:17:58.2731559+09:00     "claimed": 1,
2026-06-17T03:17:58.2752218+09:00     "done": 1,
2026-06-17T03:17:58.2762213+09:00     "failed": 0
2026-06-17T03:17:58.2783107+09:00   },
2026-06-17T03:17:58.2793148+09:00   "step4_poll": {
2026-06-17T03:17:58.2813106+09:00     "scanned": 16,
2026-06-17T03:17:58.2823136+09:00     "awaiting": 1,
2026-06-17T03:17:58.2843099+09:00     "polled": 0,
2026-06-17T03:17:58.2843099+09:00     "picks_applied": 0,
2026-06-17T03:17:58.2843099+09:00     "pick_errors": 0,
2026-06-17T03:17:58.2894484+09:00     "timeouts": 0,
2026-06-17T03:17:58.2894484+09:00     "skipped": 0,
2026-06-17T03:17:58.2894484+09:00     "results": [
2026-06-17T03:17:58.2894484+09:00       {
2026-06-17T03:17:58.2945511+09:00         "task_id": "daily-20260616-r03",
2026-06-17T03:17:58.2945511+09:00         "result": {
2026-06-17T03:17:58.2945511+09:00           "outcome": "no_new_messages"
2026-06-17T03:17:58.2945511+09:00         }
2026-06-17T03:17:58.3005570+09:00       }
2026-06-17T03:17:58.3019540+09:00     ]
2026-06-17T03:17:58.3039529+09:00   },
2026-06-17T03:17:58.3049524+09:00   "step7_retry_poll": {
2026-06-17T03:17:58.3059506+09:00     "scanned": 16,
2026-06-17T03:17:58.3079527+09:00     "eligible": 12,
2026-06-17T03:17:58.3089526+09:00     "polled": 0,
2026-06-17T03:17:58.3099520+09:00     "retries_triggered": 0,
2026-06-17T03:17:58.3110151+09:00     "retry_errors": 0,
2026-06-17T03:17:58.3132091+09:00     "skipped": 0,
2026-06-17T03:17:58.3142092+09:00     "results": []
2026-06-17T03:17:58.3162097+09:00   }
2026-06-17T03:17:58.3178963+09:00 }
2026-06-17T03:17:58.3199202+09:00 OK run-once finished
2026-06-17T03:22:52.5174940+09:00 START dispatch-run-once
2026-06-17T03:22:52.9052787+09:00 
2026-06-17T03:22:52.9082823+09:00 > orchestrator
2026-06-17T03:22:52.9102826+09:00 > tsx src/cli/orchestrator.ts run-once --limit 10
2026-06-17T03:22:52.9113123+09:00 
2026-06-17T03:22:58.9448217+09:00 {
2026-06-17T03:22:58.9547236+09:00   "ensure_daily": {
2026-06-17T03:22:58.9616791+09:00     "runs": [
2026-06-17T03:22:58.9701913+09:00       {
2026-06-17T03:22:58.9798016+09:00         "run_id": "r01",
2026-06-17T03:22:58.9867449+09:00         "action": "not_due",
2026-06-17T03:22:58.9939056+09:00         "taskId": "daily-20260617-r01",
2026-06-17T03:22:58.9987329+09:00         "reason": "jst_hour=3"
2026-06-17T03:22:59.0197792+09:00       },
2026-06-17T03:22:59.0197792+09:00       {
2026-06-17T03:22:59.0242629+09:00         "run_id": "r02",
2026-06-17T03:22:59.0242629+09:00         "action": "not_due",
2026-06-17T03:22:59.0242629+09:00         "taskId": "daily-20260617-r02",
2026-06-17T03:22:59.0318369+09:00         "reason": "jst_hour=3"
2026-06-17T03:22:59.0339310+09:00       },
2026-06-17T03:22:59.0364044+09:00       {
2026-06-17T03:22:59.0384837+09:00         "run_id": "r03",
2026-06-17T03:22:59.0404853+09:00         "action": "not_due",
2026-06-17T03:22:59.0424866+09:00         "taskId": "daily-20260617-r03",
2026-06-17T03:22:59.0444881+09:00         "reason": "jst_hour=3"
2026-06-17T03:22:59.0467537+09:00       }
2026-06-17T03:22:59.0495055+09:00     ]
2026-06-17T03:22:59.0495055+09:00   },
2026-06-17T03:22:59.0495055+09:00   "reconcile": {
2026-06-17T03:22:59.0546688+09:00     "resetProcessing": 0,
2026-06-17T03:22:59.0546688+09:00     "inserted": 1,
2026-06-17T03:22:59.0546688+09:00     "scanned": 16,
2026-06-17T03:22:59.0613682+09:00     "stale": {
2026-06-17T03:22:59.0634298+09:00       "scanned": 16,
2026-06-17T03:22:59.0654280+09:00       "staleDetected": 0,
2026-06-17T03:22:59.0674282+09:00       "rolledBack": 0,
2026-06-17T03:22:59.0694292+09:00       "skippedCap": 0,
2026-06-17T03:22:59.0694292+09:00       "dryRun": false,
2026-06-17T03:22:59.0694292+09:00       "actions": []
2026-06-17T03:22:59.0694292+09:00     }
2026-06-17T03:22:59.0748688+09:00   },
2026-06-17T03:22:59.0748688+09:00   "dispatch": {
2026-06-17T03:22:59.0800980+09:00     "claimed": 1,
2026-06-17T03:22:59.0800980+09:00     "done": 1,
2026-06-17T03:22:59.0800980+09:00     "failed": 0
2026-06-17T03:22:59.0854977+09:00   },
2026-06-17T03:22:59.0854977+09:00   "step4_poll": {
2026-06-17T03:22:59.0854977+09:00     "scanned": 16,
2026-06-17T03:22:59.0914649+09:00     "awaiting": 1,
2026-06-17T03:22:59.0935239+09:00     "polled": 0,
2026-06-17T03:22:59.0948869+09:00     "picks_applied": 0,
2026-06-17T03:22:59.0968895+09:00     "pick_errors": 0,
2026-06-17T03:22:59.0978919+09:00     "timeouts": 0,
2026-06-17T03:22:59.0998896+09:00     "skipped": 0,
2026-06-17T03:22:59.1008899+09:00     "results": [
2026-06-17T03:22:59.1028996+09:00       {
2026-06-17T03:22:59.1028996+09:00         "task_id": "daily-20260616-r03",
2026-06-17T03:22:59.1028996+09:00         "result": {
2026-06-17T03:22:59.1081512+09:00           "outcome": "no_new_messages"
2026-06-17T03:22:59.1081512+09:00         }
2026-06-17T03:22:59.1081512+09:00       }
2026-06-17T03:22:59.1131598+09:00     ]
2026-06-17T03:22:59.1131598+09:00   },
2026-06-17T03:22:59.1165546+09:00   "step7_retry_poll": {
2026-06-17T03:22:59.1183695+09:00     "scanned": 16,
2026-06-17T03:22:59.1197115+09:00     "eligible": 12,
2026-06-17T03:22:59.1217801+09:00     "polled": 0,
2026-06-17T03:22:59.1237811+09:00     "retries_triggered": 0,
2026-06-17T03:22:59.1247777+09:00     "retry_errors": 0,
2026-06-17T03:22:59.1267809+09:00     "skipped": 0,
2026-06-17T03:22:59.1277805+09:00     "results": []
2026-06-17T03:22:59.1277805+09:00   }
2026-06-17T03:22:59.1277805+09:00 }
2026-06-17T03:22:59.1332427+09:00 OK run-once finished
2026-06-17T03:27:51.6051656+09:00 START dispatch-run-once
2026-06-17T03:27:51.9922854+09:00 
2026-06-17T03:27:51.9942896+09:00 > orchestrator
2026-06-17T03:27:51.9967219+09:00 > tsx src/cli/orchestrator.ts run-once --limit 10
2026-06-17T03:27:51.9987851+09:00 
2026-06-17T03:27:58.0231262+09:00 {
2026-06-17T03:27:58.0304256+09:00   "ensure_daily": {
2026-06-17T03:27:58.0353535+09:00     "runs": [
2026-06-17T03:27:58.0407479+09:00       {
2026-06-17T03:27:58.0407479+09:00         "run_id": "r01",
2026-06-17T03:27:58.0481505+09:00         "action": "not_due",
2026-06-17T03:27:58.0501572+09:00         "taskId": "daily-20260617-r01",
2026-06-17T03:27:58.0511621+09:00         "reason": "jst_hour=3"
2026-06-17T03:27:58.0531693+09:00       },
2026-06-17T03:27:58.0747787+09:00       {
2026-06-17T03:27:58.0778322+09:00         "run_id": "r02",
2026-06-17T03:27:58.0798292+09:00         "action": "not_due",
2026-06-17T03:27:58.0819979+09:00         "taskId": "daily-20260617-r02",
2026-06-17T03:27:58.0839983+09:00         "reason": "jst_hour=3"
2026-06-17T03:27:58.0860116+09:00       },
2026-06-17T03:27:58.0882737+09:00       {
2026-06-17T03:27:58.0882737+09:00         "run_id": "r03",
2026-06-17T03:27:58.0922269+09:00         "action": "not_due",
2026-06-17T03:27:58.0922269+09:00         "taskId": "daily-20260617-r03",
2026-06-17T03:27:58.0970564+09:00         "reason": "jst_hour=3"
2026-06-17T03:27:58.0991505+09:00       }
2026-06-17T03:27:58.1001504+09:00     ]
2026-06-17T03:27:58.1011498+09:00   },
2026-06-17T03:27:58.1031509+09:00   "reconcile": {
2026-06-17T03:27:58.1041510+09:00     "resetProcessing": 0,
2026-06-17T03:27:58.1051500+09:00     "inserted": 1,
2026-06-17T03:27:58.1073044+09:00     "scanned": 16,
2026-06-17T03:27:58.1093084+09:00     "stale": {
2026-06-17T03:27:58.1108929+09:00       "scanned": 16,
2026-06-17T03:27:58.1132517+09:00       "staleDetected": 0,
2026-06-17T03:27:58.1143109+09:00       "rolledBack": 0,
2026-06-17T03:27:58.1163125+09:00       "skippedCap": 0,
2026-06-17T03:27:58.1173126+09:00       "dryRun": false,
2026-06-17T03:27:58.1193122+09:00       "actions": []
2026-06-17T03:27:58.1203128+09:00     }
2026-06-17T03:27:58.1216232+09:00   },
2026-06-17T03:27:58.1216232+09:00   "dispatch": {
2026-06-17T03:27:58.1247741+09:00     "claimed": 1,
2026-06-17T03:27:58.1265239+09:00     "done": 1,
2026-06-17T03:27:58.1265239+09:00     "failed": 0
2026-06-17T03:27:58.1265239+09:00   },
2026-06-17T03:27:58.1265239+09:00   "step4_poll": {
2026-06-17T03:27:58.1317546+09:00     "scanned": 16,
2026-06-17T03:27:58.1317546+09:00     "awaiting": 1,
2026-06-17T03:27:58.1317546+09:00     "polled": 0,
2026-06-17T03:27:58.1317546+09:00     "picks_applied": 0,
2026-06-17T03:27:58.1381414+09:00     "pick_errors": 0,
2026-06-17T03:27:58.1401796+09:00     "timeouts": 0,
2026-06-17T03:27:58.1421812+09:00     "skipped": 0,
2026-06-17T03:27:58.1431794+09:00     "results": [
2026-06-17T03:27:58.1441798+09:00       {
2026-06-17T03:27:58.1461817+09:00         "task_id": "daily-20260616-r03",
2026-06-17T03:27:58.1471814+09:00         "result": {
2026-06-17T03:27:58.1482146+09:00           "outcome": "no_new_messages"
2026-06-17T03:27:58.1503934+09:00         }
2026-06-17T03:27:58.1513960+09:00       }
2026-06-17T03:27:58.1533948+09:00     ]
2026-06-17T03:27:58.1549032+09:00   },
2026-06-17T03:27:58.1571063+09:00   "step7_retry_poll": {
2026-06-17T03:27:58.1582161+09:00     "scanned": 16,
2026-06-17T03:27:58.1592173+09:00     "eligible": 12,
2026-06-17T03:27:58.1612161+09:00     "polled": 0,
2026-06-17T03:27:58.1622150+09:00     "retries_triggered": 0,
2026-06-17T03:27:58.1632163+09:00     "retry_errors": 0,
2026-06-17T03:27:58.1632163+09:00     "skipped": 0,
2026-06-17T03:27:58.1632163+09:00     "results": []
2026-06-17T03:27:58.1632163+09:00   }
2026-06-17T03:27:58.1685975+09:00 }
2026-06-17T03:27:58.1685975+09:00 OK run-once finished
2026-06-17T03:32:51.3751780+09:00 START dispatch-run-once
2026-06-17T03:32:51.7843636+09:00 
2026-06-17T03:32:51.7873633+09:00 > orchestrator
2026-06-17T03:32:51.7893642+09:00 > tsx src/cli/orchestrator.ts run-once --limit 10
2026-06-17T03:32:51.7902592+09:00 
2026-06-17T03:33:06.5669305+09:00 SyntaxError: Unexpected end of JSON input
2026-06-17T03:33:06.5770172+09:00     at JSON.parse (<anonymous>)
2026-06-17T03:33:06.5820399+09:00     at parseJSONFromBytes (node:internal/deps/undici/undici:6433:19)
2026-06-17T03:33:06.5918851+09:00     at successSteps (node:internal/deps/undici/undici:6414:27)
2026-06-17T03:33:06.5969013+09:00     at readAllBytes (node:internal/deps/undici/undici:5380:13)
2026-06-17T03:33:06.6027590+09:00     at process.processTicksAndRejections (node:internal/process/task_queues:105:5)
2026-06-17T03:33:06.6368954+09:00 FAIL run-once exit=1
2026-06-17T03:37:52.6612656+09:00 START dispatch-run-once
2026-06-17T03:37:53.0508053+09:00 
2026-06-17T03:37:53.0528506+09:00 > orchestrator
2026-06-17T03:37:53.0548583+09:00 > tsx src/cli/orchestrator.ts run-once --limit 10
2026-06-17T03:37:53.0568588+09:00 
2026-06-17T03:37:58.1469904+09:00 {
2026-06-17T03:37:58.1587507+09:00   "ensure_daily": {
2026-06-17T03:37:58.1682167+09:00     "runs": [
2026-06-17T03:37:58.1723437+09:00       {
2026-06-17T03:37:58.1774111+09:00         "run_id": "r01",
2026-06-17T03:37:58.1804550+09:00         "action": "not_due",
2026-06-17T03:37:58.1824503+09:00         "taskId": "daily-20260617-r01",
2026-06-17T03:37:58.1840531+09:00         "reason": "jst_hour=3"
2026-06-17T03:37:58.1861576+09:00       },
2026-06-17T03:37:58.2063340+09:00       {
2026-06-17T03:37:58.2083405+09:00         "run_id": "r02",
2026-06-17T03:37:58.2100650+09:00         "action": "not_due",
2026-06-17T03:37:58.2110633+09:00         "taskId": "daily-20260617-r02",
2026-06-17T03:37:58.2130646+09:00         "reason": "jst_hour=3"
2026-06-17T03:37:58.2150656+09:00       },
2026-06-17T03:37:58.2174859+09:00       {
2026-06-17T03:37:58.2195613+09:00         "run_id": "r03",
2026-06-17T03:37:58.2215632+09:00         "action": "not_due",
2026-06-17T03:37:58.2225601+09:00         "taskId": "daily-20260617-r03",
2026-06-17T03:37:58.2245591+09:00         "reason": "jst_hour=3"
2026-06-17T03:37:58.2263357+09:00       }
2026-06-17T03:37:58.2273339+09:00     ]
2026-06-17T03:37:58.2287125+09:00   },
2026-06-17T03:37:58.2307196+09:00   "reconcile": {
2026-06-17T03:37:58.2327247+09:00     "resetProcessing": 0,
2026-06-17T03:37:58.2336367+09:00     "inserted": 1,
2026-06-17T03:37:58.2336367+09:00     "scanned": 16,
2026-06-17T03:37:58.2378239+09:00     "stale": {
2026-06-17T03:37:58.2378239+09:00       "scanned": 16,
2026-06-17T03:37:58.2378239+09:00       "staleDetected": 0,
2026-06-17T03:37:58.2430024+09:00       "rolledBack": 0,
2026-06-17T03:37:58.2430024+09:00       "skippedCap": 0,
2026-06-17T03:37:58.2430024+09:00       "dryRun": false,
2026-06-17T03:37:58.2490705+09:00       "actions": []
2026-06-17T03:37:58.2507495+09:00     }
2026-06-17T03:37:58.2517561+09:00   },
2026-06-17T03:37:58.2527551+09:00   "dispatch": {
2026-06-17T03:37:58.2553950+09:00     "claimed": 1,
2026-06-17T03:37:58.2564014+09:00     "done": 1,
2026-06-17T03:37:58.2574005+09:00     "failed": 0
2026-06-17T03:37:58.2593458+09:00   },
2026-06-17T03:37:58.2593458+09:00   "step4_poll": {
2026-06-17T03:37:58.2593458+09:00     "scanned": 16,
2026-06-17T03:37:58.2636076+09:00     "awaiting": 1,
2026-06-17T03:37:58.2636076+09:00     "polled": 0,
2026-06-17T03:37:58.2636076+09:00     "picks_applied": 0,
2026-06-17T03:37:58.2690591+09:00     "pick_errors": 0,
2026-06-17T03:37:58.2690591+09:00     "timeouts": 0,
2026-06-17T03:37:58.2690591+09:00     "skipped": 0,
2026-06-17T03:37:58.2690591+09:00     "results": [
2026-06-17T03:37:58.2748798+09:00       {
2026-06-17T03:37:58.2768797+09:00         "task_id": "daily-20260616-r03",
2026-06-17T03:37:58.2778796+09:00         "result": {
2026-06-17T03:37:58.2798792+09:00           "outcome": "no_new_messages"
2026-06-17T03:37:58.2808807+09:00         }
2026-06-17T03:37:58.2818802+09:00       }
2026-06-17T03:37:58.2838833+09:00     ]
2026-06-17T03:37:58.2848791+09:00   },
2026-06-17T03:37:58.2860742+09:00   "step7_retry_poll": {
2026-06-17T03:37:58.2880751+09:00     "scanned": 16,
2026-06-17T03:37:58.2890747+09:00     "eligible": 12,
2026-06-17T03:37:58.2910742+09:00     "polled": 0,
2026-06-17T03:37:58.2919400+09:00     "retries_triggered": 0,
2026-06-17T03:37:58.2939654+09:00     "retry_errors": 0,
2026-06-17T03:37:58.2939654+09:00     "skipped": 0,
2026-06-17T03:37:58.2939654+09:00     "results": []
2026-06-17T03:37:58.2939654+09:00   }
2026-06-17T03:37:58.2994090+09:00 }
2026-06-17T03:37:58.2994090+09:00 OK run-once finished
2026-06-17T03:42:52.1622985+09:00 START dispatch-run-once
2026-06-17T03:42:52.5402167+09:00 
2026-06-17T03:42:52.5422181+09:00 > orchestrator
2026-06-17T03:42:52.5439136+09:00 > tsx src/cli/orchestrator.ts run-once --limit 10
2026-06-17T03:42:52.5460548+09:00 
2026-06-17T03:42:58.3275727+09:00 {
2026-06-17T03:42:58.3367240+09:00   "ensure_daily": {
2026-06-17T03:42:58.3498195+09:00     "runs": [
2026-06-17T03:42:58.3602122+09:00       {
2026-06-17T03:42:58.3666241+09:00         "run_id": "r01",
2026-06-17T03:42:58.3721190+09:00         "action": "not_due",
2026-06-17T03:42:58.3770912+09:00         "taskId": "daily-20260617-r01",
2026-06-17T03:42:58.3816595+09:00         "reason": "jst_hour=3"
2026-06-17T03:42:58.3856182+09:00       },
2026-06-17T03:42:58.4133480+09:00       {
2026-06-17T03:42:58.4153544+09:00         "run_id": "r02",
2026-06-17T03:42:58.4173553+09:00         "action": "not_due",
2026-06-17T03:42:58.4188514+09:00         "taskId": "daily-20260617-r02",
2026-06-17T03:42:58.4208577+09:00         "reason": "jst_hour=3"
2026-06-17T03:42:58.4228644+09:00       },
2026-06-17T03:42:58.4228644+09:00       {
2026-06-17T03:42:58.4266719+09:00         "run_id": "r03",
2026-06-17T03:42:58.4281804+09:00         "action": "not_due",
2026-06-17T03:42:58.4297746+09:00         "taskId": "daily-20260617-r03",
2026-06-17T03:42:58.4297746+09:00         "reason": "jst_hour=3"
2026-06-17T03:42:58.4297746+09:00       }
2026-06-17T03:42:58.4337109+09:00     ]
2026-06-17T03:42:58.4337109+09:00   },
2026-06-17T03:42:58.4337109+09:00   "reconcile": {
2026-06-17T03:42:58.4388354+09:00     "resetProcessing": 0,
2026-06-17T03:42:58.4406893+09:00     "inserted": 1,
2026-06-17T03:42:58.4416890+09:00     "scanned": 16,
2026-06-17T03:42:58.4436879+09:00     "stale": {
2026-06-17T03:42:58.4443773+09:00       "scanned": 16,
2026-06-17T03:42:58.4464579+09:00       "staleDetected": 0,
2026-06-17T03:42:58.4484598+09:00       "rolledBack": 0,
2026-06-17T03:42:58.4494544+09:00       "skippedCap": 0,
2026-06-17T03:42:58.4514584+09:00       "dryRun": false,
2026-06-17T03:42:58.4521269+09:00       "actions": []
2026-06-17T03:42:58.4521269+09:00     }
2026-06-17T03:42:58.4565531+09:00   },
2026-06-17T03:42:58.4565531+09:00   "dispatch": {
2026-06-17T03:42:58.4565531+09:00     "claimed": 1,
2026-06-17T03:42:58.4608445+09:00     "done": 1,
2026-06-17T03:42:58.4629278+09:00     "failed": 0
2026-06-17T03:42:58.4639334+09:00   },
2026-06-17T03:42:58.4649670+09:00   "step4_poll": {
2026-06-17T03:42:58.4669687+09:00     "scanned": 16,
2026-06-17T03:42:58.4689348+09:00     "awaiting": 1,
2026-06-17T03:42:58.4702291+09:00     "polled": 0,
2026-06-17T03:42:58.4722293+09:00     "picks_applied": 0,
2026-06-17T03:42:58.4732288+09:00     "pick_errors": 0,
2026-06-17T03:42:58.4752319+09:00     "timeouts": 0,
2026-06-17T03:42:58.4762300+09:00     "skipped": 0,
2026-06-17T03:42:58.4771132+09:00     "results": [
2026-06-17T03:42:58.4787351+09:00       {
2026-06-17T03:42:58.4787351+09:00         "task_id": "daily-20260616-r03",
2026-06-17T03:42:58.4814717+09:00         "result": {
2026-06-17T03:42:58.4814717+09:00           "outcome": "no_new_messages"
2026-06-17T03:42:58.4814717+09:00         }
2026-06-17T03:42:58.4868716+09:00       }
2026-06-17T03:42:58.4878711+09:00     ]
2026-06-17T03:42:58.4888708+09:00   },
2026-06-17T03:42:58.4908709+09:00   "step7_retry_poll": {
2026-06-17T03:42:58.4918729+09:00     "scanned": 16,
2026-06-17T03:42:58.4950595+09:00     "eligible": 12,
2026-06-17T03:42:58.4970564+09:00     "polled": 0,
2026-06-17T03:42:58.4980572+09:00     "retries_triggered": 0,
2026-06-17T03:42:58.4990891+09:00     "retry_errors": 0,
2026-06-17T03:42:58.5010560+09:00     "skipped": 0,
2026-06-17T03:42:58.5020600+09:00     "results": []
2026-06-17T03:42:58.5020600+09:00   }
2026-06-17T03:42:58.5020600+09:00 }
2026-06-17T03:42:58.5075518+09:00 OK run-once finished
2026-06-17T03:47:52.4968934+09:00 START dispatch-run-once
2026-06-17T03:47:52.8791060+09:00 
2026-06-17T03:47:52.8791060+09:00 > orchestrator
2026-06-17T03:47:52.8838544+09:00 > tsx src/cli/orchestrator.ts run-once --limit 10
2026-06-17T03:47:52.8838544+09:00 
2026-06-17T03:47:58.7305693+09:00 {
2026-06-17T03:47:58.7351046+09:00   "ensure_daily": {
2026-06-17T03:47:58.7394931+09:00     "runs": [
2026-06-17T03:47:58.7425019+09:00       {
2026-06-17T03:47:58.7445014+09:00         "run_id": "r01",
2026-06-17T03:47:58.7455015+09:00         "action": "not_due",
2026-06-17T03:47:58.7505728+09:00         "taskId": "daily-20260617-r01",
2026-06-17T03:47:58.7505728+09:00         "reason": "jst_hour=3"
2026-06-17T03:47:58.7707028+09:00       },
2026-06-17T03:47:58.7739328+09:00       {
2026-06-17T03:47:58.7759128+09:00         "run_id": "r02",
2026-06-17T03:47:58.7779151+09:00         "action": "not_due",
2026-06-17T03:47:58.7800049+09:00         "taskId": "daily-20260617-r02",
2026-06-17T03:47:58.7810034+09:00         "reason": "jst_hour=3"
2026-06-17T03:47:58.7810034+09:00       },
2026-06-17T03:47:58.7810034+09:00       {
2026-06-17T03:47:58.7863125+09:00         "run_id": "r03",
2026-06-17T03:47:58.7888720+09:00         "action": "not_due",
2026-06-17T03:47:58.7909183+09:00         "taskId": "daily-20260617-r03",
2026-06-17T03:47:58.7919183+09:00         "reason": "jst_hour=3"
2026-06-17T03:47:58.7939164+09:00       }
2026-06-17T03:47:58.7956013+09:00     ]
2026-06-17T03:47:58.7966611+09:00   },
2026-06-17T03:47:58.7976606+09:00   "reconcile": {
2026-06-17T03:47:58.7996608+09:00     "resetProcessing": 0,
2026-06-17T03:47:58.8006596+09:00     "inserted": 1,
2026-06-17T03:47:58.8016603+09:00     "scanned": 16,
2026-06-17T03:47:58.8039904+09:00     "stale": {
2026-06-17T03:47:58.8039904+09:00       "scanned": 16,
2026-06-17T03:47:58.8039904+09:00       "staleDetected": 0,
2026-06-17T03:47:58.8086819+09:00       "rolledBack": 0,
2026-06-17T03:47:58.8086819+09:00       "skippedCap": 0,
2026-06-17T03:47:58.8086819+09:00       "dryRun": false,
2026-06-17T03:47:58.8139476+09:00       "actions": []
2026-06-17T03:47:58.8139476+09:00     }
2026-06-17T03:47:58.8176666+09:00   },
2026-06-17T03:47:58.8197171+09:00   "dispatch": {
2026-06-17T03:47:58.8217289+09:00     "claimed": 1,
2026-06-17T03:47:58.8226938+09:00     "done": 1,
2026-06-17T03:47:58.8237295+09:00     "failed": 0
2026-06-17T03:47:58.8256946+09:00   },
2026-06-17T03:47:58.8266937+09:00   "step4_poll": {
2026-06-17T03:47:58.8287272+09:00     "scanned": 16,
2026-06-17T03:47:58.8287272+09:00     "awaiting": 1,
2026-06-17T03:47:58.8287272+09:00     "polled": 0,
2026-06-17T03:47:58.8337345+09:00     "picks_applied": 0,
2026-06-17T03:47:58.8337345+09:00     "pick_errors": 0,
2026-06-17T03:47:58.8337345+09:00     "timeouts": 0,
2026-06-17T03:47:58.8337345+09:00     "skipped": 0,
2026-06-17T03:47:58.8389233+09:00     "results": [
2026-06-17T03:47:58.8389233+09:00       {
2026-06-17T03:47:58.8389233+09:00         "task_id": "daily-20260616-r03",
2026-06-17T03:47:58.8389233+09:00         "result": {
2026-06-17T03:47:58.8452229+09:00           "outcome": "no_new_messages"
2026-06-17T03:47:58.8462686+09:00         }
2026-06-17T03:47:58.8482694+09:00       }
2026-06-17T03:47:58.8492701+09:00     ]
2026-06-17T03:47:58.8502694+09:00   },
2026-06-17T03:47:58.8522690+09:00   "step7_retry_poll": {
2026-06-17T03:47:58.8532698+09:00     "scanned": 16,
2026-06-17T03:47:58.8552696+09:00     "eligible": 12,
2026-06-17T03:47:58.8567741+09:00     "polled": 0,
2026-06-17T03:47:58.8577799+09:00     "retries_triggered": 0,
2026-06-17T03:47:58.8587799+09:00     "retry_errors": 0,
2026-06-17T03:47:58.8607823+09:00     "skipped": 0,
2026-06-17T03:47:58.8633189+09:00     "results": []
2026-06-17T03:47:58.8643203+09:00   }
2026-06-17T03:47:58.8643203+09:00 }
2026-06-17T03:47:58.8643203+09:00 OK run-once finished
2026-06-17T03:52:51.8584475+09:00 START dispatch-run-once
2026-06-17T03:52:52.2531247+09:00 
2026-06-17T03:52:52.2559415+09:00 > orchestrator
2026-06-17T03:52:52.2580218+09:00 > tsx src/cli/orchestrator.ts run-once --limit 10
2026-06-17T03:52:52.2610227+09:00 
2026-06-17T03:52:58.0485743+09:00 {
2026-06-17T03:52:58.0517212+09:00   "ensure_daily": {
2026-06-17T03:52:58.0537218+09:00     "runs": [
2026-06-17T03:52:58.0557209+09:00       {
2026-06-17T03:52:58.0557209+09:00         "run_id": "r01",
2026-06-17T03:52:58.0608994+09:00         "action": "not_due",
2026-06-17T03:52:58.0608994+09:00         "taskId": "daily-20260617-r01",
2026-06-17T03:52:58.0656900+09:00         "reason": "jst_hour=3"
2026-06-17T03:52:58.0686901+09:00       },
2026-06-17T03:52:58.0859593+09:00       {
2026-06-17T03:52:58.0906435+09:00         "run_id": "r02",
2026-06-17T03:52:58.0926467+09:00         "action": "not_due",
2026-06-17T03:52:58.0946442+09:00         "taskId": "daily-20260617-r02",
2026-06-17T03:52:58.0966453+09:00         "reason": "jst_hour=3"
2026-06-17T03:52:58.0986867+09:00       },
2026-06-17T03:52:58.1006890+09:00       {
2026-06-17T03:52:58.1026872+09:00         "run_id": "r03",
2026-06-17T03:52:58.1046885+09:00         "action": "not_due",
2026-06-17T03:52:58.1056893+09:00         "taskId": "daily-20260617-r03",
2026-06-17T03:52:58.1056893+09:00         "reason": "jst_hour=3"
2026-06-17T03:52:58.1056893+09:00       }
2026-06-17T03:52:58.1056893+09:00     ]
2026-06-17T03:52:58.1125892+09:00   },
2026-06-17T03:52:58.1146669+09:00   "reconcile": {
2026-06-17T03:52:58.1167398+09:00     "resetProcessing": 0,
2026-06-17T03:52:58.1177064+09:00     "inserted": 1,
2026-06-17T03:52:58.1187411+09:00     "scanned": 16,
2026-06-17T03:52:58.1207388+09:00     "stale": {
2026-06-17T03:52:58.1224707+09:00       "scanned": 16,
2026-06-17T03:52:58.1245510+09:00       "staleDetected": 0,
2026-06-17T03:52:58.1255477+09:00       "rolledBack": 0,
2026-06-17T03:52:58.1285486+09:00       "skippedCap": 0,
2026-06-17T03:52:58.1307944+09:00       "dryRun": false,
2026-06-17T03:52:58.1318593+09:00       "actions": []
2026-06-17T03:52:58.1338920+09:00     }
2026-06-17T03:52:58.1348565+09:00   },
2026-06-17T03:52:58.1368898+09:00   "dispatch": {
2026-06-17T03:52:58.1378572+09:00     "claimed": 1,
2026-06-17T03:52:58.1388923+09:00     "done": 1,
2026-06-17T03:52:58.1416037+09:00     "failed": 0
2026-06-17T03:52:58.1442004+09:00   },
2026-06-17T03:52:58.1442004+09:00   "step4_poll": {
2026-06-17T03:52:58.1442004+09:00     "scanned": 16,
2026-06-17T03:52:58.1442004+09:00     "awaiting": 1,
2026-06-17T03:52:58.1492758+09:00     "polled": 0,
2026-06-17T03:52:58.1492758+09:00     "picks_applied": 0,
2026-06-17T03:52:58.1492758+09:00     "pick_errors": 0,
2026-06-17T03:52:58.1543575+09:00     "timeouts": 0,
2026-06-17T03:52:58.1562374+09:00     "skipped": 0,
2026-06-17T03:52:58.1572367+09:00     "results": [
2026-06-17T03:52:58.1582697+09:00       {
2026-06-17T03:52:58.1602698+09:00         "task_id": "daily-20260616-r03",
2026-06-17T03:52:58.1612699+09:00         "result": {
2026-06-17T03:52:58.1632700+09:00           "outcome": "no_new_messages"
2026-06-17T03:52:58.1642391+09:00         }
2026-06-17T03:52:58.1652698+09:00       }
2026-06-17T03:52:58.1675191+09:00     ]
2026-06-17T03:52:58.1684864+09:00   },
2026-06-17T03:52:58.1705210+09:00   "step7_retry_poll": {
2026-06-17T03:52:58.1724591+09:00     "scanned": 16,
2026-06-17T03:52:58.1735111+09:00     "eligible": 12,
2026-06-17T03:52:58.1756774+09:00     "polled": 0,
2026-06-17T03:52:58.1766452+09:00     "retries_triggered": 0,
2026-06-17T03:52:58.1776774+09:00     "retry_errors": 0,
2026-06-17T03:52:58.1796772+09:00     "skipped": 0,
2026-06-17T03:52:58.1806482+09:00     "results": []
2026-06-17T03:52:58.1806482+09:00   }
2026-06-17T03:52:58.1806482+09:00 }
2026-06-17T03:52:58.1858277+09:00 OK run-once finished
2026-06-17T03:57:52.4834223+09:00 START dispatch-run-once
2026-06-17T03:57:52.8678889+09:00 
2026-06-17T03:57:52.8678889+09:00 > orchestrator
2026-06-17T03:57:52.8678889+09:00 > tsx src/cli/orchestrator.ts run-once --limit 10
2026-06-17T03:57:52.8733524+09:00 
2026-06-17T03:57:58.7453570+09:00 {
2026-06-17T03:57:58.7567383+09:00   "ensure_daily": {
2026-06-17T03:57:58.7652427+09:00     "runs": [
2026-06-17T03:57:58.7722814+09:00       {
2026-06-17T03:57:58.7816198+09:00         "run_id": "r01",
2026-06-17T03:57:58.7855917+09:00         "action": "not_due",
2026-06-17T03:57:58.7895962+09:00         "taskId": "daily-20260617-r01",
2026-06-17T03:57:58.7911265+09:00         "reason": "jst_hour=3"
2026-06-17T03:57:58.7957013+09:00       },
2026-06-17T03:57:58.8141724+09:00       {
2026-06-17T03:57:58.8160324+09:00         "run_id": "r02",
2026-06-17T03:57:58.8160324+09:00         "action": "not_due",
2026-06-17T03:57:58.8203340+09:00         "taskId": "daily-20260617-r02",
2026-06-17T03:57:58.8203340+09:00         "reason": "jst_hour=3"
2026-06-17T03:57:58.8203340+09:00       },
2026-06-17T03:57:58.8262178+09:00       {
2026-06-17T03:57:58.8282692+09:00         "run_id": "r03",
2026-06-17T03:57:58.8295087+09:00         "action": "not_due",
2026-06-17T03:57:58.8315147+09:00         "taskId": "daily-20260617-r03",
2026-06-17T03:57:58.8329899+09:00         "reason": "jst_hour=3"
2026-06-17T03:57:58.8351225+09:00       }
2026-06-17T03:57:58.8362717+09:00     ]
2026-06-17T03:57:58.8382793+09:00   },
2026-06-17T03:57:58.8392777+09:00   "reconcile": {
2026-06-17T03:57:58.8410286+09:00     "resetProcessing": 0,
2026-06-17T03:57:58.8410286+09:00     "inserted": 1,
2026-06-17T03:57:58.8410286+09:00     "scanned": 16,
2026-06-17T03:57:58.8455784+09:00     "stale": {
2026-06-17T03:57:58.8455784+09:00       "scanned": 16,
2026-06-17T03:57:58.8509437+09:00       "staleDetected": 0,
2026-06-17T03:57:58.8519435+09:00       "rolledBack": 0,
2026-06-17T03:57:58.8539449+09:00       "skippedCap": 0,
2026-06-17T03:57:58.8549458+09:00       "dryRun": false,
2026-06-17T03:57:58.8569449+09:00       "actions": []
2026-06-17T03:57:58.8587711+09:00     }
2026-06-17T03:57:58.8607704+09:00   },
2026-06-17T03:57:58.8617684+09:00   "dispatch": {
2026-06-17T03:57:58.8637696+09:00     "claimed": 1,
2026-06-17T03:57:58.8647699+09:00     "done": 1,
2026-06-17T03:57:58.8657704+09:00     "failed": 0
2026-06-17T03:57:58.8657704+09:00   },
2026-06-17T03:57:58.8657704+09:00   "step4_poll": {
2026-06-17T03:57:58.8657704+09:00     "scanned": 16,
2026-06-17T03:57:58.8712694+09:00     "awaiting": 1,
2026-06-17T03:57:58.8712694+09:00     "polled": 0,
2026-06-17T03:57:58.8757633+09:00     "picks_applied": 0,
2026-06-17T03:57:58.8767623+09:00     "pick_errors": 0,
2026-06-17T03:57:58.8777619+09:00     "timeouts": 0,
2026-06-17T03:57:58.8797627+09:00     "skipped": 0,
2026-06-17T03:57:58.8807618+09:00     "results": [
2026-06-17T03:57:58.8817604+09:00       {
2026-06-17T03:57:58.8837388+09:00         "task_id": "daily-20260616-r03",
2026-06-17T03:57:58.8847361+09:00         "result": {
2026-06-17T03:57:58.8867373+09:00           "outcome": "no_new_messages"
2026-06-17T03:57:58.8877378+09:00         }
2026-06-17T03:57:58.8887358+09:00       }
2026-06-17T03:57:58.8907381+09:00     ]
2026-06-17T03:57:58.8907381+09:00   },
2026-06-17T03:57:58.8907381+09:00   "step7_retry_poll": {
2026-06-17T03:57:58.8907381+09:00     "scanned": 16,
2026-06-17T03:57:58.8962107+09:00     "eligible": 12,
2026-06-17T03:57:58.8962107+09:00     "polled": 0,
2026-06-17T03:57:58.8997858+09:00     "retries_triggered": 0,
2026-06-17T03:57:58.9008338+09:00     "retry_errors": 0,
2026-06-17T03:57:58.9028320+09:00     "skipped": 0,
2026-06-17T03:57:58.9038311+09:00     "results": []
2026-06-17T03:57:58.9058322+09:00   }
2026-06-17T03:57:58.9068328+09:00 }
2026-06-17T03:57:58.9092484+09:00 OK run-once finished
2026-06-17T04:02:52.0815277+09:00 START dispatch-run-once
2026-06-17T04:02:52.4727511+09:00 
2026-06-17T04:02:52.4760799+09:00 > orchestrator
2026-06-17T04:02:52.4784073+09:00 > tsx src/cli/orchestrator.ts run-once --limit 10
2026-06-17T04:02:52.4803705+09:00 
2026-06-17T04:02:58.1473081+09:00 {
2026-06-17T04:02:58.1503055+09:00   "ensure_daily": {
2026-06-17T04:02:58.1522922+09:00     "runs": [
2026-06-17T04:02:58.1552913+09:00       {
2026-06-17T04:02:58.1572909+09:00         "run_id": "r01",
2026-06-17T04:02:58.1594869+09:00         "action": "not_due",
2026-06-17T04:02:58.1615451+09:00         "taskId": "daily-20260617-r01",
2026-06-17T04:02:58.1635436+09:00         "reason": "jst_hour=4"
2026-06-17T04:02:58.1655437+09:00       },
2026-06-17T04:02:58.1845141+09:00       {
2026-06-17T04:02:58.1865849+09:00         "run_id": "r02",
2026-06-17T04:02:58.1885846+09:00         "action": "not_due",
2026-06-17T04:02:58.1905845+09:00         "taskId": "daily-20260617-r02",
2026-06-17T04:02:58.1925846+09:00         "reason": "jst_hour=4"
2026-06-17T04:02:58.1925846+09:00       },
2026-06-17T04:02:58.1925846+09:00       {
2026-06-17T04:02:58.1977728+09:00         "run_id": "r03",
2026-06-17T04:02:58.1977728+09:00         "action": "not_due",
2026-06-17T04:02:58.1977728+09:00         "taskId": "daily-20260617-r03",
2026-06-17T04:02:58.2029226+09:00         "reason": "jst_hour=4"
2026-06-17T04:02:58.2029226+09:00       }
2026-06-17T04:02:58.2029226+09:00     ]
2026-06-17T04:02:58.2089252+09:00   },
2026-06-17T04:02:58.2106904+09:00   "reconcile": {
2026-06-17T04:02:58.2126905+09:00     "resetProcessing": 0,
2026-06-17T04:02:58.2136926+09:00     "inserted": 1,
2026-06-17T04:02:58.2156981+09:00     "scanned": 16,
2026-06-17T04:02:58.2166992+09:00     "stale": {
2026-06-17T04:02:58.2176981+09:00       "scanned": 16,
2026-06-17T04:02:58.2176981+09:00       "staleDetected": 0,
2026-06-17T04:02:58.2227750+09:00       "rolledBack": 0,
2026-06-17T04:02:58.2227750+09:00       "skippedCap": 0,
2026-06-17T04:02:58.2227750+09:00       "dryRun": false,
2026-06-17T04:02:58.2278087+09:00       "actions": []
2026-06-17T04:02:58.2288161+09:00     }
2026-06-17T04:02:58.2288161+09:00   },
2026-06-17T04:02:58.2288161+09:00   "dispatch": {
2026-06-17T04:02:58.2329643+09:00     "claimed": 1,
2026-06-17T04:02:58.2329643+09:00     "done": 1,
2026-06-17T04:02:58.2329643+09:00     "failed": 0
2026-06-17T04:02:58.2392019+09:00   },
2026-06-17T04:02:58.2412691+09:00   "step4_poll": {
2026-06-17T04:02:58.2431777+09:00     "scanned": 16,
2026-06-17T04:02:58.2442478+09:00     "awaiting": 1,
2026-06-17T04:02:58.2462447+09:00     "polled": 0,
2026-06-17T04:02:58.2472462+09:00     "picks_applied": 0,
2026-06-17T04:02:58.2482458+09:00     "pick_errors": 0,
2026-06-17T04:02:58.2502451+09:00     "timeouts": 0,
2026-06-17T04:02:58.2512278+09:00     "skipped": 0,
2026-06-17T04:02:58.2512278+09:00     "results": [
2026-06-17T04:02:58.2553123+09:00       {
2026-06-17T04:02:58.2553123+09:00         "task_id": "daily-20260616-r03",
2026-06-17T04:02:58.2553123+09:00         "result": {
2026-06-17T04:02:58.2553123+09:00           "outcome": "no_new_messages"
2026-06-17T04:02:58.2607678+09:00         }
2026-06-17T04:02:58.2607678+09:00       }
2026-06-17T04:02:58.2607678+09:00     ]
2026-06-17T04:02:58.2607678+09:00   },
2026-06-17T04:02:58.2667452+09:00   "step7_retry_poll": {
2026-06-17T04:02:58.2677827+09:00     "scanned": 16,
2026-06-17T04:02:58.2698341+09:00     "eligible": 12,
2026-06-17T04:02:58.2708349+09:00     "polled": 0,
2026-06-17T04:02:58.2728344+09:00     "retries_triggered": 0,
2026-06-17T04:02:58.2738348+09:00     "retry_errors": 0,
2026-06-17T04:02:58.2748345+09:00     "skipped": 0,
2026-06-17T04:02:58.2761596+09:00     "results": []
2026-06-17T04:02:58.2761596+09:00   }
2026-06-17T04:02:58.2761596+09:00 }
2026-06-17T04:02:58.2810395+09:00 OK run-once finished
2026-06-17T04:07:51.4850343+09:00 START dispatch-run-once
2026-06-17T04:07:51.8698300+09:00 
2026-06-17T04:07:51.8698300+09:00 > orchestrator
2026-06-17T04:07:51.8742923+09:00 > tsx src/cli/orchestrator.ts run-once --limit 10
2026-06-17T04:07:51.8742923+09:00 
2026-06-17T04:07:57.8913819+09:00 {
2026-06-17T04:07:57.8947175+09:00   "ensure_daily": {
2026-06-17T04:07:57.8978029+09:00     "runs": [
2026-06-17T04:07:57.9008005+09:00       {
2026-06-17T04:07:57.9028087+09:00         "run_id": "r01",
2026-06-17T04:07:57.9028087+09:00         "action": "not_due",
2026-06-17T04:07:57.9028087+09:00         "taskId": "daily-20260617-r01",
2026-06-17T04:07:57.9081836+09:00         "reason": "jst_hour=4"
2026-06-17T04:07:57.9130554+09:00       },
2026-06-17T04:07:57.9333139+09:00       {
2026-06-17T04:07:57.9369164+09:00         "run_id": "r02",
2026-06-17T04:07:57.9389737+09:00         "action": "not_due",
2026-06-17T04:07:57.9409705+09:00         "taskId": "daily-20260617-r02",
2026-06-17T04:07:57.9430341+09:00         "reason": "jst_hour=4"
2026-06-17T04:07:57.9453475+09:00       },
2026-06-17T04:07:57.9473543+09:00       {
2026-06-17T04:07:57.9483545+09:00         "run_id": "r03",
2026-06-17T04:07:57.9493543+09:00         "action": "not_due",
2026-06-17T04:07:57.9513538+09:00         "taskId": "daily-20260617-r03",
2026-06-17T04:07:57.9530051+09:00         "reason": "jst_hour=4"
2026-06-17T04:07:57.9530051+09:00       }
2026-06-17T04:07:57.9530051+09:00     ]
2026-06-17T04:07:57.9530051+09:00   },
2026-06-17T04:07:57.9577718+09:00   "reconcile": {
2026-06-17T04:07:57.9577718+09:00     "resetProcessing": 0,
2026-06-17T04:07:57.9617452+09:00     "inserted": 1,
2026-06-17T04:07:57.9627871+09:00     "scanned": 16,
2026-06-17T04:07:57.9647870+09:00     "stale": {
2026-06-17T04:07:57.9657865+09:00       "scanned": 16,
2026-06-17T04:07:57.9677958+09:00       "staleDetected": 0,
2026-06-17T04:07:57.9687977+09:00       "rolledBack": 0,
2026-06-17T04:07:57.9713783+09:00       "skippedCap": 0,
2026-06-17T04:07:57.9743713+09:00       "dryRun": false,
2026-06-17T04:07:57.9763618+09:00       "actions": []
2026-06-17T04:07:57.9780427+09:00     }
2026-06-17T04:07:57.9780427+09:00   },
2026-06-17T04:07:57.9811324+09:00   "dispatch": {
2026-06-17T04:07:57.9826382+09:00     "claimed": 1,
2026-06-17T04:07:57.9846460+09:00     "done": 1,
2026-06-17T04:07:57.9868218+09:00     "failed": 0
2026-06-17T04:07:57.9888680+09:00   },
2026-06-17T04:07:57.9898705+09:00   "step4_poll": {
2026-06-17T04:07:57.9908689+09:00     "scanned": 16,
2026-06-17T04:07:57.9928694+09:00     "awaiting": 1,
2026-06-17T04:07:57.9946982+09:00     "polled": 0,
2026-06-17T04:07:57.9958258+09:00     "picks_applied": 0,
2026-06-17T04:07:57.9978253+09:00     "pick_errors": 0,
2026-06-17T04:07:57.9988260+09:00     "timeouts": 0,
2026-06-17T04:07:57.9998255+09:00     "skipped": 0,
2026-06-17T04:07:58.0018255+09:00     "results": [
2026-06-17T04:07:58.0028295+09:00       {
2026-06-17T04:07:58.0028295+09:00         "task_id": "daily-20260616-r03",
2026-06-17T04:07:58.0028295+09:00         "result": {
2026-06-17T04:07:58.0078739+09:00           "outcome": "no_new_messages"
2026-06-17T04:07:58.0078739+09:00         }
2026-06-17T04:07:58.0078739+09:00       }
2026-06-17T04:07:58.0117670+09:00     ]
2026-06-17T04:07:58.0138166+09:00   },
2026-06-17T04:07:58.0148163+09:00   "step7_retry_poll": {
2026-06-17T04:07:58.0158172+09:00     "scanned": 16,
2026-06-17T04:07:58.0178165+09:00     "eligible": 12,
2026-06-17T04:07:58.0188169+09:00     "polled": 0,
2026-06-17T04:07:58.0207586+09:00     "retries_triggered": 0,
2026-06-17T04:07:58.0217585+09:00     "retry_errors": 0,
2026-06-17T04:07:58.0237576+09:00     "skipped": 0,
2026-06-17T04:07:58.0247575+09:00     "results": []
2026-06-17T04:07:58.0257582+09:00   }
2026-06-17T04:07:58.0277571+09:00 }
2026-06-17T04:07:58.0277571+09:00 OK run-once finished
2026-06-17T04:12:52.0270704+09:00 START dispatch-run-once
2026-06-17T04:12:52.4815279+09:00 
2026-06-17T04:12:52.4841864+09:00 > orchestrator
2026-06-17T04:12:52.4857614+09:00 > tsx src/cli/orchestrator.ts run-once --limit 10
2026-06-17T04:12:52.4877684+09:00 
2026-06-17T04:12:58.3279524+09:00 {
2026-06-17T04:12:58.3376170+09:00   "ensure_daily": {
2026-06-17T04:12:58.3482222+09:00     "runs": [
2026-06-17T04:12:58.3558612+09:00       {
2026-06-17T04:12:58.3653200+09:00         "run_id": "r01",
2026-06-17T04:12:58.3719349+09:00         "action": "not_due",
2026-06-17T04:12:58.3763727+09:00         "taskId": "daily-20260617-r01",
2026-06-17T04:12:58.3763727+09:00         "reason": "jst_hour=4"
2026-06-17T04:12:58.3845382+09:00       },
2026-06-17T04:12:58.4064128+09:00       {
2026-06-17T04:12:58.4107508+09:00         "run_id": "r02",
2026-06-17T04:12:58.4131808+09:00         "action": "not_due",
2026-06-17T04:12:58.4157603+09:00         "taskId": "daily-20260617-r02",
2026-06-17T04:12:58.4177571+09:00         "reason": "jst_hour=4"
2026-06-17T04:12:58.4197576+09:00       },
2026-06-17T04:12:58.4235651+09:00       {
2026-06-17T04:12:58.4235651+09:00         "run_id": "r03",
2026-06-17T04:12:58.4260353+09:00         "action": "not_due",
2026-06-17T04:12:58.4310545+09:00         "taskId": "daily-20260617-r03",
2026-06-17T04:12:58.4310545+09:00         "reason": "jst_hour=4"
2026-06-17T04:12:58.4310545+09:00       }
2026-06-17T04:12:58.4373302+09:00     ]
2026-06-17T04:12:58.4393496+09:00   },
2026-06-17T04:12:58.4413171+09:00   "reconcile": {
2026-06-17T04:12:58.4423152+09:00     "resetProcessing": 0,
2026-06-17T04:12:58.4443145+09:00     "inserted": 1,
2026-06-17T04:12:58.4463177+09:00     "scanned": 16,
2026-06-17T04:12:58.4469175+09:00     "stale": {
2026-06-17T04:12:58.4500738+09:00       "scanned": 16,
2026-06-17T04:12:58.4518120+09:00       "staleDetected": 0,
2026-06-17T04:12:58.4518120+09:00       "rolledBack": 0,
2026-06-17T04:12:58.4518120+09:00       "skippedCap": 0,
2026-06-17T04:12:58.4569526+09:00       "dryRun": false,
2026-06-17T04:12:58.4569526+09:00       "actions": []
2026-06-17T04:12:58.4627150+09:00     }
2026-06-17T04:12:58.4641257+09:00   },
2026-06-17T04:12:58.4661248+09:00   "dispatch": {
2026-06-17T04:12:58.4681252+09:00     "claimed": 1,
2026-06-17T04:12:58.4691249+09:00     "done": 1,
2026-06-17T04:12:58.4711262+09:00     "failed": 0
2026-06-17T04:12:58.4733247+09:00   },
2026-06-17T04:12:58.4743349+09:00   "step4_poll": {
2026-06-17T04:12:58.4763352+09:00     "scanned": 16,
2026-06-17T04:12:58.4773352+09:00     "awaiting": 1,
2026-06-17T04:12:58.4799025+09:00     "polled": 0,
2026-06-17T04:12:58.4809634+09:00     "picks_applied": 0,
2026-06-17T04:12:58.4809634+09:00     "pick_errors": 0,
2026-06-17T04:12:58.4809634+09:00     "timeouts": 0,
2026-06-17T04:12:58.4864110+09:00     "skipped": 0,
2026-06-17T04:12:58.4884972+09:00     "results": [
2026-06-17T04:12:58.4890260+09:00       {
2026-06-17T04:12:58.4919659+09:00         "task_id": "daily-20260616-r03",
2026-06-17T04:12:58.4933781+09:00         "result": {
2026-06-17T04:12:58.4943780+09:00           "outcome": "no_new_messages"
2026-06-17T04:12:58.4970912+09:00         }
2026-06-17T04:12:58.4986508+09:00       }
2026-06-17T04:12:58.5002144+09:00     ]
2026-06-17T04:12:58.5017709+09:00   },
2026-06-17T04:12:58.5033328+09:00   "step7_retry_poll": {
2026-06-17T04:12:58.5048594+09:00     "scanned": 16,
2026-06-17T04:12:58.5069759+09:00     "eligible": 12,
2026-06-17T04:12:58.5096050+09:00     "polled": 0,
2026-06-17T04:12:58.5096050+09:00     "retries_triggered": 0,
2026-06-17T04:12:58.5096050+09:00     "retry_errors": 0,
2026-06-17T04:12:58.5136271+09:00     "skipped": 0,
2026-06-17T04:12:58.5146375+09:00     "results": []
2026-06-17T04:12:58.5146375+09:00   }
2026-06-17T04:12:58.5146375+09:00 }
2026-06-17T04:12:58.5208862+09:00 OK run-once finished
2026-06-17T04:17:52.6676720+09:00 START dispatch-run-once
2026-06-17T04:17:53.1568261+09:00 
2026-06-17T04:17:53.1568261+09:00 > orchestrator
2026-06-17T04:17:53.1610223+09:00 > tsx src/cli/orchestrator.ts run-once --limit 10
2026-06-17T04:17:53.1610223+09:00 
2026-06-17T04:17:58.9410362+09:00 {
2026-06-17T04:17:58.9440431+09:00   "ensure_daily": {
2026-06-17T04:17:58.9460439+09:00     "runs": [
2026-06-17T04:17:58.9484873+09:00       {
2026-06-17T04:17:58.9484873+09:00         "run_id": "r01",
2026-06-17T04:17:58.9531906+09:00         "action": "not_due",
2026-06-17T04:17:58.9531906+09:00         "taskId": "daily-20260617-r01",
2026-06-17T04:17:58.9595610+09:00         "reason": "jst_hour=4"
2026-06-17T04:17:58.9615604+09:00       },
2026-06-17T04:17:58.9814383+09:00       {
2026-06-17T04:17:58.9814383+09:00         "run_id": "r02",
2026-06-17T04:17:58.9865217+09:00         "action": "not_due",
2026-06-17T04:17:58.9865217+09:00         "taskId": "daily-20260617-r02",
2026-06-17T04:17:58.9927014+09:00         "reason": "jst_hour=4"
2026-06-17T04:17:58.9946976+09:00       },
2026-06-17T04:17:58.9967018+09:00       {
2026-06-17T04:17:58.9986958+09:00         "run_id": "r03",
2026-06-17T04:17:59.0009327+09:00         "action": "not_due",
2026-06-17T04:17:59.0029334+09:00         "taskId": "daily-20260617-r03",
2026-06-17T04:17:59.0055668+09:00         "reason": "jst_hour=4"
2026-06-17T04:17:59.0065645+09:00       }
2026-06-17T04:17:59.0087596+09:00     ]
2026-06-17T04:17:59.0097601+09:00   },
2026-06-17T04:17:59.0117583+09:00   "reconcile": {
2026-06-17T04:17:59.0127623+09:00     "resetProcessing": 0,
2026-06-17T04:17:59.0147612+09:00     "inserted": 1,
2026-06-17T04:17:59.0147612+09:00     "scanned": 16,
2026-06-17T04:17:59.0147612+09:00     "stale": {
2026-06-17T04:17:59.0147612+09:00       "scanned": 16,
2026-06-17T04:17:59.0200776+09:00       "staleDetected": 0,
2026-06-17T04:17:59.0200776+09:00       "rolledBack": 0,
2026-06-17T04:17:59.0251306+09:00       "skippedCap": 0,
2026-06-17T04:17:59.0268289+09:00       "dryRun": false,
2026-06-17T04:17:59.0278311+09:00       "actions": []
2026-06-17T04:17:59.0298279+09:00     }
2026-06-17T04:17:59.0327716+09:00   },
2026-06-17T04:17:59.0347720+09:00   "dispatch": {
2026-06-17T04:17:59.0367727+09:00     "claimed": 1,
2026-06-17T04:17:59.0377717+09:00     "done": 1,
2026-06-17T04:17:59.0397714+09:00     "failed": 0
2026-06-17T04:17:59.0403853+09:00   },
2026-06-17T04:17:59.0403853+09:00   "step4_poll": {
2026-06-17T04:17:59.0448306+09:00     "scanned": 16,
2026-06-17T04:17:59.0448306+09:00     "awaiting": 1,
2026-06-17T04:17:59.0488340+09:00     "polled": 0,
2026-06-17T04:17:59.0508778+09:00     "picks_applied": 0,
2026-06-17T04:17:59.0518809+09:00     "pick_errors": 0,
2026-06-17T04:17:59.0538788+09:00     "timeouts": 0,
2026-06-17T04:17:59.0548784+09:00     "skipped": 0,
2026-06-17T04:17:59.0573226+09:00     "results": [
2026-06-17T04:17:59.0583318+09:00       {
2026-06-17T04:17:59.0603302+09:00         "task_id": "daily-20260616-r03",
2026-06-17T04:17:59.0613312+09:00         "result": {
2026-06-17T04:17:59.0633317+09:00           "outcome": "no_new_messages"
2026-06-17T04:17:59.0643311+09:00         }
2026-06-17T04:17:59.0650180+09:00       }
2026-06-17T04:17:59.0650180+09:00     ]
2026-06-17T04:17:59.0650180+09:00   },
2026-06-17T04:17:59.0693582+09:00   "step7_retry_poll": {
2026-06-17T04:17:59.0693582+09:00     "scanned": 16,
2026-06-17T04:17:59.0739104+09:00     "eligible": 12,
2026-06-17T04:17:59.0749709+09:00     "polled": 0,
2026-06-17T04:17:59.0769696+09:00     "retries_triggered": 0,
2026-06-17T04:17:59.0779670+09:00     "retry_errors": 0,
2026-06-17T04:17:59.0789673+09:00     "skipped": 0,
2026-06-17T04:17:59.0809666+09:00     "results": []
2026-06-17T04:17:59.0827943+09:00   }
2026-06-17T04:17:59.0837957+09:00 }
2026-06-17T04:17:59.0857947+09:00 OK run-once finished
2026-06-17T04:22:52.0768544+09:00 START dispatch-run-once
2026-06-17T04:22:52.4587101+09:00 
2026-06-17T04:22:52.4635388+09:00 > orchestrator
2026-06-17T04:22:52.4635388+09:00 > tsx src/cli/orchestrator.ts run-once --limit 10
2026-06-17T04:22:52.4635388+09:00 
2026-06-17T04:22:58.1764172+09:00 {
2026-06-17T04:22:58.1800308+09:00   "ensure_daily": {
2026-06-17T04:22:58.1850265+09:00     "runs": [
2026-06-17T04:22:58.1870313+09:00       {
2026-06-17T04:22:58.1890278+09:00         "run_id": "r01",
2026-06-17T04:22:58.1910273+09:00         "action": "not_due",
2026-06-17T04:22:58.1930262+09:00         "taskId": "daily-20260617-r01",
2026-06-17T04:22:58.1950240+09:00         "reason": "jst_hour=4"
2026-06-17T04:22:58.1975311+09:00       },
2026-06-17T04:22:58.2168849+09:00       {
2026-06-17T04:22:58.2189598+09:00         "run_id": "r02",
2026-06-17T04:22:58.2219593+09:00         "action": "not_due",
2026-06-17T04:22:58.2239610+09:00         "taskId": "daily-20260617-r02",
2026-06-17T04:22:58.2249594+09:00         "reason": "jst_hour=4"
2026-06-17T04:22:58.2249594+09:00       },
2026-06-17T04:22:58.2299854+09:00       {
2026-06-17T04:22:58.2299854+09:00         "run_id": "r03",
2026-06-17T04:22:58.2299854+09:00         "action": "not_due",
2026-06-17T04:22:58.2363114+09:00         "taskId": "daily-20260617-r03",
2026-06-17T04:22:58.2383760+09:00         "reason": "jst_hour=4"
2026-06-17T04:22:58.2403774+09:00       }
2026-06-17T04:22:58.2422332+09:00     ]
2026-06-17T04:22:58.2433019+09:00   },
2026-06-17T04:22:58.2453028+09:00   "reconcile": {
2026-06-17T04:22:58.2463036+09:00     "resetProcessing": 0,
2026-06-17T04:22:58.2483038+09:00     "inserted": 1,
2026-06-17T04:22:58.2493030+09:00     "scanned": 16,
2026-06-17T04:22:58.2502210+09:00     "stale": {
2026-06-17T04:22:58.2547821+09:00       "scanned": 16,
2026-06-17T04:22:58.2562914+09:00       "staleDetected": 0,
2026-06-17T04:22:58.2562914+09:00       "rolledBack": 0,
2026-06-17T04:22:58.2598543+09:00       "skippedCap": 0,
2026-06-17T04:22:58.2598543+09:00       "dryRun": false,
2026-06-17T04:22:58.2598543+09:00       "actions": []
2026-06-17T04:22:58.2662334+09:00     }
2026-06-17T04:22:58.2685484+09:00   },
2026-06-17T04:22:58.2705476+09:00   "dispatch": {
2026-06-17T04:22:58.2720584+09:00     "claimed": 1,
2026-06-17T04:22:58.2741027+09:00     "done": 1,
2026-06-17T04:22:58.2751023+09:00     "failed": 0
2026-06-17T04:22:58.2751023+09:00   },
2026-06-17T04:22:58.2751023+09:00   "step4_poll": {
2026-06-17T04:22:58.2801473+09:00     "scanned": 16,
2026-06-17T04:22:58.2801473+09:00     "awaiting": 1,
2026-06-17T04:22:58.2801473+09:00     "polled": 0,
2026-06-17T04:22:58.2801473+09:00     "picks_applied": 0,
2026-06-17T04:22:58.2851755+09:00     "pick_errors": 0,
2026-06-17T04:22:58.2851755+09:00     "timeouts": 0,
2026-06-17T04:22:58.2851755+09:00     "skipped": 0,
2026-06-17T04:22:58.2902725+09:00     "results": [
2026-06-17T04:22:58.2902725+09:00       {
2026-06-17T04:22:58.2902725+09:00         "task_id": "daily-20260616-r03",
2026-06-17T04:22:58.2902725+09:00         "result": {
2026-06-17T04:22:58.2975844+09:00           "outcome": "no_new_messages"
2026-06-17T04:22:58.2985882+09:00         }
2026-06-17T04:22:58.3012680+09:00       }
2026-06-17T04:22:58.3022701+09:00     ]
2026-06-17T04:22:58.3042675+09:00   },
2026-06-17T04:22:58.3052668+09:00   "step7_retry_poll": {
2026-06-17T04:22:58.3072679+09:00     "scanned": 16,
2026-06-17T04:22:58.3082672+09:00     "eligible": 12,
2026-06-17T04:22:58.3082672+09:00     "polled": 0,
2026-06-17T04:22:58.3082672+09:00     "retries_triggered": 0,
2026-06-17T04:22:58.3136992+09:00     "retry_errors": 0,
2026-06-17T04:22:58.3136992+09:00     "skipped": 0,
2026-06-17T04:22:58.3136992+09:00     "results": []
2026-06-17T04:22:58.3188311+09:00   }
2026-06-17T04:22:58.3188311+09:00 }
2026-06-17T04:22:58.3188311+09:00 OK run-once finished
2026-06-17T04:27:52.4677161+09:00 START dispatch-run-once
2026-06-17T04:27:55.1287187+09:00 
2026-06-17T04:27:55.1287187+09:00 > orchestrator
2026-06-17T04:27:55.1322392+09:00 > tsx src/cli/orchestrator.ts run-once --limit 10
2026-06-17T04:27:55.1322392+09:00 
2026-06-17T04:28:05.2606259+09:00 {
2026-06-17T04:28:05.2689254+09:00   "ensure_daily": {
2026-06-17T04:28:05.2741909+09:00     "runs": [
2026-06-17T04:28:05.2888227+09:00       {
2026-06-17T04:28:05.2938402+09:00         "run_id": "r01",
2026-06-17T04:28:05.2991884+09:00         "action": "not_due",
2026-06-17T04:28:05.3044668+09:00         "taskId": "daily-20260617-r01",
2026-06-17T04:28:05.3096354+09:00         "reason": "jst_hour=4"
2026-06-17T04:28:05.3221675+09:00       },
2026-06-17T04:28:05.3251664+09:00       {
2026-06-17T04:28:05.3280292+09:00         "run_id": "r02",
2026-06-17T04:28:05.3300257+09:00         "action": "not_due",
2026-06-17T04:28:05.3320250+09:00         "taskId": "daily-20260617-r02",
2026-06-17T04:28:05.3340256+09:00         "reason": "jst_hour=4"
2026-06-17T04:28:05.3350267+09:00       },
2026-06-17T04:28:05.3350267+09:00       {
2026-06-17T04:28:05.3401095+09:00         "run_id": "r03",
2026-06-17T04:28:05.3401095+09:00         "action": "not_due",
2026-06-17T04:28:05.3441054+09:00         "taskId": "daily-20260617-r03",
2026-06-17T04:28:05.3461623+09:00         "reason": "jst_hour=4"
2026-06-17T04:28:05.3481651+09:00       }
2026-06-17T04:28:05.3501659+09:00     ]
2026-06-17T04:28:05.3521669+09:00   },
2026-06-17T04:28:05.3547254+09:00   "reconcile": {
2026-06-17T04:28:05.3567242+09:00     "resetProcessing": 0,
2026-06-17T04:28:05.3592399+09:00     "inserted": 1,
2026-06-17T04:28:05.3601985+09:00     "scanned": 16,
2026-06-17T04:28:05.3622550+09:00     "stale": {
2026-06-17T04:28:05.3632590+09:00       "scanned": 16,
2026-06-17T04:28:05.3652565+09:00       "staleDetected": 0,
2026-06-17T04:28:05.3672581+09:00       "rolledBack": 0,
2026-06-17T04:28:05.3685921+09:00       "skippedCap": 0,
2026-06-17T04:28:05.3685921+09:00       "dryRun": false,
2026-06-17T04:28:05.3733757+09:00       "actions": []
2026-06-17T04:28:05.3733757+09:00     }
2026-06-17T04:28:05.3733757+09:00   },
2026-06-17T04:28:05.3733757+09:00   "dispatch": {
2026-06-17T04:28:05.3787506+09:00     "claimed": 1,
2026-06-17T04:28:05.3787506+09:00     "done": 1,
2026-06-17T04:28:05.3787506+09:00     "failed": 0
2026-06-17T04:28:05.3787506+09:00   },
2026-06-17T04:28:05.3857229+09:00   "step4_poll": {
2026-06-17T04:28:05.3867316+09:00     "scanned": 16,
2026-06-17T04:28:05.3887291+09:00     "awaiting": 1,
2026-06-17T04:28:05.3897306+09:00     "polled": 0,
2026-06-17T04:28:05.3907305+09:00     "picks_applied": 0,
2026-06-17T04:28:05.3927293+09:00     "pick_errors": 0,
2026-06-17T04:28:05.3942363+09:00     "timeouts": 0,
2026-06-17T04:28:05.3954826+09:00     "skipped": 0,
2026-06-17T04:28:05.3964886+09:00     "results": [
2026-06-17T04:28:05.3984880+09:00       {
2026-06-17T04:28:05.3994898+09:00         "task_id": "daily-20260616-r03",
2026-06-17T04:28:05.4014881+09:00         "result": {
2026-06-17T04:28:05.4029137+09:00           "outcome": "no_new_messages"
2026-06-17T04:28:05.4037069+09:00         }
2026-06-17T04:28:05.4037069+09:00       }
2026-06-17T04:28:05.4037069+09:00     ]
2026-06-17T04:28:05.4080290+09:00   },
2026-06-17T04:28:05.4080290+09:00   "step7_retry_poll": {
2026-06-17T04:28:05.4080290+09:00     "scanned": 16,
2026-06-17T04:28:05.4080290+09:00     "eligible": 12,
2026-06-17T04:28:05.4142916+09:00     "polled": 0,
2026-06-17T04:28:05.4153551+09:00     "retries_triggered": 0,
2026-06-17T04:28:05.4173745+09:00     "retry_errors": 0,
2026-06-17T04:28:05.4189075+09:00     "skipped": 0,
2026-06-17T04:28:05.4199706+09:00     "results": []
2026-06-17T04:28:05.4210037+09:00   }
2026-06-17T04:28:05.4230087+09:00 }
2026-06-17T04:28:05.4250029+09:00 OK run-once finished
2026-06-17T04:32:52.6805571+09:00 START dispatch-run-once
2026-06-17T04:32:53.0924143+09:00 
2026-06-17T04:32:53.0944289+09:00 > orchestrator
2026-06-17T04:32:53.0957886+09:00 > tsx src/cli/orchestrator.ts run-once --limit 10
2026-06-17T04:32:53.0980921+09:00 
2026-06-17T04:32:59.0094313+09:00 {
2026-06-17T04:32:59.0184771+09:00   "ensure_daily": {
2026-06-17T04:32:59.0282194+09:00     "runs": [
2026-06-17T04:32:59.0398506+09:00       {
2026-06-17T04:32:59.0501266+09:00         "run_id": "r01",
2026-06-17T04:32:59.0541315+09:00         "action": "not_due",
2026-06-17T04:32:59.0645401+09:00         "taskId": "daily-20260617-r01",
2026-06-17T04:32:59.0695321+09:00         "reason": "jst_hour=4"
2026-06-17T04:32:59.0716692+09:00       },
2026-06-17T04:32:59.0918932+09:00       {
2026-06-17T04:32:59.0939019+09:00         "run_id": "r02",
2026-06-17T04:32:59.0966781+09:00         "action": "not_due",
2026-06-17T04:32:59.0996769+09:00         "taskId": "daily-20260617-r02",
2026-06-17T04:32:59.1026779+09:00         "reason": "jst_hour=4"
2026-06-17T04:32:59.1036764+09:00       },
2026-06-17T04:32:59.1059107+09:00       {
2026-06-17T04:32:59.1089242+09:00         "run_id": "r03",
2026-06-17T04:32:59.1123234+09:00         "action": "not_due",
2026-06-17T04:32:59.1140152+09:00         "taskId": "daily-20260617-r03",
2026-06-17T04:32:59.1160121+09:00         "reason": "jst_hour=4"
2026-06-17T04:32:59.1180129+09:00       }
2026-06-17T04:32:59.1190134+09:00     ]
2026-06-17T04:32:59.1216893+09:00   },
2026-06-17T04:32:59.1236924+09:00   "reconcile": {
2026-06-17T04:32:59.1256901+09:00     "resetProcessing": 0,
2026-06-17T04:32:59.1283566+09:00     "inserted": 1,
2026-06-17T04:32:59.1303559+09:00     "scanned": 16,
2026-06-17T04:32:59.1313548+09:00     "stale": {
2026-06-17T04:32:59.1333571+09:00       "scanned": 16,
2026-06-17T04:32:59.1363548+09:00       "staleDetected": 0,
2026-06-17T04:32:59.1372311+09:00       "rolledBack": 0,
2026-06-17T04:32:59.1372311+09:00       "skippedCap": 0,
2026-06-17T04:32:59.1416539+09:00       "dryRun": false,
2026-06-17T04:32:59.1416539+09:00       "actions": []
2026-06-17T04:32:59.1416539+09:00     }
2026-06-17T04:32:59.1475776+09:00   },
2026-06-17T04:32:59.1496347+09:00   "dispatch": {
2026-06-17T04:32:59.1516348+09:00     "claimed": 1,
2026-06-17T04:32:59.1526323+09:00     "done": 1,
2026-06-17T04:32:59.1549453+09:00     "failed": 0
2026-06-17T04:32:59.1559435+09:00   },
2026-06-17T04:32:59.1579436+09:00   "step4_poll": {
2026-06-17T04:32:59.1589423+09:00     "scanned": 16,
2026-06-17T04:32:59.1609438+09:00     "awaiting": 1,
2026-06-17T04:32:59.1622445+09:00     "polled": 0,
2026-06-17T04:32:59.1622445+09:00     "picks_applied": 0,
2026-06-17T04:32:59.1670773+09:00     "pick_errors": 0,
2026-06-17T04:32:59.1670773+09:00     "timeouts": 0,
2026-06-17T04:32:59.1670773+09:00     "skipped": 0,
2026-06-17T04:32:59.1670773+09:00     "results": [
2026-06-17T04:32:59.1722883+09:00       {
2026-06-17T04:32:59.1722883+09:00         "task_id": "daily-20260616-r03",
2026-06-17T04:32:59.1773041+09:00         "result": {
2026-06-17T04:32:59.1793649+09:00           "outcome": "no_new_messages"
2026-06-17T04:32:59.1814330+09:00         }
2026-06-17T04:32:59.1825457+09:00       }
2026-06-17T04:32:59.1845524+09:00     ]
2026-06-17T04:32:59.1855518+09:00   },
2026-06-17T04:32:59.1872275+09:00   "step7_retry_poll": {
2026-06-17T04:32:59.1872275+09:00     "scanned": 16,
2026-06-17T04:32:59.1872275+09:00     "eligible": 12,
2026-06-17T04:32:59.1919164+09:00     "polled": 0,
2026-06-17T04:32:59.1919164+09:00     "retries_triggered": 0,
2026-06-17T04:32:59.1919164+09:00     "retry_errors": 0,
2026-06-17T04:32:59.1972796+09:00     "skipped": 0,
2026-06-17T04:32:59.1972796+09:00     "results": []
2026-06-17T04:32:59.1972796+09:00   }
2026-06-17T04:32:59.2025687+09:00 }
2026-06-17T04:32:59.2025687+09:00 OK run-once finished
2026-06-17T04:37:52.8207010+09:00 START dispatch-run-once
2026-06-17T04:37:53.2129939+09:00 
2026-06-17T04:37:53.2139944+09:00 > orchestrator
2026-06-17T04:37:53.2139944+09:00 > tsx src/cli/orchestrator.ts run-once --limit 10
2026-06-17T04:37:53.2190104+09:00 
2026-06-17T04:37:57.9867052+09:00 {
2026-06-17T04:37:57.9891443+09:00   "ensure_daily": {
2026-06-17T04:37:57.9919744+09:00     "runs": [
2026-06-17T04:37:57.9941195+09:00       {
2026-06-17T04:37:57.9962257+09:00         "run_id": "r01",
2026-06-17T04:37:57.9984854+09:00         "action": "not_due",
2026-06-17T04:37:58.0006044+09:00         "taskId": "daily-20260617-r01",
2026-06-17T04:37:58.0026534+09:00         "reason": "jst_hour=4"
2026-06-17T04:37:58.0046607+09:00       },
2026-06-17T04:37:58.0225300+09:00       {
2026-06-17T04:37:58.0270366+09:00         "run_id": "r02",
2026-06-17T04:37:58.0270366+09:00         "action": "not_due",
2026-06-17T04:37:58.0270366+09:00         "taskId": "daily-20260617-r02",
2026-06-17T04:37:58.0323491+09:00         "reason": "jst_hour=4"
2026-06-17T04:37:58.0323491+09:00       },
2026-06-17T04:37:58.0383918+09:00       {
2026-06-17T04:37:58.0411000+09:00         "run_id": "r03",
2026-06-17T04:37:58.0426224+09:00         "action": "not_due",
2026-06-17T04:37:58.0443543+09:00         "taskId": "daily-20260617-r03",
2026-06-17T04:37:58.0464067+09:00         "reason": "jst_hour=4"
2026-06-17T04:37:58.0473613+09:00       }
2026-06-17T04:37:58.0473613+09:00     ]
2026-06-17T04:37:58.0473613+09:00   },
2026-06-17T04:37:58.0525260+09:00   "reconcile": {
2026-06-17T04:37:58.0525260+09:00     "resetProcessing": 0,
2026-06-17T04:37:58.0525260+09:00     "inserted": 1,
2026-06-17T04:37:58.0577493+09:00     "scanned": 16,
2026-06-17T04:37:58.0577493+09:00     "stale": {
2026-06-17T04:37:58.0577493+09:00       "scanned": 16,
2026-06-17T04:37:58.0577493+09:00       "staleDetected": 0,
2026-06-17T04:37:58.0632238+09:00       "rolledBack": 0,
2026-06-17T04:37:58.0661834+09:00       "skippedCap": 0,
2026-06-17T04:37:58.0682471+09:00       "dryRun": false,
2026-06-17T04:37:58.0702448+09:00       "actions": []
2026-06-17T04:37:58.0712464+09:00     }
2026-06-17T04:37:58.0736044+09:00   },
2026-06-17T04:37:58.0745752+09:00   "dispatch": {
2026-06-17T04:37:58.0766040+09:00     "claimed": 1,
2026-06-17T04:37:58.0775767+09:00     "done": 1,
2026-06-17T04:37:58.0786040+09:00     "failed": 0
2026-06-17T04:37:58.0805905+09:00   },
2026-06-17T04:37:58.0805905+09:00   "step4_poll": {
2026-06-17T04:37:58.0805905+09:00     "scanned": 16,
2026-06-17T04:37:58.0857220+09:00     "awaiting": 1,
2026-06-17T04:37:58.0857220+09:00     "polled": 0,
2026-06-17T04:37:58.0882295+09:00     "picks_applied": 0,
2026-06-17T04:37:58.0900645+09:00     "pick_errors": 0,
2026-06-17T04:37:58.0917694+09:00     "timeouts": 0,
2026-06-17T04:37:58.0928625+09:00     "skipped": 0,
2026-06-17T04:37:58.0944358+09:00     "results": [
2026-06-17T04:37:58.0964809+09:00       {
2026-06-17T04:37:58.0984730+09:00         "task_id": "daily-20260616-r03",
2026-06-17T04:37:58.0995134+09:00         "result": {
2026-06-17T04:37:58.1015200+09:00           "outcome": "no_new_messages"
2026-06-17T04:37:58.1025194+09:00         }
2026-06-17T04:37:58.1035186+09:00       }
2026-06-17T04:37:58.1055197+09:00     ]
2026-06-17T04:37:58.1060703+09:00   },
2026-06-17T04:37:58.1060703+09:00   "step7_retry_poll": {
2026-06-17T04:37:58.1060703+09:00     "scanned": 16,
2026-06-17T04:37:58.1105323+09:00     "eligible": 12,
2026-06-17T04:37:58.1105323+09:00     "polled": 0,
2026-06-17T04:37:58.1105323+09:00     "retries_triggered": 0,
2026-06-17T04:37:58.1156267+09:00     "retry_errors": 0,
2026-06-17T04:37:58.1156267+09:00     "skipped": 0,
2026-06-17T04:37:58.1156267+09:00     "results": []
2026-06-17T04:37:58.1156267+09:00   }
2026-06-17T04:37:58.1208378+09:00 }
2026-06-17T04:37:58.1208378+09:00 OK run-once finished
2026-06-17T04:42:52.1103176+09:00 START dispatch-run-once
2026-06-17T04:42:52.4950438+09:00 
2026-06-17T04:42:52.4950438+09:00 > orchestrator
2026-06-17T04:42:52.5001165+09:00 > tsx src/cli/orchestrator.ts run-once --limit 10
2026-06-17T04:42:52.5001165+09:00 
2026-06-17T04:42:58.2998187+09:00 {
2026-06-17T04:42:58.2998187+09:00   "ensure_daily": {
2026-06-17T04:42:58.3042391+09:00     "runs": [
2026-06-17T04:42:58.3062481+09:00       {
2026-06-17T04:42:58.3101509+09:00         "run_id": "r01",
2026-06-17T04:42:58.3122347+09:00         "action": "not_due",
2026-06-17T04:42:58.3142004+09:00         "taskId": "daily-20260617-r01",
2026-06-17T04:42:58.3159179+09:00         "reason": "jst_hour=4"
2026-06-17T04:42:58.3179971+09:00       },
2026-06-17T04:42:58.3388038+09:00       {
2026-06-17T04:42:58.3408565+09:00         "run_id": "r02",
2026-06-17T04:42:58.3440067+09:00         "action": "not_due",
2026-06-17T04:42:58.3460083+09:00         "taskId": "daily-20260617-r02",
2026-06-17T04:42:58.3480092+09:00         "reason": "jst_hour=4"
2026-06-17T04:42:58.3499032+09:00       },
2026-06-17T04:42:58.3541702+09:00       {
2026-06-17T04:42:58.3541702+09:00         "run_id": "r03",
2026-06-17T04:42:58.3573472+09:00         "action": "not_due",
2026-06-17T04:42:58.3593554+09:00         "taskId": "daily-20260617-r03",
2026-06-17T04:42:58.3613623+09:00         "reason": "jst_hour=4"
2026-06-17T04:42:58.3643592+09:00       }
2026-06-17T04:42:58.3680577+09:00     ]
2026-06-17T04:42:58.3700599+09:00   },
2026-06-17T04:42:58.3720696+09:00   "reconcile": {
2026-06-17T04:42:58.3740695+09:00     "resetProcessing": 0,
2026-06-17T04:42:58.3740695+09:00     "inserted": 1,
2026-06-17T04:42:58.3740695+09:00     "scanned": 16,
2026-06-17T04:42:58.3794769+09:00     "stale": {
2026-06-17T04:42:58.3821585+09:00       "scanned": 16,
2026-06-17T04:42:58.3851780+09:00       "staleDetected": 0,
2026-06-17T04:42:58.3894993+09:00       "rolledBack": 0,
2026-06-17T04:42:58.3960483+09:00       "skippedCap": 0,
2026-06-17T04:42:58.3980469+09:00       "dryRun": false,
2026-06-17T04:42:58.4003230+09:00       "actions": []
2026-06-17T04:42:58.4023244+09:00     }
2026-06-17T04:42:58.4043228+09:00   },
2026-06-17T04:42:58.4063218+09:00   "dispatch": {
2026-06-17T04:42:58.4073221+09:00     "claimed": 1,
2026-06-17T04:42:58.4101149+09:00     "done": 1,
2026-06-17T04:42:58.4126606+09:00     "failed": 0
2026-06-17T04:42:58.4126606+09:00   },
2026-06-17T04:42:58.4180198+09:00   "step4_poll": {
2026-06-17T04:42:58.4180198+09:00     "scanned": 16,
2026-06-17T04:42:58.4180198+09:00     "awaiting": 1,
2026-06-17T04:42:58.4286711+09:00     "polled": 0,
2026-06-17T04:42:58.4306706+09:00     "picks_applied": 0,
2026-06-17T04:42:58.4326722+09:00     "pick_errors": 0,
2026-06-17T04:42:58.4348680+09:00     "timeouts": 0,
2026-06-17T04:42:58.4358646+09:00     "skipped": 0,
2026-06-17T04:42:58.4378646+09:00     "results": [
2026-06-17T04:42:58.4418919+09:00       {
2026-06-17T04:42:58.4429211+09:00         "task_id": "daily-20260616-r03",
2026-06-17T04:42:58.4456144+09:00         "result": {
2026-06-17T04:42:58.4479816+09:00           "outcome": "no_new_messages"
2026-06-17T04:42:58.4479816+09:00         }
2026-06-17T04:42:58.4533538+09:00       }
2026-06-17T04:42:58.4553560+09:00     ]
2026-06-17T04:42:58.4586210+09:00   },
2026-06-17T04:42:58.4607428+09:00   "step7_retry_poll": {
2026-06-17T04:42:58.4627425+09:00     "scanned": 16,
2026-06-17T04:42:58.4647421+09:00     "eligible": 12,
2026-06-17T04:42:58.4679495+09:00     "polled": 0,
2026-06-17T04:42:58.4679495+09:00     "retries_triggered": 0,
2026-06-17T04:42:58.4711981+09:00     "retry_errors": 0,
2026-06-17T04:42:58.4732057+09:00     "skipped": 0,
2026-06-17T04:42:58.4762252+09:00     "results": []
2026-06-17T04:42:58.4762252+09:00   }
2026-06-17T04:42:58.4801386+09:00 }
2026-06-17T04:42:58.4836391+09:00 OK run-once finished
2026-06-17T04:47:51.6473945+09:00 START dispatch-run-once
2026-06-17T04:47:52.0305709+09:00 
2026-06-17T04:47:52.0315791+09:00 > orchestrator
2026-06-17T04:47:52.0350812+09:00 > tsx src/cli/orchestrator.ts run-once --limit 10
2026-06-17T04:47:52.0371275+09:00 
2026-06-17T04:47:57.8004452+09:00 {
2026-06-17T04:47:57.8126137+09:00   "ensure_daily": {
2026-06-17T04:47:57.8221088+09:00     "runs": [
2026-06-17T04:47:57.8289164+09:00       {
2026-06-17T04:47:57.8353784+09:00         "run_id": "r01",
2026-06-17T04:47:57.8394983+09:00         "action": "not_due",
2026-06-17T04:47:57.8429557+09:00         "taskId": "daily-20260617-r01",
2026-06-17T04:47:57.8471735+09:00         "reason": "jst_hour=4"
2026-06-17T04:47:57.8511679+09:00       },
2026-06-17T04:47:57.8689302+09:00       {
2026-06-17T04:47:57.8709582+09:00         "run_id": "r02",
2026-06-17T04:47:57.8739309+09:00         "action": "not_due",
2026-06-17T04:47:57.8759477+09:00         "taskId": "daily-20260617-r02",
2026-06-17T04:47:57.8759477+09:00         "reason": "jst_hour=4"
2026-06-17T04:47:57.8759477+09:00       },
2026-06-17T04:47:57.8811850+09:00       {
2026-06-17T04:47:57.8852201+09:00         "run_id": "r03",
2026-06-17T04:47:57.8872950+09:00         "action": "not_due",
2026-06-17T04:47:57.8882947+09:00         "taskId": "daily-20260617-r03",
2026-06-17T04:47:57.8901154+09:00         "reason": "jst_hour=4"
2026-06-17T04:47:57.8921222+09:00       }
2026-06-17T04:47:57.8928155+09:00     ]
2026-06-17T04:47:57.8948855+09:00   },
2026-06-17T04:47:57.8958852+09:00   "reconcile": {
2026-06-17T04:47:57.8978854+09:00     "resetProcessing": 0,
2026-06-17T04:47:57.8988856+09:00     "inserted": 1,
2026-06-17T04:47:57.9008864+09:00     "scanned": 16,
2026-06-17T04:47:57.9008864+09:00     "stale": {
2026-06-17T04:47:57.9008864+09:00       "scanned": 16,
2026-06-17T04:47:57.9060524+09:00       "staleDetected": 0,
2026-06-17T04:47:57.9060524+09:00       "rolledBack": 0,
2026-06-17T04:47:57.9060524+09:00       "skippedCap": 0,
2026-06-17T04:47:57.9060524+09:00       "dryRun": false,
2026-06-17T04:47:57.9133704+09:00       "actions": []
2026-06-17T04:47:57.9143690+09:00     }
2026-06-17T04:47:57.9164046+09:00   },
2026-06-17T04:47:57.9178226+09:00   "dispatch": {
2026-06-17T04:47:57.9189147+09:00     "claimed": 1,
2026-06-17T04:47:57.9204202+09:00     "done": 1,
2026-06-17T04:47:57.9214604+09:00     "failed": 0
2026-06-17T04:47:57.9234603+09:00   },
2026-06-17T04:47:57.9244300+09:00   "step4_poll": {
2026-06-17T04:47:57.9261364+09:00     "scanned": 16,
2026-06-17T04:47:57.9261364+09:00     "awaiting": 1,
2026-06-17T04:47:57.9261364+09:00     "polled": 0,
2026-06-17T04:47:57.9308005+09:00     "picks_applied": 0,
2026-06-17T04:47:57.9308005+09:00     "pick_errors": 0,
2026-06-17T04:47:57.9308005+09:00     "timeouts": 0,
2026-06-17T04:47:57.9348802+09:00     "skipped": 0,
2026-06-17T04:47:57.9369231+09:00     "results": [
2026-06-17T04:47:57.9379210+09:00       {
2026-06-17T04:47:57.9389210+09:00         "task_id": "daily-20260616-r03",
2026-06-17T04:47:57.9409209+09:00         "result": {
2026-06-17T04:47:57.9419216+09:00           "outcome": "no_new_messages"
2026-06-17T04:47:57.9438103+09:00         }
2026-06-17T04:47:57.9448111+09:00       }
2026-06-17T04:47:57.9468100+09:00     ]
2026-06-17T04:47:57.9478104+09:00   },
2026-06-17T04:47:57.9488102+09:00   "step7_retry_poll": {
2026-06-17T04:47:57.9508112+09:00     "scanned": 16,
2026-06-17T04:47:57.9508112+09:00     "eligible": 12,
2026-06-17T04:47:57.9508112+09:00     "polled": 0,
2026-06-17T04:47:57.9508112+09:00     "retries_triggered": 0,
2026-06-17T04:47:57.9558235+09:00     "retry_errors": 0,
2026-06-17T04:47:57.9558235+09:00     "skipped": 0,
2026-06-17T04:47:57.9598817+09:00     "results": []
2026-06-17T04:47:57.9619301+09:00   }
2026-06-17T04:47:57.9629300+09:00 }
2026-06-17T04:47:57.9649300+09:00 OK run-once finished
2026-06-17T04:52:52.9635643+09:00 START dispatch-run-once
2026-06-17T04:52:53.3421650+09:00 
2026-06-17T04:52:53.3441651+09:00 > orchestrator
2026-06-17T04:52:53.3458589+09:00 > tsx src/cli/orchestrator.ts run-once --limit 10
2026-06-17T04:52:53.3478583+09:00 
2026-06-17T04:52:59.1039762+09:00 {
2026-06-17T04:52:59.1071370+09:00   "ensure_daily": {
2026-06-17T04:52:59.1091382+09:00     "runs": [
2026-06-17T04:52:59.1111361+09:00       {
2026-06-17T04:52:59.1111361+09:00         "run_id": "r01",
2026-06-17T04:52:59.1162733+09:00         "action": "not_due",
2026-06-17T04:52:59.1162733+09:00         "taskId": "daily-20260617-r01",
2026-06-17T04:52:59.1211562+09:00         "reason": "jst_hour=4"
2026-06-17T04:52:59.1231566+09:00       },
2026-06-17T04:52:59.1415005+09:00       {
2026-06-17T04:52:59.1469491+09:00         "run_id": "r02",
2026-06-17T04:52:59.1489606+09:00         "action": "not_due",
2026-06-17T04:52:59.1519498+09:00         "taskId": "daily-20260617-r02",
2026-06-17T04:52:59.1529272+09:00         "reason": "jst_hour=4"
2026-06-17T04:52:59.1560638+09:00       },
2026-06-17T04:52:59.1580617+09:00       {
2026-06-17T04:52:59.1600647+09:00         "run_id": "r03",
2026-06-17T04:52:59.1610620+09:00         "action": "not_due",
2026-06-17T04:52:59.1610620+09:00         "taskId": "daily-20260617-r03",
2026-06-17T04:52:59.1610620+09:00         "reason": "jst_hour=4"
2026-06-17T04:52:59.1674753+09:00       }
2026-06-17T04:52:59.1696647+09:00     ]
2026-06-17T04:52:59.1711573+09:00   },
2026-06-17T04:52:59.1721281+09:00   "reconcile": {
2026-06-17T04:52:59.1741291+09:00     "resetProcessing": 0,
2026-06-17T04:52:59.1751276+09:00     "inserted": 1,
2026-06-17T04:52:59.1761279+09:00     "scanned": 16,
2026-06-17T04:52:59.1779134+09:00     "stale": {
2026-06-17T04:52:59.1799831+09:00       "scanned": 16,
2026-06-17T04:52:59.1809831+09:00       "staleDetected": 0,
2026-06-17T04:52:59.1839843+09:00       "rolledBack": 0,
2026-06-17T04:52:59.1859858+09:00       "skippedCap": 0,
2026-06-17T04:52:59.1859858+09:00       "dryRun": false,
2026-06-17T04:52:59.1859858+09:00       "actions": []
2026-06-17T04:52:59.1859858+09:00     }
2026-06-17T04:52:59.1910985+09:00   },
2026-06-17T04:52:59.1910985+09:00   "dispatch": {
2026-06-17T04:52:59.1910985+09:00     "claimed": 1,
2026-06-17T04:52:59.1910985+09:00     "done": 1,
2026-06-17T04:52:59.1971884+09:00     "failed": 0
2026-06-17T04:52:59.1992330+09:00   },
2026-06-17T04:52:59.2002332+09:00   "step4_poll": {
2026-06-17T04:52:59.2012320+09:00     "scanned": 16,
2026-06-17T04:52:59.2029123+09:00     "awaiting": 1,
2026-06-17T04:52:59.2039793+09:00     "polled": 0,
2026-06-17T04:52:59.2059801+09:00     "picks_applied": 0,
2026-06-17T04:52:59.2069798+09:00     "pick_errors": 0,
2026-06-17T04:52:59.2089792+09:00     "timeouts": 0,
2026-06-17T04:52:59.2099800+09:00     "skipped": 0,
2026-06-17T04:52:59.2109791+09:00     "results": [
2026-06-17T04:52:59.2109791+09:00       {
2026-06-17T04:52:59.2109791+09:00         "task_id": "daily-20260616-r03",
2026-06-17T04:52:59.2162001+09:00         "result": {
2026-06-17T04:52:59.2162001+09:00           "outcome": "no_new_messages"
2026-06-17T04:52:59.2162001+09:00         }
2026-06-17T04:52:59.2162001+09:00       }
2026-06-17T04:52:59.2215124+09:00     ]
2026-06-17T04:52:59.2215124+09:00   },
2026-06-17T04:52:59.2215124+09:00   "step7_retry_poll": {
2026-06-17T04:52:59.2215124+09:00     "scanned": 16,
2026-06-17T04:52:59.2285230+09:00     "eligible": 12,
2026-06-17T04:52:59.2305213+09:00     "polled": 0,
2026-06-17T04:52:59.2315263+09:00     "retries_triggered": 0,
2026-06-17T04:52:59.2335269+09:00     "retry_errors": 0,
2026-06-17T04:52:59.2345271+09:00     "skipped": 0,
2026-06-17T04:52:59.2365291+09:00     "results": []
2026-06-17T04:52:59.2375265+09:00   }
2026-06-17T04:52:59.2387328+09:00 }
2026-06-17T04:52:59.2407323+09:00 OK run-once finished
2026-06-17T04:57:51.6193618+09:00 START dispatch-run-once
2026-06-17T04:57:52.0082525+09:00 
2026-06-17T04:57:52.0102550+09:00 > orchestrator
2026-06-17T04:57:52.0122533+09:00 > tsx src/cli/orchestrator.ts run-once --limit 10
2026-06-17T04:57:52.0136162+09:00 
2026-06-17T04:57:57.8712832+09:00 {
2026-06-17T04:57:57.8764010+09:00   "ensure_daily": {
2026-06-17T04:57:57.8764010+09:00     "runs": [
2026-06-17T04:57:57.8764010+09:00       {
2026-06-17T04:57:57.8827083+09:00         "run_id": "r01",
2026-06-17T04:57:57.8857682+09:00         "action": "not_due",
2026-06-17T04:57:57.8877656+09:00         "taskId": "daily-20260617-r01",
2026-06-17T04:57:57.8892130+09:00         "reason": "jst_hour=4"
2026-06-17T04:57:57.8912204+09:00       },
2026-06-17T04:57:57.9101232+09:00       {
2026-06-17T04:57:57.9121212+09:00         "run_id": "r02",
2026-06-17T04:57:57.9142306+09:00         "action": "not_due",
2026-06-17T04:57:57.9162298+09:00         "taskId": "daily-20260617-r02",
2026-06-17T04:57:57.9182285+09:00         "reason": "jst_hour=4"
2026-06-17T04:57:57.9192348+09:00       },
2026-06-17T04:57:57.9212273+09:00       {
2026-06-17T04:57:57.9212273+09:00         "run_id": "r03",
2026-06-17T04:57:57.9263654+09:00         "action": "not_due",
2026-06-17T04:57:57.9263654+09:00         "taskId": "daily-20260617-r03",
2026-06-17T04:57:57.9304331+09:00         "reason": "jst_hour=4"
2026-06-17T04:57:57.9324881+09:00       }
2026-06-17T04:57:57.9344874+09:00     ]
2026-06-17T04:57:57.9364883+09:00   },
2026-06-17T04:57:57.9381263+09:00   "reconcile": {
2026-06-17T04:57:57.9391991+09:00     "resetProcessing": 0,
2026-06-17T04:57:57.9401966+09:00     "inserted": 1,
2026-06-17T04:57:57.9428523+09:00     "scanned": 16,
2026-06-17T04:57:57.9444095+09:00     "stale": {
2026-06-17T04:57:57.9454394+09:00       "scanned": 16,
2026-06-17T04:57:57.9475326+09:00       "staleDetected": 0,
2026-06-17T04:57:57.9495306+09:00       "rolledBack": 0,
2026-06-17T04:57:57.9505324+09:00       "skippedCap": 0,
2026-06-17T04:57:57.9535321+09:00       "dryRun": false,
2026-06-17T04:57:57.9545326+09:00       "actions": []
2026-06-17T04:57:57.9545326+09:00     }
2026-06-17T04:57:57.9545326+09:00   },
2026-06-17T04:57:57.9597856+09:00   "dispatch": {
2026-06-17T04:57:57.9597856+09:00     "claimed": 1,
2026-06-17T04:57:57.9597856+09:00     "done": 1,
2026-06-17T04:57:57.9597856+09:00     "failed": 0
2026-06-17T04:57:57.9657751+09:00   },
2026-06-17T04:57:57.9678279+09:00   "step4_poll": {
2026-06-17T04:57:57.9688268+09:00     "scanned": 16,
2026-06-17T04:57:57.9708267+09:00     "awaiting": 1,
2026-06-17T04:57:57.9725533+09:00     "polled": 0,
2026-06-17T04:57:57.9735532+09:00     "picks_applied": 0,
2026-06-17T04:57:57.9745584+09:00     "pick_errors": 0,
2026-06-17T04:57:57.9765584+09:00     "timeouts": 0,
2026-06-17T04:57:57.9775577+09:00     "skipped": 0,
2026-06-17T04:57:57.9785585+09:00     "results": [
2026-06-17T04:57:57.9795583+09:00       {
2026-06-17T04:57:57.9795583+09:00         "task_id": "daily-20260616-r03",
2026-06-17T04:57:57.9795583+09:00         "result": {
2026-06-17T04:57:57.9848969+09:00           "outcome": "no_new_messages"
2026-06-17T04:57:57.9848969+09:00         }
2026-06-17T04:57:57.9848969+09:00       }
2026-06-17T04:57:57.9894860+09:00     ]
2026-06-17T04:57:57.9894860+09:00   },
2026-06-17T04:57:57.9894860+09:00   "step7_retry_poll": {
2026-06-17T04:57:57.9894860+09:00     "scanned": 16,
2026-06-17T04:57:57.9950389+09:00     "eligible": 12,
2026-06-17T04:57:57.9964069+09:00     "polled": 0,
2026-06-17T04:57:57.9984567+09:00     "retries_triggered": 0,
2026-06-17T04:57:57.9994563+09:00     "retry_errors": 0,
2026-06-17T04:57:58.0004562+09:00     "skipped": 0,
2026-06-17T04:57:58.0024561+09:00     "results": []
2026-06-17T04:57:58.0034594+09:00   }
2026-06-17T04:57:58.0047784+09:00 }
2026-06-17T04:57:58.0047784+09:00 OK run-once finished
2026-06-17T05:02:52.4182759+09:00 START dispatch-run-once
2026-06-17T05:02:52.8983966+09:00 
2026-06-17T05:02:52.9004860+09:00 > orchestrator
2026-06-17T05:02:52.9024568+09:00 > tsx src/cli/orchestrator.ts run-once --limit 10
2026-06-17T05:02:52.9044565+09:00 
2026-06-17T05:02:58.7150704+09:00 {
2026-06-17T05:02:58.7195895+09:00   "ensure_daily": {
2026-06-17T05:02:58.7195895+09:00     "runs": [
2026-06-17T05:02:58.7248222+09:00       {
2026-06-17T05:02:58.7268235+09:00         "run_id": "r01",
2026-06-17T05:02:58.7288232+09:00         "action": "not_due",
2026-06-17T05:02:58.7308194+09:00         "taskId": "daily-20260617-r01",
2026-06-17T05:02:58.7327607+09:00         "reason": "jst_hour=5"
2026-06-17T05:02:58.7347646+09:00       },
2026-06-17T05:02:58.7540536+09:00       {
2026-06-17T05:02:58.7570543+09:00         "run_id": "r02",
2026-06-17T05:02:58.7594293+09:00         "action": "not_due",
2026-06-17T05:02:58.7614574+09:00         "taskId": "daily-20260617-r02",
2026-06-17T05:02:58.7644570+09:00         "reason": "jst_hour=5"
2026-06-17T05:02:58.7654543+09:00       },
2026-06-17T05:02:58.7654543+09:00       {
2026-06-17T05:02:58.7706907+09:00         "run_id": "r03",
2026-06-17T05:02:58.7740238+09:00         "action": "not_due",
2026-06-17T05:02:58.7760835+09:00         "taskId": "daily-20260617-r03",
2026-06-17T05:02:58.7780839+09:00         "reason": "jst_hour=5"
2026-06-17T05:02:58.7800871+09:00       }
2026-06-17T05:02:58.7828165+09:00     ]
2026-06-17T05:02:58.7848002+09:00   },
2026-06-17T05:02:58.7857995+09:00   "reconcile": {
2026-06-17T05:02:58.7878009+09:00     "resetProcessing": 0,
2026-06-17T05:02:58.7898034+09:00     "inserted": 1,
2026-06-17T05:02:58.7898034+09:00     "scanned": 16,
2026-06-17T05:02:58.7898034+09:00     "stale": {
2026-06-17T05:02:58.7949818+09:00       "scanned": 16,
2026-06-17T05:02:58.7949818+09:00       "staleDetected": 0,
2026-06-17T05:02:58.7949818+09:00       "rolledBack": 0,
2026-06-17T05:02:58.8012331+09:00       "skippedCap": 0,
2026-06-17T05:02:58.8042931+09:00       "dryRun": false,
2026-06-17T05:02:58.8062929+09:00       "actions": []
2026-06-17T05:02:58.8077265+09:00     }
2026-06-17T05:02:58.8097267+09:00   },
2026-06-17T05:02:58.8107268+09:00   "dispatch": {
2026-06-17T05:02:58.8117264+09:00     "claimed": 1,
2026-06-17T05:02:58.8137263+09:00     "done": 1,
2026-06-17T05:02:58.8147257+09:00     "failed": 0
2026-06-17T05:02:58.8147257+09:00   },
2026-06-17T05:02:58.8147257+09:00   "step4_poll": {
2026-06-17T05:02:58.8197331+09:00     "scanned": 16,
2026-06-17T05:02:58.8197331+09:00     "awaiting": 1,
2026-06-17T05:02:58.8197331+09:00     "polled": 0,
2026-06-17T05:02:58.8249344+09:00     "picks_applied": 0,
2026-06-17T05:02:58.8249344+09:00     "pick_errors": 0,
2026-06-17T05:02:58.8298114+09:00     "timeouts": 0,
2026-06-17T05:02:58.8316031+09:00     "skipped": 0,
2026-06-17T05:02:58.8336764+09:00     "results": [
2026-06-17T05:02:58.8346769+09:00       {
2026-06-17T05:02:58.8366777+09:00         "task_id": "daily-20260616-r03",
2026-06-17T05:02:58.8376780+09:00         "result": {
2026-06-17T05:02:58.8396768+09:00           "outcome": "no_new_messages"
2026-06-17T05:02:58.8399770+09:00         }
2026-06-17T05:02:58.8399770+09:00       }
2026-06-17T05:02:58.8399770+09:00     ]
2026-06-17T05:02:58.8447033+09:00   },
2026-06-17T05:02:58.8447033+09:00   "step7_retry_poll": {
2026-06-17T05:02:58.8447033+09:00     "scanned": 16,
2026-06-17T05:02:58.8497300+09:00     "eligible": 12,
2026-06-17T05:02:58.8497300+09:00     "polled": 0,
2026-06-17T05:02:58.8497300+09:00     "retries_triggered": 0,
2026-06-17T05:02:58.8549904+09:00     "retry_errors": 0,
2026-06-17T05:02:58.8549904+09:00     "skipped": 0,
2026-06-17T05:02:58.8549904+09:00     "results": []
2026-06-17T05:02:58.8603397+09:00   }
2026-06-17T05:02:58.8623891+09:00 }
2026-06-17T05:02:58.8643901+09:00 OK run-once finished
2026-06-17T05:07:52.4677602+09:00 START dispatch-run-once
2026-06-17T05:07:52.8506444+09:00 
2026-06-17T05:07:52.8527008+09:00 > orchestrator
2026-06-17T05:07:52.8547104+09:00 > tsx src/cli/orchestrator.ts run-once --limit 10
2026-06-17T05:07:52.8567085+09:00 
2026-06-17T05:07:57.8890790+09:00 {
2026-06-17T05:07:57.8918411+09:00   "ensure_daily": {
2026-06-17T05:07:57.8918411+09:00     "runs": [
2026-06-17T05:07:57.8963424+09:00       {
2026-06-17T05:07:57.9001946+09:00         "run_id": "r01",
2026-06-17T05:07:57.9028409+09:00         "action": "not_due",
2026-06-17T05:07:57.9048441+09:00         "taskId": "daily-20260617-r01",
2026-06-17T05:07:57.9068400+09:00         "reason": "jst_hour=5"
2026-06-17T05:07:57.9084951+09:00       },
2026-06-17T05:07:57.9268318+09:00       {
2026-06-17T05:07:57.9287992+09:00         "run_id": "r02",
2026-06-17T05:07:57.9307990+09:00         "action": "not_due",
2026-06-17T05:07:57.9327997+09:00         "taskId": "daily-20260617-r02",
2026-06-17T05:07:57.9356005+09:00         "reason": "jst_hour=5"
2026-06-17T05:07:57.9376006+09:00       },
2026-06-17T05:07:57.9392354+09:00       {
2026-06-17T05:07:57.9402710+09:00         "run_id": "r03",
2026-06-17T05:07:57.9418035+09:00         "action": "not_due",
2026-06-17T05:07:57.9438578+09:00         "taskId": "daily-20260617-r03",
2026-06-17T05:07:57.9448573+09:00         "reason": "jst_hour=5"
2026-06-17T05:07:57.9458572+09:00       }
2026-06-17T05:07:57.9478571+09:00     ]
2026-06-17T05:07:57.9488573+09:00   },
2026-06-17T05:07:57.9502029+09:00   "reconcile": {
2026-06-17T05:07:57.9526965+09:00     "resetProcessing": 0,
2026-06-17T05:07:57.9526965+09:00     "inserted": 1,
2026-06-17T05:07:57.9552264+09:00     "scanned": 16,
2026-06-17T05:07:57.9552264+09:00     "stale": {
2026-06-17T05:07:57.9552264+09:00       "scanned": 16,
2026-06-17T05:07:57.9608293+09:00       "staleDetected": 0,
2026-06-17T05:07:57.9633557+09:00       "rolledBack": 0,
2026-06-17T05:07:57.9643556+09:00       "skippedCap": 0,
2026-06-17T05:07:57.9663553+09:00       "dryRun": false,
2026-06-17T05:07:57.9678914+09:00       "actions": []
2026-06-17T05:07:57.9688953+09:00     }
2026-06-17T05:07:57.9702082+09:00   },
2026-06-17T05:07:57.9722496+09:00   "dispatch": {
2026-06-17T05:07:57.9732148+09:00     "claimed": 1,
2026-06-17T05:07:57.9751483+09:00     "done": 1,
2026-06-17T05:07:57.9751483+09:00     "failed": 0
2026-06-17T05:07:57.9751483+09:00   },
2026-06-17T05:07:57.9796997+09:00   "step4_poll": {
2026-06-17T05:07:57.9796997+09:00     "scanned": 16,
2026-06-17T05:07:57.9796997+09:00     "awaiting": 1,
2026-06-17T05:07:57.9847269+09:00     "polled": 0,
2026-06-17T05:07:57.9847269+09:00     "picks_applied": 0,
2026-06-17T05:07:57.9847269+09:00     "pick_errors": 0,
2026-06-17T05:07:57.9899196+09:00     "timeouts": 0,
2026-06-17T05:07:57.9918297+09:00     "skipped": 0,
2026-06-17T05:07:57.9928917+09:00     "results": [
2026-06-17T05:07:57.9949251+09:00       {
2026-06-17T05:07:57.9958974+09:00         "task_id": "daily-20260616-r03",
2026-06-17T05:07:57.9979304+09:00         "result": {
2026-06-17T05:07:57.9988923+09:00           "outcome": "no_new_messages"
2026-06-17T05:07:57.9998926+09:00         }
2026-06-17T05:07:57.9998926+09:00       }
2026-06-17T05:07:57.9998926+09:00     ]
2026-06-17T05:07:58.0051775+09:00   },
2026-06-17T05:07:58.0051775+09:00   "step7_retry_poll": {
2026-06-17T05:07:58.0051775+09:00     "scanned": 16,
2026-06-17T05:07:58.0051775+09:00     "eligible": 12,
2026-06-17T05:07:58.0103488+09:00     "polled": 0,
2026-06-17T05:07:58.0103488+09:00     "retries_triggered": 0,
2026-06-17T05:07:58.0103488+09:00     "retry_errors": 0,
2026-06-17T05:07:58.0165463+09:00     "skipped": 0,
2026-06-17T05:07:58.0176001+09:00     "results": []
2026-06-17T05:07:58.0196018+09:00   }
2026-06-17T05:07:58.0206355+09:00 }
2026-06-17T05:07:58.0226320+09:00 OK run-once finished
2026-06-17T05:12:53.2008362+09:00 START dispatch-run-once
2026-06-17T05:12:53.5864866+09:00 
2026-06-17T05:12:53.5884878+09:00 > orchestrator
2026-06-17T05:12:53.5904866+09:00 > tsx src/cli/orchestrator.ts run-once --limit 10
2026-06-17T05:12:53.5924867+09:00 
2026-06-17T05:12:59.7984617+09:00 {
2026-06-17T05:12:59.8113448+09:00   "ensure_daily": {
2026-06-17T05:12:59.8188148+09:00     "runs": [
2026-06-17T05:12:59.8225413+09:00       {
2026-06-17T05:12:59.8249946+09:00         "run_id": "r01",
2026-06-17T05:12:59.8249946+09:00         "action": "not_due",
2026-06-17T05:12:59.8300093+09:00         "taskId": "daily-20260617-r01",
2026-06-17T05:12:59.8300093+09:00         "reason": "jst_hour=5"
2026-06-17T05:12:59.8300093+09:00       },
2026-06-17T05:12:59.8517210+09:00       {
2026-06-17T05:12:59.8556370+09:00         "run_id": "r02",
2026-06-17T05:12:59.8571435+09:00         "action": "not_due",
2026-06-17T05:12:59.8591497+09:00         "taskId": "daily-20260617-r02",
2026-06-17T05:12:59.8591497+09:00         "reason": "jst_hour=5"
2026-06-17T05:12:59.8623016+09:00       },
2026-06-17T05:12:59.8623016+09:00       {
2026-06-17T05:12:59.8623016+09:00         "run_id": "r03",
2026-06-17T05:12:59.8693762+09:00         "action": "not_due",
2026-06-17T05:12:59.8713737+09:00         "taskId": "daily-20260617-r03",
2026-06-17T05:12:59.8733741+09:00         "reason": "jst_hour=5"
2026-06-17T05:12:59.8743761+09:00       }
2026-06-17T05:12:59.8754091+09:00     ]
2026-06-17T05:12:59.8773764+09:00   },
2026-06-17T05:12:59.8784085+09:00   "reconcile": {
2026-06-17T05:12:59.8796531+09:00     "resetProcessing": 0,
2026-06-17T05:12:59.8816521+09:00     "inserted": 1,
2026-06-17T05:12:59.8836193+09:00     "scanned": 16,
2026-06-17T05:12:59.8853186+09:00     "stale": {
2026-06-17T05:12:59.8873464+09:00       "scanned": 16,
2026-06-17T05:12:59.8873464+09:00       "staleDetected": 0,
2026-06-17T05:12:59.8898893+09:00       "rolledBack": 0,
2026-06-17T05:12:59.8926624+09:00       "skippedCap": 0,
2026-06-17T05:12:59.8926624+09:00       "dryRun": false,
2026-06-17T05:12:59.8926624+09:00       "actions": []
2026-06-17T05:12:59.8983167+09:00     }
2026-06-17T05:12:59.8999257+09:00   },
2026-06-17T05:12:59.9020140+09:00   "dispatch": {
2026-06-17T05:12:59.9026080+09:00     "claimed": 1,
2026-06-17T05:12:59.9046479+09:00     "done": 1,
2026-06-17T05:12:59.9056511+09:00     "failed": 0
2026-06-17T05:12:59.9076499+09:00   },
2026-06-17T05:12:59.9086148+09:00   "step4_poll": {
2026-06-17T05:12:59.9103297+09:00     "scanned": 16,
2026-06-17T05:12:59.9103297+09:00     "awaiting": 1,
2026-06-17T05:12:59.9103297+09:00     "polled": 0,
2026-06-17T05:12:59.9147764+09:00     "picks_applied": 0,
2026-06-17T05:12:59.9147764+09:00     "pick_errors": 0,
2026-06-17T05:12:59.9147764+09:00     "timeouts": 0,
2026-06-17T05:12:59.9147764+09:00     "skipped": 0,
2026-06-17T05:12:59.9199685+09:00     "results": [
2026-06-17T05:12:59.9199685+09:00       {
2026-06-17T05:12:59.9199685+09:00         "task_id": "daily-20260616-r03",
2026-06-17T05:12:59.9199685+09:00         "result": {
2026-06-17T05:12:59.9272280+09:00           "outcome": "no_new_messages"
2026-06-17T05:12:59.9288758+09:00         }
2026-06-17T05:12:59.9298752+09:00       }
2026-06-17T05:12:59.9318746+09:00     ]
2026-06-17T05:12:59.9328750+09:00   },
2026-06-17T05:12:59.9338731+09:00   "step7_retry_poll": {
2026-06-17T05:12:59.9353001+09:00     "scanned": 16,
2026-06-17T05:12:59.9363201+09:00     "eligible": 12,
2026-06-17T05:12:59.9363201+09:00     "polled": 0,
2026-06-17T05:12:59.9363201+09:00     "retries_triggered": 0,
2026-06-17T05:12:59.9413800+09:00     "retry_errors": 0,
2026-06-17T05:12:59.9413800+09:00     "skipped": 0,
2026-06-17T05:12:59.9413800+09:00     "results": []
2026-06-17T05:12:59.9464045+09:00   }
2026-06-17T05:12:59.9464045+09:00 }
2026-06-17T05:12:59.9464045+09:00 OK run-once finished
2026-06-17T05:17:51.9757844+09:00 START dispatch-run-once
2026-06-17T05:17:52.3831267+09:00 
2026-06-17T05:17:52.3851346+09:00 > orchestrator
2026-06-17T05:17:52.3873440+09:00 > tsx src/cli/orchestrator.ts run-once --limit 10
2026-06-17T05:17:52.3888053+09:00 
2026-06-17T05:17:58.1072255+09:00 {
2026-06-17T05:17:58.1145958+09:00   "ensure_daily": {
2026-06-17T05:17:58.1166117+09:00     "runs": [
2026-06-17T05:17:58.1221644+09:00       {
2026-06-17T05:17:58.1285026+09:00         "run_id": "r01",
2026-06-17T05:17:58.1315809+09:00         "action": "not_due",
2026-06-17T05:17:58.1335784+09:00         "taskId": "daily-20260617-r01",
2026-06-17T05:17:58.1355802+09:00         "reason": "jst_hour=5"
2026-06-17T05:17:58.1557414+09:00       },
2026-06-17T05:17:58.1578022+09:00       {
2026-06-17T05:17:58.1598020+09:00         "run_id": "r02",
2026-06-17T05:17:58.1621850+09:00         "action": "not_due",
2026-06-17T05:17:58.1642659+09:00         "taskId": "daily-20260617-r02",
2026-06-17T05:17:58.1662662+09:00         "reason": "jst_hour=5"
2026-06-17T05:17:58.1682664+09:00       },
2026-06-17T05:17:58.1702656+09:00       {
2026-06-17T05:17:58.1702656+09:00         "run_id": "r03",
2026-06-17T05:17:58.1754356+09:00         "action": "not_due",
2026-06-17T05:17:58.1754356+09:00         "taskId": "daily-20260617-r03",
2026-06-17T05:17:58.1803896+09:00         "reason": "jst_hour=5"
2026-06-17T05:17:58.1823866+09:00       }
2026-06-17T05:17:58.1833930+09:00     ]
2026-06-17T05:17:58.1863920+09:00   },
2026-06-17T05:17:58.1882635+09:00   "reconcile": {
2026-06-17T05:17:58.1902632+09:00     "resetProcessing": 0,
2026-06-17T05:17:58.1922634+09:00     "inserted": 1,
2026-06-17T05:17:58.1939038+09:00     "scanned": 16,
2026-06-17T05:17:58.1965624+09:00     "stale": {
2026-06-17T05:17:58.1988914+09:00       "scanned": 16,
2026-06-17T05:17:58.2008928+09:00       "staleDetected": 0,
2026-06-17T05:17:58.2038534+09:00       "rolledBack": 0,
2026-06-17T05:17:58.2058600+09:00       "skippedCap": 0,
2026-06-17T05:17:58.2078662+09:00       "dryRun": false,
2026-06-17T05:17:58.2098722+09:00       "actions": []
2026-06-17T05:17:58.2098722+09:00     }
2026-06-17T05:17:58.2141446+09:00   },
2026-06-17T05:17:58.2162034+09:00   "dispatch": {
2026-06-17T05:17:58.2181976+09:00     "claimed": 1,
2026-06-17T05:17:58.2191978+09:00     "done": 1,
2026-06-17T05:17:58.2215991+09:00     "failed": 0
2026-06-17T05:17:58.2225994+09:00   },
2026-06-17T05:17:58.2245975+09:00   "step4_poll": {
2026-06-17T05:17:58.2256298+09:00     "scanned": 16,
2026-06-17T05:17:58.2275963+09:00     "awaiting": 1,
2026-06-17T05:17:58.2286298+09:00     "polled": 0,
2026-06-17T05:17:58.2286298+09:00     "picks_applied": 0,
2026-06-17T05:17:58.2336689+09:00     "pick_errors": 0,
2026-06-17T05:17:58.2336689+09:00     "timeouts": 0,
2026-06-17T05:17:58.2336689+09:00     "skipped": 0,
2026-06-17T05:17:58.2390212+09:00     "results": [
2026-06-17T05:17:58.2390212+09:00       {
2026-06-17T05:17:58.2390212+09:00         "task_id": "daily-20260616-r03",
2026-06-17T05:17:58.2390212+09:00         "result": {
2026-06-17T05:17:58.2452891+09:00           "outcome": "no_new_messages"
2026-06-17T05:17:58.2473498+09:00         }
2026-06-17T05:17:58.2483499+09:00       }
2026-06-17T05:17:58.2503485+09:00     ]
2026-06-17T05:17:58.2513495+09:00   },
2026-06-17T05:17:58.2533484+09:00   "step7_retry_poll": {
2026-06-17T05:17:58.2543501+09:00     "scanned": 16,
2026-06-17T05:17:58.2565378+09:00     "eligible": 12,
2026-06-17T05:17:58.2575392+09:00     "polled": 0,
2026-06-17T05:17:58.2595377+09:00     "retries_triggered": 0,
2026-06-17T05:17:58.2615393+09:00     "retry_errors": 0,
2026-06-17T05:17:58.2632188+09:00     "skipped": 0,
2026-06-17T05:17:58.2642170+09:00     "results": []
2026-06-17T05:17:58.2642170+09:00   }
2026-06-17T05:17:58.2642170+09:00 }
2026-06-17T05:17:58.2695415+09:00 OK run-once finished
2026-06-17T05:22:52.5778416+09:00 START dispatch-run-once
2026-06-17T05:22:52.9696880+09:00 
2026-06-17T05:22:52.9716887+09:00 > orchestrator
2026-06-17T05:22:52.9736866+09:00 > tsx src/cli/orchestrator.ts run-once --limit 10
2026-06-17T05:22:52.9749218+09:00 
2026-06-17T05:22:58.7716055+09:00 {
2026-06-17T05:22:58.7811456+09:00   "ensure_daily": {
2026-06-17T05:22:58.7908319+09:00     "runs": [
2026-06-17T05:22:58.8009645+09:00       {
2026-06-17T05:22:58.8094328+09:00         "run_id": "r01",
2026-06-17T05:22:58.8141616+09:00         "action": "not_due",
2026-06-17T05:22:58.8192986+09:00         "taskId": "daily-20260617-r01",
2026-06-17T05:22:58.8222905+09:00         "reason": "jst_hour=5"
2026-06-17T05:22:58.8222905+09:00       },
2026-06-17T05:22:58.8474692+09:00       {
2026-06-17T05:22:58.8494731+09:00         "run_id": "r02",
2026-06-17T05:22:58.8514710+09:00         "action": "not_due",
2026-06-17T05:22:58.8534704+09:00         "taskId": "daily-20260617-r02",
2026-06-17T05:22:58.8562018+09:00         "reason": "jst_hour=5"
2026-06-17T05:22:58.8582095+09:00       },
2026-06-17T05:22:58.8602184+09:00       {
2026-06-17T05:22:58.8622254+09:00         "run_id": "r03",
2026-06-17T05:22:58.8622254+09:00         "action": "not_due",
2026-06-17T05:22:58.8673009+09:00         "taskId": "daily-20260617-r03",
2026-06-17T05:22:58.8682992+09:00         "reason": "jst_hour=5"
2026-06-17T05:22:58.8703001+09:00       }
2026-06-17T05:22:58.8713051+09:00     ]
2026-06-17T05:22:58.8727268+09:00   },
2026-06-17T05:22:58.8748007+09:00   "reconcile": {
2026-06-17T05:22:58.8758006+09:00     "resetProcessing": 0,
2026-06-17T05:22:58.8776387+09:00     "inserted": 1,
2026-06-17T05:22:58.8796786+09:00     "scanned": 16,
2026-06-17T05:22:58.8806450+09:00     "stale": {
2026-06-17T05:22:58.8806450+09:00       "scanned": 16,
2026-06-17T05:22:58.8806450+09:00       "staleDetected": 0,
2026-06-17T05:22:58.8860743+09:00       "rolledBack": 0,
2026-06-17T05:22:58.8860743+09:00       "skippedCap": 0,
2026-06-17T05:22:58.8860743+09:00       "dryRun": false,
2026-06-17T05:22:58.8914310+09:00       "actions": []
2026-06-17T05:22:58.8914310+09:00     }
2026-06-17T05:22:58.8914310+09:00   },
2026-06-17T05:22:58.8914310+09:00   "dispatch": {
2026-06-17T05:22:58.8967817+09:00     "claimed": 1,
2026-06-17T05:22:58.8967817+09:00     "done": 1,
2026-06-17T05:22:58.8967817+09:00     "failed": 0
2026-06-17T05:22:58.9020812+09:00   },
2026-06-17T05:22:58.9020812+09:00   "step4_poll": {
2026-06-17T05:22:58.9020812+09:00     "scanned": 16,
2026-06-17T05:22:58.9061004+09:00     "awaiting": 1,
2026-06-17T05:22:58.9082262+09:00     "polled": 0,
2026-06-17T05:22:58.9091950+09:00     "picks_applied": 0,
2026-06-17T05:22:58.9102029+09:00     "pick_errors": 0,
2026-06-17T05:22:58.9122257+09:00     "timeouts": 0,
2026-06-17T05:22:58.9141932+09:00     "skipped": 0,
2026-06-17T05:22:58.9154237+09:00     "results": [
2026-06-17T05:22:58.9164374+09:00       {
2026-06-17T05:22:58.9184228+09:00         "task_id": "daily-20260616-r03",
2026-06-17T05:22:58.9194249+09:00         "result": {
2026-06-17T05:22:58.9214590+09:00           "outcome": "no_new_messages"
2026-06-17T05:22:58.9223287+09:00         }
2026-06-17T05:22:58.9223287+09:00       }
2026-06-17T05:22:58.9223287+09:00     ]
2026-06-17T05:22:58.9266437+09:00   },
2026-06-17T05:22:58.9310322+09:00   "step7_retry_poll": {
2026-06-17T05:22:58.9321033+09:00     "scanned": 16,
2026-06-17T05:22:58.9341003+09:00     "eligible": 12,
2026-06-17T05:22:58.9350991+09:00     "polled": 0,
2026-06-17T05:22:58.9360996+09:00     "retries_triggered": 0,
2026-06-17T05:22:58.9380992+09:00     "retry_errors": 0,
2026-06-17T05:22:58.9401320+09:00     "skipped": 0,
2026-06-17T05:22:58.9411330+09:00     "results": []
2026-06-17T05:22:58.9431321+09:00   }
2026-06-17T05:22:58.9441318+09:00 }
2026-06-17T05:22:58.9461323+09:00 OK run-once finished
2026-06-17T05:27:52.0183142+09:00 START dispatch-run-once
2026-06-17T05:27:52.3982955+09:00 
2026-06-17T05:27:52.4003540+09:00 > orchestrator
2026-06-17T05:27:52.4003540+09:00 > tsx src/cli/orchestrator.ts run-once --limit 10
2026-06-17T05:27:52.4003540+09:00 
2026-06-17T05:27:58.1679297+09:00 {
2026-06-17T05:27:58.1768163+09:00   "ensure_daily": {
2026-06-17T05:27:58.1850457+09:00     "runs": [
2026-06-17T05:27:58.1938176+09:00       {
2026-06-17T05:27:58.2036923+09:00         "run_id": "r01",
2026-06-17T05:27:58.2086873+09:00         "action": "not_due",
2026-06-17T05:27:58.2137567+09:00         "taskId": "daily-20260617-r01",
2026-06-17T05:27:58.2198824+09:00         "reason": "jst_hour=5"
2026-06-17T05:27:58.2228823+09:00       },
2026-06-17T05:27:58.2490619+09:00       {
2026-06-17T05:27:58.2513199+09:00         "run_id": "r02",
2026-06-17T05:27:58.2533227+09:00         "action": "not_due",
2026-06-17T05:27:58.2553195+09:00         "taskId": "daily-20260617-r02",
2026-06-17T05:27:58.2576225+09:00         "reason": "jst_hour=5"
2026-06-17T05:27:58.2576225+09:00       },
2026-06-17T05:27:58.2630735+09:00       {
2026-06-17T05:27:58.2630735+09:00         "run_id": "r03",
2026-06-17T05:27:58.2662812+09:00         "action": "not_due",
2026-06-17T05:27:58.2683264+09:00         "taskId": "daily-20260617-r03",
2026-06-17T05:27:58.2689981+09:00         "reason": "jst_hour=5"
2026-06-17T05:27:58.2710047+09:00       }
2026-06-17T05:27:58.2720402+09:00     ]
2026-06-17T05:27:58.2740098+09:00   },
2026-06-17T05:27:58.2762858+09:00   "reconcile": {
2026-06-17T05:27:58.2782859+09:00     "resetProcessing": 0,
2026-06-17T05:27:58.2792849+09:00     "inserted": 1,
2026-06-17T05:27:58.2802853+09:00     "scanned": 16,
2026-06-17T05:27:58.2822849+09:00     "stale": {
2026-06-17T05:27:58.2822849+09:00       "scanned": 16,
2026-06-17T05:27:58.2822849+09:00       "staleDetected": 0,
2026-06-17T05:27:58.2822849+09:00       "rolledBack": 0,
2026-06-17T05:27:58.2877367+09:00       "skippedCap": 0,
2026-06-17T05:27:58.2913036+09:00       "dryRun": false,
2026-06-17T05:27:58.2923458+09:00       "actions": []
2026-06-17T05:27:58.2942744+09:00     }
2026-06-17T05:27:58.2962809+09:00   },
2026-06-17T05:27:58.2972805+09:00   "dispatch": {
2026-06-17T05:27:58.2982810+09:00     "claimed": 1,
2026-06-17T05:27:58.3002346+09:00     "done": 1,
2026-06-17T05:27:58.3017402+09:00     "failed": 0
2026-06-17T05:27:58.3027479+09:00   },
2026-06-17T05:27:58.3047472+09:00   "step4_poll": {
2026-06-17T05:27:58.3057479+09:00     "scanned": 16,
2026-06-17T05:27:58.3075178+09:00     "awaiting": 1,
2026-06-17T05:27:58.3075178+09:00     "polled": 0,
2026-06-17T05:27:58.3075178+09:00     "picks_applied": 0,
2026-06-17T05:27:58.3119325+09:00     "pick_errors": 0,
2026-06-17T05:27:58.3124907+09:00     "timeouts": 0,
2026-06-17T05:27:58.3124907+09:00     "skipped": 0,
2026-06-17T05:27:58.3124907+09:00     "results": [
2026-06-17T05:27:58.3180268+09:00       {
2026-06-17T05:27:58.3190698+09:00         "task_id": "daily-20260616-r03",
2026-06-17T05:27:58.3211053+09:00         "result": {
2026-06-17T05:27:58.3220694+09:00           "outcome": "no_new_messages"
2026-06-17T05:27:58.3230715+09:00         }
2026-06-17T05:27:58.3245574+09:00       }
2026-06-17T05:27:58.3266535+09:00     ]
2026-06-17T05:27:58.3276206+09:00   },
2026-06-17T05:27:58.3286601+09:00   "step7_retry_poll": {
2026-06-17T05:27:58.3306562+09:00     "scanned": 16,
2026-06-17T05:27:58.3316407+09:00     "eligible": 12,
2026-06-17T05:27:58.3331123+09:00     "polled": 0,
2026-06-17T05:27:58.3331123+09:00     "retries_triggered": 0,
2026-06-17T05:27:58.3331123+09:00     "retry_errors": 0,
2026-06-17T05:27:58.3380864+09:00     "skipped": 0,
2026-06-17T05:27:58.3380864+09:00     "results": []
2026-06-17T05:27:58.3380864+09:00   }
2026-06-17T05:27:58.3380864+09:00 }
2026-06-17T05:27:58.3432648+09:00 OK run-once finished
2026-06-17T05:32:52.5644873+09:00 START dispatch-run-once
2026-06-17T05:32:52.9531759+09:00 
2026-06-17T05:32:52.9551761+09:00 > orchestrator
2026-06-17T05:32:52.9571771+09:00 > tsx src/cli/orchestrator.ts run-once --limit 10
2026-06-17T05:32:52.9594921+09:00 
2026-06-17T05:32:58.7617847+09:00 {
2026-06-17T05:32:58.7764288+09:00   "ensure_daily": {
2026-06-17T05:32:58.7868204+09:00     "runs": [
2026-06-17T05:32:58.7982060+09:00       {
2026-06-17T05:32:58.8066692+09:00         "run_id": "r01",
2026-06-17T05:32:58.8149888+09:00         "action": "not_due",
2026-06-17T05:32:58.8245181+09:00         "taskId": "daily-20260617-r01",
2026-06-17T05:32:58.8294935+09:00         "reason": "jst_hour=5"
2026-06-17T05:32:58.8345147+09:00       },
2026-06-17T05:32:58.8550966+09:00       {
2026-06-17T05:32:58.8570959+09:00         "run_id": "r02",
2026-06-17T05:32:58.8598513+09:00         "action": "not_due",
2026-06-17T05:32:58.8619360+09:00         "taskId": "daily-20260617-r02",
2026-06-17T05:32:58.8639310+09:00         "reason": "jst_hour=5"
2026-06-17T05:32:58.8659330+09:00       },
2026-06-17T05:32:58.8677728+09:00       {
2026-06-17T05:32:58.8721359+09:00         "run_id": "r03",
2026-06-17T05:32:58.8721359+09:00         "action": "not_due",
2026-06-17T05:32:58.8741420+09:00         "taskId": "daily-20260617-r03",
2026-06-17T05:32:58.8771539+09:00         "reason": "jst_hour=5"
2026-06-17T05:32:58.8795882+09:00       }
2026-06-17T05:32:58.8810285+09:00     ]
2026-06-17T05:32:58.8830304+09:00   },
2026-06-17T05:32:58.8843660+09:00   "reconcile": {
2026-06-17T05:32:58.8864276+09:00     "resetProcessing": 0,
2026-06-17T05:32:58.8884275+09:00     "inserted": 1,
2026-06-17T05:32:58.8894266+09:00     "scanned": 16,
2026-06-17T05:32:58.8914275+09:00     "stale": {
2026-06-17T05:32:58.8927414+09:00       "scanned": 16,
2026-06-17T05:32:58.8957945+09:00       "staleDetected": 0,
2026-06-17T05:32:58.8975347+09:00       "rolledBack": 0,
2026-06-17T05:32:58.8975347+09:00       "skippedCap": 0,
2026-06-17T05:32:58.8975347+09:00       "dryRun": false,
2026-06-17T05:32:58.9027639+09:00       "actions": []
2026-06-17T05:32:58.9027639+09:00     }
2026-06-17T05:32:58.9027639+09:00   },
2026-06-17T05:32:58.9089526+09:00   "dispatch": {
2026-06-17T05:32:58.9109971+09:00     "claimed": 1,
2026-06-17T05:32:58.9129985+09:00     "done": 1,
2026-06-17T05:32:58.9139972+09:00     "failed": 0
2026-06-17T05:32:58.9159985+09:00   },
2026-06-17T05:32:58.9169977+09:00   "step4_poll": {
2026-06-17T05:32:58.9189982+09:00     "scanned": 16,
2026-06-17T05:32:58.9201955+09:00     "awaiting": 1,
2026-06-17T05:32:58.9222036+09:00     "polled": 0,
2026-06-17T05:32:58.9242048+09:00     "picks_applied": 0,
2026-06-17T05:32:58.9261117+09:00     "pick_errors": 0,
2026-06-17T05:32:58.9281505+09:00     "timeouts": 0,
2026-06-17T05:32:58.9281505+09:00     "skipped": 0,
2026-06-17T05:32:58.9281505+09:00     "results": [
2026-06-17T05:32:58.9281505+09:00       {
2026-06-17T05:32:58.9334779+09:00         "task_id": "daily-20260616-r03",
2026-06-17T05:32:58.9364229+09:00         "result": {
2026-06-17T05:32:58.9384743+09:00           "outcome": "no_new_messages"
2026-06-17T05:32:58.9394744+09:00         }
2026-06-17T05:32:58.9414727+09:00       }
2026-06-17T05:32:58.9424727+09:00     ]
2026-06-17T05:32:58.9447503+09:00   },
2026-06-17T05:32:58.9467524+09:00   "step7_retry_poll": {
2026-06-17T05:32:58.9477497+09:00     "scanned": 16,
2026-06-17T05:32:58.9497468+09:00     "eligible": 12,
2026-06-17T05:32:58.9507499+09:00     "polled": 0,
2026-06-17T05:32:58.9507499+09:00     "retries_triggered": 0,
2026-06-17T05:32:58.9507499+09:00     "retry_errors": 0,
2026-06-17T05:32:58.9560112+09:00     "skipped": 0,
2026-06-17T05:32:58.9560112+09:00     "results": []
2026-06-17T05:32:58.9560112+09:00   }
2026-06-17T05:32:58.9611845+09:00 }
2026-06-17T05:32:58.9611845+09:00 OK run-once finished
2026-06-17T05:37:52.6841997+09:00 START dispatch-run-once
2026-06-17T05:37:53.0689212+09:00 
2026-06-17T05:37:53.0715705+09:00 > orchestrator
2026-06-17T05:37:53.0735691+09:00 > tsx src/cli/orchestrator.ts run-once --limit 10
2026-06-17T05:37:53.0755686+09:00 
2026-06-17T05:37:58.7100944+09:00 {
2026-06-17T05:37:58.7198668+09:00   "ensure_daily": {
2026-06-17T05:37:58.7303922+09:00     "runs": [
2026-06-17T05:37:58.7364748+09:00       {
2026-06-17T05:37:58.7426490+09:00         "run_id": "r01",
2026-06-17T05:37:58.7446418+09:00         "action": "not_due",
2026-06-17T05:37:58.7499748+09:00         "taskId": "daily-20260617-r01",
2026-06-17T05:37:58.7556054+09:00         "reason": "jst_hour=5"
2026-06-17T05:37:58.7579928+09:00       },
2026-06-17T05:37:58.7742944+09:00       {
2026-06-17T05:37:58.7794445+09:00         "run_id": "r02",
2026-06-17T05:37:58.7794445+09:00         "action": "not_due",
2026-06-17T05:37:58.7794445+09:00         "taskId": "daily-20260617-r02",
2026-06-17T05:37:58.7862081+09:00         "reason": "jst_hour=5"
2026-06-17T05:37:58.7882917+09:00       },
2026-06-17T05:37:58.7902861+09:00       {
2026-06-17T05:37:58.7912865+09:00         "run_id": "r03",
2026-06-17T05:37:58.7932866+09:00         "action": "not_due",
2026-06-17T05:37:58.7942862+09:00         "taskId": "daily-20260617-r03",
2026-06-17T05:37:58.7956195+09:00         "reason": "jst_hour=5"
2026-06-17T05:37:58.7956195+09:00       }
2026-06-17T05:37:58.7993915+09:00     ]
2026-06-17T05:37:58.7993915+09:00   },
2026-06-17T05:37:58.8044383+09:00   "reconcile": {
2026-06-17T05:37:58.8044383+09:00     "resetProcessing": 0,
2026-06-17T05:37:58.8044383+09:00     "inserted": 1,
2026-06-17T05:37:58.8044383+09:00     "scanned": 16,
2026-06-17T05:37:58.8098273+09:00     "stale": {
2026-06-17T05:37:58.8098273+09:00       "scanned": 16,
2026-06-17T05:37:58.8098273+09:00       "staleDetected": 0,
2026-06-17T05:37:58.8159012+09:00       "rolledBack": 0,
2026-06-17T05:37:58.8179486+09:00       "skippedCap": 0,
2026-06-17T05:37:58.8189495+09:00       "dryRun": false,
2026-06-17T05:37:58.8209843+09:00       "actions": []
2026-06-17T05:37:58.8219830+09:00     }
2026-06-17T05:37:58.8239841+09:00   },
2026-06-17T05:37:58.8249840+09:00   "dispatch": {
2026-06-17T05:37:58.8269853+09:00     "claimed": 1,
2026-06-17T05:37:58.8278884+09:00     "done": 1,
2026-06-17T05:37:58.8278884+09:00     "failed": 0
2026-06-17T05:37:58.8278884+09:00   },
2026-06-17T05:37:58.8321451+09:00   "step4_poll": {
2026-06-17T05:37:58.8321451+09:00     "scanned": 16,
2026-06-17T05:37:58.8321451+09:00     "awaiting": 1,
2026-06-17T05:37:58.8371709+09:00     "polled": 0,
2026-06-17T05:37:58.8371709+09:00     "picks_applied": 0,
2026-06-17T05:37:58.8371709+09:00     "pick_errors": 0,
2026-06-17T05:37:58.8371709+09:00     "timeouts": 0,
2026-06-17T05:37:58.8427645+09:00     "skipped": 0,
2026-06-17T05:37:58.8445488+09:00     "results": [
2026-06-17T05:37:58.8455683+09:00       {
2026-06-17T05:37:58.8475837+09:00         "task_id": "daily-20260616-r03",
2026-06-17T05:37:58.8485501+09:00         "result": {
2026-06-17T05:37:58.8495847+09:00           "outcome": "no_new_messages"
2026-06-17T05:37:58.8515887+09:00         }
2026-06-17T05:37:58.8528691+09:00       }
2026-06-17T05:37:58.8528691+09:00     ]
2026-06-17T05:37:58.8528691+09:00   },
2026-06-17T05:37:58.8528691+09:00   "step7_retry_poll": {
2026-06-17T05:37:58.8579855+09:00     "scanned": 16,
2026-06-17T05:37:58.8579855+09:00     "eligible": 12,
2026-06-17T05:37:58.8631105+09:00     "polled": 0,
2026-06-17T05:37:58.8637988+09:00     "retries_triggered": 0,
2026-06-17T05:37:58.8658400+09:00     "retry_errors": 0,
2026-06-17T05:37:58.8668415+09:00     "skipped": 0,
2026-06-17T05:37:58.8695642+09:00     "results": []
2026-06-17T05:37:58.8718174+09:00   }
2026-06-17T05:37:58.8738501+09:00 }
2026-06-17T05:37:58.8758484+09:00 OK run-once finished
2026-06-17T05:42:52.7569533+09:00 START dispatch-run-once
2026-06-17T05:42:53.1465394+09:00 
2026-06-17T05:42:53.1465394+09:00 > orchestrator
2026-06-17T05:42:53.1508819+09:00 > tsx src/cli/orchestrator.ts run-once --limit 10
2026-06-17T05:42:53.1508819+09:00 
2026-06-17T05:42:58.9571555+09:00 {
2026-06-17T05:42:58.9635735+09:00   "ensure_daily": {
2026-06-17T05:42:58.9765958+09:00     "runs": [
2026-06-17T05:42:58.9854374+09:00       {
2026-06-17T05:42:58.9906610+09:00         "run_id": "r01",
2026-06-17T05:42:58.9982522+09:00         "action": "not_due",
2026-06-17T05:42:59.0018494+09:00         "taskId": "daily-20260617-r01",
2026-06-17T05:42:59.0046097+09:00         "reason": "jst_hour=5"
2026-06-17T05:42:59.0078269+09:00       },
2026-06-17T05:42:59.0229986+09:00       {
2026-06-17T05:42:59.0293434+09:00         "run_id": "r02",
2026-06-17T05:42:59.0324048+09:00         "action": "not_due",
2026-06-17T05:42:59.0344061+09:00         "taskId": "daily-20260617-r02",
2026-06-17T05:42:59.0364022+09:00         "reason": "jst_hour=5"
2026-06-17T05:42:59.0394016+09:00       },
2026-06-17T05:42:59.0416324+09:00       {
2026-06-17T05:42:59.0436300+09:00         "run_id": "r03",
2026-06-17T05:42:59.0462719+09:00         "action": "not_due",
2026-06-17T05:42:59.0483638+09:00         "taskId": "daily-20260617-r03",
2026-06-17T05:42:59.0505194+09:00         "reason": "jst_hour=5"
2026-06-17T05:42:59.0525205+09:00       }
2026-06-17T05:42:59.0535174+09:00     ]
2026-06-17T05:42:59.0545208+09:00   },
2026-06-17T05:42:59.0545208+09:00   "reconcile": {
2026-06-17T05:42:59.0595539+09:00     "resetProcessing": 0,
2026-06-17T05:42:59.0595539+09:00     "inserted": 1,
2026-06-17T05:42:59.0648302+09:00     "scanned": 16,
2026-06-17T05:42:59.0648302+09:00     "stale": {
2026-06-17T05:42:59.0648302+09:00       "scanned": 16,
2026-06-17T05:42:59.0713390+09:00       "staleDetected": 0,
2026-06-17T05:42:59.0740236+09:00       "rolledBack": 0,
2026-06-17T05:42:59.0755696+09:00       "skippedCap": 0,
2026-06-17T05:42:59.0775794+09:00       "dryRun": false,
2026-06-17T05:42:59.0795800+09:00       "actions": []
2026-06-17T05:42:59.0795800+09:00     }
2026-06-17T05:42:59.0795800+09:00   },
2026-06-17T05:42:59.0847245+09:00   "dispatch": {
2026-06-17T05:42:59.0847245+09:00     "claimed": 1,
2026-06-17T05:42:59.0847245+09:00     "done": 1,
2026-06-17T05:42:59.0899429+09:00     "failed": 0
2026-06-17T05:42:59.0909524+09:00   },
2026-06-17T05:42:59.0909524+09:00   "step4_poll": {
2026-06-17T05:42:59.0952954+09:00     "scanned": 16,
2026-06-17T05:42:59.0952954+09:00     "awaiting": 1,
2026-06-17T05:42:59.0952954+09:00     "polled": 0,
2026-06-17T05:42:59.1010611+09:00     "picks_applied": 0,
2026-06-17T05:42:59.1025031+09:00     "pick_errors": 0,
2026-06-17T05:42:59.1045028+09:00     "timeouts": 0,
2026-06-17T05:42:59.1057664+09:00     "skipped": 0,
2026-06-17T05:42:59.1077666+09:00     "results": [
2026-06-17T05:42:59.1097656+09:00       {
2026-06-17T05:42:59.1130861+09:00         "task_id": "daily-20260616-r03",
2026-06-17T05:42:59.1130861+09:00         "result": {
2026-06-17T05:42:59.1179885+09:00           "outcome": "no_new_messages"
2026-06-17T05:42:59.1179885+09:00         }
2026-06-17T05:42:59.1179885+09:00       }
2026-06-17T05:42:59.1277088+09:00     ]
2026-06-17T05:42:59.1297069+09:00   },
2026-06-17T05:42:59.1327819+09:00   "step7_retry_poll": {
2026-06-17T05:42:59.1347823+09:00     "scanned": 16,
2026-06-17T05:42:59.1367813+09:00     "eligible": 12,
2026-06-17T05:42:59.1377818+09:00     "polled": 0,
2026-06-17T05:42:59.1405752+09:00     "retries_triggered": 0,
2026-06-17T05:42:59.1425814+09:00     "retry_errors": 0,
2026-06-17T05:42:59.1445893+09:00     "skipped": 0,
2026-06-17T05:42:59.1476013+09:00     "results": []
2026-06-17T05:42:59.1476013+09:00   }
2026-06-17T05:42:59.1532469+09:00 }
2026-06-17T05:42:59.1557916+09:00 OK run-once finished
2026-06-17T05:47:51.8460510+09:00 START dispatch-run-once
2026-06-17T05:47:52.2284723+09:00 
2026-06-17T05:47:52.2304419+09:00 > orchestrator
2026-06-17T05:47:52.2314423+09:00 > tsx src/cli/orchestrator.ts run-once --limit 10
2026-06-17T05:47:52.2314423+09:00 
2026-06-17T05:47:57.9018617+09:00 {
2026-06-17T05:47:57.9111419+09:00   "ensure_daily": {
2026-06-17T05:47:57.9204526+09:00     "runs": [
2026-06-17T05:47:57.9309776+09:00       {
2026-06-17T05:47:57.9402935+09:00         "run_id": "r01",
2026-06-17T05:47:57.9458078+09:00         "action": "not_due",
2026-06-17T05:47:57.9458078+09:00         "taskId": "daily-20260617-r01",
2026-06-17T05:47:57.9512164+09:00         "reason": "jst_hour=5"
2026-06-17T05:47:57.9512164+09:00       },
2026-06-17T05:47:57.9729746+09:00       {
2026-06-17T05:47:57.9738134+09:00         "run_id": "r02",
2026-06-17T05:47:57.9738134+09:00         "action": "not_due",
2026-06-17T05:47:57.9792743+09:00         "taskId": "daily-20260617-r02",
2026-06-17T05:47:57.9816512+09:00         "reason": "jst_hour=5"
2026-06-17T05:47:57.9830843+09:00       },
2026-06-17T05:47:57.9850837+09:00       {
2026-06-17T05:47:57.9870828+09:00         "run_id": "r03",
2026-06-17T05:47:57.9890851+09:00         "action": "not_due",
2026-06-17T05:47:57.9914877+09:00         "taskId": "daily-20260617-r03",
2026-06-17T05:47:57.9924526+09:00         "reason": "jst_hour=5"
2026-06-17T05:47:57.9944870+09:00       }
2026-06-17T05:47:57.9954545+09:00     ]
2026-06-17T05:47:57.9964526+09:00   },
2026-06-17T05:47:57.9982628+09:00   "reconcile": {
2026-06-17T05:47:57.9982628+09:00     "resetProcessing": 0,
2026-06-17T05:47:57.9982628+09:00     "inserted": 1,
2026-06-17T05:47:58.0028572+09:00     "scanned": 16,
2026-06-17T05:47:58.0028572+09:00     "stale": {
2026-06-17T05:47:58.0080599+09:00       "scanned": 16,
2026-06-17T05:47:58.0090597+09:00       "staleDetected": 0,
2026-06-17T05:47:58.0110595+09:00       "rolledBack": 0,
2026-06-17T05:47:58.0120591+09:00       "skippedCap": 0,
2026-06-17T05:47:58.0140608+09:00       "dryRun": false,
2026-06-17T05:47:58.0163908+09:00       "actions": []
2026-06-17T05:47:58.0183431+09:00     }
2026-06-17T05:47:58.0193448+09:00   },
2026-06-17T05:47:58.0203429+09:00   "dispatch": {
2026-06-17T05:47:58.0223427+09:00     "claimed": 1,
2026-06-17T05:47:58.0232442+09:00     "done": 1,
2026-06-17T05:47:58.0232442+09:00     "failed": 0
2026-06-17T05:47:58.0232442+09:00   },
2026-06-17T05:47:58.0273606+09:00   "step4_poll": {
2026-06-17T05:47:58.0273606+09:00     "scanned": 16,
2026-06-17T05:47:58.0273606+09:00     "awaiting": 1,
2026-06-17T05:47:58.0330093+09:00     "polled": 0,
2026-06-17T05:47:58.0340084+09:00     "picks_applied": 0,
2026-06-17T05:47:58.0350095+09:00     "pick_errors": 0,
2026-06-17T05:47:58.0370070+09:00     "timeouts": 0,
2026-06-17T05:47:58.0385124+09:00     "skipped": 0,
2026-06-17T05:47:58.0398864+09:00     "results": [
2026-06-17T05:47:58.0410146+09:00       {
2026-06-17T05:47:58.0430130+09:00         "task_id": "daily-20260616-r03",
2026-06-17T05:47:58.0440138+09:00         "result": {
2026-06-17T05:47:58.0450137+09:00           "outcome": "no_new_messages"
2026-06-17T05:47:58.0470129+09:00         }
2026-06-17T05:47:58.0480139+09:00       }
2026-06-17T05:47:58.0480139+09:00     ]
2026-06-17T05:47:58.0480139+09:00   },
2026-06-17T05:47:58.0480139+09:00   "step7_retry_poll": {
2026-06-17T05:47:58.0530441+09:00     "scanned": 16,
2026-06-17T05:47:58.0566003+09:00     "eligible": 12,
2026-06-17T05:47:58.0580448+09:00     "polled": 0,
2026-06-17T05:47:58.0590451+09:00     "retries_triggered": 0,
2026-06-17T05:47:58.0610433+09:00     "retry_errors": 0,
2026-06-17T05:47:58.0620457+09:00     "skipped": 0,
2026-06-17T05:47:58.0630439+09:00     "results": []
2026-06-17T05:47:58.0648971+09:00   }
2026-06-17T05:47:58.0670605+09:00 }
2026-06-17T05:47:58.0690581+09:00 OK run-once finished
2026-06-17T05:52:51.9870793+09:00 START dispatch-run-once
2026-06-17T05:52:52.3795298+09:00 
2026-06-17T05:52:52.3815384+09:00 > orchestrator
2026-06-17T05:52:52.3815384+09:00 > tsx src/cli/orchestrator.ts run-once --limit 10
2026-06-17T05:52:52.3846422+09:00 
2026-06-17T05:52:58.1548948+09:00 {
2026-06-17T05:52:58.1645557+09:00   "ensure_daily": {
2026-06-17T05:52:58.1746277+09:00     "runs": [
2026-06-17T05:52:58.1839142+09:00       {
2026-06-17T05:52:58.1933303+09:00         "run_id": "r01",
2026-06-17T05:52:58.1983268+09:00         "action": "not_due",
2026-06-17T05:52:58.2008845+09:00         "taskId": "daily-20260617-r01",
2026-06-17T05:52:58.2053751+09:00         "reason": "jst_hour=5"
2026-06-17T05:52:58.2115112+09:00       },
2026-06-17T05:52:58.2369412+09:00       {
2026-06-17T05:52:58.2389431+09:00         "run_id": "r02",
2026-06-17T05:52:58.2401756+09:00         "action": "not_due",
2026-06-17T05:52:58.2417467+09:00         "taskId": "daily-20260617-r02",
2026-06-17T05:52:58.2438156+09:00         "reason": "jst_hour=5"
2026-06-17T05:52:58.2458170+09:00       },
2026-06-17T05:52:58.2478160+09:00       {
2026-06-17T05:52:58.2501384+09:00         "run_id": "r03",
2026-06-17T05:52:58.2501384+09:00         "action": "not_due",
2026-06-17T05:52:58.2541911+09:00         "taskId": "daily-20260617-r03",
2026-06-17T05:52:58.2553272+09:00         "reason": "jst_hour=5"
2026-06-17T05:52:58.2553272+09:00       }
2026-06-17T05:52:58.2553272+09:00     ]
2026-06-17T05:52:58.2612096+09:00   },
2026-06-17T05:52:58.2632570+09:00   "reconcile": {
2026-06-17T05:52:58.2642530+09:00     "resetProcessing": 0,
2026-06-17T05:52:58.2667349+09:00     "inserted": 1,
2026-06-17T05:52:58.2678017+09:00     "scanned": 16,
2026-06-17T05:52:58.2698071+09:00     "stale": {
2026-06-17T05:52:58.2708032+09:00       "scanned": 16,
2026-06-17T05:52:58.2728104+09:00       "staleDetected": 0,
2026-06-17T05:52:58.2738098+09:00       "rolledBack": 0,
2026-06-17T05:52:58.2751314+09:00       "skippedCap": 0,
2026-06-17T05:52:58.2751314+09:00       "dryRun": false,
2026-06-17T05:52:58.2751314+09:00       "actions": []
2026-06-17T05:52:58.2800502+09:00     }
2026-06-17T05:52:58.2824305+09:00   },
2026-06-17T05:52:58.2824305+09:00   "dispatch": {
2026-06-17T05:52:58.2863158+09:00     "claimed": 1,
2026-06-17T05:52:58.2886276+09:00     "done": 1,
2026-06-17T05:52:58.2896301+09:00     "failed": 0
2026-06-17T05:52:58.2906282+09:00   },
2026-06-17T05:52:58.2927883+09:00   "step4_poll": {
2026-06-17T05:52:58.2937895+09:00     "scanned": 16,
2026-06-17T05:52:58.2947869+09:00     "awaiting": 1,
2026-06-17T05:52:58.2967882+09:00     "polled": 0,
2026-06-17T05:52:58.2977879+09:00     "picks_applied": 0,
2026-06-17T05:52:58.2997873+09:00     "pick_errors": 0,
2026-06-17T05:52:58.2997873+09:00     "timeouts": 0,
2026-06-17T05:52:58.2997873+09:00     "skipped": 0,
2026-06-17T05:52:58.2997873+09:00     "results": [
2026-06-17T05:52:58.3050081+09:00       {
2026-06-17T05:52:58.3050081+09:00         "task_id": "daily-20260616-r03",
2026-06-17T05:52:58.3050081+09:00         "result": {
2026-06-17T05:52:58.3050081+09:00           "outcome": "no_new_messages"
2026-06-17T05:52:58.3105002+09:00         }
2026-06-17T05:52:58.3105002+09:00       }
2026-06-17T05:52:58.3105002+09:00     ]
2026-06-17T05:52:58.3105002+09:00   },
2026-06-17T05:52:58.3176630+09:00   "step7_retry_poll": {
2026-06-17T05:52:58.3186271+09:00     "scanned": 16,
2026-06-17T05:52:58.3207021+09:00     "eligible": 12,
2026-06-17T05:52:58.3216682+09:00     "polled": 0,
2026-06-17T05:52:58.3237016+09:00     "retries_triggered": 0,
2026-06-17T05:52:58.3246707+09:00     "retry_errors": 0,
2026-06-17T05:52:58.3257043+09:00     "skipped": 0,
2026-06-17T05:52:58.3279364+09:00     "results": []
2026-06-17T05:52:58.3288999+09:00   }
2026-06-17T05:52:58.3309373+09:00 }
2026-06-17T05:52:58.3334142+09:00 OK run-once finished
2026-06-17T05:57:52.4365627+09:00 START dispatch-run-once
2026-06-17T05:57:52.9088317+09:00 
2026-06-17T05:57:52.9105589+09:00 > orchestrator
2026-06-17T05:57:52.9138089+09:00 > tsx src/cli/orchestrator.ts run-once --limit 10
2026-06-17T05:57:52.9168672+09:00 
2026-06-17T05:57:58.7657714+09:00 {
2026-06-17T05:57:58.7769937+09:00   "ensure_daily": {
2026-06-17T05:57:58.7870060+09:00     "runs": [
2026-06-17T05:57:58.8005126+09:00       {
2026-06-17T05:57:58.8085228+09:00         "run_id": "r01",
2026-06-17T05:57:58.8104937+09:00         "action": "not_due",
2026-06-17T05:57:58.8149276+09:00         "taskId": "daily-20260617-r01",
2026-06-17T05:57:58.8199974+09:00         "reason": "jst_hour=5"
2026-06-17T05:57:58.8276205+09:00       },
2026-06-17T05:57:58.8531326+09:00       {
2026-06-17T05:57:58.8552324+09:00         "run_id": "r02",
2026-06-17T05:57:58.8581974+09:00         "action": "not_due",
2026-06-17T05:57:58.8601998+09:00         "taskId": "daily-20260617-r02",
2026-06-17T05:57:58.8623149+09:00         "reason": "jst_hour=5"
2026-06-17T05:57:58.8633120+09:00       },
2026-06-17T05:57:58.8653124+09:00       {
2026-06-17T05:57:58.8673463+09:00         "run_id": "r03",
2026-06-17T05:57:58.8683128+09:00         "action": "not_due",
2026-06-17T05:57:58.8683128+09:00         "taskId": "daily-20260617-r03",
2026-06-17T05:57:58.8683128+09:00         "reason": "jst_hour=5"
2026-06-17T05:57:58.8736781+09:00       }
2026-06-17T05:57:58.8736781+09:00     ]
2026-06-17T05:57:58.8736781+09:00   },
2026-06-17T05:57:58.8736781+09:00   "reconcile": {
2026-06-17T05:57:58.8796494+09:00     "resetProcessing": 0,
2026-06-17T05:57:58.8816957+09:00     "inserted": 1,
2026-06-17T05:57:58.8826948+09:00     "scanned": 16,
2026-06-17T05:57:58.8837279+09:00     "stale": {
2026-06-17T05:57:58.8853180+09:00       "scanned": 16,
2026-06-17T05:57:58.8878946+09:00       "staleDetected": 0,
2026-06-17T05:57:58.8888961+09:00       "rolledBack": 0,
2026-06-17T05:57:58.8909013+09:00       "skippedCap": 0,
2026-06-17T05:57:58.8919035+09:00       "dryRun": false,
2026-06-17T05:57:58.8936087+09:00       "actions": []
2026-06-17T05:57:58.8956161+09:00     }
2026-06-17T05:57:58.8981078+09:00   },
2026-06-17T05:57:58.8981078+09:00   "dispatch": {
2026-06-17T05:57:58.8981078+09:00     "claimed": 1,
2026-06-17T05:57:58.8981078+09:00     "done": 1,
2026-06-17T05:57:58.9033844+09:00     "failed": 0
2026-06-17T05:57:58.9060041+09:00   },
2026-06-17T05:57:58.9076007+09:00   "step4_poll": {
2026-06-17T05:57:58.9091676+09:00     "scanned": 16,
2026-06-17T05:57:58.9107920+09:00     "awaiting": 1,
2026-06-17T05:57:58.9123548+09:00     "polled": 0,
2026-06-17T05:57:58.9133959+09:00     "picks_applied": 0,
2026-06-17T05:57:58.9149636+09:00     "pick_errors": 0,
2026-06-17T05:57:58.9160084+09:00     "timeouts": 0,
2026-06-17T05:57:58.9170149+09:00     "skipped": 0,
2026-06-17T05:57:58.9185706+09:00     "results": [
2026-06-17T05:57:58.9185706+09:00       {
2026-06-17T05:57:58.9185706+09:00         "task_id": "daily-20260616-r03",
2026-06-17T05:57:58.9234962+09:00         "result": {
2026-06-17T05:57:58.9234962+09:00           "outcome": "no_new_messages"
2026-06-17T05:57:58.9234962+09:00         }
2026-06-17T05:57:58.9285218+09:00       }
2026-06-17T05:57:58.9285218+09:00     ]
2026-06-17T05:57:58.9328593+09:00   },
2026-06-17T05:57:58.9349289+09:00   "step7_retry_poll": {
2026-06-17T05:57:58.9362732+09:00     "scanned": 16,
2026-06-17T05:57:58.9372725+09:00     "eligible": 12,
2026-06-17T05:57:58.9384632+09:00     "polled": 0,
2026-06-17T05:57:58.9404698+09:00     "retries_triggered": 0,
2026-06-17T05:57:58.9414700+09:00     "retry_errors": 0,
2026-06-17T05:57:58.9434750+09:00     "skipped": 0,
2026-06-17T05:57:58.9439594+09:00     "results": []
2026-06-17T05:57:58.9439594+09:00   }
2026-06-17T05:57:58.9439594+09:00 }
2026-06-17T05:57:58.9501230+09:00 OK run-once finished
2026-06-17T06:02:51.6666378+09:00 START dispatch-run-once
2026-06-17T06:02:52.0512913+09:00 
2026-06-17T06:02:52.0543046+09:00 > orchestrator
2026-06-17T06:02:52.0563681+09:00 > tsx src/cli/orchestrator.ts run-once --limit 10
2026-06-17T06:02:52.0583676+09:00 
2026-06-17T06:02:57.8665703+09:00 {
2026-06-17T06:02:57.8692177+09:00   "ensure_daily": {
2026-06-17T06:02:57.8708649+09:00     "runs": [
2026-06-17T06:02:57.8708649+09:00       {
2026-06-17T06:02:57.8708649+09:00         "run_id": "r01",
2026-06-17T06:02:57.8752367+09:00         "action": "not_due",
2026-06-17T06:02:57.8752367+09:00         "taskId": "daily-20260617-r01",
2026-06-17T06:02:57.8752367+09:00         "reason": "jst_hour=6"
2026-06-17T06:02:57.8823194+09:00       },
2026-06-17T06:02:57.9005022+09:00       {
2026-06-17T06:02:57.9005022+09:00         "run_id": "r02",
2026-06-17T06:02:57.9059353+09:00         "action": "not_due",
2026-06-17T06:02:57.9059353+09:00         "taskId": "daily-20260617-r02",
2026-06-17T06:02:57.9059353+09:00         "reason": "jst_hour=6"
2026-06-17T06:02:57.9135348+09:00       },
2026-06-17T06:02:57.9165362+09:00       {
2026-06-17T06:02:57.9185376+09:00         "run_id": "r03",
2026-06-17T06:02:57.9205449+09:00         "action": "not_due",
2026-06-17T06:02:57.9228434+09:00         "taskId": "daily-20260617-r03",
2026-06-17T06:02:57.9258131+09:00         "reason": "jst_hour=6"
2026-06-17T06:02:57.9278119+09:00       }
2026-06-17T06:02:57.9298445+09:00     ]
2026-06-17T06:02:57.9308432+09:00   },
2026-06-17T06:02:57.9308432+09:00   "reconcile": {
2026-06-17T06:02:57.9360727+09:00     "resetProcessing": 0,
2026-06-17T06:02:57.9360727+09:00     "inserted": 1,
2026-06-17T06:02:57.9360727+09:00     "scanned": 16,
2026-06-17T06:02:57.9420020+09:00     "stale": {
2026-06-17T06:02:57.9450546+09:00       "scanned": 16,
2026-06-17T06:02:57.9465179+09:00       "staleDetected": 0,
2026-06-17T06:02:57.9495159+09:00       "rolledBack": 0,
2026-06-17T06:02:57.9515191+09:00       "skippedCap": 0,
2026-06-17T06:02:57.9535205+09:00       "dryRun": false,
2026-06-17T06:02:57.9535205+09:00       "actions": []
2026-06-17T06:02:57.9535205+09:00     }
2026-06-17T06:02:57.9587622+09:00   },
2026-06-17T06:02:57.9587622+09:00   "dispatch": {
2026-06-17T06:02:57.9587622+09:00     "claimed": 1,
2026-06-17T06:02:57.9638767+09:00     "done": 1,
2026-06-17T06:02:57.9638767+09:00     "failed": 0
2026-06-17T06:02:57.9638767+09:00   },
2026-06-17T06:02:57.9704186+09:00   "step4_poll": {
2026-06-17T06:02:57.9724878+09:00     "scanned": 16,
2026-06-17T06:02:57.9744877+09:00     "awaiting": 1,
2026-06-17T06:02:57.9754882+09:00     "polled": 0,
2026-06-17T06:02:57.9774885+09:00     "picks_applied": 0,
2026-06-17T06:02:57.9788014+09:00     "pick_errors": 0,
2026-06-17T06:02:57.9788014+09:00     "timeouts": 0,
2026-06-17T06:02:57.9788014+09:00     "skipped": 0,
2026-06-17T06:02:57.9836085+09:00     "results": [
2026-06-17T06:02:57.9836085+09:00       {
2026-06-17T06:02:57.9869942+09:00         "task_id": "daily-20260616-r03",
2026-06-17T06:02:57.9887352+09:00         "result": {
2026-06-17T06:02:57.9907417+09:00           "outcome": "no_new_messages"
2026-06-17T06:02:57.9927484+09:00         }
2026-06-17T06:02:57.9937537+09:00       }
2026-06-17T06:02:57.9967457+09:00     ]
2026-06-17T06:02:57.9988267+09:00   },
2026-06-17T06:02:58.0007946+09:00   "step7_retry_poll": {
2026-06-17T06:02:58.0017936+09:00     "scanned": 16,
2026-06-17T06:02:58.0037702+09:00     "eligible": 12,
2026-06-17T06:02:58.0058356+09:00     "polled": 0,
2026-06-17T06:02:58.0068365+09:00     "retries_triggered": 0,
2026-06-17T06:02:58.0088366+09:00     "retry_errors": 0,
2026-06-17T06:02:58.0098349+09:00     "skipped": 0,
2026-06-17T06:02:58.0118377+09:00     "results": []
2026-06-17T06:02:58.0118377+09:00   }
2026-06-17T06:02:58.0118377+09:00 }
2026-06-17T06:02:58.0171100+09:00 OK run-once finished
2026-06-17T06:07:52.0485270+09:00 START dispatch-run-once
2026-06-17T06:07:52.4517677+09:00 
2026-06-17T06:07:52.4537758+09:00 > orchestrator
2026-06-17T06:07:52.4557852+09:00 > tsx src/cli/orchestrator.ts run-once --limit 10
2026-06-17T06:07:52.4567917+09:00 
2026-06-17T06:07:58.2242311+09:00 {
2026-06-17T06:07:58.2353044+09:00   "ensure_daily": {
2026-06-17T06:07:58.2454644+09:00     "runs": [
2026-06-17T06:07:58.2543526+09:00       {
2026-06-17T06:07:58.2558049+09:00         "run_id": "r01",
2026-06-17T06:07:58.2558049+09:00         "action": "not_due",
2026-06-17T06:07:58.2604693+09:00         "taskId": "daily-20260617-r01",
2026-06-17T06:07:58.2656988+09:00         "reason": "jst_hour=6"
2026-06-17T06:07:58.2676626+09:00       },
2026-06-17T06:07:58.2857181+09:00       {
2026-06-17T06:07:58.2895362+09:00         "run_id": "r02",
2026-06-17T06:07:58.2915924+09:00         "action": "not_due",
2026-06-17T06:07:58.2935930+09:00         "taskId": "daily-20260617-r02",
2026-06-17T06:07:58.2955941+09:00         "reason": "jst_hour=6"
2026-06-17T06:07:58.2983816+09:00       },
2026-06-17T06:07:58.3007027+09:00       {
2026-06-17T06:07:58.3017015+09:00         "run_id": "r03",
2026-06-17T06:07:58.3037010+09:00         "action": "not_due",
2026-06-17T06:07:58.3043883+09:00         "taskId": "daily-20260617-r03",
2026-06-17T06:07:58.3054322+09:00         "reason": "jst_hour=6"
2026-06-17T06:07:58.3054322+09:00       }
2026-06-17T06:07:58.3105295+09:00     ]
2026-06-17T06:07:58.3139626+09:00   },
2026-06-17T06:07:58.3154102+09:00   "reconcile": {
2026-06-17T06:07:58.3174441+09:00     "resetProcessing": 0,
2026-06-17T06:07:58.3184102+09:00     "inserted": 1,
2026-06-17T06:07:58.3194162+09:00     "scanned": 16,
2026-06-17T06:07:58.3214434+09:00     "stale": {
2026-06-17T06:07:58.3234029+09:00       "scanned": 16,
2026-06-17T06:07:58.3254044+09:00       "staleDetected": 0,
2026-06-17T06:07:58.3264025+09:00       "rolledBack": 0,
2026-06-17T06:07:58.3284038+09:00       "skippedCap": 0,
2026-06-17T06:07:58.3294038+09:00       "dryRun": false,
2026-06-17T06:07:58.3304043+09:00       "actions": []
2026-06-17T06:07:58.3304043+09:00     }
2026-06-17T06:07:58.3304043+09:00   },
2026-06-17T06:07:58.3354158+09:00   "dispatch": {
2026-06-17T06:07:58.3354158+09:00     "claimed": 1,
2026-06-17T06:07:58.3393793+09:00     "done": 1,
2026-06-17T06:07:58.3414213+09:00     "failed": 0
2026-06-17T06:07:58.3424217+09:00   },
2026-06-17T06:07:58.3434202+09:00   "step4_poll": {
2026-06-17T06:07:58.3454218+09:00     "scanned": 16,
2026-06-17T06:07:58.3464208+09:00     "awaiting": 1,
2026-06-17T06:07:58.3483500+09:00     "polled": 0,
2026-06-17T06:07:58.3493486+09:00     "picks_applied": 0,
2026-06-17T06:07:58.3513505+09:00     "pick_errors": 0,
2026-06-17T06:07:58.3513505+09:00     "timeouts": 0,
2026-06-17T06:07:58.3538632+09:00     "skipped": 0,
2026-06-17T06:07:58.3548646+09:00     "results": [
2026-06-17T06:07:58.3555978+09:00       {
2026-06-17T06:07:58.3555978+09:00         "task_id": "daily-20260616-r03",
2026-06-17T06:07:58.3555978+09:00         "result": {
2026-06-17T06:07:58.3603070+09:00           "outcome": "no_new_messages"
2026-06-17T06:07:58.3603070+09:00         }
2026-06-17T06:07:58.3643587+09:00       }
2026-06-17T06:07:58.3654037+09:00     ]
2026-06-17T06:07:58.3674029+09:00   },
2026-06-17T06:07:58.3684028+09:00   "step7_retry_poll": {
2026-06-17T06:07:58.3694013+09:00     "scanned": 16,
2026-06-17T06:07:58.3714021+09:00     "eligible": 12,
2026-06-17T06:07:58.3733956+09:00     "polled": 0,
2026-06-17T06:07:58.3753928+09:00     "retries_triggered": 0,
2026-06-17T06:07:58.3773925+09:00     "retry_errors": 0,
2026-06-17T06:07:58.3783917+09:00     "skipped": 0,
2026-06-17T06:07:58.3803927+09:00     "results": []
2026-06-17T06:07:58.3803927+09:00   }
2026-06-17T06:07:58.3803927+09:00 }
2026-06-17T06:07:58.3803927+09:00 OK run-once finished
2026-06-17T06:12:52.3038950+09:00 START dispatch-run-once
2026-06-17T06:12:52.6868089+09:00 
2026-06-17T06:12:52.6888167+09:00 > orchestrator
2026-06-17T06:12:52.6888167+09:00 > tsx src/cli/orchestrator.ts run-once --limit 10
2026-06-17T06:12:52.6920639+09:00 
2026-06-17T06:12:58.4401478+09:00 {
2026-06-17T06:12:58.4443292+09:00   "ensure_daily": {
2026-06-17T06:12:58.4474538+09:00     "runs": [
2026-06-17T06:12:58.4509513+09:00       {
2026-06-17T06:12:58.4536203+09:00         "run_id": "r01",
2026-06-17T06:12:58.4566209+09:00         "action": "not_due",
2026-06-17T06:12:58.4580035+09:00         "taskId": "daily-20260617-r01",
2026-06-17T06:12:58.4616914+09:00         "reason": "jst_hour=6"
2026-06-17T06:12:58.4616914+09:00       },
2026-06-17T06:12:58.4824604+09:00       {
2026-06-17T06:12:58.4824604+09:00         "run_id": "r02",
2026-06-17T06:12:58.4866195+09:00         "action": "not_due",
2026-06-17T06:12:58.4866195+09:00         "taskId": "daily-20260617-r02",
2026-06-17T06:12:58.4866195+09:00         "reason": "jst_hour=6"
2026-06-17T06:12:58.4916394+09:00       },
2026-06-17T06:12:58.4946168+09:00       {
2026-06-17T06:12:58.4966721+09:00         "run_id": "r03",
2026-06-17T06:12:58.4976717+09:00         "action": "not_due",
2026-06-17T06:12:58.5001708+09:00         "taskId": "daily-20260617-r03",
2026-06-17T06:12:58.5011701+09:00         "reason": "jst_hour=6"
2026-06-17T06:12:58.5021726+09:00       }
2026-06-17T06:12:58.5041704+09:00     ]
2026-06-17T06:12:58.5051716+09:00   },
2026-06-17T06:12:58.5061703+09:00   "reconcile": {
2026-06-17T06:12:58.5071706+09:00     "resetProcessing": 0,
2026-06-17T06:12:58.5102752+09:00     "inserted": 1,
2026-06-17T06:12:58.5123384+09:00     "scanned": 16,
2026-06-17T06:12:58.5123384+09:00     "stale": {
2026-06-17T06:12:58.5123384+09:00       "scanned": 16,
2026-06-17T06:12:58.5123384+09:00       "staleDetected": 0,
2026-06-17T06:12:58.5176171+09:00       "rolledBack": 0,
2026-06-17T06:12:58.5176171+09:00       "skippedCap": 0,
2026-06-17T06:12:58.5176171+09:00       "dryRun": false,
2026-06-17T06:12:58.5235336+09:00       "actions": []
2026-06-17T06:12:58.5252055+09:00     }
2026-06-17T06:12:58.5272038+09:00   },
2026-06-17T06:12:58.5282389+09:00   "dispatch": {
2026-06-17T06:12:58.5302386+09:00     "claimed": 1,
2026-06-17T06:12:58.5312216+09:00     "done": 1,
2026-06-17T06:12:58.5322390+09:00     "failed": 0
2026-06-17T06:12:58.5322390+09:00   },
2026-06-17T06:12:58.5322390+09:00   "step4_poll": {
2026-06-17T06:12:58.5322390+09:00     "scanned": 16,
2026-06-17T06:12:58.5377020+09:00     "awaiting": 1,
2026-06-17T06:12:58.5377020+09:00     "polled": 0,
2026-06-17T06:12:58.5377020+09:00     "picks_applied": 0,
2026-06-17T06:12:58.5432445+09:00     "pick_errors": 0,
2026-06-17T06:12:58.5432445+09:00     "timeouts": 0,
2026-06-17T06:12:58.5432445+09:00     "skipped": 0,
2026-06-17T06:12:58.5432445+09:00     "results": [
2026-06-17T06:12:58.5492562+09:00       {
2026-06-17T06:12:58.5508050+09:00         "task_id": "daily-20260616-r03",
2026-06-17T06:12:58.5518042+09:00         "result": {
2026-06-17T06:12:58.5538040+09:00           "outcome": "no_new_messages"
2026-06-17T06:12:58.5547708+09:00         }
2026-06-17T06:12:58.5558040+09:00       }
2026-06-17T06:12:58.5578445+09:00     ]
2026-06-17T06:12:58.5589485+09:00   },
2026-06-17T06:12:58.5609470+09:00   "step7_retry_poll": {
2026-06-17T06:12:58.5619112+09:00     "scanned": 16,
2026-06-17T06:12:58.5629446+09:00     "eligible": 12,
2026-06-17T06:12:58.5658177+09:00     "polled": 0,
2026-06-17T06:12:58.5658177+09:00     "retries_triggered": 0,
2026-06-17T06:12:58.5658177+09:00     "retry_errors": 0,
2026-06-17T06:12:58.5699461+09:00     "skipped": 0,
2026-06-17T06:12:58.5699461+09:00     "results": []
2026-06-17T06:12:58.5699461+09:00   }
2026-06-17T06:12:58.5745536+09:00 }
2026-06-17T06:12:58.5766002+09:00 OK run-once finished
2026-06-17T06:17:52.8742351+09:00 START dispatch-run-once
2026-06-17T06:17:53.2729148+09:00 
2026-06-17T06:17:53.2761023+09:00 > orchestrator
2026-06-17T06:17:53.2781718+09:00 > tsx src/cli/orchestrator.ts run-once --limit 10
2026-06-17T06:17:53.2801758+09:00 
2026-06-17T06:17:58.3843874+09:00 {
2026-06-17T06:17:58.3852291+09:00   "ensure_daily": {
2026-06-17T06:17:58.3927306+09:00     "runs": [
2026-06-17T06:17:58.3957418+09:00       {
2026-06-17T06:17:58.3977382+09:00         "run_id": "r01",
2026-06-17T06:17:58.4007416+09:00         "action": "not_due",
2026-06-17T06:17:58.4007416+09:00         "taskId": "daily-20260617-r01",
2026-06-17T06:17:58.4057512+09:00         "reason": "jst_hour=6"
2026-06-17T06:17:58.4057512+09:00       },
2026-06-17T06:17:58.4287987+09:00       {
2026-06-17T06:17:58.4303064+09:00         "run_id": "r02",
2026-06-17T06:17:58.4303064+09:00         "action": "not_due",
2026-06-17T06:17:58.4303064+09:00         "taskId": "daily-20260617-r02",
2026-06-17T06:17:58.4354514+09:00         "reason": "jst_hour=6"
2026-06-17T06:17:58.4354514+09:00       },
2026-06-17T06:17:58.4354514+09:00       {
2026-06-17T06:17:58.4418590+09:00         "run_id": "r03",
2026-06-17T06:17:58.4440512+09:00         "action": "not_due",
2026-06-17T06:17:58.4460556+09:00         "taskId": "daily-20260617-r03",
2026-06-17T06:17:58.4467071+09:00         "reason": "jst_hour=6"
2026-06-17T06:17:58.4487478+09:00       }
2026-06-17T06:17:58.4497546+09:00     ]
2026-06-17T06:17:58.4507829+09:00   },
2026-06-17T06:17:58.4507829+09:00   "reconcile": {
2026-06-17T06:17:58.4507829+09:00     "resetProcessing": 0,
2026-06-17T06:17:58.4558315+09:00     "inserted": 1,
2026-06-17T06:17:58.4558315+09:00     "scanned": 16,
2026-06-17T06:17:58.4558315+09:00     "stale": {
2026-06-17T06:17:58.4609876+09:00       "scanned": 16,
2026-06-17T06:17:58.4609876+09:00       "staleDetected": 0,
2026-06-17T06:17:58.4647193+09:00       "rolledBack": 0,
2026-06-17T06:17:58.4662500+09:00       "skippedCap": 0,
2026-06-17T06:17:58.4662500+09:00       "dryRun": false,
2026-06-17T06:17:58.4662500+09:00       "actions": []
2026-06-17T06:17:58.4662500+09:00     }
2026-06-17T06:17:58.4733108+09:00   },
2026-06-17T06:17:58.4743064+09:00   "dispatch": {
2026-06-17T06:17:58.4759592+09:00     "claimed": 1,
2026-06-17T06:17:58.4780309+09:00     "done": 1,
2026-06-17T06:17:58.4790311+09:00     "failed": 0
2026-06-17T06:17:58.4800308+09:00   },
2026-06-17T06:17:58.4820305+09:00   "step4_poll": {
2026-06-17T06:17:58.4830311+09:00     "scanned": 16,
2026-06-17T06:17:58.4846724+09:00     "awaiting": 1,
2026-06-17T06:17:58.4846724+09:00     "polled": 0,
2026-06-17T06:17:58.4846724+09:00     "picks_applied": 0,
2026-06-17T06:17:58.4892348+09:00     "pick_errors": 0,
2026-06-17T06:17:58.4892348+09:00     "timeouts": 0,
2026-06-17T06:17:58.4892348+09:00     "skipped": 0,
2026-06-17T06:17:58.4892348+09:00     "results": [
2026-06-17T06:17:58.4942753+09:00       {
2026-06-17T06:17:58.4942753+09:00         "task_id": "daily-20260616-r03",
2026-06-17T06:17:58.4942753+09:00         "result": {
2026-06-17T06:17:58.4942753+09:00           "outcome": "no_new_messages"
2026-06-17T06:17:58.5007762+09:00         }
2026-06-17T06:17:58.5028487+09:00       }
2026-06-17T06:17:58.5038484+09:00     ]
2026-06-17T06:17:58.5058491+09:00   },
2026-06-17T06:17:58.5068482+09:00   "step7_retry_poll": {
2026-06-17T06:17:58.5088489+09:00     "scanned": 16,
2026-06-17T06:17:58.5098483+09:00     "eligible": 12,
2026-06-17T06:17:58.5108483+09:00     "polled": 0,
2026-06-17T06:17:58.5130875+09:00     "retries_triggered": 0,
2026-06-17T06:17:58.5140888+09:00     "retry_errors": 0,
2026-06-17T06:17:58.5160945+09:00     "skipped": 0,
2026-06-17T06:17:58.5176405+09:00     "results": []
2026-06-17T06:17:58.5196612+09:00   }
2026-06-17T06:17:58.5196612+09:00 }
2026-06-17T06:17:58.5196612+09:00 OK run-once finished
2026-06-17T06:22:52.8748827+09:00 START dispatch-run-once
2026-06-17T06:22:53.3164031+09:00 
2026-06-17T06:22:53.3200269+09:00 > orchestrator
2026-06-17T06:22:53.3220814+09:00 > tsx src/cli/orchestrator.ts run-once --limit 10
2026-06-17T06:22:53.3230801+09:00 
2026-06-17T06:22:58.6711554+09:00 {
2026-06-17T06:22:58.6795713+09:00   "ensure_daily": {
2026-06-17T06:22:58.6887521+09:00     "runs": [
2026-06-17T06:22:58.6968889+09:00       {
2026-06-17T06:22:58.7053061+09:00         "run_id": "r01",
2026-06-17T06:22:58.7113155+09:00         "action": "not_due",
2026-06-17T06:22:58.7136829+09:00         "taskId": "daily-20260617-r01",
2026-06-17T06:22:58.7157152+09:00         "reason": "jst_hour=6"
2026-06-17T06:22:58.7176850+09:00       },
2026-06-17T06:22:58.7402922+09:00       {
2026-06-17T06:22:58.7432917+09:00         "run_id": "r02",
2026-06-17T06:22:58.7442907+09:00         "action": "not_due",
2026-06-17T06:22:58.7465211+09:00         "taskId": "daily-20260617-r02",
2026-06-17T06:22:58.7493177+09:00         "reason": "jst_hour=6"
2026-06-17T06:22:58.7535103+09:00       },
2026-06-17T06:22:58.7555696+09:00       {
2026-06-17T06:22:58.7575674+09:00         "run_id": "r03",
2026-06-17T06:22:58.7595676+09:00         "action": "not_due",
2026-06-17T06:22:58.7625139+09:00         "taskId": "daily-20260617-r03",
2026-06-17T06:22:58.7666107+09:00         "reason": "jst_hour=6"
2026-06-17T06:22:58.7676102+09:00       }
2026-06-17T06:22:58.7694956+09:00     ]
2026-06-17T06:22:58.7694956+09:00   },
2026-06-17T06:22:58.7694956+09:00   "reconcile": {
2026-06-17T06:22:58.7737931+09:00     "resetProcessing": 0,
2026-06-17T06:22:58.7737931+09:00     "inserted": 1,
2026-06-17T06:22:58.7784026+09:00     "scanned": 16,
2026-06-17T06:22:58.7804753+09:00     "stale": {
2026-06-17T06:22:58.7814748+09:00       "scanned": 16,
2026-06-17T06:22:58.7834744+09:00       "staleDetected": 0,
2026-06-17T06:22:58.7844737+09:00       "rolledBack": 0,
2026-06-17T06:22:58.7879460+09:00       "skippedCap": 0,
2026-06-17T06:22:58.7889467+09:00       "dryRun": false,
2026-06-17T06:22:58.7909447+09:00       "actions": []
2026-06-17T06:22:58.7925412+09:00     }
2026-06-17T06:22:58.7944532+09:00   },
2026-06-17T06:22:58.7955178+09:00   "dispatch": {
2026-06-17T06:22:58.7975181+09:00     "claimed": 1,
2026-06-17T06:22:58.7985182+09:00     "done": 1,
2026-06-17T06:22:58.7995196+09:00     "failed": 0
2026-06-17T06:22:58.8015184+09:00   },
2026-06-17T06:22:58.8028379+09:00   "step4_poll": {
2026-06-17T06:22:58.8028379+09:00     "scanned": 16,
2026-06-17T06:22:58.8028379+09:00     "awaiting": 1,
2026-06-17T06:22:58.8075651+09:00     "polled": 0,
2026-06-17T06:22:58.8075651+09:00     "picks_applied": 0,
2026-06-17T06:22:58.8075651+09:00     "pick_errors": 0,
2026-06-17T06:22:58.8075651+09:00     "timeouts": 0,
2026-06-17T06:22:58.8125831+09:00     "skipped": 0,
2026-06-17T06:22:58.8125831+09:00     "results": [
2026-06-17T06:22:58.8125831+09:00       {
2026-06-17T06:22:58.8125831+09:00         "task_id": "daily-20260616-r03",
2026-06-17T06:22:58.8194784+09:00         "result": {
2026-06-17T06:22:58.8205367+09:00           "outcome": "no_new_messages"
2026-06-17T06:22:58.8225363+09:00         }
2026-06-17T06:22:58.8235365+09:00       }
2026-06-17T06:22:58.8255368+09:00     ]
2026-06-17T06:22:58.8260450+09:00   },
2026-06-17T06:22:58.8278137+09:00   "step7_retry_poll": {
2026-06-17T06:22:58.8278137+09:00     "scanned": 16,
2026-06-17T06:22:58.8278137+09:00     "eligible": 12,
2026-06-17T06:22:58.8323155+09:00     "polled": 0,
2026-06-17T06:22:58.8323155+09:00     "retries_triggered": 0,
2026-06-17T06:22:58.8323155+09:00     "retry_errors": 0,
2026-06-17T06:22:58.8373410+09:00     "skipped": 0,
2026-06-17T06:22:58.8373410+09:00     "results": []
2026-06-17T06:22:58.8373410+09:00   }
2026-06-17T06:22:58.8424468+09:00 }
2026-06-17T06:22:58.8424468+09:00 OK run-once finished
2026-06-17T06:27:53.0499994+09:00 START dispatch-run-once
2026-06-17T06:27:53.4312315+09:00 
2026-06-17T06:27:53.4332343+09:00 > orchestrator
2026-06-17T06:27:53.4352358+09:00 > tsx src/cli/orchestrator.ts run-once --limit 10
2026-06-17T06:27:53.4362351+09:00 
2026-06-17T06:27:59.9104799+09:00 {
2026-06-17T06:27:59.9194831+09:00   "ensure_daily": {
2026-06-17T06:27:59.9312284+09:00     "runs": [
2026-06-17T06:27:59.9382566+09:00       {
2026-06-17T06:27:59.9476469+09:00         "run_id": "r01",
2026-06-17T06:27:59.9528425+09:00         "action": "not_due",
2026-06-17T06:27:59.9581147+09:00         "taskId": "daily-20260617-r01",
2026-06-17T06:27:59.9621004+09:00         "reason": "jst_hour=6"
2026-06-17T06:27:59.9838952+09:00       },
2026-06-17T06:27:59.9886454+09:00       {
2026-06-17T06:27:59.9906479+09:00         "run_id": "r02",
2026-06-17T06:27:59.9936492+09:00         "action": "not_due",
2026-06-17T06:27:59.9956466+09:00         "taskId": "daily-20260617-r02",
2026-06-17T06:27:59.9976489+09:00         "reason": "jst_hour=6"
2026-06-17T06:27:59.9989487+09:00       },
2026-06-17T06:28:00.0009454+09:00       {
2026-06-17T06:28:00.0029476+09:00         "run_id": "r03",
2026-06-17T06:28:00.0059081+09:00         "action": "not_due",
2026-06-17T06:28:00.0069080+09:00         "taskId": "daily-20260617-r03",
2026-06-17T06:28:00.0069080+09:00         "reason": "jst_hour=6"
2026-06-17T06:28:00.0119812+09:00       }
2026-06-17T06:28:00.0119812+09:00     ]
2026-06-17T06:28:00.0173980+09:00   },
2026-06-17T06:28:00.0202667+09:00   "reconcile": {
2026-06-17T06:28:00.0223411+09:00     "resetProcessing": 0,
2026-06-17T06:28:00.0244862+09:00     "inserted": 1,
2026-06-17T06:28:00.0266143+09:00     "scanned": 16,
2026-06-17T06:28:00.0286195+09:00     "stale": {
2026-06-17T06:28:00.0296263+09:00       "scanned": 16,
2026-06-17T06:28:00.0322025+09:00       "staleDetected": 0,
2026-06-17T06:28:00.0350925+09:00       "rolledBack": 0,
2026-06-17T06:28:00.0350925+09:00       "skippedCap": 0,
2026-06-17T06:28:00.0350925+09:00       "dryRun": false,
2026-06-17T06:28:00.0350925+09:00       "actions": []
2026-06-17T06:28:00.0404488+09:00     }
2026-06-17T06:28:00.0404488+09:00   },
2026-06-17T06:28:00.0449395+09:00   "dispatch": {
2026-06-17T06:28:00.0459765+09:00     "claimed": 1,
2026-06-17T06:28:00.0472733+09:00     "done": 1,
2026-06-17T06:28:00.0492712+09:00     "failed": 0
2026-06-17T06:28:00.0502730+09:00   },
2026-06-17T06:28:00.0512756+09:00   "step4_poll": {
2026-06-17T06:28:00.0532710+09:00     "scanned": 16,
2026-06-17T06:28:00.0546024+09:00     "awaiting": 1,
2026-06-17T06:28:00.0546024+09:00     "polled": 0,
2026-06-17T06:28:00.0578237+09:00     "picks_applied": 0,
2026-06-17T06:28:00.0595708+09:00     "pick_errors": 0,
2026-06-17T06:28:00.0595708+09:00     "timeouts": 0,
2026-06-17T06:28:00.0595708+09:00     "skipped": 0,
2026-06-17T06:28:00.0595708+09:00     "results": [
2026-06-17T06:28:00.0647081+09:00       {
2026-06-17T06:28:00.0647081+09:00         "task_id": "daily-20260616-r03",
2026-06-17T06:28:00.0647081+09:00         "result": {
2026-06-17T06:28:00.0647081+09:00           "outcome": "no_new_messages"
2026-06-17T06:28:00.0712304+09:00         }
2026-06-17T06:28:00.0722810+09:00       }
2026-06-17T06:28:00.0732798+09:00     ]
2026-06-17T06:28:00.0752799+09:00   },
2026-06-17T06:28:00.0762826+09:00   "step7_retry_poll": {
2026-06-17T06:28:00.0772803+09:00     "scanned": 16,
2026-06-17T06:28:00.0792794+09:00     "eligible": 12,
2026-06-17T06:28:00.0796241+09:00     "polled": 0,
2026-06-17T06:28:00.0796241+09:00     "retries_triggered": 0,
2026-06-17T06:28:00.0796241+09:00     "retry_errors": 0,
2026-06-17T06:28:00.0842915+09:00     "skipped": 0,
2026-06-17T06:28:00.0842915+09:00     "results": []
2026-06-17T06:28:00.0842915+09:00   }
2026-06-17T06:28:00.0897737+09:00 }
2026-06-17T06:28:00.0897737+09:00 OK run-once finished
2026-06-17T06:32:52.5106884+09:00 START dispatch-run-once
2026-06-17T06:32:52.9017388+09:00 
2026-06-17T06:32:52.9037400+09:00 > orchestrator
2026-06-17T06:32:52.9067183+09:00 > tsx src/cli/orchestrator.ts run-once --limit 10
2026-06-17T06:32:52.9067183+09:00 
2026-06-17T06:32:58.5652466+09:00 {
2026-06-17T06:32:58.5768053+09:00   "ensure_daily": {
2026-06-17T06:32:58.5831029+09:00     "runs": [
2026-06-17T06:32:58.5948480+09:00       {
2026-06-17T06:32:58.6037567+09:00         "run_id": "r01",
2026-06-17T06:32:58.6108105+09:00         "action": "not_due",
2026-06-17T06:32:58.6215118+09:00         "taskId": "daily-20260617-r01",
2026-06-17T06:32:58.6231883+09:00         "reason": "jst_hour=6"
2026-06-17T06:32:58.6252599+09:00       },
2026-06-17T06:32:58.6481946+09:00       {
2026-06-17T06:32:58.6512659+09:00         "run_id": "r02",
2026-06-17T06:32:58.6532666+09:00         "action": "not_due",
2026-06-17T06:32:58.6562683+09:00         "taskId": "daily-20260617-r02",
2026-06-17T06:32:58.6585320+09:00         "reason": "jst_hour=6"
2026-06-17T06:32:58.6615442+09:00       },
2026-06-17T06:32:58.6615442+09:00       {
2026-06-17T06:32:58.6635491+09:00         "run_id": "r03",
2026-06-17T06:32:58.6675570+09:00         "action": "not_due",
2026-06-17T06:32:58.6695575+09:00         "taskId": "daily-20260617-r03",
2026-06-17T06:32:58.6715561+09:00         "reason": "jst_hour=6"
2026-06-17T06:32:58.6742624+09:00       }
2026-06-17T06:32:58.6762659+09:00     ]
2026-06-17T06:32:58.6782674+09:00   },
2026-06-17T06:32:58.6802628+09:00   "reconcile": {
2026-06-17T06:32:58.6812630+09:00     "resetProcessing": 0,
2026-06-17T06:32:58.6812630+09:00     "inserted": 1,
2026-06-17T06:32:58.6865834+09:00     "scanned": 16,
2026-06-17T06:32:58.6865834+09:00     "stale": {
2026-06-17T06:32:58.6865834+09:00       "scanned": 16,
2026-06-17T06:32:58.6916193+09:00       "staleDetected": 0,
2026-06-17T06:32:58.6916193+09:00       "rolledBack": 0,
2026-06-17T06:32:58.6977440+09:00       "skippedCap": 0,
2026-06-17T06:32:58.7008067+09:00       "dryRun": false,
2026-06-17T06:32:58.7028088+09:00       "actions": []
2026-06-17T06:32:58.7048081+09:00     }
2026-06-17T06:32:58.7058081+09:00   },
2026-06-17T06:32:58.7078082+09:00   "dispatch": {
2026-06-17T06:32:58.7090553+09:00     "claimed": 1,
2026-06-17T06:32:58.7110538+09:00     "done": 1,
2026-06-17T06:32:58.7120512+09:00     "failed": 0
2026-06-17T06:32:58.7148129+09:00   },
2026-06-17T06:32:58.7159040+09:00   "step4_poll": {
2026-06-17T06:32:58.7180193+09:00     "scanned": 16,
2026-06-17T06:32:58.7190195+09:00     "awaiting": 1,
2026-06-17T06:32:58.7210182+09:00     "polled": 0,
2026-06-17T06:32:58.7220184+09:00     "picks_applied": 0,
2026-06-17T06:32:58.7230194+09:00     "pick_errors": 0,
2026-06-17T06:32:58.7230194+09:00     "timeouts": 0,
2026-06-17T06:32:58.7230194+09:00     "skipped": 0,
2026-06-17T06:32:58.7281277+09:00     "results": [
2026-06-17T06:32:58.7281277+09:00       {
2026-06-17T06:32:58.7281277+09:00         "task_id": "daily-20260616-r03",
2026-06-17T06:32:58.7332148+09:00         "result": {
2026-06-17T06:32:58.7332148+09:00           "outcome": "no_new_messages"
2026-06-17T06:32:58.7332148+09:00         }
2026-06-17T06:32:58.7384479+09:00       }
2026-06-17T06:32:58.7384479+09:00     ]
2026-06-17T06:32:58.7384479+09:00   },
2026-06-17T06:32:58.7444439+09:00   "step7_retry_poll": {
2026-06-17T06:32:58.7454965+09:00     "scanned": 16,
2026-06-17T06:32:58.7474944+09:00     "eligible": 12,
2026-06-17T06:32:58.7496092+09:00     "polled": 0,
2026-06-17T06:32:58.7506093+09:00     "retries_triggered": 0,
2026-06-17T06:32:58.7526098+09:00     "retry_errors": 0,
2026-06-17T06:32:58.7536121+09:00     "skipped": 0,
2026-06-17T06:32:58.7556096+09:00     "results": []
2026-06-17T06:32:58.7565160+09:00   }
2026-06-17T06:32:58.7565160+09:00 }
2026-06-17T06:32:58.7609085+09:00 OK run-once finished
2026-06-17T06:37:52.9384312+09:00 START dispatch-run-once
2026-06-17T06:37:53.3241563+09:00 
2026-06-17T06:37:53.3265733+09:00 > orchestrator
2026-06-17T06:37:53.3285735+09:00 > tsx src/cli/orchestrator.ts run-once --limit 10
2026-06-17T06:37:53.3295721+09:00 
2026-06-17T06:37:58.9503094+09:00 {
2026-06-17T06:37:58.9544596+09:00   "ensure_daily": {
2026-06-17T06:37:58.9544596+09:00     "runs": [
2026-06-17T06:37:58.9544596+09:00       {
2026-06-17T06:37:58.9620897+09:00         "run_id": "r01",
2026-06-17T06:37:58.9650879+09:00         "action": "not_due",
2026-06-17T06:37:58.9670877+09:00         "taskId": "daily-20260617-r01",
2026-06-17T06:37:58.9683159+09:00         "reason": "jst_hour=6"
2026-06-17T06:37:58.9703161+09:00       },
2026-06-17T06:37:58.9888052+09:00       {
2026-06-17T06:37:58.9898044+09:00         "run_id": "r02",
2026-06-17T06:37:58.9921368+09:00         "action": "not_due",
2026-06-17T06:37:58.9942032+09:00         "taskId": "daily-20260617-r02",
2026-06-17T06:37:58.9962009+09:00         "reason": "jst_hour=6"
2026-06-17T06:37:58.9982045+09:00       },
2026-06-17T06:37:59.0006820+09:00       {
2026-06-17T06:37:59.0006820+09:00         "run_id": "r03",
2026-06-17T06:37:59.0006820+09:00         "action": "not_due",
2026-06-17T06:37:59.0052465+09:00         "taskId": "daily-20260617-r03",
2026-06-17T06:37:59.0052465+09:00         "reason": "jst_hour=6"
2026-06-17T06:37:59.0087967+09:00       }
2026-06-17T06:37:59.0108446+09:00     ]
2026-06-17T06:37:59.0118405+09:00   },
2026-06-17T06:37:59.0138420+09:00   "reconcile": {
2026-06-17T06:37:59.0148754+09:00     "resetProcessing": 0,
2026-06-17T06:37:59.0158802+09:00     "inserted": 1,
2026-06-17T06:37:59.0187763+09:00     "scanned": 16,
2026-06-17T06:37:59.0197758+09:00     "stale": {
2026-06-17T06:37:59.0217795+09:00       "scanned": 16,
2026-06-17T06:37:59.0233965+09:00       "staleDetected": 0,
2026-06-17T06:37:59.0249784+09:00       "rolledBack": 0,
2026-06-17T06:37:59.0270497+09:00       "skippedCap": 0,
2026-06-17T06:37:59.0280598+09:00       "dryRun": false,
2026-06-17T06:37:59.0300599+09:00       "actions": []
2026-06-17T06:37:59.0310606+09:00     }
2026-06-17T06:37:59.0333685+09:00   },
2026-06-17T06:37:59.0333685+09:00   "dispatch": {
2026-06-17T06:37:59.0333685+09:00     "claimed": 1,
2026-06-17T06:37:59.0382647+09:00     "done": 1,
2026-06-17T06:37:59.0382647+09:00     "failed": 0
2026-06-17T06:37:59.0382647+09:00   },
2026-06-17T06:37:59.0424078+09:00   "step4_poll": {
2026-06-17T06:37:59.0442206+09:00     "scanned": 16,
2026-06-17T06:37:59.0463012+09:00     "awaiting": 1,
2026-06-17T06:37:59.0473024+09:00     "polled": 0,
2026-06-17T06:37:59.0492676+09:00     "picks_applied": 0,
2026-06-17T06:37:59.0499998+09:00     "pick_errors": 0,
2026-06-17T06:37:59.0520637+09:00     "timeouts": 0,
2026-06-17T06:37:59.0530642+09:00     "skipped": 0,
2026-06-17T06:37:59.0540644+09:00     "results": [
2026-06-17T06:37:59.0560642+09:00       {
2026-06-17T06:37:59.0570632+09:00         "task_id": "daily-20260616-r03",
2026-06-17T06:37:59.0580643+09:00         "result": {
2026-06-17T06:37:59.0580643+09:00           "outcome": "no_new_messages"
2026-06-17T06:37:59.0580643+09:00         }
2026-06-17T06:37:59.0633229+09:00       }
2026-06-17T06:37:59.0633229+09:00     ]
2026-06-17T06:37:59.0633229+09:00   },
2026-06-17T06:37:59.0633229+09:00   "step7_retry_poll": {
2026-06-17T06:37:59.0685495+09:00     "scanned": 16,
2026-06-17T06:37:59.0685495+09:00     "eligible": 12,
2026-06-17T06:37:59.0685495+09:00     "polled": 0,
2026-06-17T06:37:59.0685495+09:00     "retries_triggered": 0,
2026-06-17T06:37:59.0746218+09:00     "retry_errors": 0,
2026-06-17T06:37:59.0756678+09:00     "skipped": 0,
2026-06-17T06:37:59.0776662+09:00     "results": []
2026-06-17T06:37:59.0786661+09:00   }
2026-06-17T06:37:59.0806660+09:00 }
2026-06-17T06:37:59.0816668+09:00 OK run-once finished
2026-06-17T06:42:52.7660300+09:00 START dispatch-run-once
2026-06-17T06:42:53.1517310+09:00 
2026-06-17T06:42:53.1517310+09:00 > orchestrator
2026-06-17T06:42:53.1567995+09:00 > tsx src/cli/orchestrator.ts run-once --limit 10
2026-06-17T06:42:53.1567995+09:00 
2026-06-17T06:42:58.9741819+09:00 {
2026-06-17T06:42:58.9780547+09:00   "ensure_daily": {
2026-06-17T06:42:58.9800542+09:00     "runs": [
2026-06-17T06:42:58.9820527+09:00       {
2026-06-17T06:42:58.9850535+09:00         "run_id": "r01",
2026-06-17T06:42:58.9850535+09:00         "action": "not_due",
2026-06-17T06:42:58.9850535+09:00         "taskId": "daily-20260617-r01",
2026-06-17T06:42:58.9900953+09:00         "reason": "jst_hour=6"
2026-06-17T06:42:58.9941327+09:00       },
2026-06-17T06:42:59.0100913+09:00       {
2026-06-17T06:42:59.0154644+09:00         "run_id": "r02",
2026-06-17T06:42:59.0190908+09:00         "action": "not_due",
2026-06-17T06:42:59.0211501+09:00         "taskId": "daily-20260617-r02",
2026-06-17T06:42:59.0231494+09:00         "reason": "jst_hour=6"
2026-06-17T06:42:59.0251491+09:00       },
2026-06-17T06:42:59.0289039+09:00       {
2026-06-17T06:42:59.0309013+09:00         "run_id": "r03",
2026-06-17T06:42:59.0329300+09:00         "action": "not_due",
2026-06-17T06:42:59.0348986+09:00         "taskId": "daily-20260617-r03",
2026-06-17T06:42:59.0360139+09:00         "reason": "jst_hour=6"
2026-06-17T06:42:59.0360139+09:00       }
2026-06-17T06:42:59.0360139+09:00     ]
2026-06-17T06:42:59.0411003+09:00   },
2026-06-17T06:42:59.0435925+09:00   "reconcile": {
2026-06-17T06:42:59.0447157+09:00     "resetProcessing": 0,
2026-06-17T06:42:59.0467499+09:00     "inserted": 1,
2026-06-17T06:42:59.0477218+09:00     "scanned": 16,
2026-06-17T06:42:59.0497505+09:00     "stale": {
2026-06-17T06:42:59.0507275+09:00       "scanned": 16,
2026-06-17T06:42:59.0524181+09:00       "staleDetected": 0,
2026-06-17T06:42:59.0555594+09:00       "rolledBack": 0,
2026-06-17T06:42:59.0575603+09:00       "skippedCap": 0,
2026-06-17T06:42:59.0585581+09:00       "dryRun": false,
2026-06-17T06:42:59.0601975+09:00       "actions": []
2026-06-17T06:42:59.0601975+09:00     }
2026-06-17T06:42:59.0601975+09:00   },
2026-06-17T06:42:59.0648579+09:00   "dispatch": {
2026-06-17T06:42:59.0648579+09:00     "claimed": 1,
2026-06-17T06:42:59.0689183+09:00     "done": 1,
2026-06-17T06:42:59.0699961+09:00     "failed": 0
2026-06-17T06:42:59.0719960+09:00   },
2026-06-17T06:42:59.0729630+09:00   "step4_poll": {
2026-06-17T06:42:59.0749637+09:00     "scanned": 16,
2026-06-17T06:42:59.0759644+09:00     "awaiting": 1,
2026-06-17T06:42:59.0789348+09:00     "polled": 0,
2026-06-17T06:42:59.0809362+09:00     "picks_applied": 0,
2026-06-17T06:42:59.0839383+09:00     "pick_errors": 0,
2026-06-17T06:42:59.0849349+09:00     "timeouts": 0,
2026-06-17T06:42:59.0849349+09:00     "skipped": 0,
2026-06-17T06:42:59.0849349+09:00     "results": [
2026-06-17T06:42:59.0903054+09:00       {
2026-06-17T06:42:59.0940570+09:00         "task_id": "daily-20260616-r03",
2026-06-17T06:42:59.0961155+09:00         "result": {
2026-06-17T06:42:59.0981154+09:00           "outcome": "no_new_messages"
2026-06-17T06:42:59.0991129+09:00         }
2026-06-17T06:42:59.1011132+09:00       }
2026-06-17T06:42:59.1021140+09:00     ]
2026-06-17T06:42:59.1042793+09:00   },
2026-06-17T06:42:59.1052774+09:00   "step7_retry_poll": {
2026-06-17T06:42:59.1072789+09:00     "scanned": 16,
2026-06-17T06:42:59.1092781+09:00     "eligible": 12,
2026-06-17T06:42:59.1102792+09:00     "polled": 0,
2026-06-17T06:42:59.1102792+09:00     "retries_triggered": 0,
2026-06-17T06:42:59.1102792+09:00     "retry_errors": 0,
2026-06-17T06:42:59.1102792+09:00     "skipped": 0,
2026-06-17T06:42:59.1154415+09:00     "results": []
2026-06-17T06:42:59.1154415+09:00   }
2026-06-17T06:42:59.1154415+09:00 }
2026-06-17T06:42:59.1223860+09:00 OK run-once finished
2026-06-17T06:47:52.7422854+09:00 START dispatch-run-once
2026-06-17T06:47:53.1276695+09:00 
2026-06-17T06:47:53.1292187+09:00 > orchestrator
2026-06-17T06:47:53.1322878+09:00 > tsx src/cli/orchestrator.ts run-once --limit 10
2026-06-17T06:47:53.1332874+09:00 
2026-06-17T06:47:58.7407030+09:00 {
2026-06-17T06:47:58.7510780+09:00   "ensure_daily": {
2026-06-17T06:47:58.7624509+09:00     "runs": [
2026-06-17T06:47:58.7723861+09:00       {
2026-06-17T06:47:58.7815643+09:00         "run_id": "r01",
2026-06-17T06:47:58.7881373+09:00         "action": "not_due",
2026-06-17T06:47:58.7927456+09:00         "taskId": "daily-20260617-r01",
2026-06-17T06:47:58.7986415+09:00         "reason": "jst_hour=6"
2026-06-17T06:47:58.8026417+09:00       },
2026-06-17T06:47:58.8270432+09:00       {
2026-06-17T06:47:58.8298103+09:00         "run_id": "r02",
2026-06-17T06:47:58.8318071+09:00         "action": "not_due",
2026-06-17T06:47:58.8348065+09:00         "taskId": "daily-20260617-r02",
2026-06-17T06:47:58.8368205+09:00         "reason": "jst_hour=6"
2026-06-17T06:47:58.8390743+09:00       },
2026-06-17T06:47:58.8420881+09:00       {
2026-06-17T06:47:58.8420881+09:00         "run_id": "r03",
2026-06-17T06:47:58.8459270+09:00         "action": "not_due",
2026-06-17T06:47:58.8482072+09:00         "taskId": "daily-20260617-r03",
2026-06-17T06:47:58.8492078+09:00         "reason": "jst_hour=6"
2026-06-17T06:47:58.8512080+09:00       }
2026-06-17T06:47:58.8522094+09:00     ]
2026-06-17T06:47:58.8536841+09:00   },
2026-06-17T06:47:58.8557390+09:00   "reconcile": {
2026-06-17T06:47:58.8567385+09:00     "resetProcessing": 0,
2026-06-17T06:47:58.8587382+09:00     "inserted": 1,
2026-06-17T06:47:58.8597396+09:00     "scanned": 16,
2026-06-17T06:47:58.8617389+09:00     "stale": {
2026-06-17T06:47:58.8620539+09:00       "scanned": 16,
2026-06-17T06:47:58.8620539+09:00       "staleDetected": 0,
2026-06-17T06:47:58.8669103+09:00       "rolledBack": 0,
2026-06-17T06:47:58.8669103+09:00       "skippedCap": 0,
2026-06-17T06:47:58.8709135+09:00       "dryRun": false,
2026-06-17T06:47:58.8729739+09:00       "actions": []
2026-06-17T06:47:58.8749716+09:00     }
2026-06-17T06:47:58.8759772+09:00   },
2026-06-17T06:47:58.8769784+09:00   "dispatch": {
2026-06-17T06:47:58.8786906+09:00     "claimed": 1,
2026-06-17T06:47:58.8807997+09:00     "done": 1,
2026-06-17T06:47:58.8828009+09:00     "failed": 0
2026-06-17T06:47:58.8837991+09:00   },
2026-06-17T06:47:58.8857989+09:00   "step4_poll": {
2026-06-17T06:47:58.8867986+09:00     "scanned": 16,
2026-06-17T06:47:58.8867986+09:00     "awaiting": 1,
2026-06-17T06:47:58.8867986+09:00     "polled": 0,
2026-06-17T06:47:58.8921420+09:00     "picks_applied": 0,
2026-06-17T06:47:58.8921420+09:00     "pick_errors": 0,
2026-06-17T06:47:58.8954115+09:00     "timeouts": 0,
2026-06-17T06:47:58.8968419+09:00     "skipped": 0,
2026-06-17T06:47:58.8978424+09:00     "results": [
2026-06-17T06:47:58.8988423+09:00       {
2026-06-17T06:47:58.9008409+09:00         "task_id": "daily-20260616-r03",
2026-06-17T06:47:58.9018412+09:00         "result": {
2026-06-17T06:47:58.9036618+09:00           "outcome": "no_new_messages"
2026-06-17T06:47:58.9057851+09:00         }
2026-06-17T06:47:58.9067840+09:00       }
2026-06-17T06:47:58.9077844+09:00     ]
2026-06-17T06:47:58.9097833+09:00   },
2026-06-17T06:47:58.9107841+09:00   "step7_retry_poll": {
2026-06-17T06:47:58.9117855+09:00     "scanned": 16,
2026-06-17T06:47:58.9117855+09:00     "eligible": 12,
2026-06-17T06:47:58.9117855+09:00     "polled": 0,
2026-06-17T06:47:58.9117855+09:00     "retries_triggered": 0,
2026-06-17T06:47:58.9169257+09:00     "retry_errors": 0,
2026-06-17T06:47:58.9169257+09:00     "skipped": 0,
2026-06-17T06:47:58.9217914+09:00     "results": []
2026-06-17T06:47:58.9227901+09:00   }
2026-06-17T06:47:58.9237901+09:00 }
2026-06-17T06:47:58.9257906+09:00 OK run-once finished
2026-06-17T06:52:52.4984641+09:00 START dispatch-run-once
2026-06-17T06:52:52.8876671+09:00 
2026-06-17T06:52:52.8876671+09:00 > orchestrator
2026-06-17T06:52:52.8929770+09:00 > tsx src/cli/orchestrator.ts run-once --limit 10
2026-06-17T06:52:52.8949728+09:00 
2026-06-17T06:52:58.8707072+09:00 {
2026-06-17T06:52:58.8810960+09:00   "ensure_daily": {
2026-06-17T06:52:58.8918412+09:00     "runs": [
2026-06-17T06:52:58.8985896+09:00       {
2026-06-17T06:52:58.9098185+09:00         "run_id": "r01",
2026-06-17T06:52:58.9171381+09:00         "action": "not_due",
2026-06-17T06:52:58.9221369+09:00         "taskId": "daily-20260617-r01",
2026-06-17T06:52:58.9231361+09:00         "reason": "jst_hour=6"
2026-06-17T06:52:58.9283045+09:00       },
2026-06-17T06:52:58.9541891+09:00       {
2026-06-17T06:52:58.9579357+09:00         "run_id": "r02",
2026-06-17T06:52:58.9579357+09:00         "action": "not_due",
2026-06-17T06:52:58.9579357+09:00         "taskId": "daily-20260617-r02",
2026-06-17T06:52:58.9642739+09:00         "reason": "jst_hour=6"
2026-06-17T06:52:58.9642739+09:00       },
2026-06-17T06:52:58.9687858+09:00       {
2026-06-17T06:52:58.9722781+09:00         "run_id": "r03",
2026-06-17T06:52:58.9742834+09:00         "action": "not_due",
2026-06-17T06:52:58.9752849+09:00         "taskId": "daily-20260617-r03",
2026-06-17T06:52:58.9772851+09:00         "reason": "jst_hour=6"
2026-06-17T06:52:58.9782848+09:00       }
2026-06-17T06:52:58.9805272+09:00     ]
2026-06-17T06:52:58.9805272+09:00   },
2026-06-17T06:52:58.9805272+09:00   "reconcile": {
2026-06-17T06:52:58.9846132+09:00     "resetProcessing": 0,
2026-06-17T06:52:58.9846132+09:00     "inserted": 1,
2026-06-17T06:52:58.9846132+09:00     "scanned": 16,
2026-06-17T06:52:58.9846132+09:00     "stale": {
2026-06-17T06:52:58.9907005+09:00       "scanned": 16,
2026-06-17T06:52:58.9927554+09:00       "staleDetected": 0,
2026-06-17T06:52:58.9947556+09:00       "rolledBack": 0,
2026-06-17T06:52:58.9957589+09:00       "skippedCap": 0,
2026-06-17T06:52:58.9982567+09:00       "dryRun": false,
2026-06-17T06:52:58.9992552+09:00       "actions": []
2026-06-17T06:52:59.0012564+09:00     }
2026-06-17T06:52:59.0022563+09:00   },
2026-06-17T06:52:59.0042554+09:00   "dispatch": {
2026-06-17T06:52:59.0052559+09:00     "claimed": 1,
2026-06-17T06:52:59.0052559+09:00     "done": 1,
2026-06-17T06:52:59.0052559+09:00     "failed": 0
2026-06-17T06:52:59.0103196+09:00   },
2026-06-17T06:52:59.0103196+09:00   "step4_poll": {
2026-06-17T06:52:59.0103196+09:00     "scanned": 16,
2026-06-17T06:52:59.0103196+09:00     "awaiting": 1,
2026-06-17T06:52:59.0155418+09:00     "polled": 0,
2026-06-17T06:52:59.0155418+09:00     "picks_applied": 0,
2026-06-17T06:52:59.0155418+09:00     "pick_errors": 0,
2026-06-17T06:52:59.0210858+09:00     "timeouts": 0,
2026-06-17T06:52:59.0232951+09:00     "skipped": 0,
2026-06-17T06:52:59.0243290+09:00     "results": [
2026-06-17T06:52:59.0262943+09:00       {
2026-06-17T06:52:59.0272965+09:00         "task_id": "daily-20260616-r03",
2026-06-17T06:52:59.0283268+09:00         "result": {
2026-06-17T06:52:59.0303278+09:00           "outcome": "no_new_messages"
2026-06-17T06:52:59.0303278+09:00         }
2026-06-17T06:52:59.0303278+09:00       }
2026-06-17T06:52:59.0303278+09:00     ]
2026-06-17T06:52:59.0357465+09:00   },
2026-06-17T06:52:59.0357465+09:00   "step7_retry_poll": {
2026-06-17T06:52:59.0357465+09:00     "scanned": 16,
2026-06-17T06:52:59.0410566+09:00     "eligible": 12,
2026-06-17T06:52:59.0410566+09:00     "polled": 0,
2026-06-17T06:52:59.0410566+09:00     "retries_triggered": 0,
2026-06-17T06:52:59.0410566+09:00     "retry_errors": 0,
2026-06-17T06:52:59.0464599+09:00     "skipped": 0,
2026-06-17T06:52:59.0464599+09:00     "results": []
2026-06-17T06:52:59.0464599+09:00   }
2026-06-17T06:52:59.0464599+09:00 }
2026-06-17T06:52:59.0527413+09:00 OK run-once finished
2026-06-17T06:57:52.1897821+09:00 START dispatch-run-once
2026-06-17T06:57:52.5786945+09:00 
2026-06-17T06:57:52.5786945+09:00 > orchestrator
2026-06-17T06:57:52.5829492+09:00 > tsx src/cli/orchestrator.ts run-once --limit 10
2026-06-17T06:57:52.5850002+09:00 
2026-06-17T06:57:58.3890144+09:00 {
2026-06-17T06:57:58.3973276+09:00   "ensure_daily": {
2026-06-17T06:57:58.4098715+09:00     "runs": [
2026-06-17T06:57:58.4203555+09:00       {
2026-06-17T06:57:58.4294492+09:00         "run_id": "r01",
2026-06-17T06:57:58.4387598+09:00         "action": "not_due",
2026-06-17T06:57:58.4440421+09:00         "taskId": "daily-20260617-r01",
2026-06-17T06:57:58.4460328+09:00         "reason": "jst_hour=6"
2026-06-17T06:57:58.4480325+09:00       },
2026-06-17T06:57:58.4669232+09:00       {
2026-06-17T06:57:58.4689260+09:00         "run_id": "r02",
2026-06-17T06:57:58.4709253+09:00         "action": "not_due",
2026-06-17T06:57:58.4739245+09:00         "taskId": "daily-20260617-r02",
2026-06-17T06:57:58.4739245+09:00         "reason": "jst_hour=6"
2026-06-17T06:57:58.4771048+09:00       },
2026-06-17T06:57:58.4791185+09:00       {
2026-06-17T06:57:58.4829028+09:00         "run_id": "r03",
2026-06-17T06:57:58.4849657+09:00         "action": "not_due",
2026-06-17T06:57:58.4859650+09:00         "taskId": "daily-20260617-r03",
2026-06-17T06:57:58.4879655+09:00         "reason": "jst_hour=6"
2026-06-17T06:57:58.4889642+09:00       }
2026-06-17T06:57:58.4906914+09:00     ]
2026-06-17T06:57:58.4928164+09:00   },
2026-06-17T06:57:58.4948170+09:00   "reconcile": {
2026-06-17T06:57:58.4954049+09:00     "resetProcessing": 0,
2026-06-17T06:57:58.4974300+09:00     "inserted": 1,
2026-06-17T06:57:58.4990313+09:00     "scanned": 16,
2026-06-17T06:57:58.5000920+09:00     "stale": {
2026-06-17T06:57:58.5020938+09:00       "scanned": 16,
2026-06-17T06:57:58.5040941+09:00       "staleDetected": 0,
2026-06-17T06:57:58.5050928+09:00       "rolledBack": 0,
2026-06-17T06:57:58.5074048+09:00       "skippedCap": 0,
2026-06-17T06:57:58.5074048+09:00       "dryRun": false,
2026-06-17T06:57:58.5074048+09:00       "actions": []
2026-06-17T06:57:58.5122747+09:00     }
2026-06-17T06:57:58.5122747+09:00   },
2026-06-17T06:57:58.5122747+09:00   "dispatch": {
2026-06-17T06:57:58.5122747+09:00     "claimed": 1,
2026-06-17T06:57:58.5174783+09:00     "done": 1,
2026-06-17T06:57:58.5174783+09:00     "failed": 0
2026-06-17T06:57:58.5174783+09:00   },
2026-06-17T06:57:58.5174783+09:00   "step4_poll": {
2026-06-17T06:57:58.5233570+09:00     "scanned": 16,
2026-06-17T06:57:58.5254448+09:00     "awaiting": 1,
2026-06-17T06:57:58.5264440+09:00     "polled": 0,
2026-06-17T06:57:58.5281580+09:00     "picks_applied": 0,
2026-06-17T06:57:58.5291987+09:00     "pick_errors": 0,
2026-06-17T06:57:58.5311978+09:00     "timeouts": 0,
2026-06-17T06:57:58.5321791+09:00     "skipped": 0,
2026-06-17T06:57:58.5321791+09:00     "results": [
2026-06-17T06:57:58.5321791+09:00       {
2026-06-17T06:57:58.5321791+09:00         "task_id": "daily-20260616-r03",
2026-06-17T06:57:58.5376942+09:00         "result": {
2026-06-17T06:57:58.5376942+09:00           "outcome": "no_new_messages"
2026-06-17T06:57:58.5421075+09:00         }
2026-06-17T06:57:58.5438107+09:00       }
2026-06-17T06:57:58.5448603+09:00     ]
2026-06-17T06:57:58.5468919+09:00   },
2026-06-17T06:57:58.5478557+09:00   "step7_retry_poll": {
2026-06-17T06:57:58.5492180+09:00     "scanned": 16,
2026-06-17T06:57:58.5512195+09:00     "eligible": 12,
2026-06-17T06:57:58.5532539+09:00     "polled": 0,
2026-06-17T06:57:58.5542181+09:00     "retries_triggered": 0,
2026-06-17T06:57:58.5562525+09:00     "retry_errors": 0,
2026-06-17T06:57:58.5572218+09:00     "skipped": 0,
2026-06-17T06:57:58.5572218+09:00     "results": []
2026-06-17T06:57:58.5572218+09:00   }
2026-06-17T06:57:58.5572218+09:00 }
2026-06-17T06:57:58.5625565+09:00 OK run-once finished
2026-06-17T07:02:52.2561509+09:00 START dispatch-run-once
2026-06-17T07:02:52.6405392+09:00 
2026-06-17T07:02:52.6426935+09:00 > orchestrator
2026-06-17T07:02:52.6447745+09:00 > tsx src/cli/orchestrator.ts run-once --limit 10
2026-06-17T07:02:52.6457735+09:00 
2026-06-17T07:02:58.4578963+09:00 {
2026-06-17T07:02:58.4700693+09:00   "ensure_daily": {
2026-06-17T07:02:58.4797452+09:00     "runs": [
2026-06-17T07:02:58.4908884+09:00       {
2026-06-17T07:02:58.4970247+09:00         "run_id": "r01",
2026-06-17T07:02:58.5044282+09:00         "action": "not_due",
2026-06-17T07:02:58.5096703+09:00         "taskId": "daily-20260617-r01",
2026-06-17T07:02:58.5136864+09:00         "reason": "jst_hour=7"
2026-06-17T07:02:58.5156794+09:00       },
2026-06-17T07:02:58.5342334+09:00       {
2026-06-17T07:02:58.5363544+09:00         "run_id": "r02",
2026-06-17T07:02:58.5393544+09:00         "action": "not_due",
2026-06-17T07:02:58.5413552+09:00         "taskId": "daily-20260617-r02",
2026-06-17T07:02:58.5423896+09:00         "reason": "jst_hour=7"
2026-06-17T07:02:58.5423896+09:00       },
2026-06-17T07:02:58.5423896+09:00       {
2026-06-17T07:02:58.5478219+09:00         "run_id": "r03",
2026-06-17T07:02:58.5513660+09:00         "action": "not_due",
2026-06-17T07:02:58.5524047+09:00         "taskId": "daily-20260617-r03",
2026-06-17T07:02:58.5544041+09:00         "reason": "jst_hour=7"
2026-06-17T07:02:58.5554045+09:00       }
2026-06-17T07:02:58.5564049+09:00     ]
2026-06-17T07:02:58.5584031+09:00   },
2026-06-17T07:02:58.5603076+09:00   "reconcile": {
2026-06-17T07:02:58.5613064+09:00     "resetProcessing": 0,
2026-06-17T07:02:58.5623058+09:00     "inserted": 1,
2026-06-17T07:02:58.5643062+09:00     "scanned": 16,
2026-06-17T07:02:58.5653074+09:00     "stale": {
2026-06-17T07:02:58.5673068+09:00       "scanned": 16,
2026-06-17T07:02:58.5695721+09:00       "staleDetected": 0,
2026-06-17T07:02:58.5695721+09:00       "rolledBack": 0,
2026-06-17T07:02:58.5725855+09:00       "skippedCap": 0,
2026-06-17T07:02:58.5725855+09:00       "dryRun": false,
2026-06-17T07:02:58.5725855+09:00       "actions": []
2026-06-17T07:02:58.5780539+09:00     }
2026-06-17T07:02:58.5793536+09:00   },
2026-06-17T07:02:58.5813599+09:00   "dispatch": {
2026-06-17T07:02:58.5823603+09:00     "claimed": 1,
2026-06-17T07:02:58.5842236+09:00     "done": 1,
2026-06-17T07:02:58.5852894+09:00     "failed": 0
2026-06-17T07:02:58.5863222+09:00   },
2026-06-17T07:02:58.5882890+09:00   "step4_poll": {
2026-06-17T07:02:58.5892883+09:00     "scanned": 16,
2026-06-17T07:02:58.5902893+09:00     "awaiting": 1,
2026-06-17T07:02:58.5922892+09:00     "polled": 0,
2026-06-17T07:02:58.5940119+09:00     "picks_applied": 0,
2026-06-17T07:02:58.5940119+09:00     "pick_errors": 0,
2026-06-17T07:02:58.5940119+09:00     "timeouts": 0,
2026-06-17T07:02:58.5976367+09:00     "skipped": 0,
2026-06-17T07:02:58.5976367+09:00     "results": [
2026-06-17T07:02:58.5976367+09:00       {
2026-06-17T07:02:58.5976367+09:00         "task_id": "daily-20260616-r03",
2026-06-17T07:02:58.6030735+09:00         "result": {
2026-06-17T07:02:58.6030735+09:00           "outcome": "no_new_messages"
2026-06-17T07:02:58.6030735+09:00         }
2026-06-17T07:02:58.6030735+09:00       }
2026-06-17T07:02:58.6095770+09:00     ]
2026-06-17T07:02:58.6115745+09:00   },
2026-06-17T07:02:58.6125754+09:00   "step7_retry_poll": {
2026-06-17T07:02:58.6145741+09:00     "scanned": 16,
2026-06-17T07:02:58.6155767+09:00     "eligible": 12,
2026-06-17T07:02:58.6165751+09:00     "polled": 0,
2026-06-17T07:02:58.6185746+09:00     "retries_triggered": 0,
2026-06-17T07:02:58.6197529+09:00     "retry_errors": 0,
2026-06-17T07:02:58.6217542+09:00     "skipped": 0,
2026-06-17T07:02:58.6227539+09:00     "results": []
2026-06-17T07:02:58.6247557+09:00   }
2026-06-17T07:02:58.6257538+09:00 }
2026-06-17T07:02:58.6279396+09:00 OK run-once finished
2026-06-17T07:07:52.5059774+09:00 START dispatch-run-once
2026-06-17T07:07:52.8861940+09:00 
2026-06-17T07:07:52.8905215+09:00 > orchestrator
2026-06-17T07:07:52.8905215+09:00 > tsx src/cli/orchestrator.ts run-once --limit 10
2026-06-17T07:07:52.8961733+09:00 
2026-06-17T07:07:58.7256951+09:00 {
2026-06-17T07:07:58.7343384+09:00   "ensure_daily": {
2026-06-17T07:07:58.7417708+09:00     "runs": [
2026-06-17T07:07:58.7477548+09:00       {
2026-06-17T07:07:58.7517696+09:00         "run_id": "r01",
2026-06-17T07:07:58.7527629+09:00         "action": "not_due",
2026-06-17T07:07:58.7527629+09:00         "taskId": "daily-20260617-r01",
2026-06-17T07:07:58.7598930+09:00         "reason": "jst_hour=7"
2026-06-17T07:07:58.7631523+09:00       },
2026-06-17T07:07:58.7775618+09:00       {
2026-06-17T07:07:58.7829931+09:00         "run_id": "r02",
2026-06-17T07:07:58.7850959+09:00         "action": "not_due",
2026-06-17T07:07:58.7872605+09:00         "taskId": "daily-20260617-r02",
2026-06-17T07:07:58.7891577+09:00         "reason": "jst_hour=7"
2026-06-17T07:07:58.7907458+09:00       },
2026-06-17T07:07:58.7923229+09:00       {
2026-06-17T07:07:58.7944298+09:00         "run_id": "r03",
2026-06-17T07:07:58.7954965+09:00         "action": "not_due",
2026-06-17T07:07:58.7974959+09:00         "taskId": "daily-20260617-r03",
2026-06-17T07:07:58.7984985+09:00         "reason": "jst_hour=7"
2026-06-17T07:07:58.7994964+09:00       }
2026-06-17T07:07:58.8014963+09:00     ]
2026-06-17T07:07:58.8024960+09:00   },
2026-06-17T07:07:58.8024960+09:00   "reconcile": {
2026-06-17T07:07:58.8024960+09:00     "resetProcessing": 0,
2026-06-17T07:07:58.8076190+09:00     "inserted": 1,
2026-06-17T07:07:58.8076190+09:00     "scanned": 16,
2026-06-17T07:07:58.8076190+09:00     "stale": {
2026-06-17T07:07:58.8128221+09:00       "scanned": 16,
2026-06-17T07:07:58.8128221+09:00       "staleDetected": 0,
2026-06-17T07:07:58.8128221+09:00       "rolledBack": 0,
2026-06-17T07:07:58.8190975+09:00       "skippedCap": 0,
2026-06-17T07:07:58.8211510+09:00       "dryRun": false,
2026-06-17T07:07:58.8241472+09:00       "actions": []
2026-06-17T07:07:58.8251465+09:00     }
2026-06-17T07:07:58.8271470+09:00   },
2026-06-17T07:07:58.8291479+09:00   "dispatch": {
2026-06-17T07:07:58.8303270+09:00     "claimed": 1,
2026-06-17T07:07:58.8313280+09:00     "done": 1,
2026-06-17T07:07:58.8333268+09:00     "failed": 0
2026-06-17T07:07:58.8353273+09:00   },
2026-06-17T07:07:58.8371610+09:00   "step4_poll": {
2026-06-17T07:07:58.8381614+09:00     "scanned": 16,
2026-06-17T07:07:58.8381614+09:00     "awaiting": 1,
2026-06-17T07:07:58.8381614+09:00     "polled": 0,
2026-06-17T07:07:58.8434100+09:00     "picks_applied": 0,
2026-06-17T07:07:58.8434100+09:00     "pick_errors": 0,
2026-06-17T07:07:58.8434100+09:00     "timeouts": 0,
2026-06-17T07:07:58.8434100+09:00     "skipped": 0,
2026-06-17T07:07:58.8492499+09:00     "results": [
2026-06-17T07:07:58.8512933+09:00       {
2026-06-17T07:07:58.8527534+09:00         "task_id": "daily-20260616-r03",
2026-06-17T07:07:58.8548311+09:00         "result": {
2026-06-17T07:07:58.8558299+09:00           "outcome": "no_new_messages"
2026-06-17T07:07:58.8578299+09:00         }
2026-06-17T07:07:58.8588305+09:00       }
2026-06-17T07:07:58.8608305+09:00     ]
2026-06-17T07:07:58.8635817+09:00   },
2026-06-17T07:07:58.8635817+09:00   "step7_retry_poll": {
2026-06-17T07:07:58.8661668+09:00     "scanned": 16,
2026-06-17T07:07:58.8661668+09:00     "eligible": 12,
2026-06-17T07:07:58.8661668+09:00     "polled": 0,
2026-06-17T07:07:58.8713497+09:00     "retries_triggered": 0,
2026-06-17T07:07:58.8713497+09:00     "retry_errors": 0,
2026-06-17T07:07:58.8713497+09:00     "skipped": 0,
2026-06-17T07:07:58.8713497+09:00     "results": []
2026-06-17T07:07:58.8783319+09:00   }
2026-06-17T07:07:58.8803301+09:00 }
2026-06-17T07:07:58.8823297+09:00 OK run-once finished
2026-06-17T07:12:54.5683132+09:00 START dispatch-run-once
2026-06-17T07:12:54.9538653+09:00 
2026-06-17T07:12:54.9561262+09:00 > orchestrator
2026-06-17T07:12:54.9581275+09:00 > tsx src/cli/orchestrator.ts run-once --limit 10
2026-06-17T07:12:54.9601347+09:00 
2026-06-17T07:13:00.7515056+09:00 {
2026-06-17T07:13:00.7568801+09:00   "ensure_daily": {
2026-06-17T07:13:00.7610855+09:00     "runs": [
2026-06-17T07:13:00.7651051+09:00       {
2026-06-17T07:13:00.7691038+09:00         "run_id": "r01",
2026-06-17T07:13:00.7711115+09:00         "action": "not_due",
2026-06-17T07:13:00.7765296+09:00         "taskId": "daily-20260617-r01",
2026-06-17T07:13:00.7800090+09:00         "reason": "jst_hour=7"
2026-06-17T07:13:00.7831046+09:00       },
2026-06-17T07:13:00.8030724+09:00       {
2026-06-17T07:13:00.8045341+09:00         "run_id": "r02",
2026-06-17T07:13:00.8066068+09:00         "action": "not_due",
2026-06-17T07:13:00.8086069+09:00         "taskId": "daily-20260617-r02",
2026-06-17T07:13:00.8106053+09:00         "reason": "jst_hour=7"
2026-06-17T07:13:00.8129069+09:00       },
2026-06-17T07:13:00.8149134+09:00       {
2026-06-17T07:13:00.8176649+09:00         "run_id": "r03",
2026-06-17T07:13:00.8176649+09:00         "action": "not_due",
2026-06-17T07:13:00.8176649+09:00         "taskId": "daily-20260617-r03",
2026-06-17T07:13:00.8229674+09:00         "reason": "jst_hour=7"
2026-06-17T07:13:00.8229674+09:00       }
2026-06-17T07:13:00.8229674+09:00     ]
2026-06-17T07:13:00.8294789+09:00   },
2026-06-17T07:13:00.8315336+09:00   "reconcile": {
2026-06-17T07:13:00.8325352+09:00     "resetProcessing": 0,
2026-06-17T07:13:00.8345327+09:00     "inserted": 1,
2026-06-17T07:13:00.8355328+09:00     "scanned": 16,
2026-06-17T07:13:00.8375331+09:00     "stale": {
2026-06-17T07:13:00.8379023+09:00       "scanned": 16,
2026-06-17T07:13:00.8379023+09:00       "staleDetected": 0,
2026-06-17T07:13:00.8379023+09:00       "rolledBack": 0,
2026-06-17T07:13:00.8428931+09:00       "skippedCap": 0,
2026-06-17T07:13:00.8428931+09:00       "dryRun": false,
2026-06-17T07:13:00.8481671+09:00       "actions": []
2026-06-17T07:13:00.8481671+09:00     }
2026-06-17T07:13:00.8481671+09:00   },
2026-06-17T07:13:00.8481671+09:00   "dispatch": {
2026-06-17T07:13:00.8532928+09:00     "claimed": 1,
2026-06-17T07:13:00.8532928+09:00     "done": 1,
2026-06-17T07:13:00.8532928+09:00     "failed": 0
2026-06-17T07:13:00.8532928+09:00   },
2026-06-17T07:13:00.8597518+09:00   "step4_poll": {
2026-06-17T07:13:00.8618208+09:00     "scanned": 16,
2026-06-17T07:13:00.8639004+09:00     "awaiting": 1,
2026-06-17T07:13:00.8648994+09:00     "polled": 0,
2026-06-17T07:13:00.8658993+09:00     "picks_applied": 0,
2026-06-17T07:13:00.8678987+09:00     "pick_errors": 0,
2026-06-17T07:13:00.8688992+09:00     "timeouts": 0,
2026-06-17T07:13:00.8698990+09:00     "skipped": 0,
2026-06-17T07:13:00.8708992+09:00     "results": [
2026-06-17T07:13:00.8708992+09:00       {
2026-06-17T07:13:00.8708992+09:00         "task_id": "daily-20260616-r03",
2026-06-17T07:13:00.8763228+09:00         "result": {
2026-06-17T07:13:00.8763228+09:00           "outcome": "no_new_messages"
2026-06-17T07:13:00.8763228+09:00         }
2026-06-17T07:13:00.8763228+09:00       }
2026-06-17T07:13:00.8816283+09:00     ]
2026-06-17T07:13:00.8816283+09:00   },
2026-06-17T07:13:00.8816283+09:00   "step7_retry_poll": {
2026-06-17T07:13:00.8871209+09:00     "scanned": 16,
2026-06-17T07:13:00.8886032+09:00     "eligible": 12,
2026-06-17T07:13:00.8906006+09:00     "polled": 0,
2026-06-17T07:13:00.8916007+09:00     "retries_triggered": 0,
2026-06-17T07:13:00.8926007+09:00     "retry_errors": 0,
2026-06-17T07:13:00.8946002+09:00     "skipped": 0,
2026-06-17T07:13:00.8956009+09:00     "results": []
2026-06-17T07:13:00.8966020+09:00   }
2026-06-17T07:13:00.8981077+09:00 }
2026-06-17T07:13:00.9003173+09:00 OK run-once finished
2026-06-17T07:18:03.7635287+09:00 START dispatch-run-once
2026-06-17T07:18:04.1442761+09:00 
2026-06-17T07:18:04.1484343+09:00 > orchestrator
2026-06-17T07:18:04.1504903+09:00 > tsx src/cli/orchestrator.ts run-once --limit 10
2026-06-17T07:18:04.1524880+09:00 
2026-06-17T07:18:09.9031946+09:00 {
2026-06-17T07:18:09.9130665+09:00   "ensure_daily": {
2026-06-17T07:18:09.9193778+09:00     "runs": [
2026-06-17T07:18:09.9318440+09:00       {
2026-06-17T07:18:09.9419911+09:00         "run_id": "r01",
2026-06-17T07:18:09.9492629+09:00         "action": "not_due",
2026-06-17T07:18:09.9545281+09:00         "taskId": "daily-20260617-r01",
2026-06-17T07:18:09.9596488+09:00         "reason": "jst_hour=7"
2026-06-17T07:18:09.9636491+09:00       },
2026-06-17T07:18:09.9853112+09:00       {
2026-06-17T07:18:09.9873106+09:00         "run_id": "r02",
2026-06-17T07:18:09.9893114+09:00         "action": "not_due",
2026-06-17T07:18:09.9893114+09:00         "taskId": "daily-20260617-r02",
2026-06-17T07:18:09.9893114+09:00         "reason": "jst_hour=7"
2026-06-17T07:18:09.9967175+09:00       },
2026-06-17T07:18:09.9995834+09:00       {
2026-06-17T07:18:10.0007943+09:00         "run_id": "r03",
2026-06-17T07:18:10.0028316+09:00         "action": "not_due",
2026-06-17T07:18:10.0038001+09:00         "taskId": "daily-20260617-r03",
2026-06-17T07:18:10.0057992+09:00         "reason": "jst_hour=7"
2026-06-17T07:18:10.0072219+09:00       }
2026-06-17T07:18:10.0080227+09:00     ]
2026-06-17T07:18:10.0100659+09:00   },
2026-06-17T07:18:10.0120317+09:00   "reconcile": {
2026-06-17T07:18:10.0140304+09:00     "resetProcessing": 0,
2026-06-17T07:18:10.0145193+09:00     "inserted": 1,
2026-06-17T07:18:10.0145193+09:00     "scanned": 16,
2026-06-17T07:18:10.0145193+09:00     "stale": {
2026-06-17T07:18:10.0193108+09:00       "scanned": 16,
2026-06-17T07:18:10.0193108+09:00       "staleDetected": 0,
2026-06-17T07:18:10.0244625+09:00       "rolledBack": 0,
2026-06-17T07:18:10.0263402+09:00       "skippedCap": 0,
2026-06-17T07:18:10.0273385+09:00       "dryRun": false,
2026-06-17T07:18:10.0293384+09:00       "actions": []
2026-06-17T07:18:10.0311640+09:00     }
2026-06-17T07:18:10.0322309+09:00   },
2026-06-17T07:18:10.0342315+09:00   "dispatch": {
2026-06-17T07:18:10.0352317+09:00     "claimed": 1,
2026-06-17T07:18:10.0362307+09:00     "done": 1,
2026-06-17T07:18:10.0382314+09:00     "failed": 0
2026-06-17T07:18:10.0392316+09:00   },
2026-06-17T07:18:10.0392316+09:00   "step4_poll": {
2026-06-17T07:18:10.0392316+09:00     "scanned": 16,
2026-06-17T07:18:10.0442449+09:00     "awaiting": 1,
2026-06-17T07:18:10.0442449+09:00     "polled": 0,
2026-06-17T07:18:10.0442449+09:00     "picks_applied": 0,
2026-06-17T07:18:10.0442449+09:00     "pick_errors": 0,
2026-06-17T07:18:10.0494067+09:00     "timeouts": 0,
2026-06-17T07:18:10.0494067+09:00     "skipped": 0,
2026-06-17T07:18:10.0494067+09:00     "results": [
2026-06-17T07:18:10.0494067+09:00       {
2026-06-17T07:18:10.0561669+09:00         "task_id": "daily-20260616-r03",
2026-06-17T07:18:10.0582538+09:00         "result": {
2026-06-17T07:18:10.0592525+09:00           "outcome": "no_new_messages"
2026-06-17T07:18:10.0602521+09:00         }
2026-06-17T07:18:10.0622515+09:00       }
2026-06-17T07:18:10.0632524+09:00     ]
2026-06-17T07:18:10.0642516+09:00   },
2026-06-17T07:18:10.0642516+09:00   "step7_retry_poll": {
2026-06-17T07:18:10.0642516+09:00     "scanned": 16,
2026-06-17T07:18:10.0692916+09:00     "eligible": 12,
2026-06-17T07:18:10.0692916+09:00     "polled": 0,
2026-06-17T07:18:10.0720083+09:00     "retries_triggered": 0,
2026-06-17T07:18:10.0745402+09:00     "retry_errors": 0,
2026-06-17T07:18:10.0745402+09:00     "skipped": 0,
2026-06-17T07:18:10.0745402+09:00     "results": []
2026-06-17T07:18:10.0745402+09:00   }
2026-06-17T07:18:10.0797120+09:00 }
2026-06-17T07:18:10.0797120+09:00 OK run-once finished
2026-06-17T07:23:01.7110951+09:00 START dispatch-run-once
2026-06-17T07:23:02.0993440+09:00 
2026-06-17T07:23:02.1009447+09:00 > orchestrator
2026-06-17T07:23:02.1029403+09:00 > tsx src/cli/orchestrator.ts run-once --limit 10
2026-06-17T07:23:02.1049739+09:00 
2026-06-17T07:23:07.8678078+09:00 {
2026-06-17T07:23:07.8836409+09:00   "ensure_daily": {
2026-06-17T07:23:07.8916657+09:00     "runs": [
2026-06-17T07:23:07.9028530+09:00       {
2026-06-17T07:23:07.9119471+09:00         "run_id": "r01",
2026-06-17T07:23:07.9209191+09:00         "action": "not_due",
2026-06-17T07:23:07.9286234+09:00         "taskId": "daily-20260617-r01",
2026-06-17T07:23:07.9350754+09:00         "reason": "jst_hour=7"
2026-06-17T07:23:07.9380746+09:00       },
2026-06-17T07:23:07.9592339+09:00       {
2026-06-17T07:23:07.9612350+09:00         "run_id": "r02",
2026-06-17T07:23:07.9642336+09:00         "action": "not_due",
2026-06-17T07:23:07.9662434+09:00         "taskId": "daily-20260617-r02",
2026-06-17T07:23:07.9670142+09:00         "reason": "jst_hour=7"
2026-06-17T07:23:07.9670142+09:00       },
2026-06-17T07:23:07.9716117+09:00       {
2026-06-17T07:23:07.9756146+09:00         "run_id": "r03",
2026-06-17T07:23:07.9777765+09:00         "action": "not_due",
2026-06-17T07:23:07.9787401+09:00         "taskId": "daily-20260617-r03",
2026-06-17T07:23:07.9797580+09:00         "reason": "jst_hour=7"
2026-06-17T07:23:07.9807738+09:00       }
2026-06-17T07:23:07.9830763+09:00     ]
2026-06-17T07:23:07.9851818+09:00   },
2026-06-17T07:23:07.9861476+09:00   "reconcile": {
2026-06-17T07:23:07.9881531+09:00     "resetProcessing": 0,
2026-06-17T07:23:07.9901474+09:00     "inserted": 1,
2026-06-17T07:23:07.9914643+09:00     "scanned": 16,
2026-06-17T07:23:07.9914643+09:00     "stale": {
2026-06-17T07:23:07.9914643+09:00       "scanned": 16,
2026-06-17T07:23:07.9962480+09:00       "staleDetected": 0,
2026-06-17T07:23:07.9962480+09:00       "rolledBack": 0,
2026-06-17T07:23:07.9962480+09:00       "skippedCap": 0,
2026-06-17T07:23:08.0024983+09:00       "dryRun": false,
2026-06-17T07:23:08.0045455+09:00       "actions": []
2026-06-17T07:23:08.0055457+09:00     }
2026-06-17T07:23:08.0075792+09:00   },
2026-06-17T07:23:08.0095281+09:00   "dispatch": {
2026-06-17T07:23:08.0104940+09:00     "claimed": 1,
2026-06-17T07:23:08.0114930+09:00     "done": 1,
2026-06-17T07:23:08.0135289+09:00     "failed": 0
2026-06-17T07:23:08.0144932+09:00   },
2026-06-17T07:23:08.0164935+09:00   "step4_poll": {
2026-06-17T07:23:08.0170663+09:00     "scanned": 16,
2026-06-17T07:23:08.0170663+09:00     "awaiting": 1,
2026-06-17T07:23:08.0170663+09:00     "polled": 0,
2026-06-17T07:23:08.0215203+09:00     "picks_applied": 0,
2026-06-17T07:23:08.0215203+09:00     "pick_errors": 0,
2026-06-17T07:23:08.0215203+09:00     "timeouts": 0,
2026-06-17T07:23:08.0266774+09:00     "skipped": 0,
2026-06-17T07:23:08.0266774+09:00     "results": [
2026-06-17T07:23:08.0266774+09:00       {
2026-06-17T07:23:08.0266774+09:00         "task_id": "daily-20260616-r03",
2026-06-17T07:23:08.0324426+09:00         "result": {
2026-06-17T07:23:08.0338538+09:00           "outcome": "no_new_messages"
2026-06-17T07:23:08.0348511+09:00         }
2026-06-17T07:23:08.0368527+09:00       }
2026-06-17T07:23:08.0378517+09:00     ]
2026-06-17T07:23:08.0388525+09:00   },
2026-06-17T07:23:08.0408525+09:00   "step7_retry_poll": {
2026-06-17T07:23:08.0418528+09:00     "scanned": 16,
2026-06-17T07:23:08.0428530+09:00     "eligible": 12,
2026-06-17T07:23:08.0450254+09:00     "polled": 0,
2026-06-17T07:23:08.0460241+09:00     "retries_triggered": 0,
2026-06-17T07:23:08.0480251+09:00     "retry_errors": 0,
2026-06-17T07:23:08.0490260+09:00     "skipped": 0,
2026-06-17T07:23:08.0507543+09:00     "results": []
2026-06-17T07:23:08.0517552+09:00   }
2026-06-17T07:23:08.0517552+09:00 }
2026-06-17T07:23:08.0517552+09:00 OK run-once finished
2026-06-17T07:27:52.4991692+09:00 START dispatch-run-once
2026-06-17T07:27:52.8810905+09:00 
2026-06-17T07:27:52.8810905+09:00 > orchestrator
2026-06-17T07:27:52.8870890+09:00 > tsx src/cli/orchestrator.ts run-once --limit 10
2026-06-17T07:27:52.8901409+09:00 
2026-06-17T07:27:58.6425662+09:00 {
2026-06-17T07:27:58.6513178+09:00   "ensure_daily": {
2026-06-17T07:27:58.6562610+09:00     "runs": [
2026-06-17T07:27:58.6617421+09:00       {
2026-06-17T07:27:58.6687937+09:00         "run_id": "r01",
2026-06-17T07:27:58.6727913+09:00         "action": "not_due",
2026-06-17T07:27:58.6768089+09:00         "taskId": "daily-20260617-r01",
2026-06-17T07:27:58.6790879+09:00         "reason": "jst_hour=7"
2026-06-17T07:27:58.6810869+09:00       },
2026-06-17T07:27:58.7016657+09:00       {
2026-06-17T07:27:58.7038457+09:00         "run_id": "r02",
2026-06-17T07:27:58.7058462+09:00         "action": "not_due",
2026-06-17T07:27:58.7068471+09:00         "taskId": "daily-20260617-r02",
2026-06-17T07:27:58.7098462+09:00         "reason": "jst_hour=7"
2026-06-17T07:27:58.7101760+09:00       },
2026-06-17T07:27:58.7101760+09:00       {
2026-06-17T07:27:58.7155026+09:00         "run_id": "r03",
2026-06-17T07:27:58.7165226+09:00         "action": "not_due",
2026-06-17T07:27:58.7189155+09:00         "taskId": "daily-20260617-r03",
2026-06-17T07:27:58.7199524+09:00         "reason": "jst_hour=7"
2026-06-17T07:27:58.7219536+09:00       }
2026-06-17T07:27:58.7229531+09:00     ]
2026-06-17T07:27:58.7249552+09:00   },
2026-06-17T07:27:58.7267888+09:00   "reconcile": {
2026-06-17T07:27:58.7288666+09:00     "resetProcessing": 0,
2026-06-17T07:27:58.7298644+09:00     "inserted": 1,
2026-06-17T07:27:58.7318646+09:00     "scanned": 16,
2026-06-17T07:27:58.7334864+09:00     "stale": {
2026-06-17T07:27:58.7351144+09:00       "scanned": 16,
2026-06-17T07:27:58.7371831+09:00       "staleDetected": 0,
2026-06-17T07:27:58.7381804+09:00       "rolledBack": 0,
2026-06-17T07:27:58.7401818+09:00       "skippedCap": 0,
2026-06-17T07:27:58.7421793+09:00       "dryRun": false,
2026-06-17T07:27:58.7435039+09:00       "actions": []
2026-06-17T07:27:58.7435039+09:00     }
2026-06-17T07:27:58.7435039+09:00   },
2026-06-17T07:27:58.7481871+09:00   "dispatch": {
2026-06-17T07:27:58.7481871+09:00     "claimed": 1,
2026-06-17T07:27:58.7481871+09:00     "done": 1,
2026-06-17T07:27:58.7481871+09:00     "failed": 0
2026-06-17T07:27:58.7543998+09:00   },
2026-06-17T07:27:58.7564519+09:00   "step4_poll": {
2026-06-17T07:27:58.7574514+09:00     "scanned": 16,
2026-06-17T07:27:58.7584524+09:00     "awaiting": 1,
2026-06-17T07:27:58.7606769+09:00     "polled": 0,
2026-06-17T07:27:58.7616850+09:00     "picks_applied": 0,
2026-06-17T07:27:58.7636843+09:00     "pick_errors": 0,
2026-06-17T07:27:58.7646841+09:00     "timeouts": 0,
2026-06-17T07:27:58.7656835+09:00     "skipped": 0,
2026-06-17T07:27:58.7676855+09:00     "results": [
2026-06-17T07:27:58.7684732+09:00       {
2026-06-17T07:27:58.7684732+09:00         "task_id": "daily-20260616-r03",
2026-06-17T07:27:58.7727087+09:00         "result": {
2026-06-17T07:27:58.7727087+09:00           "outcome": "no_new_messages"
2026-06-17T07:27:58.7727087+09:00         }
2026-06-17T07:27:58.7777536+09:00       }
2026-06-17T07:27:58.7777536+09:00     ]
2026-06-17T07:27:58.7777536+09:00   },
2026-06-17T07:27:58.7777536+09:00   "step7_retry_poll": {
2026-06-17T07:27:58.7851099+09:00     "scanned": 16,
2026-06-17T07:27:58.7871848+09:00     "eligible": 12,
2026-06-17T07:27:58.7881809+09:00     "polled": 0,
2026-06-17T07:27:58.7901838+09:00     "retries_triggered": 0,
2026-06-17T07:27:58.7911856+09:00     "retry_errors": 0,
2026-06-17T07:27:58.7931811+09:00     "skipped": 0,
2026-06-17T07:27:58.7931811+09:00     "results": []
2026-06-17T07:27:58.7931811+09:00   }
2026-06-17T07:27:58.7931811+09:00 }
2026-06-17T07:27:58.7985728+09:00 OK run-once finished
2026-06-17T07:32:52.4891946+09:00 START dispatch-run-once
2026-06-17T07:32:52.8931607+09:00 
2026-06-17T07:32:52.8951627+09:00 > orchestrator
2026-06-17T07:32:52.8951627+09:00 > tsx src/cli/orchestrator.ts run-once --limit 10
2026-06-17T07:32:52.8951627+09:00 
2026-06-17T07:32:58.6479221+09:00 {
2026-06-17T07:32:58.6541211+09:00   "ensure_daily": {
2026-06-17T07:32:58.6541211+09:00     "runs": [
2026-06-17T07:32:58.6585618+09:00       {
2026-06-17T07:32:58.6630584+09:00         "run_id": "r01",
2026-06-17T07:32:58.6650657+09:00         "action": "not_due",
2026-06-17T07:32:58.6670646+09:00         "taskId": "daily-20260617-r01",
2026-06-17T07:32:58.6700649+09:00         "reason": "jst_hour=7"
2026-06-17T07:32:58.6708493+09:00       },
2026-06-17T07:32:58.6953469+09:00       {
2026-06-17T07:32:58.6953469+09:00         "run_id": "r02",
2026-06-17T07:32:58.7003840+09:00         "action": "not_due",
2026-06-17T07:32:58.7003840+09:00         "taskId": "daily-20260617-r02",
2026-06-17T07:32:58.7003840+09:00         "reason": "jst_hour=7"
2026-06-17T07:32:58.7064706+09:00       },
2026-06-17T07:32:58.7080184+09:00       {
2026-06-17T07:32:58.7100245+09:00         "run_id": "r03",
2026-06-17T07:32:58.7110233+09:00         "action": "not_due",
2026-06-17T07:32:58.7130544+09:00         "taskId": "daily-20260617-r03",
2026-06-17T07:32:58.7160501+09:00         "reason": "jst_hour=7"
2026-06-17T07:32:58.7180489+09:00       }
2026-06-17T07:32:58.7200478+09:00     ]
2026-06-17T07:32:58.7212381+09:00   },
2026-06-17T07:32:58.7231433+09:00   "reconcile": {
2026-06-17T07:32:58.7251878+09:00     "resetProcessing": 0,
2026-06-17T07:32:58.7251878+09:00     "inserted": 1,
2026-06-17T07:32:58.7290641+09:00     "scanned": 16,
2026-06-17T07:32:58.7311180+09:00     "stale": {
2026-06-17T07:32:58.7331220+09:00       "scanned": 16,
2026-06-17T07:32:58.7341196+09:00       "staleDetected": 0,
2026-06-17T07:32:58.7361206+09:00       "rolledBack": 0,
2026-06-17T07:32:58.7381187+09:00       "skippedCap": 0,
2026-06-17T07:32:58.7400890+09:00       "dryRun": false,
2026-06-17T07:32:58.7420898+09:00       "actions": []
2026-06-17T07:32:58.7440892+09:00     }
2026-06-17T07:32:58.7450879+09:00   },
2026-06-17T07:32:58.7450879+09:00   "dispatch": {
2026-06-17T07:32:58.7450879+09:00     "claimed": 1,
2026-06-17T07:32:58.7450879+09:00     "done": 1,
2026-06-17T07:32:58.7501488+09:00     "failed": 0
2026-06-17T07:32:58.7501488+09:00   },
2026-06-17T07:32:58.7541151+09:00   "step4_poll": {
2026-06-17T07:32:58.7561607+09:00     "scanned": 16,
2026-06-17T07:32:58.7571608+09:00     "awaiting": 1,
2026-06-17T07:32:58.7581611+09:00     "polled": 0,
2026-06-17T07:32:58.7601609+09:00     "picks_applied": 0,
2026-06-17T07:32:58.7611681+09:00     "pick_errors": 0,
2026-06-17T07:32:58.7630510+09:00     "timeouts": 0,
2026-06-17T07:32:58.7650521+09:00     "skipped": 0,
2026-06-17T07:32:58.7660514+09:00     "results": [
2026-06-17T07:32:58.7670519+09:00       {
2026-06-17T07:32:58.7690515+09:00         "task_id": "daily-20260616-r03",
2026-06-17T07:32:58.7700525+09:00         "result": {
2026-06-17T07:32:58.7700525+09:00           "outcome": "no_new_messages"
2026-06-17T07:32:58.7700525+09:00         }
2026-06-17T07:32:58.7700525+09:00       }
2026-06-17T07:32:58.7765342+09:00     ]
2026-06-17T07:32:58.7770598+09:00   },
2026-06-17T07:32:58.7795765+09:00   "step7_retry_poll": {
2026-06-17T07:32:58.7805832+09:00     "scanned": 16,
2026-06-17T07:32:58.7825830+09:00     "eligible": 12,
2026-06-17T07:32:58.7835829+09:00     "polled": 0,
2026-06-17T07:32:58.7845826+09:00     "retries_triggered": 0,
2026-06-17T07:32:58.7869358+09:00     "retry_errors": 0,
2026-06-17T07:32:58.7879861+09:00     "skipped": 0,
2026-06-17T07:32:58.7889854+09:00     "results": []
2026-06-17T07:32:58.7909850+09:00   }
2026-06-17T07:32:58.7919861+09:00 }
2026-06-17T07:32:58.7953055+09:00 OK run-once finished
2026-06-17T07:37:53.4881013+09:00 START dispatch-run-once
2026-06-17T07:37:53.8736015+09:00 
2026-06-17T07:37:53.8758277+09:00 > orchestrator
2026-06-17T07:37:53.8778358+09:00 > tsx src/cli/orchestrator.ts run-once --limit 10
2026-06-17T07:37:53.8798357+09:00 
2026-06-17T07:37:59.2928947+09:00 {
2026-06-17T07:37:59.3037529+09:00   "ensure_daily": {
2026-06-17T07:37:59.3159367+09:00     "runs": [
2026-06-17T07:37:59.3259878+09:00       {
2026-06-17T07:37:59.3327221+09:00         "run_id": "r01",
2026-06-17T07:37:59.3396948+09:00         "action": "not_due",
2026-06-17T07:37:59.3438011+09:00         "taskId": "daily-20260617-r01",
2026-06-17T07:37:59.3484680+09:00         "reason": "jst_hour=7"
2026-06-17T07:37:59.3524670+09:00       },
2026-06-17T07:37:59.3752920+09:00       {
2026-06-17T07:37:59.3793872+09:00         "run_id": "r02",
2026-06-17T07:37:59.3814265+09:00         "action": "not_due",
2026-06-17T07:37:59.3834338+09:00         "taskId": "daily-20260617-r02",
2026-06-17T07:37:59.3854357+09:00         "reason": "jst_hour=7"
2026-06-17T07:37:59.3874363+09:00       },
2026-06-17T07:37:59.3892487+09:00       {
2026-06-17T07:37:59.3892487+09:00         "run_id": "r03",
2026-06-17T07:37:59.3935262+09:00         "action": "not_due",
2026-06-17T07:37:59.3954523+09:00         "taskId": "daily-20260617-r03",
2026-06-17T07:37:59.3954523+09:00         "reason": "jst_hour=7"
2026-06-17T07:37:59.3988031+09:00       }
2026-06-17T07:37:59.3988031+09:00     ]
2026-06-17T07:37:59.3988031+09:00   },
2026-06-17T07:37:59.4044219+09:00   "reconcile": {
2026-06-17T07:37:59.4064647+09:00     "resetProcessing": 0,
2026-06-17T07:37:59.4074640+09:00     "inserted": 1,
2026-06-17T07:37:59.4084644+09:00     "scanned": 16,
2026-06-17T07:37:59.4104645+09:00     "stale": {
2026-06-17T07:37:59.4114658+09:00       "scanned": 16,
2026-06-17T07:37:59.4138268+09:00       "staleDetected": 0,
2026-06-17T07:37:59.4153340+09:00       "rolledBack": 0,
2026-06-17T07:37:59.4173416+09:00       "skippedCap": 0,
2026-06-17T07:37:59.4188501+09:00       "dryRun": false,
2026-06-17T07:37:59.4208586+09:00       "actions": []
2026-06-17T07:37:59.4208586+09:00     }
2026-06-17T07:37:59.4241363+09:00   },
2026-06-17T07:37:59.4241363+09:00   "dispatch": {
2026-06-17T07:37:59.4241363+09:00     "claimed": 1,
2026-06-17T07:37:59.4241363+09:00     "done": 1,
2026-06-17T07:37:59.4292229+09:00     "failed": 0
2026-06-17T07:37:59.4292229+09:00   },
2026-06-17T07:37:59.4292229+09:00   "step4_poll": {
2026-06-17T07:37:59.4351057+09:00     "scanned": 16,
2026-06-17T07:37:59.4361531+09:00     "awaiting": 1,
2026-06-17T07:37:59.4381508+09:00     "polled": 0,
2026-06-17T07:37:59.4388019+09:00     "picks_applied": 0,
2026-06-17T07:37:59.4408732+09:00     "pick_errors": 0,
2026-06-17T07:37:59.4418722+09:00     "timeouts": 0,
2026-06-17T07:37:59.4428720+09:00     "skipped": 0,
2026-06-17T07:37:59.4448726+09:00     "results": [
2026-06-17T07:37:59.4468752+09:00       {
2026-06-17T07:37:59.4468752+09:00         "task_id": "daily-20260616-r03",
2026-06-17T07:37:59.4468752+09:00         "result": {
2026-06-17T07:37:59.4518893+09:00           "outcome": "no_new_messages"
2026-06-17T07:37:59.4518893+09:00         }
2026-06-17T07:37:59.4518893+09:00       }
2026-06-17T07:37:59.4569001+09:00     ]
2026-06-17T07:37:59.4569001+09:00   },
2026-06-17T07:37:59.4569001+09:00   "step7_retry_poll": {
2026-06-17T07:37:59.4569001+09:00     "scanned": 16,
2026-06-17T07:37:59.4626582+09:00     "eligible": 12,
2026-06-17T07:37:59.4648649+09:00     "polled": 0,
2026-06-17T07:37:59.4668638+09:00     "retries_triggered": 0,
2026-06-17T07:37:59.4678635+09:00     "retry_errors": 0,
2026-06-17T07:37:59.4688632+09:00     "skipped": 0,
2026-06-17T07:37:59.4708639+09:00     "results": []
2026-06-17T07:37:59.4718638+09:00   }
2026-06-17T07:37:59.4718638+09:00 }
2026-06-17T07:37:59.4718638+09:00 OK run-once finished
2026-06-17T07:42:54.6751372+09:00 START dispatch-run-once
2026-06-17T07:42:55.0618535+09:00 
2026-06-17T07:42:55.0638530+09:00 > orchestrator
2026-06-17T07:42:55.0648531+09:00 > tsx src/cli/orchestrator.ts run-once --limit 10
2026-06-17T07:42:55.0667814+09:00 
2026-06-17T07:43:00.8761599+09:00 {
2026-06-17T07:43:00.8812803+09:00   "ensure_daily": {
2026-06-17T07:43:00.8951507+09:00     "runs": [
2026-06-17T07:43:00.9044550+09:00       {
2026-06-17T07:43:00.9128077+09:00         "run_id": "r01",
2026-06-17T07:43:00.9188023+09:00         "action": "not_due",
2026-06-17T07:43:00.9222919+09:00         "taskId": "daily-20260617-r01",
2026-06-17T07:43:00.9239781+09:00         "reason": "jst_hour=7"
2026-06-17T07:43:00.9239781+09:00       },
2026-06-17T07:43:00.9495919+09:00       {
2026-06-17T07:43:00.9538851+09:00         "run_id": "r02",
2026-06-17T07:43:00.9538851+09:00         "action": "not_due",
2026-06-17T07:43:00.9538851+09:00         "taskId": "daily-20260617-r02",
2026-06-17T07:43:00.9610637+09:00         "reason": "jst_hour=7"
2026-06-17T07:43:00.9610637+09:00       },
2026-06-17T07:43:00.9655590+09:00       {
2026-06-17T07:43:00.9686222+09:00         "run_id": "r03",
2026-06-17T07:43:00.9706197+09:00         "action": "not_due",
2026-06-17T07:43:00.9726202+09:00         "taskId": "daily-20260617-r03",
2026-06-17T07:43:00.9739842+09:00         "reason": "jst_hour=7"
2026-06-17T07:43:00.9759897+09:00       }
2026-06-17T07:43:00.9791278+09:00     ]
2026-06-17T07:43:00.9791278+09:00   },
2026-06-17T07:43:00.9791278+09:00   "reconcile": {
2026-06-17T07:43:00.9843507+09:00     "resetProcessing": 0,
2026-06-17T07:43:00.9843507+09:00     "inserted": 1,
2026-06-17T07:43:00.9843507+09:00     "scanned": 16,
2026-06-17T07:43:00.9843507+09:00     "stale": {
2026-06-17T07:43:00.9909577+09:00       "scanned": 16,
2026-06-17T07:43:00.9933075+09:00       "staleDetected": 0,
2026-06-17T07:43:00.9963204+09:00       "rolledBack": 0,
2026-06-17T07:43:00.9989598+09:00       "skippedCap": 0,
2026-06-17T07:43:01.0009653+09:00       "dryRun": false,
2026-06-17T07:43:01.0029680+09:00       "actions": []
2026-06-17T07:43:01.0039696+09:00     }
2026-06-17T07:43:01.0059669+09:00   },
2026-06-17T07:43:01.0072949+09:00   "dispatch": {
2026-06-17T07:43:01.0072949+09:00     "claimed": 1,
2026-06-17T07:43:01.0072949+09:00     "done": 1,
2026-06-17T07:43:01.0120106+09:00     "failed": 0
2026-06-17T07:43:01.0120106+09:00   },
2026-06-17T07:43:01.0120106+09:00   "step4_poll": {
2026-06-17T07:43:01.0191515+09:00     "scanned": 16,
2026-06-17T07:43:01.0211529+09:00     "awaiting": 1,
2026-06-17T07:43:01.0221490+09:00     "polled": 0,
2026-06-17T07:43:01.0239322+09:00     "picks_applied": 0,
2026-06-17T07:43:01.0260004+09:00     "pick_errors": 0,
2026-06-17T07:43:01.0270019+09:00     "timeouts": 0,
2026-06-17T07:43:01.0290010+09:00     "skipped": 0,
2026-06-17T07:43:01.0310019+09:00     "results": [
2026-06-17T07:43:01.0323095+09:00       {
2026-06-17T07:43:01.0323095+09:00         "task_id": "daily-20260616-r03",
2026-06-17T07:43:01.0323095+09:00         "result": {
2026-06-17T07:43:01.0371549+09:00           "outcome": "no_new_messages"
2026-06-17T07:43:01.0371549+09:00         }
2026-06-17T07:43:01.0371549+09:00       }
2026-06-17T07:43:01.0423232+09:00     ]
2026-06-17T07:43:01.0423232+09:00   },
2026-06-17T07:43:01.0423232+09:00   "step7_retry_poll": {
2026-06-17T07:43:01.0476120+09:00     "scanned": 16,
2026-06-17T07:43:01.0497662+09:00     "eligible": 12,
2026-06-17T07:43:01.0517653+09:00     "polled": 0,
2026-06-17T07:43:01.0537652+09:00     "retries_triggered": 0,
2026-06-17T07:43:01.0547644+09:00     "retry_errors": 0,
2026-06-17T07:43:01.0567656+09:00     "skipped": 0,
2026-06-17T07:43:01.0577664+09:00     "results": []
2026-06-17T07:43:01.0599678+09:00   }
2026-06-17T07:43:01.0619674+09:00 }
2026-06-17T07:43:01.0639691+09:00 OK run-once finished
2026-06-17T07:47:52.4102964+09:00 START dispatch-run-once
2026-06-17T07:47:52.7892911+09:00 
2026-06-17T07:47:52.7892911+09:00 > orchestrator
2026-06-17T07:47:52.7942791+09:00 > tsx src/cli/orchestrator.ts run-once --limit 10
2026-06-17T07:47:52.7942791+09:00 
2026-06-17T07:47:57.2594984+09:00 {
2026-06-17T07:47:57.2712957+09:00   "ensure_daily": {
2026-06-17T07:47:57.2805640+09:00     "runs": [
2026-06-17T07:47:57.2899986+09:00       {
2026-06-17T07:47:57.2950536+09:00         "run_id": "r01",
2026-06-17T07:47:57.3021054+09:00         "action": "not_due",
2026-06-17T07:47:57.3053144+09:00         "taskId": "daily-20260617-r01",
2026-06-17T07:47:57.3111258+09:00         "reason": "jst_hour=7"
2026-06-17T07:47:57.3141106+09:00       },
2026-06-17T07:47:57.3389089+09:00       {
2026-06-17T07:47:57.3425183+09:00         "run_id": "r02",
2026-06-17T07:47:57.3435828+09:00         "action": "not_due",
2026-06-17T07:47:57.3455898+09:00         "taskId": "daily-20260617-r02",
2026-06-17T07:47:57.3475911+09:00         "reason": "jst_hour=7"
2026-06-17T07:47:57.3503729+09:00       },
2026-06-17T07:47:57.3518927+09:00       {
2026-06-17T07:47:57.3538936+09:00         "run_id": "r03",
2026-06-17T07:47:57.3558932+09:00         "action": "not_due",
2026-06-17T07:47:57.3568929+09:00         "taskId": "daily-20260617-r03",
2026-06-17T07:47:57.3594352+09:00         "reason": "jst_hour=7"
2026-06-17T07:47:57.3594352+09:00       }
2026-06-17T07:47:57.3594352+09:00     ]
2026-06-17T07:47:57.3594352+09:00   },
2026-06-17T07:47:57.3648356+09:00   "reconcile": {
2026-06-17T07:47:57.3648356+09:00     "resetProcessing": 0,
2026-06-17T07:47:57.3648356+09:00     "inserted": 1,
2026-06-17T07:47:57.3698810+09:00     "scanned": 16,
2026-06-17T07:47:57.3698810+09:00     "stale": {
2026-06-17T07:47:57.3698810+09:00       "scanned": 16,
2026-06-17T07:47:57.3698810+09:00       "staleDetected": 0,
2026-06-17T07:47:57.3753840+09:00       "rolledBack": 0,
2026-06-17T07:47:57.3753840+09:00       "skippedCap": 0,
2026-06-17T07:47:57.3753840+09:00       "dryRun": false,
2026-06-17T07:47:57.3815218+09:00       "actions": []
2026-06-17T07:47:57.3835813+09:00     }
2026-06-17T07:47:57.3853336+09:00   },
2026-06-17T07:47:57.3863695+09:00   "dispatch": {
2026-06-17T07:47:57.3883664+09:00     "claimed": 1,
2026-06-17T07:47:57.3893705+09:00     "done": 1,
2026-06-17T07:47:57.3913694+09:00     "failed": 0
2026-06-17T07:47:57.3923341+09:00   },
2026-06-17T07:47:57.3923341+09:00   "step4_poll": {
2026-06-17T07:47:57.3923341+09:00     "scanned": 16,
2026-06-17T07:47:57.3977628+09:00     "awaiting": 1,
2026-06-17T07:47:57.3977628+09:00     "polled": 0,
2026-06-17T07:47:57.3977628+09:00     "picks_applied": 0,
2026-06-17T07:47:57.3977628+09:00     "pick_errors": 0,
2026-06-17T07:47:57.4029214+09:00     "timeouts": 0,
2026-06-17T07:47:57.4029214+09:00     "skipped": 0,
2026-06-17T07:47:57.4029214+09:00     "results": [
2026-06-17T07:47:57.4080286+09:00       {
2026-06-17T07:47:57.4099683+09:00         "task_id": "daily-20260616-r03",
2026-06-17T07:47:57.4119651+09:00         "result": {
2026-06-17T07:47:57.4129665+09:00           "outcome": "no_new_messages"
2026-06-17T07:47:57.4149657+09:00         }
2026-06-17T07:47:57.4159644+09:00       }
2026-06-17T07:47:57.4179662+09:00     ]
2026-06-17T07:47:57.4189662+09:00   },
2026-06-17T07:47:57.4201630+09:00   "step7_retry_poll": {
2026-06-17T07:47:57.4221630+09:00     "scanned": 16,
2026-06-17T07:47:57.4241634+09:00     "eligible": 12,
2026-06-17T07:47:57.4258809+09:00     "polled": 0,
2026-06-17T07:47:57.4269124+09:00     "retries_triggered": 0,
2026-06-17T07:47:57.4279154+09:00     "retry_errors": 0,
2026-06-17T07:47:57.4279154+09:00     "skipped": 0,
2026-06-17T07:47:57.4279154+09:00     "results": []
2026-06-17T07:47:57.4329659+09:00   }
2026-06-17T07:47:57.4329659+09:00 }
2026-06-17T07:47:57.4329659+09:00 OK run-once finished
2026-06-17T07:52:54.4911453+09:00 START dispatch-run-once
2026-06-17T07:52:54.8747746+09:00 
2026-06-17T07:52:54.8767741+09:00 > orchestrator
2026-06-17T07:52:54.8777742+09:00 > tsx src/cli/orchestrator.ts run-once --limit 10
2026-06-17T07:52:54.8777742+09:00 
2026-06-17T07:52:59.4487463+09:00 {
2026-06-17T07:52:59.4527253+09:00   "ensure_daily": {
2026-06-17T07:52:59.4577418+09:00     "runs": [
2026-06-17T07:52:59.4663946+09:00       {
2026-06-17T07:52:59.4684310+09:00         "run_id": "r01",
2026-06-17T07:52:59.4704545+09:00         "action": "not_due",
2026-06-17T07:52:59.4734547+09:00         "taskId": "daily-20260617-r01",
2026-06-17T07:52:59.4754528+09:00         "reason": "jst_hour=7"
2026-06-17T07:52:59.4973888+09:00       },
2026-06-17T07:52:59.4993895+09:00       {
2026-06-17T07:52:59.5013898+09:00         "run_id": "r02",
2026-06-17T07:52:59.5034396+09:00         "action": "not_due",
2026-06-17T07:52:59.5034396+09:00         "taskId": "daily-20260617-r02",
2026-06-17T07:52:59.5080833+09:00         "reason": "jst_hour=7"
2026-06-17T07:52:59.5080833+09:00       },
2026-06-17T07:52:59.5131529+09:00       {
2026-06-17T07:52:59.5155560+09:00         "run_id": "r03",
2026-06-17T07:52:59.5186043+09:00         "action": "not_due",
2026-06-17T07:52:59.5186043+09:00         "taskId": "daily-20260617-r03",
2026-06-17T07:52:59.5186043+09:00         "reason": "jst_hour=7"
2026-06-17T07:52:59.5260348+09:00       }
2026-06-17T07:52:59.5276702+09:00     ]
2026-06-17T07:52:59.5307928+09:00   },
2026-06-17T07:52:59.5327819+09:00   "reconcile": {
2026-06-17T07:52:59.5347823+09:00     "resetProcessing": 0,
2026-06-17T07:52:59.5357820+09:00     "inserted": 1,
2026-06-17T07:52:59.5357820+09:00     "scanned": 16,
2026-06-17T07:52:59.5409766+09:00     "stale": {
2026-06-17T07:52:59.5409766+09:00       "scanned": 16,
2026-06-17T07:52:59.5409766+09:00       "staleDetected": 0,
2026-06-17T07:52:59.5462970+09:00       "rolledBack": 0,
2026-06-17T07:52:59.5462970+09:00       "skippedCap": 0,
2026-06-17T07:52:59.5523315+09:00       "dryRun": false,
2026-06-17T07:52:59.5543892+09:00       "actions": []
2026-06-17T07:52:59.5563988+09:00     }
2026-06-17T07:52:59.5583995+09:00   },
2026-06-17T07:52:59.5603982+09:00   "dispatch": {
2026-06-17T07:52:59.5613945+09:00     "claimed": 1,
2026-06-17T07:52:59.5636281+09:00     "done": 1,
2026-06-17T07:52:59.5646271+09:00     "failed": 0
2026-06-17T07:52:59.5666269+09:00   },
2026-06-17T07:52:59.5693944+09:00   "step4_poll": {
2026-06-17T07:52:59.5714288+09:00     "scanned": 16,
2026-06-17T07:52:59.5714288+09:00     "awaiting": 1,
2026-06-17T07:52:59.5714288+09:00     "polled": 0,
2026-06-17T07:52:59.5714288+09:00     "picks_applied": 0,
2026-06-17T07:52:59.5768545+09:00     "pick_errors": 0,
2026-06-17T07:52:59.5768545+09:00     "timeouts": 0,
2026-06-17T07:52:59.5819313+09:00     "skipped": 0,
2026-06-17T07:52:59.5839294+09:00     "results": [
2026-06-17T07:52:59.5859296+09:00       {
2026-06-17T07:52:59.5880407+09:00         "task_id": "daily-20260616-r03",
2026-06-17T07:52:59.5890406+09:00         "result": {
2026-06-17T07:52:59.5910405+09:00           "outcome": "no_new_messages"
2026-06-17T07:52:59.5920403+09:00         }
2026-06-17T07:52:59.5943544+09:00       }
2026-06-17T07:52:59.5943544+09:00     ]
2026-06-17T07:52:59.5966670+09:00   },
2026-06-17T07:52:59.5986731+09:00   "step7_retry_poll": {
2026-06-17T07:52:59.6006800+09:00     "scanned": 16,
2026-06-17T07:52:59.6026865+09:00     "eligible": 12,
2026-06-17T07:52:59.6037280+09:00     "polled": 0,
2026-06-17T07:52:59.6037280+09:00     "retries_triggered": 0,
2026-06-17T07:52:59.6037280+09:00     "retry_errors": 0,
2026-06-17T07:52:59.6097644+09:00     "skipped": 0,
2026-06-17T07:52:59.6120758+09:00     "results": []
2026-06-17T07:52:59.6130749+09:00   }
2026-06-17T07:52:59.6151120+09:00 }
2026-06-17T07:52:59.6170780+09:00 OK run-once finished
2026-06-17T07:57:52.6814740+09:00 START dispatch-run-once
2026-06-17T07:57:53.0732259+09:00 
2026-06-17T07:57:53.0732259+09:00 > orchestrator
2026-06-17T07:57:53.0732259+09:00 > tsx src/cli/orchestrator.ts run-once --limit 10
2026-06-17T07:57:53.0802424+09:00 
2026-06-17T07:57:56.9376077+09:00 {
2026-06-17T07:57:56.9474745+09:00   "ensure_daily": {
2026-06-17T07:57:56.9528665+09:00     "runs": [
2026-06-17T07:57:56.9686624+09:00       {
2026-06-17T07:57:56.9790875+09:00         "run_id": "r01",
2026-06-17T07:57:56.9841635+09:00         "action": "not_due",
2026-06-17T07:57:56.9892361+09:00         "taskId": "daily-20260617-r01",
2026-06-17T07:57:56.9892361+09:00         "reason": "jst_hour=7"
2026-06-17T07:57:56.9951388+09:00       },
2026-06-17T07:57:57.0138956+09:00       {
2026-06-17T07:57:57.0138956+09:00         "run_id": "r02",
2026-06-17T07:57:57.0138956+09:00         "action": "not_due",
2026-06-17T07:57:57.0138956+09:00         "taskId": "daily-20260617-r02",
2026-06-17T07:57:57.0212046+09:00         "reason": "jst_hour=7"
2026-06-17T07:57:57.0232792+09:00       },
2026-06-17T07:57:57.0252757+09:00       {
2026-06-17T07:57:57.0272769+09:00         "run_id": "r03",
2026-06-17T07:57:57.0282762+09:00         "action": "not_due",
2026-06-17T07:57:57.0300793+09:00         "taskId": "daily-20260617-r03",
2026-06-17T07:57:57.0300793+09:00         "reason": "jst_hour=7"
2026-06-17T07:57:57.0335963+09:00       }
2026-06-17T07:57:57.0358051+09:00     ]
2026-06-17T07:57:57.0358051+09:00   },
2026-06-17T07:57:57.0390674+09:00   "reconcile": {
2026-06-17T07:57:57.0390674+09:00     "resetProcessing": 0,
2026-06-17T07:57:57.0390674+09:00     "inserted": 1,
2026-06-17T07:57:57.0390674+09:00     "scanned": 16,
2026-06-17T07:57:57.0454696+09:00     "stale": {
2026-06-17T07:57:57.0473482+09:00       "scanned": 16,
2026-06-17T07:57:57.0493151+09:00       "staleDetected": 0,
2026-06-17T07:57:57.0513149+09:00       "rolledBack": 0,
2026-06-17T07:57:57.0533145+09:00       "skippedCap": 0,
2026-06-17T07:57:57.0543141+09:00       "dryRun": false,
2026-06-17T07:57:57.0543141+09:00       "actions": []
2026-06-17T07:57:57.0543141+09:00     }
2026-06-17T07:57:57.0594831+09:00   },
2026-06-17T07:57:57.0594831+09:00   "dispatch": {
2026-06-17T07:57:57.0620002+09:00     "claimed": 1,
2026-06-17T07:57:57.0620002+09:00     "done": 1,
2026-06-17T07:57:57.0649164+09:00     "failed": 0
2026-06-17T07:57:57.0649164+09:00   },
2026-06-17T07:57:57.0649164+09:00   "step4_poll": {
2026-06-17T07:57:57.0700298+09:00     "scanned": 16,
2026-06-17T07:57:57.0700298+09:00     "awaiting": 1,
2026-06-17T07:57:57.0700298+09:00     "polled": 0,
2026-06-17T07:57:57.0700298+09:00     "picks_applied": 0,
2026-06-17T07:57:57.0759450+09:00     "pick_errors": 0,
2026-06-17T07:57:57.0769879+09:00     "timeouts": 0,
2026-06-17T07:57:57.0789890+09:00     "skipped": 0,
2026-06-17T07:57:57.0799114+09:00     "results": [
2026-06-17T07:57:57.0819724+09:00       {
2026-06-17T07:57:57.0829730+09:00         "task_id": "daily-20260616-r03",
2026-06-17T07:57:57.0850056+09:00         "result": {
2026-06-17T07:57:57.0859720+09:00           "outcome": "no_new_messages"
2026-06-17T07:57:57.0879726+09:00         }
2026-06-17T07:57:57.0882767+09:00       }
2026-06-17T07:57:57.0882767+09:00     ]
2026-06-17T07:57:57.0882767+09:00   },
2026-06-17T07:57:57.0933692+09:00   "step7_retry_poll": {
2026-06-17T07:57:57.0933692+09:00     "scanned": 16,
2026-06-17T07:57:57.0966366+09:00     "eligible": 12,
2026-06-17T07:57:57.0987355+09:00     "polled": 0,
2026-06-17T07:57:57.0997039+09:00     "retries_triggered": 0,
2026-06-17T07:57:57.1007410+09:00     "retry_errors": 0,
2026-06-17T07:57:57.1027391+09:00     "skipped": 0,
2026-06-17T07:57:57.1045591+09:00     "results": []
2026-06-17T07:57:57.1066707+09:00   }
2026-06-17T07:57:57.1076348+09:00 }
2026-06-17T07:57:57.1096675+09:00 OK run-once finished
2026-06-17T08:02:52.9017508+09:00 START dispatch-run-once
2026-06-17T08:02:53.2836093+09:00 
2026-06-17T08:02:53.2856076+09:00 > orchestrator
2026-06-17T08:02:53.2882522+09:00 > tsx src/cli/orchestrator.ts run-once --limit 10
2026-06-17T08:02:53.2898073+09:00 
2026-06-17T08:02:57.1901055+09:00 {
2026-06-17T08:02:57.1983386+09:00   "ensure_daily": {
2026-06-17T08:02:57.2105135+09:00     "runs": [
2026-06-17T08:02:57.2203891+09:00       {
2026-06-17T08:02:57.2287813+09:00         "run_id": "r01",
2026-06-17T08:02:57.2362453+09:00         "action": "not_due",
2026-06-17T08:02:57.2416438+09:00         "taskId": "daily-20260617-r01",
2026-06-17T08:02:57.2456553+09:00         "reason": "jst_hour=8"
2026-06-17T08:02:57.2479691+09:00       },
2026-06-17T08:02:57.2648151+09:00       {
2026-06-17T08:02:57.2696417+09:00         "run_id": "r02",
2026-06-17T08:02:57.2696417+09:00         "action": "not_due",
2026-06-17T08:02:57.2745949+09:00         "taskId": "daily-20260617-r02",
2026-06-17T08:02:57.2765931+09:00         "reason": "jst_hour=8"
2026-06-17T08:02:57.2795931+09:00       },
2026-06-17T08:02:57.2814351+09:00       {
2026-06-17T08:02:57.2845571+09:00         "run_id": "r03",
2026-06-17T08:02:57.2865559+09:00         "action": "not_due",
2026-06-17T08:02:57.2885543+09:00         "taskId": "daily-20260617-r03",
2026-06-17T08:02:57.2895926+09:00         "reason": "jst_hour=8"
2026-06-17T08:02:57.2895926+09:00       }
2026-06-17T08:02:57.2947401+09:00     ]
2026-06-17T08:02:57.2971360+09:00   },
2026-06-17T08:02:57.2996422+09:00   "reconcile": {
2026-06-17T08:02:57.3016430+09:00     "resetProcessing": 0,
2026-06-17T08:02:57.3026420+09:00     "inserted": 1,
2026-06-17T08:02:57.3046421+09:00     "scanned": 16,
2026-06-17T08:02:57.3063930+09:00     "stale": {
2026-06-17T08:02:57.3085760+09:00       "scanned": 16,
2026-06-17T08:02:57.3105768+09:00       "staleDetected": 0,
2026-06-17T08:02:57.3125777+09:00       "rolledBack": 0,
2026-06-17T08:02:57.3147616+09:00       "skippedCap": 0,
2026-06-17T08:02:57.3167639+09:00       "dryRun": false,
2026-06-17T08:02:57.3187651+09:00       "actions": []
2026-06-17T08:02:57.3207673+09:00     }
2026-06-17T08:02:57.3230835+09:00   },
2026-06-17T08:02:57.3230835+09:00   "dispatch": {
2026-06-17T08:02:57.3230835+09:00     "claimed": 1,
2026-06-17T08:02:57.3278151+09:00     "done": 1,
2026-06-17T08:02:57.3278151+09:00     "failed": 0
2026-06-17T08:02:57.3278151+09:00   },
2026-06-17T08:02:57.3332738+09:00   "step4_poll": {
2026-06-17T08:02:57.3346777+09:00     "scanned": 16,
2026-06-17T08:02:57.3366771+09:00     "awaiting": 1,
2026-06-17T08:02:57.3376769+09:00     "polled": 0,
2026-06-17T08:02:57.3396758+09:00     "picks_applied": 0,
2026-06-17T08:02:57.3403006+09:00     "pick_errors": 0,
2026-06-17T08:02:57.3428814+09:00     "timeouts": 0,
2026-06-17T08:02:57.3448811+09:00     "skipped": 0,
2026-06-17T08:02:57.3468800+09:00     "results": [
2026-06-17T08:02:57.3478847+09:00       {
2026-06-17T08:02:57.3500792+09:00         "task_id": "daily-20260616-r03",
2026-06-17T08:02:57.3520868+09:00         "result": {
2026-06-17T08:02:57.3530946+09:00           "outcome": "no_new_messages"
2026-06-17T08:02:57.3551028+09:00         }
2026-06-17T08:02:57.3571093+09:00       }
2026-06-17T08:02:57.3581146+09:00     ]
2026-06-17T08:02:57.3611473+09:00   },
2026-06-17T08:02:57.3632048+09:00   "step7_retry_poll": {
2026-06-17T08:02:57.3647193+09:00     "scanned": 16,
2026-06-17T08:02:57.3667871+09:00     "eligible": 12,
2026-06-17T08:02:57.3677863+09:00     "polled": 0,
2026-06-17T08:02:57.3697874+09:00     "retries_triggered": 0,
2026-06-17T08:02:57.3707885+09:00     "retry_errors": 0,
2026-06-17T08:02:57.3727859+09:00     "skipped": 0,
2026-06-17T08:02:57.3727859+09:00     "results": []
2026-06-17T08:02:57.3727859+09:00   }
2026-06-17T08:02:57.3780356+09:00 }
2026-06-17T08:02:57.3780356+09:00 OK run-once finished
2026-06-17T08:07:52.8291126+09:00 START dispatch-run-once
2026-06-17T08:07:53.2748342+09:00 
2026-06-17T08:07:53.2768437+09:00 > orchestrator
2026-06-17T08:07:53.2787122+09:00 > tsx src/cli/orchestrator.ts run-once --limit 10
2026-06-17T08:07:53.2806759+09:00 
2026-06-17T08:07:57.1085018+09:00 {
2026-06-17T08:07:57.1183615+09:00   "ensure_daily": {
2026-06-17T08:07:57.1275482+09:00     "runs": [
2026-06-17T08:07:57.1363269+09:00       {
2026-06-17T08:07:57.1432263+09:00         "run_id": "r01",
2026-06-17T08:07:57.1510818+09:00         "action": "not_due",
2026-06-17T08:07:57.1552563+09:00         "taskId": "daily-20260617-r01",
2026-06-17T08:07:57.1582584+09:00         "reason": "jst_hour=8"
2026-06-17T08:07:57.1603394+09:00       },
2026-06-17T08:07:57.1821043+09:00       {
2026-06-17T08:07:57.1839401+09:00         "run_id": "r02",
2026-06-17T08:07:57.1839401+09:00         "action": "not_due",
2026-06-17T08:07:57.1882531+09:00         "taskId": "daily-20260617-r02",
2026-06-17T08:07:57.1882531+09:00         "reason": "jst_hour=8"
2026-06-17T08:07:57.1920521+09:00       },
2026-06-17T08:07:57.1941187+09:00       {
2026-06-17T08:07:57.1961178+09:00         "run_id": "r03",
2026-06-17T08:07:57.1979555+09:00         "action": "not_due",
2026-06-17T08:07:57.1989583+09:00         "taskId": "daily-20260617-r03",
2026-06-17T08:07:57.2010017+09:00         "reason": "jst_hour=8"
2026-06-17T08:07:57.2030011+09:00       }
2026-06-17T08:07:57.2049991+09:00     ]
2026-06-17T08:07:57.2059988+09:00   },
2026-06-17T08:07:57.2075744+09:00   "reconcile": {
2026-06-17T08:07:57.2096216+09:00     "resetProcessing": 0,
2026-06-17T08:07:57.2106211+09:00     "inserted": 1,
2026-06-17T08:07:57.2116217+09:00     "scanned": 16,
2026-06-17T08:07:57.2136216+09:00     "stale": {
2026-06-17T08:07:57.2146232+09:00       "scanned": 16,
2026-06-17T08:07:57.2165749+09:00       "staleDetected": 0,
2026-06-17T08:07:57.2165749+09:00       "rolledBack": 0,
2026-06-17T08:07:57.2207461+09:00       "skippedCap": 0,
2026-06-17T08:07:57.2207461+09:00       "dryRun": false,
2026-06-17T08:07:57.2207461+09:00       "actions": []
2026-06-17T08:07:57.2207461+09:00     }
2026-06-17T08:07:57.2257701+09:00   },
2026-06-17T08:07:57.2257701+09:00   "dispatch": {
2026-06-17T08:07:57.2257701+09:00     "claimed": 1,
2026-06-17T08:07:57.2314025+09:00     "done": 1,
2026-06-17T08:07:57.2332815+09:00     "failed": 0
2026-06-17T08:07:57.2352825+09:00   },
2026-06-17T08:07:57.2362828+09:00   "step4_poll": {
2026-06-17T08:07:57.2372834+09:00     "scanned": 16,
2026-06-17T08:07:57.2392823+09:00     "awaiting": 1,
2026-06-17T08:07:57.2402829+09:00     "polled": 0,
2026-06-17T08:07:57.2412825+09:00     "picks_applied": 0,
2026-06-17T08:07:57.2412825+09:00     "pick_errors": 0,
2026-06-17T08:07:57.2412825+09:00     "timeouts": 0,
2026-06-17T08:07:57.2412825+09:00     "skipped": 0,
2026-06-17T08:07:57.2466303+09:00     "results": [
2026-06-17T08:07:57.2466303+09:00       {
2026-06-17T08:07:57.2466303+09:00         "task_id": "daily-20260616-r03",
2026-06-17T08:07:57.2519757+09:00         "result": {
2026-06-17T08:07:57.2519757+09:00           "outcome": "no_new_messages"
2026-06-17T08:07:57.2519757+09:00         }
2026-06-17T08:07:57.2570193+09:00       }
2026-06-17T08:07:57.2570193+09:00     ]
2026-06-17T08:07:57.2570193+09:00   },
2026-06-17T08:07:57.2570193+09:00   "step7_retry_poll": {
2026-06-17T08:07:57.2629219+09:00     "scanned": 16,
2026-06-17T08:07:57.2649696+09:00     "eligible": 12,
2026-06-17T08:07:57.2669712+09:00     "polled": 0,
2026-06-17T08:07:57.2680616+09:00     "retries_triggered": 0,
2026-06-17T08:07:57.2690613+09:00     "retry_errors": 0,
2026-06-17T08:07:57.2710618+09:00     "skipped": 0,
2026-06-17T08:07:57.2720619+09:00     "results": []
2026-06-17T08:07:57.2731673+09:00   }
2026-06-17T08:07:57.2749071+09:00 }
2026-06-17T08:07:57.2749071+09:00 OK run-once finished
2026-06-17T08:12:53.0352423+09:00 START dispatch-run-once
2026-06-17T08:12:53.4308526+09:00 
2026-06-17T08:12:53.4328599+09:00 > orchestrator
2026-06-17T08:12:53.4352006+09:00 > tsx src/cli/orchestrator.ts run-once --limit 10
2026-06-17T08:12:53.4372780+09:00 
2026-06-17T08:12:57.2851819+09:00 {
2026-06-17T08:12:57.2905332+09:00   "ensure_daily": {
2026-06-17T08:12:57.2905332+09:00     "runs": [
2026-06-17T08:12:57.2966745+09:00       {
2026-06-17T08:12:57.2997480+09:00         "run_id": "r01",
2026-06-17T08:12:57.3028613+09:00         "action": "not_due",
2026-06-17T08:12:57.3048600+09:00         "taskId": "daily-20260617-r01",
2026-06-17T08:12:57.3068591+09:00         "reason": "jst_hour=8"
2026-06-17T08:12:57.3078594+09:00       },
2026-06-17T08:12:57.3279195+09:00       {
2026-06-17T08:12:57.3309197+09:00         "run_id": "r02",
2026-06-17T08:12:57.3329185+09:00         "action": "not_due",
2026-06-17T08:12:57.3349197+09:00         "taskId": "daily-20260617-r02",
2026-06-17T08:12:57.3371153+09:00         "reason": "jst_hour=8"
2026-06-17T08:12:57.3371153+09:00       },
2026-06-17T08:12:57.3399345+09:00       {
2026-06-17T08:12:57.3399345+09:00         "run_id": "r03",
2026-06-17T08:12:57.3399345+09:00         "action": "not_due",
2026-06-17T08:12:57.3458182+09:00         "taskId": "daily-20260617-r03",
2026-06-17T08:12:57.3479154+09:00         "reason": "jst_hour=8"
2026-06-17T08:12:57.3499151+09:00       }
2026-06-17T08:12:57.3509154+09:00     ]
2026-06-17T08:12:57.3527886+09:00   },
2026-06-17T08:12:57.3537878+09:00   "reconcile": {
2026-06-17T08:12:57.3557882+09:00     "resetProcessing": 0,
2026-06-17T08:12:57.3567894+09:00     "inserted": 1,
2026-06-17T08:12:57.3577878+09:00     "scanned": 16,
2026-06-17T08:12:57.3600971+09:00     "stale": {
2026-06-17T08:12:57.3600971+09:00       "scanned": 16,
2026-06-17T08:12:57.3600971+09:00       "staleDetected": 0,
2026-06-17T08:12:57.3649694+09:00       "rolledBack": 0,
2026-06-17T08:12:57.3649694+09:00       "skippedCap": 0,
2026-06-17T08:12:57.3700807+09:00       "dryRun": false,
2026-06-17T08:12:57.3700807+09:00       "actions": []
2026-06-17T08:12:57.3700807+09:00     }
2026-06-17T08:12:57.3700807+09:00   },
2026-06-17T08:12:57.3763352+09:00   "dispatch": {
2026-06-17T08:12:57.3783939+09:00     "claimed": 1,
2026-06-17T08:12:57.3803960+09:00     "done": 1,
2026-06-17T08:12:57.3813941+09:00     "failed": 0
2026-06-17T08:12:57.3833947+09:00   },
2026-06-17T08:12:57.3843944+09:00   "step4_poll": {
2026-06-17T08:12:57.3853962+09:00     "scanned": 16,
2026-06-17T08:12:57.3875756+09:00     "awaiting": 1,
2026-06-17T08:12:57.3885756+09:00     "polled": 0,
2026-06-17T08:12:57.3895765+09:00     "picks_applied": 0,
2026-06-17T08:12:57.3915754+09:00     "pick_errors": 0,
2026-06-17T08:12:57.3925750+09:00     "timeouts": 0,
2026-06-17T08:12:57.3944348+09:00     "skipped": 0,
2026-06-17T08:12:57.3954335+09:00     "results": [
2026-06-17T08:12:57.3954335+09:00       {
2026-06-17T08:12:57.3954335+09:00         "task_id": "daily-20260616-r03",
2026-06-17T08:12:57.3954335+09:00         "result": {
2026-06-17T08:12:57.4006444+09:00           "outcome": "no_new_messages"
2026-06-17T08:12:57.4006444+09:00         }
2026-06-17T08:12:57.4006444+09:00       }
2026-06-17T08:12:57.4061791+09:00     ]
2026-06-17T08:12:57.4075739+09:00   },
2026-06-17T08:12:57.4085752+09:00   "step7_retry_poll": {
2026-06-17T08:12:57.4100575+09:00     "scanned": 16,
2026-06-17T08:12:57.4121205+09:00     "eligible": 12,
2026-06-17T08:12:57.4131218+09:00     "polled": 0,
2026-06-17T08:12:57.4141210+09:00     "retries_triggered": 0,
2026-06-17T08:12:57.4161207+09:00     "retry_errors": 0,
2026-06-17T08:12:57.4171214+09:00     "skipped": 0,
2026-06-17T08:12:57.4181211+09:00     "results": []
2026-06-17T08:12:57.4181211+09:00   }
2026-06-17T08:12:57.4181211+09:00 }
2026-06-17T08:12:57.4231606+09:00 OK run-once finished
2026-06-17T08:17:54.7502596+09:00 START dispatch-run-once
2026-06-17T08:17:55.1421454+09:00 
2026-06-17T08:17:55.1421454+09:00 > orchestrator
2026-06-17T08:17:55.1474846+09:00 > tsx src/cli/orchestrator.ts run-once --limit 10
2026-06-17T08:17:55.1474846+09:00 
2026-06-17T08:17:59.0668047+09:00 {
2026-06-17T08:17:59.0757258+09:00   "ensure_daily": {
2026-06-17T08:17:59.0853984+09:00     "runs": [
2026-06-17T08:17:59.0946255+09:00       {
2026-06-17T08:17:59.1037696+09:00         "run_id": "r01",
2026-06-17T08:17:59.1110216+09:00         "action": "not_due",
2026-06-17T08:17:59.1175161+09:00         "taskId": "daily-20260617-r01",
2026-06-17T08:17:59.1175161+09:00         "reason": "jst_hour=8"
2026-06-17T08:17:59.1222776+09:00       },
2026-06-17T08:17:59.1419909+09:00       {
2026-06-17T08:17:59.1439970+09:00         "run_id": "r02",
2026-06-17T08:17:59.1439970+09:00         "action": "not_due",
2026-06-17T08:17:59.1490827+09:00         "taskId": "daily-20260617-r02",
2026-06-17T08:17:59.1510820+09:00         "reason": "jst_hour=8"
2026-06-17T08:17:59.1535567+09:00       },
2026-06-17T08:17:59.1556311+09:00       {
2026-06-17T08:17:59.1566308+09:00         "run_id": "r03",
2026-06-17T08:17:59.1586312+09:00         "action": "not_due",
2026-06-17T08:17:59.1606364+09:00         "taskId": "daily-20260617-r03",
2026-06-17T08:17:59.1616326+09:00         "reason": "jst_hour=8"
2026-06-17T08:17:59.1616326+09:00       }
2026-06-17T08:17:59.1616326+09:00     ]
2026-06-17T08:17:59.1670781+09:00   },
2026-06-17T08:17:59.1670781+09:00   "reconcile": {
2026-06-17T08:17:59.1670781+09:00     "resetProcessing": 0,
2026-06-17T08:17:59.1721249+09:00     "inserted": 1,
2026-06-17T08:17:59.1721249+09:00     "scanned": 16,
2026-06-17T08:17:59.1721249+09:00     "stale": {
2026-06-17T08:17:59.1721249+09:00       "scanned": 16,
2026-06-17T08:17:59.1794646+09:00       "staleDetected": 0,
2026-06-17T08:17:59.1814649+09:00       "rolledBack": 0,
2026-06-17T08:17:59.1834662+09:00       "skippedCap": 0,
2026-06-17T08:17:59.1854665+09:00       "dryRun": false,
2026-06-17T08:17:59.1864662+09:00       "actions": []
2026-06-17T08:17:59.1874681+09:00     }
2026-06-17T08:17:59.1901815+09:00   },
2026-06-17T08:17:59.1911829+09:00   "dispatch": {
2026-06-17T08:17:59.1931814+09:00     "claimed": 1,
2026-06-17T08:17:59.1941825+09:00     "done": 1,
2026-06-17T08:17:59.1962424+09:00     "failed": 0
2026-06-17T08:17:59.1962424+09:00   },
2026-06-17T08:17:59.1962424+09:00   "step4_poll": {
2026-06-17T08:17:59.1962424+09:00     "scanned": 16,
2026-06-17T08:17:59.2017405+09:00     "awaiting": 1,
2026-06-17T08:17:59.2017405+09:00     "polled": 0,
2026-06-17T08:17:59.2017405+09:00     "picks_applied": 0,
2026-06-17T08:17:59.2017405+09:00     "pick_errors": 0,
2026-06-17T08:17:59.2075617+09:00     "timeouts": 0,
2026-06-17T08:17:59.2086083+09:00     "skipped": 0,
2026-06-17T08:17:59.2106076+09:00     "results": [
2026-06-17T08:17:59.2119658+09:00       {
2026-06-17T08:17:59.2129682+09:00         "task_id": "daily-20260616-r03",
2026-06-17T08:17:59.2149678+09:00         "result": {
2026-06-17T08:17:59.2159691+09:00           "outcome": "no_new_messages"
2026-06-17T08:17:59.2179701+09:00         }
2026-06-17T08:17:59.2189702+09:00       }
2026-06-17T08:17:59.2199695+09:00     ]
2026-06-17T08:17:59.2199695+09:00   },
2026-06-17T08:17:59.2199695+09:00   "step7_retry_poll": {
2026-06-17T08:17:59.2253150+09:00     "scanned": 16,
2026-06-17T08:17:59.2253150+09:00     "eligible": 12,
2026-06-17T08:17:59.2253150+09:00     "polled": 0,
2026-06-17T08:17:59.2253150+09:00     "retries_triggered": 0,
2026-06-17T08:17:59.2303994+09:00     "retry_errors": 0,
2026-06-17T08:17:59.2303994+09:00     "skipped": 0,
2026-06-17T08:17:59.2303994+09:00     "results": []
2026-06-17T08:17:59.2360792+09:00   }
2026-06-17T08:17:59.2381458+09:00 }
2026-06-17T08:17:59.2401452+09:00 OK run-once finished
2026-06-17T08:22:53.4086887+09:00 START dispatch-run-once
2026-06-17T08:22:53.7918371+09:00 
2026-06-17T08:22:53.7938868+09:00 > orchestrator
2026-06-17T08:22:53.7959229+09:00 > tsx src/cli/orchestrator.ts run-once --limit 10
2026-06-17T08:22:53.7972469+09:00 
2026-06-17T08:22:57.6420206+09:00 {
2026-06-17T08:22:57.6530219+09:00   "ensure_daily": {
2026-06-17T08:22:57.6641187+09:00     "runs": [
2026-06-17T08:22:57.6694721+09:00       {
2026-06-17T08:22:57.6744919+09:00         "run_id": "r01",
2026-06-17T08:22:57.6784885+09:00         "action": "not_due",
2026-06-17T08:22:57.6804885+09:00         "taskId": "daily-20260617-r01",
2026-06-17T08:22:57.6856892+09:00         "reason": "jst_hour=8"
2026-06-17T08:22:57.7100282+09:00       },
2026-06-17T08:22:57.7153797+09:00       {
2026-06-17T08:22:57.7183426+09:00         "run_id": "r02",
2026-06-17T08:22:57.7193413+09:00         "action": "not_due",
2026-06-17T08:22:57.7221052+09:00         "taskId": "daily-20260617-r02",
2026-06-17T08:22:57.7242687+09:00         "reason": "jst_hour=8"
2026-06-17T08:22:57.7262743+09:00       },
2026-06-17T08:22:57.7272774+09:00       {
2026-06-17T08:22:57.7292749+09:00         "run_id": "r03",
2026-06-17T08:22:57.7310165+09:00         "action": "not_due",
2026-06-17T08:22:57.7310165+09:00         "taskId": "daily-20260617-r03",
2026-06-17T08:22:57.7310165+09:00         "reason": "jst_hour=8"
2026-06-17T08:22:57.7352843+09:00       }
2026-06-17T08:22:57.7352843+09:00     ]
2026-06-17T08:22:57.7402494+09:00   },
2026-06-17T08:22:57.7412528+09:00   "reconcile": {
2026-06-17T08:22:57.7432485+09:00     "resetProcessing": 0,
2026-06-17T08:22:57.7442477+09:00     "inserted": 1,
2026-06-17T08:22:57.7452500+09:00     "scanned": 16,
2026-06-17T08:22:57.7470763+09:00     "stale": {
2026-06-17T08:22:57.7492022+09:00       "scanned": 16,
2026-06-17T08:22:57.7512033+09:00       "staleDetected": 0,
2026-06-17T08:22:57.7521996+09:00       "rolledBack": 0,
2026-06-17T08:22:57.7542015+09:00       "skippedCap": 0,
2026-06-17T08:22:57.7552020+09:00       "dryRun": false,
2026-06-17T08:22:57.7552020+09:00       "actions": []
2026-06-17T08:22:57.7552020+09:00     }
2026-06-17T08:22:57.7604013+09:00   },
2026-06-17T08:22:57.7638418+09:00   "dispatch": {
2026-06-17T08:22:57.7653375+09:00     "claimed": 1,
2026-06-17T08:22:57.7663362+09:00     "done": 1,
2026-06-17T08:22:57.7673365+09:00     "failed": 0
2026-06-17T08:22:57.7693366+09:00   },
2026-06-17T08:22:57.7703367+09:00   "step4_poll": {
2026-06-17T08:22:57.7720569+09:00     "scanned": 16,
2026-06-17T08:22:57.7741978+09:00     "awaiting": 1,
2026-06-17T08:22:57.7761939+09:00     "polled": 0,
2026-06-17T08:22:57.7771953+09:00     "picks_applied": 0,
2026-06-17T08:22:57.7788204+09:00     "pick_errors": 0,
2026-06-17T08:22:57.7804066+09:00     "timeouts": 0,
2026-06-17T08:22:57.7812244+09:00     "skipped": 0,
2026-06-17T08:22:57.7832309+09:00     "results": [
2026-06-17T08:22:57.7842635+09:00       {
2026-06-17T08:22:57.7862658+09:00         "task_id": "daily-20260616-r03",
2026-06-17T08:22:57.7872314+09:00         "result": {
2026-06-17T08:22:57.7891597+09:00           "outcome": "no_new_messages"
2026-06-17T08:22:57.7891597+09:00         }
2026-06-17T08:22:57.7891597+09:00       }
2026-06-17T08:22:57.7936255+09:00     ]
2026-06-17T08:22:57.7936255+09:00   },
2026-06-17T08:22:57.7936255+09:00   "step7_retry_poll": {
2026-06-17T08:22:57.7936255+09:00     "scanned": 16,
2026-06-17T08:22:57.7999538+09:00     "eligible": 12,
2026-06-17T08:22:57.8035550+09:00     "polled": 0,
2026-06-17T08:22:57.8045516+09:00     "retries_triggered": 0,
2026-06-17T08:22:57.8065062+09:00     "retry_errors": 0,
2026-06-17T08:22:57.8074734+09:00     "skipped": 0,
2026-06-17T08:22:57.8085057+09:00     "results": []
2026-06-17T08:22:57.8105065+09:00   }
2026-06-17T08:22:57.8114769+09:00 }
2026-06-17T08:22:57.8135078+09:00 OK run-once finished
2026-06-17T08:27:52.7880412+09:00 START dispatch-run-once
2026-06-17T08:27:53.1839223+09:00 
2026-06-17T08:27:53.1859300+09:00 > orchestrator
2026-06-17T08:27:53.1879340+09:00 > tsx src/cli/orchestrator.ts run-once --limit 10
2026-06-17T08:27:53.1899323+09:00 
2026-06-17T08:27:56.9506827+09:00 {
2026-06-17T08:27:56.9611875+09:00   "ensure_daily": {
2026-06-17T08:27:56.9694479+09:00     "runs": [
2026-06-17T08:27:56.9741387+09:00       {
2026-06-17T08:27:56.9787419+09:00         "run_id": "r01",
2026-06-17T08:27:56.9787419+09:00         "action": "not_due",
2026-06-17T08:27:56.9842755+09:00         "taskId": "daily-20260617-r01",
2026-06-17T08:27:56.9842755+09:00         "reason": "jst_hour=8"
2026-06-17T08:27:56.9842755+09:00       },
2026-06-17T08:27:57.0083780+09:00       {
2026-06-17T08:27:57.0094112+09:00         "run_id": "r02",
2026-06-17T08:27:57.0094112+09:00         "action": "not_due",
2026-06-17T08:27:57.0133968+09:00         "taskId": "daily-20260617-r02",
2026-06-17T08:27:57.0149060+09:00         "reason": "jst_hour=8"
2026-06-17T08:27:57.0149060+09:00       },
2026-06-17T08:27:57.0201646+09:00       {
2026-06-17T08:27:57.0222409+09:00         "run_id": "r03",
2026-06-17T08:27:57.0251611+09:00         "action": "not_due",
2026-06-17T08:27:57.0261574+09:00         "taskId": "daily-20260617-r03",
2026-06-17T08:27:57.0281587+09:00         "reason": "jst_hour=8"
2026-06-17T08:27:57.0291582+09:00       }
2026-06-17T08:27:57.0301584+09:00     ]
2026-06-17T08:27:57.0321560+09:00   },
2026-06-17T08:27:57.0321560+09:00   "reconcile": {
2026-06-17T08:27:57.0371847+09:00     "resetProcessing": 0,
2026-06-17T08:27:57.0371847+09:00     "inserted": 1,
2026-06-17T08:27:57.0371847+09:00     "scanned": 16,
2026-06-17T08:27:57.0371847+09:00     "stale": {
2026-06-17T08:27:57.0422569+09:00       "scanned": 16,
2026-06-17T08:27:57.0422569+09:00       "staleDetected": 0,
2026-06-17T08:27:57.0422569+09:00       "rolledBack": 0,
2026-06-17T08:27:57.0484521+09:00       "skippedCap": 0,
2026-06-17T08:27:57.0505350+09:00       "dryRun": false,
2026-06-17T08:27:57.0524995+09:00       "actions": []
2026-06-17T08:27:57.0535002+09:00     }
2026-06-17T08:27:57.0555010+09:00   },
2026-06-17T08:27:57.0565004+09:00   "dispatch": {
2026-06-17T08:27:57.0585006+09:00     "claimed": 1,
2026-06-17T08:27:57.0596838+09:00     "done": 1,
2026-06-17T08:27:57.0606832+09:00     "failed": 0
2026-06-17T08:27:57.0626825+09:00   },
2026-06-17T08:27:57.0636845+09:00   "step4_poll": {
2026-06-17T08:27:57.0656167+09:00     "scanned": 16,
2026-06-17T08:27:57.0666431+09:00     "awaiting": 1,
2026-06-17T08:27:57.0676430+09:00     "polled": 0,
2026-06-17T08:27:57.0676430+09:00     "picks_applied": 0,
2026-06-17T08:27:57.0676430+09:00     "pick_errors": 0,
2026-06-17T08:27:57.0727059+09:00     "timeouts": 0,
2026-06-17T08:27:57.0727059+09:00     "skipped": 0,
2026-06-17T08:27:57.0727059+09:00     "results": [
2026-06-17T08:27:57.0727059+09:00       {
2026-06-17T08:27:57.0787378+09:00         "task_id": "daily-20260616-r03",
2026-06-17T08:27:57.0808035+09:00         "result": {
2026-06-17T08:27:57.0822759+09:00           "outcome": "no_new_messages"
2026-06-17T08:27:57.0833557+09:00         }
2026-06-17T08:27:57.0853548+09:00       }
2026-06-17T08:27:57.0863607+09:00     ]
2026-06-17T08:27:57.0883607+09:00   },
2026-06-17T08:27:57.0893609+09:00   "step7_retry_poll": {
2026-06-17T08:27:57.0903606+09:00     "scanned": 16,
2026-06-17T08:27:57.0903606+09:00     "eligible": 12,
2026-06-17T08:27:57.0903606+09:00     "polled": 0,
2026-06-17T08:27:57.0956440+09:00     "retries_triggered": 0,
2026-06-17T08:27:57.0956440+09:00     "retry_errors": 0,
2026-06-17T08:27:57.0956440+09:00     "skipped": 0,
2026-06-17T08:27:57.0956440+09:00     "results": []
2026-06-17T08:27:57.1007027+09:00   }
2026-06-17T08:27:57.1007027+09:00 }
2026-06-17T08:27:57.1007027+09:00 OK run-once finished
2026-06-17T08:32:52.9241984+09:00 START dispatch-run-once
2026-06-17T08:32:53.3140946+09:00 
2026-06-17T08:32:53.3140946+09:00 > orchestrator
2026-06-17T08:32:53.3181114+09:00 > tsx src/cli/orchestrator.ts run-once --limit 10
2026-06-17T08:32:53.3201922+09:00 
2026-06-17T08:32:57.1808937+09:00 {
2026-06-17T08:32:57.1929038+09:00   "ensure_daily": {
2026-06-17T08:32:57.2011543+09:00     "runs": [
2026-06-17T08:32:57.2131222+09:00       {
2026-06-17T08:32:57.2241893+09:00         "run_id": "r01",
2026-06-17T08:32:57.2313492+09:00         "action": "not_due",
2026-06-17T08:32:57.2361976+09:00         "taskId": "daily-20260617-r01",
2026-06-17T08:32:57.2412156+09:00         "reason": "jst_hour=8"
2026-06-17T08:32:57.2457834+09:00       },
2026-06-17T08:32:57.2696973+09:00       {
2026-06-17T08:32:57.2716985+09:00         "run_id": "r02",
2026-06-17T08:32:57.2746971+09:00         "action": "not_due",
2026-06-17T08:32:57.2756958+09:00         "taskId": "daily-20260617-r02",
2026-06-17T08:32:57.2756958+09:00         "reason": "jst_hour=8"
2026-06-17T08:32:57.2756958+09:00       },
2026-06-17T08:32:57.2807457+09:00       {
2026-06-17T08:32:57.2846767+09:00         "run_id": "r03",
2026-06-17T08:32:57.2867290+09:00         "action": "not_due",
2026-06-17T08:32:57.2877316+09:00         "taskId": "daily-20260617-r03",
2026-06-17T08:32:57.2897276+09:00         "reason": "jst_hour=8"
2026-06-17T08:32:57.2912708+09:00       }
2026-06-17T08:32:57.2923083+09:00     ]
2026-06-17T08:32:57.2945467+09:00   },
2026-06-17T08:32:57.2955468+09:00   "reconcile": {
2026-06-17T08:32:57.2975582+09:00     "resetProcessing": 0,
2026-06-17T08:32:57.2995552+09:00     "inserted": 1,
2026-06-17T08:32:57.3005475+09:00     "scanned": 16,
2026-06-17T08:32:57.3005475+09:00     "stale": {
2026-06-17T08:32:57.3005475+09:00       "scanned": 16,
2026-06-17T08:32:57.3058151+09:00       "staleDetected": 0,
2026-06-17T08:32:57.3078222+09:00       "rolledBack": 0,
2026-06-17T08:32:57.3078222+09:00       "skippedCap": 0,
2026-06-17T08:32:57.3107907+09:00       "dryRun": false,
2026-06-17T08:32:57.3128386+09:00       "actions": []
2026-06-17T08:32:57.3148378+09:00     }
2026-06-17T08:32:57.3158377+09:00   },
2026-06-17T08:32:57.3174573+09:00   "dispatch": {
2026-06-17T08:32:57.3185275+09:00     "claimed": 1,
2026-06-17T08:32:57.3205232+09:00     "done": 1,
2026-06-17T08:32:57.3215237+09:00     "failed": 0
2026-06-17T08:32:57.3225224+09:00   },
2026-06-17T08:32:57.3245228+09:00   "step4_poll": {
2026-06-17T08:32:57.3255234+09:00     "scanned": 16,
2026-06-17T08:32:57.3255234+09:00     "awaiting": 1,
2026-06-17T08:32:57.3255234+09:00     "polled": 0,
2026-06-17T08:32:57.3255234+09:00     "picks_applied": 0,
2026-06-17T08:32:57.3306810+09:00     "pick_errors": 0,
2026-06-17T08:32:57.3306810+09:00     "timeouts": 0,
2026-06-17T08:32:57.3345325+09:00     "skipped": 0,
2026-06-17T08:32:57.3355831+09:00     "results": [
2026-06-17T08:32:57.3375874+09:00       {
2026-06-17T08:32:57.3385874+09:00         "task_id": "daily-20260616-r03",
2026-06-17T08:32:57.3395872+09:00         "result": {
2026-06-17T08:32:57.3424592+09:00           "outcome": "no_new_messages"
2026-06-17T08:32:57.3445389+09:00         }
2026-06-17T08:32:57.3455393+09:00       }
2026-06-17T08:32:57.3465389+09:00     ]
2026-06-17T08:32:57.3485379+09:00   },
2026-06-17T08:32:57.3495386+09:00   "step7_retry_poll": {
2026-06-17T08:32:57.3505383+09:00     "scanned": 16,
2026-06-17T08:32:57.3523022+09:00     "eligible": 12,
2026-06-17T08:32:57.3523022+09:00     "polled": 0,
2026-06-17T08:32:57.3523022+09:00     "retries_triggered": 0,
2026-06-17T08:32:57.3558491+09:00     "retry_errors": 0,
2026-06-17T08:32:57.3595413+09:00     "skipped": 0,
2026-06-17T08:32:57.3605831+09:00     "results": []
2026-06-17T08:32:57.3615808+09:00   }
2026-06-17T08:32:57.3635805+09:00 }
2026-06-17T08:32:57.3655816+09:00 OK run-once finished
2026-06-17T08:37:53.3435780+09:00 START dispatch-run-once
2026-06-17T08:37:53.7263952+09:00 
2026-06-17T08:37:53.7287570+09:00 > orchestrator
2026-06-17T08:37:53.7307574+09:00 > tsx src/cli/orchestrator.ts run-once --limit 10
2026-06-17T08:37:53.7317556+09:00 
2026-06-17T08:37:57.6030015+09:00 {
2026-06-17T08:37:57.6137094+09:00   "ensure_daily": {
2026-06-17T08:37:57.6266405+09:00     "runs": [
2026-06-17T08:37:57.6326845+09:00       {
2026-06-17T08:37:57.6429118+09:00         "run_id": "r01",
2026-06-17T08:37:57.6496692+09:00         "action": "not_due",
2026-06-17T08:37:57.6526759+09:00         "taskId": "daily-20260617-r01",
2026-06-17T08:37:57.6580611+09:00         "reason": "jst_hour=8"
2026-06-17T08:37:57.6787322+09:00       },
2026-06-17T08:37:57.6808763+09:00       {
2026-06-17T08:37:57.6838034+09:00         "run_id": "r02",
2026-06-17T08:37:57.6848018+09:00         "action": "not_due",
2026-06-17T08:37:57.6858064+09:00         "taskId": "daily-20260617-r02",
2026-06-17T08:37:57.6858064+09:00         "reason": "jst_hour=8"
2026-06-17T08:37:57.6909877+09:00       },
2026-06-17T08:37:57.6909877+09:00       {
2026-06-17T08:37:57.6961478+09:00         "run_id": "r03",
2026-06-17T08:37:57.6981574+09:00         "action": "not_due",
2026-06-17T08:37:57.6992752+09:00         "taskId": "daily-20260617-r03",
2026-06-17T08:37:57.7013219+09:00         "reason": "jst_hour=8"
2026-06-17T08:37:57.7026701+09:00       }
2026-06-17T08:37:57.7047599+09:00     ]
2026-06-17T08:37:57.7057567+09:00   },
2026-06-17T08:37:57.7077939+09:00   "reconcile": {
2026-06-17T08:37:57.7087627+09:00     "resetProcessing": 0,
2026-06-17T08:37:57.7107929+09:00     "inserted": 1,
2026-06-17T08:37:57.7107929+09:00     "scanned": 16,
2026-06-17T08:37:57.7107929+09:00     "stale": {
2026-06-17T08:37:57.7158503+09:00       "scanned": 16,
2026-06-17T08:37:57.7158503+09:00       "staleDetected": 0,
2026-06-17T08:37:57.7158503+09:00       "rolledBack": 0,
2026-06-17T08:37:57.7205163+09:00       "skippedCap": 0,
2026-06-17T08:37:57.7205163+09:00       "dryRun": false,
2026-06-17T08:37:57.7205163+09:00       "actions": []
2026-06-17T08:37:57.7263419+09:00     }
2026-06-17T08:37:57.7273856+09:00   },
2026-06-17T08:37:57.7286273+09:00   "dispatch": {
2026-06-17T08:37:57.7306283+09:00     "claimed": 1,
2026-06-17T08:37:57.7316276+09:00     "done": 1,
2026-06-17T08:37:57.7336273+09:00     "failed": 0
2026-06-17T08:37:57.7346278+09:00   },
2026-06-17T08:37:57.7359821+09:00   "step4_poll": {
2026-06-17T08:37:57.7359821+09:00     "scanned": 16,
2026-06-17T08:37:57.7359821+09:00     "awaiting": 1,
2026-06-17T08:37:57.7407042+09:00     "polled": 0,
2026-06-17T08:37:57.7407042+09:00     "picks_applied": 0,
2026-06-17T08:37:57.7407042+09:00     "pick_errors": 0,
2026-06-17T08:37:57.7458952+09:00     "timeouts": 0,
2026-06-17T08:37:57.7465307+09:00     "skipped": 0,
2026-06-17T08:37:57.7465307+09:00     "results": [
2026-06-17T08:37:57.7465307+09:00       {
2026-06-17T08:37:57.7512513+09:00         "task_id": "daily-20260616-r03",
2026-06-17T08:37:57.7512513+09:00         "result": {
2026-06-17T08:37:57.7512513+09:00           "outcome": "no_new_messages"
2026-06-17T08:37:57.7512513+09:00         }
2026-06-17T08:37:57.7575940+09:00       }
2026-06-17T08:37:57.7596800+09:00     ]
2026-06-17T08:37:57.7610063+09:00   },
2026-06-17T08:37:57.7620447+09:00   "step7_retry_poll": {
2026-06-17T08:37:57.7640444+09:00     "scanned": 16,
2026-06-17T08:37:57.7650265+09:00     "eligible": 12,
2026-06-17T08:37:57.7670413+09:00     "polled": 0,
2026-06-17T08:37:57.7680076+09:00     "retries_triggered": 0,
2026-06-17T08:37:57.7690413+09:00     "retry_errors": 0,
2026-06-17T08:37:57.7690413+09:00     "skipped": 0,
2026-06-17T08:37:57.7690413+09:00     "results": []
2026-06-17T08:37:57.7690413+09:00   }
2026-06-17T08:37:57.7745832+09:00 }
2026-06-17T08:37:57.7777726+09:00 OK run-once finished
2026-06-17T08:42:53.2047043+09:00 START dispatch-run-once
2026-06-17T08:42:53.5795899+09:00 
2026-06-17T08:42:53.5816536+09:00 > orchestrator
2026-06-17T08:42:53.5836539+09:00 > tsx src/cli/orchestrator.ts run-once --limit 10
2026-06-17T08:42:53.5856537+09:00 
2026-06-17T08:42:57.4479857+09:00 {
2026-06-17T08:42:57.4566183+09:00   "ensure_daily": {
2026-06-17T08:42:57.4633951+09:00     "runs": [
2026-06-17T08:42:57.4732870+09:00       {
2026-06-17T08:42:57.4796520+09:00         "run_id": "r01",
2026-06-17T08:42:57.4848630+09:00         "action": "not_due",
2026-06-17T08:42:57.4868607+09:00         "taskId": "daily-20260617-r01",
2026-06-17T08:42:57.4882772+09:00         "reason": "jst_hour=8"
2026-06-17T08:42:57.4882772+09:00       },
2026-06-17T08:42:57.5126259+09:00       {
2026-06-17T08:42:57.5126259+09:00         "run_id": "r02",
2026-06-17T08:42:57.5148424+09:00         "action": "not_due",
2026-06-17T08:42:57.5178569+09:00         "taskId": "daily-20260617-r02",
2026-06-17T08:42:57.5198647+09:00         "reason": "jst_hour=8"
2026-06-17T08:42:57.5198647+09:00       },
2026-06-17T08:42:57.5241221+09:00       {
2026-06-17T08:42:57.5261749+09:00         "run_id": "r03",
2026-06-17T08:42:57.5281695+09:00         "action": "not_due",
2026-06-17T08:42:57.5300161+09:00         "taskId": "daily-20260617-r03",
2026-06-17T08:42:57.5320246+09:00         "reason": "jst_hour=8"
2026-06-17T08:42:57.5330223+09:00       }
2026-06-17T08:42:57.5350231+09:00     ]
2026-06-17T08:42:57.5360232+09:00   },
2026-06-17T08:42:57.5378251+09:00   "reconcile": {
2026-06-17T08:42:57.5378251+09:00     "resetProcessing": 0,
2026-06-17T08:42:57.5421443+09:00     "inserted": 1,
2026-06-17T08:42:57.5421443+09:00     "scanned": 16,
2026-06-17T08:42:57.5450618+09:00     "stale": {
2026-06-17T08:42:57.5471863+09:00       "scanned": 16,
2026-06-17T08:42:57.5471863+09:00       "staleDetected": 0,
2026-06-17T08:42:57.5471863+09:00       "rolledBack": 0,
2026-06-17T08:42:57.5528455+09:00       "skippedCap": 0,
2026-06-17T08:42:57.5555065+09:00       "dryRun": false,
2026-06-17T08:42:57.5565143+09:00       "actions": []
2026-06-17T08:42:57.5585394+09:00     }
2026-06-17T08:42:57.5605384+09:00   },
2026-06-17T08:42:57.5615367+09:00   "dispatch": {
2026-06-17T08:42:57.5625387+09:00     "claimed": 1,
2026-06-17T08:42:57.5625387+09:00     "done": 1,
2026-06-17T08:42:57.5625387+09:00     "failed": 0
2026-06-17T08:42:57.5676009+09:00   },
2026-06-17T08:42:57.5676009+09:00   "step4_poll": {
2026-06-17T08:42:57.5676009+09:00     "scanned": 16,
2026-06-17T08:42:57.5676009+09:00     "awaiting": 1,
2026-06-17T08:42:57.5730856+09:00     "polled": 0,
2026-06-17T08:42:57.5730856+09:00     "picks_applied": 0,
2026-06-17T08:42:57.5730856+09:00     "pick_errors": 0,
2026-06-17T08:42:57.5730856+09:00     "timeouts": 0,
2026-06-17T08:42:57.5783515+09:00     "skipped": 0,
2026-06-17T08:42:57.5783515+09:00     "results": [
2026-06-17T08:42:57.5783515+09:00       {
2026-06-17T08:42:57.5783515+09:00         "task_id": "daily-20260616-r03",
2026-06-17T08:42:57.5848021+09:00         "result": {
2026-06-17T08:42:57.5868896+09:00           "outcome": "no_new_messages"
2026-06-17T08:42:57.5882341+09:00         }
2026-06-17T08:42:57.5893330+09:00       }
2026-06-17T08:42:57.5913302+09:00     ]
2026-06-17T08:42:57.5922971+09:00   },
2026-06-17T08:42:57.5943268+09:00   "step7_retry_poll": {
2026-06-17T08:42:57.5952936+09:00     "scanned": 16,
2026-06-17T08:42:57.5962945+09:00     "eligible": 12,
2026-06-17T08:42:57.5962945+09:00     "polled": 0,
2026-06-17T08:42:57.5962945+09:00     "retries_triggered": 0,
2026-06-17T08:42:57.6014424+09:00     "retry_errors": 0,
2026-06-17T08:42:57.6014424+09:00     "skipped": 0,
2026-06-17T08:42:57.6014424+09:00     "results": []
2026-06-17T08:42:57.6014424+09:00   }
2026-06-17T08:42:57.6065766+09:00 }
2026-06-17T08:42:57.6065766+09:00 OK run-once finished
2026-06-17T08:47:53.6981872+09:00 START dispatch-run-once
2026-06-17T08:47:54.0885988+09:00 
2026-06-17T08:47:54.0906065+09:00 > orchestrator
2026-06-17T08:47:54.0916134+09:00 > tsx src/cli/orchestrator.ts run-once --limit 10
2026-06-17T08:47:54.0916134+09:00 
2026-06-17T08:47:57.8870825+09:00 {
2026-06-17T08:47:57.8965186+09:00   "ensure_daily": {
2026-06-17T08:47:57.9088110+09:00     "runs": [
2026-06-17T08:47:57.9151311+09:00       {
2026-06-17T08:47:57.9198448+09:00         "run_id": "r01",
2026-06-17T08:47:57.9249631+09:00         "action": "not_due",
2026-06-17T08:47:57.9337467+09:00         "taskId": "daily-20260617-r01",
2026-06-17T08:47:57.9377546+09:00         "reason": "jst_hour=8"
2026-06-17T08:47:57.9410987+09:00       },
2026-06-17T08:47:57.9646856+09:00       {
2026-06-17T08:47:57.9672614+09:00         "run_id": "r02",
2026-06-17T08:47:57.9692725+09:00         "action": "not_due",
2026-06-17T08:47:57.9712628+09:00         "taskId": "daily-20260617-r02",
2026-06-17T08:47:57.9730372+09:00         "reason": "jst_hour=8"
2026-06-17T08:47:57.9730372+09:00       },
2026-06-17T08:47:57.9773992+09:00       {
2026-06-17T08:47:57.9773992+09:00         "run_id": "r03",
2026-06-17T08:47:57.9773992+09:00         "action": "not_due",
2026-06-17T08:47:57.9824766+09:00         "taskId": "daily-20260617-r03",
2026-06-17T08:47:57.9824766+09:00         "reason": "jst_hour=8"
2026-06-17T08:47:57.9824766+09:00       }
2026-06-17T08:47:57.9883173+09:00     ]
2026-06-17T08:47:57.9900293+09:00   },
2026-06-17T08:47:57.9910925+09:00   "reconcile": {
2026-06-17T08:47:57.9930907+09:00     "resetProcessing": 0,
2026-06-17T08:47:57.9940892+09:00     "inserted": 1,
2026-06-17T08:47:57.9950903+09:00     "scanned": 16,
2026-06-17T08:47:57.9970887+09:00     "stale": {
2026-06-17T08:47:57.9980901+09:00       "scanned": 16,
2026-06-17T08:47:57.9980901+09:00       "staleDetected": 0,
2026-06-17T08:47:57.9980901+09:00       "rolledBack": 0,
2026-06-17T08:47:58.0031837+09:00       "skippedCap": 0,
2026-06-17T08:47:58.0031837+09:00       "dryRun": false,
2026-06-17T08:47:58.0084642+09:00       "actions": []
2026-06-17T08:47:58.0084642+09:00     }
2026-06-17T08:47:58.0084642+09:00   },
2026-06-17T08:47:58.0084642+09:00   "dispatch": {
2026-06-17T08:47:58.0139266+09:00     "claimed": 1,
2026-06-17T08:47:58.0139266+09:00     "done": 1,
2026-06-17T08:47:58.0139266+09:00     "failed": 0
2026-06-17T08:47:58.0139266+09:00   },
2026-06-17T08:47:58.0214380+09:00   "step4_poll": {
2026-06-17T08:47:58.0229762+09:00     "scanned": 16,
2026-06-17T08:47:58.0243014+09:00     "awaiting": 1,
2026-06-17T08:47:58.0263359+09:00     "polled": 0,
2026-06-17T08:47:58.0273079+09:00     "picks_applied": 0,
2026-06-17T08:47:58.0293356+09:00     "pick_errors": 0,
2026-06-17T08:47:58.0303080+09:00     "timeouts": 0,
2026-06-17T08:47:58.0317084+09:00     "skipped": 0,
2026-06-17T08:47:58.0317084+09:00     "results": [
2026-06-17T08:47:58.0360385+09:00       {
2026-06-17T08:47:58.0372394+09:00         "task_id": "daily-20260616-r03",
2026-06-17T08:47:58.0388185+09:00         "result": {
2026-06-17T08:47:58.0403910+09:00           "outcome": "no_new_messages"
2026-06-17T08:47:58.0419601+09:00         }
2026-06-17T08:47:58.0430028+09:00       }
2026-06-17T08:47:58.0445700+09:00     ]
2026-06-17T08:47:58.0463807+09:00   },
2026-06-17T08:47:58.0479367+09:00   "step7_retry_poll": {
2026-06-17T08:47:58.0489967+09:00     "scanned": 16,
2026-06-17T08:47:58.0499951+09:00     "eligible": 12,
2026-06-17T08:47:58.0520029+09:00     "polled": 0,
2026-06-17T08:47:58.0530019+09:00     "retries_triggered": 0,
2026-06-17T08:47:58.0550025+09:00     "retry_errors": 0,
2026-06-17T08:47:58.0563233+09:00     "skipped": 0,
2026-06-17T08:47:58.0563233+09:00     "results": []
2026-06-17T08:47:58.0563233+09:00   }
2026-06-17T08:47:58.0563233+09:00 }
2026-06-17T08:47:58.0612134+09:00 OK run-once finished
